t,beta_B,P_norm,Phi_norm
0.0,2.2078043448911795e-29,4.539992976248485e-05,3.059023205018257e-07
5.000500050005001e-05,2.2094609849762257e-29,4.544535694477074e-05,3.063615642536507e-07
0.00010001000100010001,2.2111188681317356e-29,4.5490829581507784e-05,3.068214974570079e-07
0.00015001500150015003,2.2127779952904552e-29,4.553634771817773e-05,3.072821211469541e-07
0.00020002000200020003,2.214438367385831e-29,4.558191140030785e-05,3.0774343636010054e-07
0.00025002500250025,2.216099985352008e-29,4.562752067347091e-05,3.08205444134614e-07
0.00030003000300030005,2.2177628501238337e-29,4.567317558328529e-05,3.0866814551021984e-07
0.00035003500350035,2.2194269626368576e-29,4.5718876175415077e-05,3.0913154152820524e-07
0.00040004000400040005,2.221092323827329e-29,4.576462249557004e-05,3.0959563323141904e-07
0.0004500450045004501,2.2227589346322019e-29,4.581041458950555e-05,3.100604216642779e-07
0.0005000500050005,2.224426795989132e-29,4.5856252503022996e-05,3.1052590787276416e-07
0.00055005500550055,2.2260959088364783e-29,4.590213628196935e-05,3.1099209290443163e-07
0.0006000600060006001,2.227766274113306e-29,4.594806597223762e-05,3.114589778084067e-07
0.0006500650065006501,2.2294378927593829e-29,4.599404161976668e-05,3.1192656363539143e-07
0.0007000700070007,2.2311107657151827e-29,4.604006327054139e-05,3.123948514376638e-07
0.0007500750075007501,2.2327848939218852e-29,4.6086130970592606e-05,3.1286384226908264e-07
0.0008000800080008001,2.2344602783213743e-29,4.6132244765997236e-05,3.133335371850879e-07
0.0008500850085008501,2.2361369198562444e-29,4.617840470287833e-05,3.1380393724270565e-07
0.0009000900090009002,2.237814819469793e-29,4.622461082740501e-05,3.1427504350054776e-07
0.0009500950095009501,2.2394939781060295e-29,4.6270863185792696e-05,3.1474685701881527e-07
0.001000100010001,2.241174396709668e-29,4.6317161824303026e-05,3.1521937885930074e-07
0.00105010501050105,2.242856076226134e-29,4.636350678924381e-05,3.156926100853928e-07
0.0011001100110011,2.244539017601561e-29,4.640989812696934e-05,3.1616655176207283e-07
0.0011501150115011502,2.2462232217827938e-29,4.6456335883880256e-05,3.166412049559245e-07
0.0012001200120012002,2.2479086897173855e-29,4.650282010642361e-05,3.171165707351307e-07
0.0012501250125012502,2.2495954223536027e-29,4.654935084109289e-05,3.1759265016947886e-07
0.0013001300130013002,2.2512834206404209e-29,4.659592813442813e-05,3.180694443303621e-07
0.0013501350135013501,2.25297268552753e-29,4.6642552033016025e-05,3.185469542907813e-07
0.0014001400140014,2.2546632179653317e-29,4.668922258348969e-05,3.1902518112535056e-07
0.0014501450145014503,2.2563550189049413e-29,4.673593983252914e-05,3.195041259102948e-07
0.0015001500150015003,2.2580480892981865e-29,4.6782703826860875e-05,3.199837897234556e-07
0.0015501550155015502,2.2597424300976095e-29,4.6829514613258286e-05,3.2046417364429243e-07
0.0016001600160016002,2.2614380422564682e-29,4.6876372238541494e-05,3.209452787538856e-07
0.0016501650165016502,2.2631349267287365e-29,4.692327674957759e-05,3.214271061349392e-07
0.0017001700170017002,2.2648330844691e-29,4.697022819328036e-05,3.219096568717806e-07
0.0017501750175017501,2.2665325164329653e-29,4.7017226616610704e-05,3.223929320503666e-07
0.0018001800180018003,2.2682332235764548e-29,4.706427206657646e-05,3.2287693275828447e-07
0.0018501850185018503,2.2699352068564074e-29,4.7111364590232465e-05,3.233616600847544e-07
0.0019001900190019003,2.271638467230378e-29,4.715850423468064e-05,3.238471151206299e-07
0.0019501950195019502,2.273343005656646e-29,4.720569104707016e-05,3.2433329895840454e-07
0.002000200020002,2.2750488230942022e-29,4.7252925074597166e-05,3.2482021269221014e-07
0.0020502050205020504,2.2767559205027636e-29,4.730020636450521e-05,3.2530785741782267e-07
0.0021002100210021,2.2784642988427646e-29,4.734753496408502e-05,3.257962342326624e-07
0.0021502150215021503,2.2801739590753582e-29,4.739491092067466e-05,3.2628534423579676e-07
0.0022002200220022,2.2818849021624233e-29,4.7442334281659595e-05,3.2677518852794365e-07
0.0022502250225022503,2.2835971290665556e-29,4.748980509447265e-05,3.2726576821147373e-07
0.0023002300230023005,2.2853106407510763e-29,4.7537323406594144e-05,3.2775708439041154e-07
0.0023502350235023502,2.2870254381800303e-29,4.758488926555191e-05,3.2824913817044144e-07
0.0024002400240024004,2.2887415223181804e-29,4.763250271892126e-05,3.287419306589042e-07
0.00245024502450245,2.2904588941310203e-29,4.768016381432531e-05,3.2923546296480584e-07
0.0025002500250025004,2.292177554584764e-29,4.772787259943455e-05,3.2972973619881666e-07
0.00255025502550255,2.2938975046463515e-29,4.777562912196741e-05,3.3022475147327355e-07
0.0026002600260026003,2.2956187452834476e-29,4.782343342968988e-05,3.3072050990218457e-07
0.0026502650265026505,2.2973412774644445e-29,4.787128557041596e-05,3.312170126012281e-07
0.0027002700270027003,2.29906510215846e-29,4.791918559200725e-05,3.3171426068776004e-07
0.0027502750275027505,2.30079022033534e-29,4.796713354237343e-05,3.3221225528081245e-07
0.0028002800280028,2.3025166329656574e-29,4.8015129469471995e-05,3.327109975010978e-07
0.0028502850285028504,2.3042443410207136e-29,4.806317342130852e-05,3.332104884710098e-07
0.0029002900290029006,2.305973345472538e-29,4.811126544593651e-05,3.3371072931462873e-07
0.0029502950295029503,2.307703647293892e-29,4.8159405591457674e-05,3.3421172115772216e-07
0.0030003000300030005,2.3094352474582637e-29,4.820759390602178e-05,3.3471346512774695e-07
0.0030503050305030503,2.311168146939872e-29,4.8255830437826765e-05,3.3521596235385254e-07
0.0031003100310031005,2.3129023467136712e-29,4.830411523511885e-05,3.3571921396688525e-07
0.0031503150315031502,2.314637847755342e-29,4.835244834619246e-05,3.362232210993878e-07
0.0032003200320032004,2.3163746510412983e-29,4.840082981939039e-05,3.3672798488560213e-07
0.0032503250325032506,2.3181127575486892e-29,4.8449259703103786e-05,3.372335064614754e-07
0.0033003300330033004,2.3198521682553928e-29,4.849773804577221e-05,3.377397869646585e-07
0.0033503350335033506,2.3215928841400253e-29,4.854626489588372e-05,3.3824682753451043e-07
0.0034003400340034003,2.3233349061819344e-29,4.859484030197491e-05,3.387546293121005e-07
0.0034503450345034505,2.3250782353612054e-29,4.864346431263088e-05,3.392631934402125e-07
0.0035003500350035003,2.3268228726586533e-29,4.8692136976485344e-05,3.397725210633436e-07
0.0035503550355035505,2.3285688190558365e-29,4.874085834222078e-05,3.4028261332771094e-07
0.0036003600360036006,2.3303160755350456e-29,4.878962845856823e-05,3.407934713812531e-07
0.0036503650365036504,2.3320646430793084e-29,4.8838447374307564e-05,3.4130509637362944e-07
0.0037003700370037006,2.333814522672391e-29,4.888731513826751e-05,3.4181748945622695e-07
0.0037503750375037503,2.335565715298797e-29,4.893623179932565e-05,3.4233065178216055e-07
0.0038003800380038005,2.3373182219437703e-29,4.898519740640833e-05,3.428445845062773e-07
0.0038503850385038507,2.3390720435932934e-29,4.9034212008491036e-05,3.4335928878515707e-07
0.0039003900390039005,2.340827181234087e-29,4.908327565459816e-05,3.43874765777116e-07
0.00395039503950395,2.342583635853616e-29,4.913238839380316e-05,3.443910166422108e-07
0.004000400040004,2.3443414084400797e-29,4.9181550275228543e-05,3.449080425422367e-07
0.004050405040504051,2.3461004999824266e-29,4.923076134804612e-05,3.4542584464073633e-07
0.004100410041004101,2.3478609114703426e-29,4.928002166147681e-05,3.4594442410299666e-07
0.00415041504150415,2.3496226438942576e-29,4.932933126479072e-05,3.464637820960564e-07
0.0042004200420042,2.3513856982453437e-29,4.937869020730738e-05,3.4698391978870343e-07
0.0042504250425042505,2.3531500755155172e-29,4.942809853839555e-05,3.475048383514826e-07
0.004300430043004301,2.3549157766974404e-29,4.947755630747349e-05,3.4802653895669615e-07
0.004350435043504351,2.356682802784517e-29,4.952706356400889e-05,3.4854902277840394e-07
0.0044004400440044,2.3584511547708985e-29,4.957662035751886e-05,3.4907229099243053e-07
0.00445044504450445,2.3602208336514842e-29,4.962622673757016e-05,3.495963447763659e-07
0.004500450045004501,2.3619918404219142e-29,4.967588275377903e-05,3.501211853095663e-07
0.004550455045504551,2.3637641760785806e-29,4.972558845581146e-05,3.506468137731594e-07
0.004600460046004601,2.365537841618622e-29,4.9775343893383114e-05,3.511732313500465e-07
0.00465046504650465,2.3673128380399262e-29,4.982514911625939e-05,3.517004392249041e-07
0.0047004700470047005,2.3690891663411237e-29,4.987500417425541e-05,3.5222843858418636e-07
0.004750475047504751,2.3708668275216038e-29,4.9924909117236284e-05,3.5275723061613155e-07
0.004800480048004801,2.3726458225815005e-29,4.997486399511693e-05,3.5328681651075907e-07
0.004850485048504851,2.3744261525216973e-29,5.0024868857862225e-05,3.538171974598756e-07
0.0049004900490049,2.37620781834383e-29,5.007492375548702e-05,3.543483746570773e-07
0.0049504950495049506,2.377990821050287e-29,5.01250287380562e-05,3.548803492977523e-07
0.005000500050005001,2.379775161644207e-29,5.017518385568483e-05,3.55413122579083e-07
0.005050505050505051,2.3815608411294838e-29,5.0225389158537996e-05,3.5594669570004974e-07
0.0051005100510051,2.3833478605107624e-29,5.027564469683116e-05,3.5648106986143186e-07
0.0051505150515051504,2.385136220793442e-29,5.032595052082983e-05,3.57016246265812e-07
0.005200520052005201,2.3869259229836762e-29,5.03763066808499e-05,3.5755222611757823e-07
0.005250525052505251,2.3887169680883753e-29,5.042671322725762e-05,3.5808901062292725e-07
0.005300530053005301,2.3905093571152023e-29,5.047717021046964e-05,3.58626600989865e-07
0.00535053505350535,2.3923030910725797e-29,5.052767768095303e-05,3.591649984282132e-07
0.0054005400540054005,2.394098170969682e-29,5.0578235689225334e-05,3.597042041496074e-07
0.005450545054505451,2.3958945978164455e-29,5.0628844285854733e-05,3.602442193675039e-07
0.005500550055005501,2.3976923726235615e-29,5.0679503521459926e-05,3.6078504529718015e-07
0.005550555055505551,2.3994914964024832e-29,5.0730213446710316e-05,3.613266831557389e-07
0.0056005600560056,2.4012919701654153e-29,5.0780974112325875e-05,3.6186913416210795e-07
0.005650565056505651,2.403093794925332e-29,5.083178556907756e-05,3.6241239953704736e-07
0.005700570057005701,2.4048969716959593e-29,5.0882647867786916e-05,3.629564805031487e-07
0.005750575057505751,2.406701501491789e-29,5.0933561059326435e-05,3.635013782848397e-07
0.005800580058005801,2.4085073853280702e-29,5.0984525194619516e-05,3.6404709410838446e-07
0.0058505850585058505,2.410314624220818e-29,5.103554032464046e-05,3.645936292018911e-07
0.005900590059005901,2.412123219186807e-29,5.108660650041463e-05,3.6514098479530927e-07
0.005950595059505951,2.4139331712435736e-29,5.1137723773018395e-05,3.6568916212043503e-07
0.006000600060006001,2.415744481409421e-29,5.1188892193579296e-05,3.6623816241091446e-07
0.00605060506050605,2.417557150703415e-29,5.124011181327595e-05,3.66787986902246e-07
0.006100610061006101,2.4193711801453862e-29,5.1291382683338266e-05,3.6733863683178215e-07
0.006150615061506151,2.4211865707559317e-29,5.134270485504736e-05,3.678901134387341e-07
0.006200620062006201,2.423003323556409e-29,5.1394078379735675e-05,3.6844241796417105e-07
0.006250625062506251,2.4248214395689508e-29,5.1445503308787015e-05,3.689955516510287e-07
0.0063006300630063005,2.426640919816448e-29,5.149697969363657e-05,3.695495157441056e-07
0.006350635063506351,2.4284617653225648e-29,5.1548507585771064e-05,3.701043114900709e-07
0.006400640064006401,2.4302839771117316e-29,5.160008703672869e-05,3.706599401374657e-07
0.006450645064506451,2.432107556209147e-29,5.1651718098099204e-05,3.7121640293670344e-07
0.006500650065006501,2.4339325036407817e-29,5.170340082152407e-05,3.717737011400779e-07
0.0065506550655065506,2.435758820433371e-29,5.175513525869625e-05,3.7233183600175933e-07
0.006600660066006601,2.4375865076144267e-29,5.180692146136061e-05,3.72890808777804e-07
0.006650665066506651,2.4394155662122244e-29,5.185875948131365e-05,3.734506207261512e-07
0.006700670067006701,2.4412459972558206e-29,5.1910649370403853e-05,3.7401127310663156e-07
0.006750675067506751,2.4430778017750348e-29,5.1962591180531396e-05,3.745727671809643e-07
0.006800680068006801,2.4449109808004634e-29,5.201458496364853e-05,3.751351042127637e-07
0.006850685068506851,2.446745535363479e-29,5.206663077175948e-05,3.756982854675427e-07
0.006900690069006901,2.4485814664962206e-29,5.211872865692042e-05,3.762623122127112e-07
0.006950695069506951,2.4504187752316092e-29,5.2170878671239653e-05,3.7682718571758495e-07
0.0070007000700070005,2.4522574626033375e-29,5.222308086687764e-05,3.7739290725338374e-07
0.007050705070507051,2.4540975296458737e-29,5.227533529604708e-05,3.7795947809323476e-07
0.007100710071007101,2.4559389773944625e-29,5.232764201101277e-05,3.785268995121787e-07
0.007150715071507151,2.4577818068851255e-29,5.238000106409193e-05,3.790951727871689e-07
0.007200720072007201,2.459626019154661e-29,5.243241250765411e-05,3.7966429919707606e-07
0.007250725072507251,2.461471615240647e-29,5.2484876394121216e-05,3.802342800226916e-07
0.007300730073007301,2.463318596181438e-29,5.25373927759676e-05,3.808051165467287e-07
0.007350735073507351,2.4651669630161702e-29,5.258996170572025e-05,3.813768100538265e-07
0.007400740074007401,2.4670167167847558e-29,5.2642583235958575e-05,3.819493618305526e-07
0.007450745074507451,2.4688678585278917e-29,5.2695257419314586e-05,3.8252277316540787e-07
0.007500750075007501,2.470720389287053e-29,5.274798430847306e-05,3.8309704534882533e-07
0.007550755075507551,2.4725743101044948e-29,5.280076395617142e-05,3.836721796731757e-07
0.007600760076007601,2.4744296220232584e-29,5.285359641519985e-05,3.8424817743277107e-07
0.007650765076507651,2.4762863260871639e-29,5.290648173840142e-05,3.8482503992386497e-07
0.0077007700770077014,2.4781444233408175e-29,5.295941997867201e-05,3.8540276844465834e-07
0.007750775077507751,2.4800039148296084e-29,5.3012411188960485e-05,3.8598136429530077e-07
0.007800780078007801,2.481864801599709e-29,5.3065455422268624e-05,3.8656082877789396e-07
0.00785078507850785,2.4837270846980774e-29,5.3118552731651304e-05,3.871411631964929e-07
0.0079007900790079,2.4855907651724563e-29,5.317170317021648e-05,3.877223688571113e-07
0.00795079507950795,2.4874558440713793e-29,5.3224906791125136e-05,3.883044470677262e-07
0.008000800080008,2.489322322444159e-29,5.327816364759164e-05,3.88887399138273e-07
0.008050805080508051,2.4911902013409037e-29,5.3331473792883454e-05,3.8947122638065815e-07
0.008100810081008101,2.4930594818125013e-29,5.3384837280321365e-05,3.9005593010875505e-07
0.008150815081508151,2.4949301649106351e-29,5.343825416327963e-05,3.90641511638411e-07
0.008200820082008202,2.4968022516877757e-29,5.349172449518576e-05,3.912279722874482e-07
0.008250825082508252,2.4986757431971784e-29,5.3545248329520775e-05,3.9181531337566617e-07
0.0083008300830083,2.5005506404928977e-29,5.359882571981925e-05,3.924035362248491e-07
0.00835083508350835,2.502426944629771e-29,5.3652456719669246e-05,3.929926421587614e-07
0.0084008400840084,2.5043046566634334e-29,5.370614138271261e-05,3.935826325031582e-07
0.00845084508450845,2.5061837776503063e-29,5.3759879762644616e-05,3.941735085857827e-07
0.008500850085008501,2.50806430864761e-29,5.3813671913214454e-05,3.94765271736373e-07
0.008550855085508551,2.5099462507133518e-29,5.3867517888225086e-05,3.95357923286662e-07
0.008600860086008601,2.511829604906338e-29,5.392141774153318e-05,3.9595146457038305e-07
0.008650865086508652,2.5137143722861658e-29,5.397537152704943e-05,3.9654589692327166e-07
0.008700870087008702,2.5156005539132307e-29,5.402937929873843e-05,3.9714122168306797e-07
0.008750875087508752,2.5174881508487195e-29,5.408344111061869e-05,3.9773744018952075e-07
0.0088008800880088,2.5193771641546185e-29,5.413755701676284e-05,3.983345537843902e-07
0.00885088508850885,2.5212675948937137e-29,5.419172707129773e-05,3.9893256381145187e-07
0.0089008900890089,2.5231594441295821e-29,5.424595132840416e-05,3.9953147161649696e-07
0.008950895089508951,2.525052712926602e-29,5.430022984231724e-05,4.00131278547338e-07
0.009000900090009001,2.52694740234995e-29,5.4354562667326355e-05,4.007319859538108e-07
0.009050905090509051,2.5288435134656027e-29,5.4408949857775264e-05,4.013335951877768e-07
0.009100910091009102,2.5307410473403373e-29,5.446339146806193e-05,4.019361076031295e-07
0.009150915091509152,2.532640005041728e-29,5.4517887552638975e-05,4.0253952455579186e-07
0.009200920092009202,2.534540387638154e-29,5.4572438166013264e-05,4.031438474037249e-07
0.00925092509250925,2.536442196198792e-29,5.462704336274645e-05,4.037490775069256e-07
0.0093009300930093,2.538345431793626e-29,5.4681703197454564e-05,4.043552162274367e-07
0.00935093509350935,2.540250095493439e-29,5.473641772480843e-05,4.049622649293413e-07
0.009400940094009401,2.542156188369817e-29,5.479118699953352e-05,4.05570224978773e-07
0.009450945094509451,2.5440637114951556e-29,5.4846011076410056e-05,4.0617909774391665e-07
0.009500950095009501,2.5459726659426483e-29,5.490089001027308e-05,4.0678888459500944e-07
0.009550955095509552,2.547883052786297e-29,5.495582385601253e-05,4.073995869043464e-07
0.009600960096009602,2.5497948731009103e-29,5.501081266857319e-05,4.0801120604628346e-07
0.009650965096509652,2.551708127962103e-29,5.506585650295496e-05,4.086237433972394e-07
0.009700970097009702,2.553622818446295e-29,5.512095541421263e-05,4.092372003356985e-07
0.00975097509750975,2.5555389456307137e-29,5.517610945745617e-05,4.0985157824221446e-07
0.0098009800980098,2.5574565105933996e-29,5.523131868785063e-05,4.104668784994163e-07
0.009850985098509851,2.559375514413198e-29,5.5286583160616306e-05,4.1108310249200637e-07
0.009900990099009901,2.561295958169762e-29,5.534190293102874e-05,4.117002516067643e-07
0.009950995099509951,2.563217842943558e-29,5.5397278054418715e-05,4.123183272325554e-07
0.010001000100010001,2.5651411698158666e-29,5.5452708586172556e-05,4.129373307603282e-07
0.010051005100510052,2.567065939868771e-29,5.550819458173177e-05,4.1355726358311927e-07
0.010101010101010102,2.5689921541851724e-29,5.556373609659349e-05,4.141781270960563e-07
0.010151015101510152,2.570919813848783e-29,5.561933318631037e-05,4.1479992269636184e-07
0.0102010201020102,2.572848919944129e-29,5.567498590649058e-05,4.1542265178335744e-07
0.01025102510251025,2.5747794735565494e-29,5.5730694312798014e-05,4.1604631575846284e-07
0.010301030103010301,2.576711475772198e-29,5.578645846095222e-05,4.1667091602520307e-07
0.010351035103510351,2.578644927678042e-29,5.584227840672853e-05,4.1729645398920945e-07
0.010401040104010401,2.580579830361868e-29,5.589815420595802e-05,4.179229310582257e-07
0.010451045104510451,2.582516184912275e-29,5.5954085914527676e-05,4.185503486421068e-07
0.010501050105010502,2.584453992418681e-29,5.60100735883804e-05,4.1917870815282544e-07
0.010551055105510552,2.5863932539713207e-29,5.60661172835151e-05,4.1980801100447226e-07
0.010601060106010602,2.5883339706612467e-29,5.6122217055986644e-05,4.204382586132633e-07
0.010651065106510652,2.590276143580331e-29,5.6178372961906066e-05,4.2106945239753916e-07
0.0107010701070107,2.5922197738212644e-29,5.6234585057440487e-05,4.2170159377777083e-07
0.01075107510751075,2.5941648624775555e-29,5.629085339881322e-05,4.2233468417655957e-07
0.010801080108010801,2.5961114106435394e-29,5.634717804230397e-05,4.2296872501864565e-07
0.010851085108510851,2.598059419414367e-29,5.640355904424856e-05,4.236037177309059e-07
0.010901090109010901,2.6000088898860106e-29,5.645999646103926e-05,4.242396637423605e-07
0.010951095109510952,2.6019598231552694e-29,5.651649034912486e-05,4.2487656448417394e-07
0.011001100110011002,2.603912220319761e-29,5.657304076501054e-05,4.255144213896593e-07
0.011051105110511052,2.605866082477929e-29,5.662964776525795e-05,4.2615323589428285e-07
0.011101110111011102,2.607821410729041e-29,5.668631140648549e-05,4.267930094356649e-07
0.01115111511151115,2.609778206173191e-29,5.6743031745368163e-05,4.2743374345358454e-07
0.0112011201120112,2.611736469911293e-29,5.67998088386376e-05,4.280754393899805e-07
0.011251125112511251,2.613696203045094e-29,5.685664274308227e-05,4.2871809868895937e-07
0.011301130113011301,2.615657406677162e-29,5.6913533515547444e-05,4.2936172279679275e-07
0.011351135113511351,2.6176200819108965e-29,5.6970481212935295e-05,4.3000631316192527e-07
0.011401140114011402,2.6195842298505217e-29,5.702748589220496e-05,4.306518712349757e-07
0.011451145114511452,2.6215498516010945e-29,5.7084547610372444e-05,4.312983984687415e-07
0.011501150115011502,2.623516948268494e-29,5.71416664245109e-05,4.319458963181981e-07
0.011551155115511552,2.625485520959439e-29,5.719884239175062e-05,4.325943662405097e-07
0.011601160116011602,2.627455570781468e-29,5.725607556927897e-05,4.3324380969502376e-07
0.01165116511651165,2.629427098842959e-29,5.7313366014340606e-05,4.3389422814328157e-07
0.011701170117011701,2.631400106253116e-29,5.737071378423743e-05,4.3454562304901715e-07
0.011751175117511751,2.6333745941219806e-29,5.742811893632869e-05,4.3519799587816354e-07
0.011801180118011801,2.6353505635604224e-29,5.748558152803103e-05,4.3585134809885223e-07
0.011851185118511852,2.637328015680147e-29,5.754310161681848e-05,4.365056811814212e-07
0.011901190119011902,2.639306951593695e-29,5.760067926022273e-05,4.371609965984144e-07
0.011951195119511952,2.641287372414438e-29,5.765831451583292e-05,4.3781729582458527e-07
0.012001200120012002,2.6432692792565883e-29,5.77160074412958e-05,4.3847458033690505e-07
0.012051205120512052,2.645252673235191e-29,5.777375809431587e-05,4.391328516145585e-07
0.0121012101210121,2.6472375554661247e-29,5.783156653265534e-05,4.3979211113895176e-07
0.012151215121512151,2.649223927066114e-29,5.788943281413423e-05,4.404523603937178e-07
0.012201220122012201,2.651211789152714e-29,5.794735699663033e-05,4.411136008647139e-07
0.012251225122512251,2.653201142844322e-29,5.800533913807949e-05,4.41775834040029e-07
0.012301230123012302,2.655191989260173e-29,5.806337929647546e-05,4.4243906140998593e-07
0.012351235123512352,2.657184329520341e-29,5.8121477529869964e-05,4.4310328446714523e-07
0.012401240124012402,2.659178164745743e-29,5.817963389637289e-05,4.4376850470630815e-07
0.012451245124512452,2.6611734960581347e-29,5.8237848454152223e-05,4.44434723624519e-07
0.012501250125012502,2.6631703245801165e-29,5.829612126143421e-05,4.4510194272107215e-07
0.012551255125512552,2.665168651435126e-29,5.835445237650326e-05,4.457701634975097e-07
0.012601260126012601,2.667168477747449e-29,5.841284185770219e-05,4.464393874576298e-07
0.012651265126512651,2.6691698046422134e-29,5.847128976343219e-05,4.4710961610748856e-07
0.012701270127012701,2.6711726332453897e-29,5.852979615215284e-05,4.4778085095540093e-07
0.012751275127512752,2.673176964683796e-29,5.858836108238222e-05,4.484530935119499e-07
0.012801280128012802,2.67518280008509e-29,5.864698461269702e-05,4.491263452899812e-07
0.012851285128512852,2.6771901405777844e-29,5.8705666801732476e-05,4.498006078046165e-07
0.012901290129012902,2.6791989872912326e-29,5.876440770818249e-05,4.504758825732505e-07
0.012951295129512952,2.6812093413556375e-29,5.882320739079982e-05,4.5115217111555456e-07
0.013001300130013002,2.6832212039020483e-29,5.88820659083958e-05,4.518294749534829e-07
0.013051305130513051,2.685234576062365e-29,5.894098331984079e-05,4.5250779561127447e-07
0.013101310131013101,2.6872494589693344e-29,5.8999959684063956e-05,4.5318713461545613e-07
0.013151315131513151,2.689265853756558e-29,5.905899506005354e-05,4.5386749349484627e-07
0.013201320132013201,2.691283761558482e-29,5.9118089506856644e-05,4.545488737805598e-07
0.013251325132513252,2.693303183510409e-29,5.917724308357955e-05,4.5523127700600976e-07
0.013301330133013302,2.6953241207484883e-29,5.923645584938775e-05,4.559147047069086e-07
0.013351335133513352,2.6973465744097273e-29,5.929572786350574e-05,4.5659915842127863e-07
0.013401340134013402,2.6993705456319815e-29,5.935505918521753e-05,4.572846396894474e-07
0.013451345134513452,2.701396035553964e-29,5.941444987386619e-05,4.579711500540583e-07
0.013501350135013503,2.7034230453152406e-29,5.947389998885439e-05,4.5865869106006773e-07
0.013551355135513551,2.705451576056232e-29,5.95334095896441e-05,4.5934726425475254e-07
0.013601360136013601,2.707481628918215e-29,5.959297873575681e-05,4.600368711877132e-07
0.013651365136513651,2.709513205043324e-29,5.965260748677361e-05,4.6072751341087647e-07
0.013701370137013702,2.7115463055745474e-29,5.9712295902335214e-05,4.61419192478497e-07
0.013751375137513752,2.7135809316557344e-29,5.977204404214192e-05,4.621119099471659e-07
0.013801380138013802,2.715617084431591e-29,5.983185196595386e-05,4.6280566737580846e-07
0.013851385138513852,2.717654765047681e-29,5.9891719733590915e-05,4.635004663256915e-07
0.013901390139013902,2.719693974650431e-29,5.995164740493286e-05,4.641963083604264e-07
0.013951395139513953,2.721734714387125e-29,6.0011635039919276e-05,4.648931950459711e-07
0.014001400140014001,2.723776985405908e-29,6.0071682698549915e-05,4.65591127950633e-07
0.014051405140514051,2.725820788855787e-29,6.013179044088439e-05,4.6629010864507673e-07
0.014101410141014101,2.727866125886635e-29,6.019195832704244e-05,4.669901387023253e-07
0.014151415141514152,2.72991299764918e-29,6.02521864172041e-05,4.676912196977584e-07
0.014201420142014202,2.7319614052950204e-29,6.03124747716094e-05,4.6839335320912705e-07
0.014251425142514252,2.7340113499766156e-29,6.037282345055884e-05,4.690965408165462e-07
0.014301430143014302,2.736062832847287e-29,6.0433232514413094e-05,4.698007841025045e-07
0.014351435143514352,2.7381158550612296e-29,6.049370202359341e-05,4.705060846518688e-07
0.014401440144014403,2.7401704177734963e-29,6.055423203858132e-05,4.712124440518804e-07
0.014451445144514453,2.742226522140011e-29,6.0614822619918994e-05,4.719198638921678e-07
0.014501450145014501,2.744284169317563e-29,6.067547382820906e-05,4.7262834576474417e-07
0.014551455145514551,2.746343360463812e-29,6.0736185724115045e-05,4.7333789126401276e-07
0.014601460146014602,2.748404096737282e-29,6.0796958368360784e-05,4.740485019867701e-07
0.014651465146514652,2.7504663792973725e-29,6.085779182173122e-05,4.747601795322111e-07
0.014701470147014702,2.7525302093043483e-29,6.0918686145071914e-05,4.7547292550193095e-07
0.014751475147514752,2.7545955879193435e-29,6.0979641399289414e-05,4.7618674149992786e-07
0.014801480148014802,2.7566625163043694e-29,6.104065764535114e-05,4.769016291326113e-07
0.014851485148514853,2.7587309956223034e-29,6.110173494428559e-05,4.776175900087984e-07
0.014901490149014903,2.7608010270369e-29,6.116287335718224e-05,4.783346257397253e-07
0.014951495149514951,2.762872611712784e-29,6.122407294519173e-05,4.790527379390452e-07
0.015001500150015001,2.764945750815454e-29,6.128533376952593e-05,4.797719282228336e-07
0.015051505150515052,2.767020445511285e-29,6.134665589145793e-05,4.80492198209592e-07
0.015101510151015102,2.7690966969675265e-29,6.14080393723221e-05,4.812135495202541e-07
0.015151515151515152,2.771174506352303e-29,6.146948427351424e-05,4.819359837781832e-07
0.015201520152015202,2.7732538748346156e-29,6.15309906564915e-05,4.826595026091833e-07
0.015251525152515252,2.7753348035843445e-29,6.15925585827726e-05,4.833841076414976e-07
0.015301530153015303,2.777417293772245e-29,6.165418811393777e-05,4.841098005058133e-07
0.015351535153515353,2.7795013465699544e-29,6.171587931162885e-05,4.84836582835267e-07
0.015401540154015403,2.781586963149983e-29,6.177763223754941e-05,4.855644562654454e-07
0.015451545154515451,2.7836741446857297e-29,6.183944695346477e-05,4.862934224343928e-07
0.015501550155015502,2.7857628923514644e-29,6.1901323521202e-05,4.870234829826097e-07
0.015551555155515552,2.7878532073223463e-29,6.196326200265003e-05,4.877546395530634e-07
0.015601560156015602,2.7899450907744125e-29,6.202526245975973e-05,4.884868937911844e-07
0.01565156515651565,2.7920385438845787e-29,6.208732495454396e-05,4.892202473448737e-07
0.0157015701570157,2.7941335678306525e-29,6.214944954907767e-05,4.899547018645086e-07
0.01575157515751575,2.796230163791318e-29,6.221163630549783e-05,4.906902590029421e-07
0.0158015801580158,2.7983283329461497e-29,6.227388528600369e-05,4.9142692041551e-07
0.01585158515851585,2.8004280764756e-29,6.23361965528567e-05,4.921646877600305e-07
0.0159015901590159,2.802529395561014e-29,6.239857016838055e-05,4.929035626968142e-07
0.01595159515951595,2.804632291384617e-29,6.246100619496134e-05,4.936435468886614e-07
0.016001600160016,2.8067367651295265e-29,6.25235046950476e-05,4.943846420008704e-07
0.016051605160516052,2.8088428179797473e-29,6.258606573115038e-05,4.951268497012392e-07
0.016101610161016102,2.810950451120168e-29,6.264868936584318e-05,4.958701716600693e-07
0.016151615161516152,2.8130596657365723e-29,6.271137566176225e-05,4.966146095501694e-07
0.016201620162016202,2.815170463015629e-29,6.277412468160625e-05,4.973601650468623e-07
0.016251625162516253,2.817282844144899e-29,6.283693648813694e-05,4.981068398279806e-07
0.016301630163016303,2.8193968103128346e-29,6.289981114417862e-05,4.988546355738808e-07
0.016351635163516353,2.8215123627087814e-29,6.296274871261857e-05,4.996035539674399e-07
0.016401640164016403,2.8236295025229746e-29,6.30257492564069e-05,5.003535966940621e-07
0.016451645164516453,2.825748230946542e-29,6.308881283855676e-05,5.011047654416798e-07
0.016501650165016504,2.827868549171509e-29,6.315193952214439e-05,5.018570619007631e-07
0.016551655165516554,2.8299904583907917e-29,6.321512937030903e-05,5.026104877643168e-07
0.0166016601660166,2.8321139597982046e-29,6.327838244625334e-05,5.033650447278883e-07
0.01665166516651665,2.834239054588455e-29,6.33416988132429e-05,5.041207344895715e-07
0.0167016701670167,2.8363657439571477e-29,6.340507853460679e-05,5.048775587500084e-07
0.01675167516751675,2.838494029100785e-29,6.346852167373742e-05,5.056355192123946e-07
0.0168016801680168,2.840623911216768e-29,6.353202829409061e-05,5.063946175824826e-07
0.01685168516851685,2.842755391503393e-29,6.359559845918572e-05,5.07154855568586e-07
0.0169016901690169,2.84488847115986e-29,6.365923223260559e-05,5.079162348815824e-07
0.016951695169516952,2.8470231513862657e-29,6.372292967799681e-05,5.086787572349181e-07
0.017001700170017002,2.8491594333836046e-29,6.378669085906947e-05,5.094424243446112e-07
0.017051705170517052,2.85129731835378e-29,6.385051583959759e-05,5.102072379292582e-07
0.017101710171017102,2.85343680749959e-29,6.391440468341887e-05,5.109731997100336e-07
0.017151715171517153,2.855577902024741e-29,6.397835745443496e-05,5.117403114106961e-07
0.017201720172017203,2.857720603133838e-29,6.404237421661147e-05,5.125085747575937e-07
0.017251725172517253,2.85986491203239e-29,6.41064550339779e-05,5.132779914796637e-07
0.017301730173017303,2.862010829926814e-29,6.417059997062791e-05,5.140485633084402e-07
0.017351735173517353,2.8641583580244306e-29,6.42348090907193e-05,5.14820291978059e-07
0.017401740174017404,2.8663074975334635e-29,6.4299082458474e-05,5.155931792252554e-07
0.017451745174517454,2.868458249663051e-29,6.43634201381783e-05,5.163672267893753e-07
0.017501750175017504,2.8706106156232263e-29,6.44278221941827e-05,5.171424364123724e-07
0.01755175517551755,2.8727645966249414e-29,6.449228869090216e-05,5.179188098388189e-07
0.0176017601760176,2.8749201938800527e-29,6.45568196928161e-05,5.18696348815904e-07
0.01765176517651765,2.8770774086013244e-29,6.462141526446842e-05,5.19475055093441e-07
0.0177017701770177,2.879236242002436e-29,6.468607547046759e-05,5.202549304238711e-07
0.01775177517751775,2.881396695297971e-29,6.475080037548677e-05,5.210359765622639e-07
0.0178017801780178,2.883558769703431e-29,6.481559004426385e-05,5.218181952663255e-07
0.017851785178517852,2.8857224664352226e-29,6.488044454160148e-05,5.226015882963992e-07
0.017901790179017902,2.8878877867106693e-29,6.494536393236699e-05,5.233861574154735e-07
0.017951795179517952,2.8900547317480104e-29,6.501034828149294e-05,5.241719043891823e-07
0.018001800180018002,2.8922233027663927e-29,6.507539765397661e-05,5.249588309858099e-07
0.018051805180518053,2.894393500985884e-29,6.514051211488036e-05,5.25746938976296e-07
0.018101810181018103,2.8965653276274635e-29,6.520569172933174e-05,5.265362301342373e-07
0.018151815181518153,2.8987387839130294e-29,6.527093656252337e-05,5.273267062358967e-07
0.018201820182018203,2.900913871065394e-29,6.533624667971318e-05,5.281183690601985e-07
0.018251825182518253,2.903090590308289e-29,6.540162214622427e-05,5.289112203887444e-07
0.018301830183018303,2.905268942866364e-29,6.546706302744528e-05,5.297052620058039e-07
0.018351835183518354,2.907448929965189e-29,6.553256938883015e-05,5.305004956983296e-07
0.018401840184018404,2.909630552831251e-29,6.559814129589835e-05,5.312969232559564e-07
0.018451845184518454,2.9118138126919584e-29,6.566377881423494e-05,5.320945464710039e-07
0.0185018501850185,2.9139987107756387e-29,6.572948200949046e-05,5.328933671384843e-07
0.01855185518551855,2.916185248311546e-29,6.579525094738141e-05,5.336933870561027e-07
0.0186018601860186,2.9183734265298516e-29,6.58610856936898e-05,5.344946080242658e-07
0.01865186518651865,2.9205632466616545e-29,6.592698631426356e-05,5.352970318460815e-07
0.0187018701870187,2.922754709938972e-29,6.599295287501656e-05,5.36100660327364e-07
0.01875187518751875,2.92494781759475e-29,6.605898544192844e-05,5.3690549527664e-07
0.018801880188018802,2.9271425708628596e-29,6.612508408104507e-05,5.377115385051512e-07
0.018851885188518852,2.9293389709780944e-29,6.619124885847826e-05,5.385187918268571e-07
0.018901890189018902,2.9315370191761785e-29,6.625747984040615e-05,5.393272570584419e-07
0.018951895189518952,2.933736716693761e-29,6.632377709307281e-05,5.401369360193169e-07
0.019001900190019003,2.935938064768418e-29,6.639014068278882e-05,5.409478305316236e-07
0.019051905190519053,2.9381410646386566e-29,6.645657067593117e-05,5.417599424202392e-07
0.019101910191019103,2.940345717543913e-29,6.652306713894298e-05,5.425732735127841e-07
0.019151915191519153,2.942552024724549e-29,6.658963013833403e-05,5.433878256396168e-07
0.019201920192019203,2.9447599874218665e-29,6.66562597406808e-05,5.442036006338485e-07
0.019251925192519254,2.9469696068780886e-29,6.672295601262607e-05,5.450206003313392e-07
0.019301930193019304,2.949180884336376e-29,6.678971902087947e-05,5.458388265707078e-07
0.019351935193519354,2.9513938210408204e-29,6.685654883221746e-05,5.466582811933292e-07
0.019401940194019404,2.953608418236449e-29,6.692344551348316e-05,5.474789660433477e-07
0.01945194519451945,2.955824677169222e-29,6.699040913158666e-05,5.483008829676739e-07
0.0195019501950195,2.958042599086034e-29,6.705743975350491e-05,5.491240338159908e-07
0.01955195519551955,2.9602621852347154e-29,6.712453744628205e-05,5.49948420440757e-07
0.0196019601960196,2.962483436864033e-29,6.719170227702919e-05,5.507740446972157e-07
0.01965196519651965,2.9647063552236926e-29,6.725893431292448e-05,5.516009084433941e-07
0.019701970197019702,2.9669309415643346e-29,6.73262336212136e-05,5.524290135401059e-07
0.019751975197519752,2.9691571971375394e-29,6.739360026920915e-05,5.532583618509622e-07
0.019801980198019802,2.971385123195826e-29,6.746103432429136e-05,5.540889552423692e-07
0.019851985198519852,2.9736147209926537e-29,6.75285358539077e-05,5.549207955835379e-07
0.019901990199019903,2.9758459917824215e-29,6.759610492557331e-05,5.557538847464817e-07
0.019951995199519953,2.9780789368204715e-29,6.766374160687065e-05,5.565882246060278e-07
0.020002000200020003,2.980313557363087e-29,6.77314459654501e-05,5.574238170398164e-07
0.020052005200520053,2.982549854667492e-29,6.779921806902951e-05,5.582606639283063e-07
0.020102010201020103,2.984787829991856e-29,6.786705798539443e-05,5.590987671547817e-07
0.020152015201520154,2.987027484595292e-29,6.79349657823985e-05,5.5993812860535e-07
0.020202020202020204,2.989268819737857e-29,6.800294152796298e-05,5.607787501689546e-07
0.020252025202520254,2.991511836680557e-29,6.807098529007735e-05,5.616206337373727e-07
0.020302030203020304,2.993756536685339e-29,6.81390971367989e-05,5.624637812052209e-07
0.020352035203520354,2.9960029210150994e-29,6.820727713625312e-05,5.633081944699602e-07
0.0204020402040204,2.998250990933683e-29,6.82755253566337e-05,5.641538754319013e-07
0.02045204520452045,3.000500747705883e-29,6.834384186620248e-05,5.650008259942088e-07
0.0205020502050205,3.0027521925974384e-29,6.841222673328961e-05,5.658490480629008e-07
0.02055205520552055,3.005005326875042e-29,6.84806800262937e-05,5.666985435468593e-07
0.020602060206020602,3.0072601518063356e-29,6.854920181368173e-05,5.675493143578342e-07
0.020652065206520652,3.009516668659911e-29,6.861779216398915e-05,5.684013624104406e-07
0.020702070207020702,3.011774878705313e-29,6.868645114582007e-05,5.692546896221712e-07
0.020752075207520752,3.0140347832130394e-29,6.875517882784721e-05,5.701092979133968e-07
0.020802080208020803,3.016296383454541e-29,6.8823975278812e-05,5.709651892073717e-07
0.020852085208520853,3.0185596807022216e-29,6.889284056752471e-05,5.718223654302353e-07
0.020902090209020903,3.0208246762294413e-29,6.896177476286434e-05,5.726808285110215e-07
0.020952095209520953,3.023091371310515e-29,6.903077793377894e-05,5.73540580381658e-07
0.021002100210021003,3.0253597672207146e-29,6.909985014928544e-05,5.744016229769757e-07
0.021052105210521053,3.027629865236265e-29,6.916899147846985e-05,5.752639582347055e-07
0.021102110211021104,3.0299016666343556e-29,6.923820199048742e-05,5.761275880954931e-07
0.021152115211521154,3.0321751726931286e-29,6.93074817545625e-05,5.769925145028927e-07
0.021202120212021204,3.0344503846916857e-29,6.937683083998863e-05,5.77858739403379e-07
0.021252125212521254,3.0367273039100924e-29,6.944624931612887e-05,5.787262647463479e-07
0.021302130213021304,3.0390059316293703e-29,6.951573725241546e-05,5.795950924841238e-07
0.02135213521352135,3.0412862691315034e-29,6.958529471835045e-05,5.804652245719579e-07
0.0214021402140214,3.0435683176994394e-29,6.965492178350504e-05,5.813366629680412e-07
0.02145214521452145,3.0458520786170883e-29,6.972461851752031e-05,5.822094096335023e-07
0.0215021502150215,3.0481375531693213e-29,6.979438499010695e-05,5.830834665324149e-07
0.021552155215521552,3.050424742641976e-29,6.986422127104536e-05,5.839588356318002e-07
0.021602160216021602,3.0527136483218523e-29,6.99341274301858e-05,5.848355189016326e-07
0.021652165216521652,3.055004271496717e-29,7.000410353744838e-05,5.857135183148449e-07
0.021702170217021702,3.057296613455306e-29,7.007414966282329e-05,5.865928358473315e-07
0.021752175217521753,3.059590675487317e-29,7.014426587637065e-05,5.874734734779518e-07
0.021802180218021803,3.061886458883421e-29,7.02144522482207e-05,5.883554331885392e-07
0.021852185218521853,3.0641839649352515e-29,7.028470884857383e-05,5.892387169638987e-07
0.021902190219021903,3.0664831949354155e-29,7.035503574770072e-05,5.901233267918171e-07
0.021952195219521953,3.06878415017749e-29,7.04254330159423e-05,5.910092646630664e-07
0.022002200220022004,3.071086831956019e-29,7.049590072371004e-05,5.918965325714033e-07
0.022052205220522054,3.073391241566521e-29,7.056643894148565e-05,5.927851325135818e-07
0.022102210221022104,3.075697380305485e-29,7.063704773982148e-05,5.936750664893524e-07
0.022152215221522154,3.0780052494703764e-29,7.070772718934048e-05,5.945663365014671e-07
0.022202220222022204,3.080314850359628e-29,7.077847736073622e-05,5.954589445556844e-07
0.022252225222522255,3.082626184272651e-29,7.084929832477302e-05,5.963528926607752e-07
0.0223022302230223,3.084939252509833e-29,7.092019015228605e-05,5.972481828285258e-07
0.02235223522352235,3.0872540563725317e-29,7.09911529141813e-05,5.981448170737403e-07
0.0224022402240224,3.0895705971630886e-29,7.106218668143579e-05,5.990427974142526e-07
0.022452245224522452,3.091888876184815e-29,7.113329152509744e-05,5.999421258709211e-07
0.022502250225022502,3.0942088947420066e-29,7.120446751628529e-05,6.008428044676402e-07
0.022552255225522552,3.0965306541399347e-29,7.127571472618965e-05,6.017448352313441e-07
0.022602260226022602,3.098854155684849e-29,7.134703322607203e-05,6.026482201920054e-07
0.022652265226522653,3.10117940068398e-29,7.141842308726502e-05,6.035529613826502e-07
0.022702270227022703,3.1035063904455414e-29,7.148988438117293e-05,6.044590608393514e-07
0.022752275227522753,3.1058351262787254e-29,7.156141717927131e-05,6.053665206012421e-07
0.022802280228022803,3.1081656094937084e-29,7.163302155310725e-05,6.062753427105154e-07
0.022852285228522853,3.110497841401651e-29,7.170469757429947e-05,6.07185529212431e-07
0.022902290229022904,3.112831823314695e-29,7.177644531453835e-05,6.080970821553179e-07
0.022952295229522954,3.115167556545967e-29,7.184826484558595e-05,6.090100035905808e-07
0.023002300230023004,3.117505042409581e-29,7.19201562392762e-05,6.099242955727045e-07
0.023052305230523054,3.1198442822206364e-29,7.199211956751489e-05,6.108399601592582e-07
0.023102310231023104,3.122185277295216e-29,7.20641549022797e-05,6.117569994108985e-07
0.023152315231523155,3.1245280289503973e-29,7.213626231562043e-05,6.126754153913782e-07
0.023202320232023205,3.1268725385042387e-29,7.220844187965896e-05,6.135952101675464e-07
0.02325232523252325,3.1292188072757907e-29,7.228069366658914e-05,6.145163858093557e-07
0.0233023302330233,3.1315668365850943e-29,7.235301774867737e-05,6.154389443898661e-07
0.023352335233523352,3.1339166277531806e-29,7.242541419826217e-05,6.163628879852506e-07
0.023402340234023402,3.136268182102072e-29,7.249788308775449e-05,6.172882186747977e-07
0.023452345234523452,3.1386215009547794e-29,7.257042448963762e-05,6.182149385409185e-07
0.023502350235023502,3.1409765856353134e-29,7.264303847646759e-05,6.191430496691503e-07
0.023552355235523553,3.143333437468672e-29,7.271572512087286e-05,6.200725541481617e-07
0.023602360236023603,3.1456920577808503e-29,7.278848449555462e-05,6.210034540697562e-07
0.023652365236523653,3.148052447898837e-29,7.28613166732869e-05,6.219357515288773e-07
0.023702370237023703,3.1504146091506186e-29,7.293422172691632e-05,6.22869448623616e-07
0.023752375237523753,3.152778542865177e-29,7.300719972936262e-05,6.238045474552103e-07
0.023802380238023804,3.1551442503724874e-29,7.308025075361833e-05,6.247410501280524e-07
0.023852385238523854,3.1575117330035304e-29,7.315337487274914e-05,6.25678958749698e-07
0.023902390239023904,3.159880992090278e-29,7.32265721598938e-05,6.266182754308611e-07
0.023952395239523954,3.162252028965708e-29,7.329984268826422e-05,6.275590022854302e-07
0.024002400240024004,3.1646248449637947e-29,7.337318653114564e-05,6.285011414304625e-07
0.024052405240524054,3.1669994414195143e-29,7.34466037618965e-05,6.294446949861975e-07
0.024102410241024105,3.1693758196688426e-29,7.352009445394876e-05,6.303896650760537e-07
0.024152415241524155,3.1717539810487623e-29,7.359365868080789e-05,6.313360538266394e-07
0.0242024202420242,3.174133926897257e-29,7.36672965160527e-05,6.322838633677583e-07
0.024252425242524252,3.176515658553311e-29,7.374100803333593e-05,6.332330958324057e-07
0.024302430243024302,3.178899177356919e-29,7.381479330638369e-05,6.341837533567838e-07
0.024352435243524352,3.181284484649078e-29,7.388865240899614e-05,6.351358380802999e-07
0.024402440244024402,3.1836715817717916e-29,7.396258541504703e-05,6.360893521455743e-07
0.024452445244524453,3.1860604700680714e-29,7.403659239848428e-05,6.370442976984428e-07
0.024502450245024503,3.188451150881935e-29,7.411067343332963e-05,6.380006768879625e-07
0.024552455245524553,3.1908436255584085e-29,7.418482859367895e-05,6.389584918664175e-07
0.024602460246024603,3.193237895443531e-29,7.425905795370224e-05,6.399177447893245e-07
0.024652465246524653,3.195633961884346e-29,7.433336158764373e-05,6.408784378154326e-07
0.024702470247024703,3.198031826228912e-29,7.440773956982194e-05,6.418405731067341e-07
0.024752475247524754,3.2004314898262964e-29,7.44821919746296e-05,6.428041528284684e-07
0.024802480248024804,3.2028329540265814e-29,7.455671887653417e-05,6.437691791491235e-07
0.024852485248524854,3.2052362201808597e-29,7.463132035007744e-05,6.447356542404421e-07
0.024902490249024904,3.20764128964124e-29,7.47059964698758e-05,6.457035802774297e-07
0.024952495249524954,3.2100481637608447e-29,7.478074731062023e-05,6.466729594383565e-07
0.025002500250025005,3.2124568438938107e-29,7.485557294707662e-05,6.476437939047608e-07
0.025052505250525055,3.2148673313952913e-29,7.493047345408558e-05,6.486160858614584e-07
0.025102510251025105,3.2172796276214576e-29,7.500544890656259e-05,6.495898374965437e-07
0.02515251525152515,3.2196937339294975e-29,7.508049937949805e-05,6.505650510013968e-07
0.025202520252025202,3.222109651677617e-29,7.515562494795757e-05,6.515417285706871e-07
0.025252525252525252,3.224527382225043e-29,7.523082568708166e-05,6.525198724023799e-07
0.025302530253025302,3.22694692693202e-29,7.530610167208614e-05,6.534994846977385e-07
0.025352535253525352,3.229368287159814e-29,7.538145297826193e-05,6.544805676613334e-07
0.025402540254025403,3.2317914642707156e-29,7.54568796809757e-05,6.554631235010414e-07
0.025452545254525453,3.2342164596280277e-29,7.553238185566897e-05,6.564471544280558e-07
0.025502550255025503,3.236643274596092e-29,7.560795957785921e-05,6.574326626568917e-07
0.025552555255525553,3.239071910540259e-29,7.568361292313918e-05,6.584196504053843e-07
0.025602560256025603,3.241502368826911e-29,7.575934196717733e-05,6.594081198947018e-07
0.025652565256525654,3.243934650823455e-29,7.583514678571795e-05,6.603980733493452e-07
0.025702570257025704,3.246368757898323e-29,7.591102745458094e-05,6.613895129971568e-07
0.025752575257525754,3.2488046914209746e-29,7.598698404966225e-05,6.623824410693216e-07
0.025802580258025804,3.2512424527618953e-29,7.606301664693357e-05,6.63376859800375e-07
0.025852585258525854,3.253682043292602e-29,7.613912532244282e-05,6.643727714282066e-07
0.025902590259025905,3.256123464385637e-29,7.621531015231379e-05,6.653701781940675e-07
0.025952595259525955,3.258566717414577e-29,7.629157121274666e-05,6.66369082342572e-07
0.026002600260026005,3.2610118037540223e-29,7.63679085800177e-05,6.673694861217026e-07
0.026052605260526055,3.2634587247796136e-29,7.644432233047948e-05,6.683713917828212e-07
0.026102610261026102,3.2659074818680207e-29,7.652081254056121e-05,6.693748015806666e-07
0.026152615261526152,3.26835807639694e-29,7.659737928676832e-05,6.703797177733608e-07
0.026202620262026202,3.270810509745108e-29,7.667402264568283e-05,6.713861426224183e-07
0.026252625262526252,3.273264783292295e-29,7.675074269396352e-05,6.723940783927493e-07
0.026302630263026303,3.2757208984193085e-29,7.682753950834571e-05,6.734035273526644e-07
0.026352635263526353,3.2781788565079865e-29,7.690441316564168e-05,6.744144917738765e-07
0.026402640264026403,3.2806386589412086e-29,7.698136374274038e-05,6.754269739315119e-07
0.026452645264526453,3.2831003071028905e-29,7.705839131660784e-05,6.764409761041117e-07
0.026502650265026503,3.285563802377985e-29,7.713549596428701e-05,6.774565005736364e-07
0.026552655265526554,3.2880291461524867e-29,7.721267776289799e-05,6.784735496254755e-07
0.026602660266026604,3.2904963398134294e-29,7.728993678963806e-05,6.794921255484462e-07
0.026652665266526654,3.292965384748884e-29,7.736727312178164e-05,6.80512230634803e-07
0.026702670267026704,3.295436282347971e-29,7.74446868366806e-05,6.815338671802431e-07
0.026752675267526754,3.297909034000847e-29,7.75221780117641e-05,6.825570374839083e-07
0.026802680268026804,3.3003836410987084e-29,7.759974672453877e-05,6.835817438483918e-07
0.026852685268526855,3.3028601050338066e-29,7.767739305258897e-05,6.846079885797466e-07
0.026902690269026905,3.3053384271994283e-29,7.775511707357654e-05,6.856357739874839e-07
0.026952695269526955,3.307818608989908e-29,7.783291886524093e-05,6.866651023845843e-07
0.027002700270027005,3.3103006518006276e-29,7.791079850539969e-05,6.876959760874999e-07
0.027052705270527052,3.3127845570280177e-29,7.79887560719479e-05,6.887283974161626e-07
0.027102710271027102,3.3152703260695513e-29,7.806679164285879e-05,6.897623686939841e-07
0.027152715271527152,3.317757960323755e-29,7.81449052961835e-05,6.907978922478662e-07
0.027202720272027203,3.3202474611902014e-29,7.82230971100514e-05,6.918349704082021e-07
0.027252725272527253,3.3227388300695157e-29,7.830136716266981e-05,6.928736055088857e-07
0.027302730273027303,3.325232068363376e-29,7.83797155323246e-05,6.939137998873156e-07
0.027352735273527353,3.327727177474507e-29,7.845814229737976e-05,6.949555558843957e-07
0.027402740274027403,3.330224158806688e-29,7.853664753627777e-05,6.959988758445455e-07
0.027452745274527453,3.332723013764752e-29,7.861523132753943e-05,6.970437621157074e-07
0.027502750275027504,3.335223743754588e-29,7.869389374976445e-05,6.980902170493451e-07
0.027552755275527554,3.3377263501831355e-29,7.877263488163091e-05,6.991382430004526e-07
0.027602760276027604,3.340230834458394e-29,7.885145480189571e-05,7.00187842327562e-07
0.027652765276527654,3.3427371979894176e-29,7.893035358939457e-05,7.012390173927436e-07
0.027702770277027704,3.345245442186317e-29,7.900933132304204e-05,7.022917705616145e-07
0.027752775277527755,3.3477555684602634e-29,7.908838808183164e-05,7.033461042033454e-07
0.027802780278027805,3.3502675782234844e-29,7.916752394483592e-05,7.044020206906612e-07
0.027852785278527855,3.352781472889267e-29,7.924673899120667e-05,7.054595223998486e-07
0.027902790279027905,3.355297253871963e-29,7.932603330017476e-05,7.065186117107634e-07
0.027952795279527955,3.3578149225869774e-29,7.94054069510503e-05,7.075792910068336e-07
0.028002800280028002,3.3603344804507877e-29,7.94848600232229e-05,7.086415626750667e-07
0.028052805280528052,3.3628559288809255e-29,7.956439259616153e-05,7.097054291060507e-07
0.028102810281028102,3.3653792692959896e-29,7.964400474941462e-05,7.107708926939649e-07
0.028152815281528153,3.3679045031156423e-29,7.972369656261032e-05,7.118379558365816e-07
0.028202820282028203,3.370431631760616e-29,7.980346811545629e-05,7.129066209352766e-07
0.028252825282528253,3.3729606566526996e-29,7.98833194877402e-05,7.139768903950245e-07
0.028302830283028303,3.3754915792147584e-29,7.996325075932932e-05,7.150487666244157e-07
0.028352835283528353,3.3780244008707175e-29,8.004326201017085e-05,7.161222520356527e-07
0.028402840284028404,3.3805591230455766e-29,8.012335332029219e-05,7.171973490445625e-07
0.028452845284528454,3.383095747165401e-29,8.020352476980052e-05,7.182740600705981e-07
0.028502850285028504,3.3856342746573295e-29,8.028377643888351e-05,7.193523875368436e-07
0.028552855285528554,3.388174706949566e-29,8.036410840780867e-05,7.204323338700228e-07
0.028602860286028604,3.390717045471392e-29,8.044452075692431e-05,7.215139015004994e-07
0.028652865286528655,3.3932612916531593e-29,8.052501356665868e-05,7.225970928622884e-07
0.028702870287028705,3.395807446926291e-29,8.060558691752073e-05,7.2368191039306e-07
0.028752875287528755,3.3983555127232857e-29,8.068624089009997e-05,7.247683565341398e-07
0.028802880288028805,3.400905490477719e-29,8.076697556506648e-05,7.25856433730523e-07
0.028852885288528855,3.4034573816242405e-29,8.084779102317111e-05,7.269461444308732e-07
0.028902890289028906,3.4060111875985747e-29,8.092868734524547e-05,7.280374910875294e-07
0.028952895289528952,3.408566909837526e-29,8.100966461220212e-05,7.29130476156515e-07
0.029002900290029002,3.4111245497789757e-29,8.109072290503454e-05,7.302251020975366e-07
0.029052905290529053,3.413684108861882e-29,8.117186230481711e-05,7.313213713739964e-07
0.029102910291029103,3.416245588526286e-29,8.125308289270559e-05,7.324192864529941e-07
0.029152915291529153,3.418808990213312e-29,8.133438474993679e-05,7.335188498053353e-07
0.029202920292029203,3.4213743153651577e-29,8.141576795782883e-05,7.346200639055304e-07
0.029252925292529253,3.423941565425108e-29,8.149723259778125e-05,7.35722931231807e-07
0.029302930293029304,3.4265107418375305e-29,8.157877875127489e-05,7.36827454266116e-07
0.029352935293529354,3.429081846047877e-29,8.166040649987238e-05,7.379336354941295e-07
0.029402940294029404,3.431654879502681e-29,8.174211592521771e-05,7.390414774052532e-07
0.029452945294529454,3.4342298436495635e-29,8.18239071090366e-05,7.40150982492632e-07
0.029502950295029504,3.4368067399372326e-29,8.190578013313663e-05,7.412621532531521e-07
0.029552955295529554,3.439385569815483e-29,8.198773507940728e-05,7.423749921874479e-07
0.029602960296029605,3.4419663347351957e-29,8.20697720298198e-05,7.434895017999083e-07
0.029652965296529655,3.444549036148343e-29,8.215189106642767e-05,7.446056845986822e-07
0.029702970297029705,3.4471336755079826e-29,8.223409227136625e-05,7.457235430956834e-07
0.029752975297529755,3.449720254268268e-29,8.231637572685329e-05,7.468430798065973e-07
0.029802980298029805,3.4523087738844375e-29,8.239874151518864e-05,7.47964297250886e-07
0.029852985298529856,3.4548992358128266e-29,8.24811897187546e-05,7.490871979517924e-07
0.029902990299029902,3.457491641510862e-29,8.256372042001585e-05,7.50211784436351e-07
0.029952995299529953,3.4600859924370614e-29,8.264633370151963e-05,7.513380592353863e-07
0.030003000300030003,3.4626822900510427e-29,8.272902964589578e-05,7.524660248835265e-07
0.030053005300530053,3.4652805358135136e-29,8.281180833585674e-05,7.535956839192002e-07
0.030103010301030103,3.4678807311862794e-29,8.289466985419782e-05,7.547270388846484e-07
0.030153015301530153,3.470482877632243e-29,8.297761428379708e-05,7.558600923259317e-07
0.030203020302030203,3.4730869766154047e-29,8.306064170761545e-05,7.569948467929303e-07
0.030253025302530254,3.475693029600863e-29,8.314375220869714e-05,7.581313048393514e-07
0.030303030303030304,3.4783010380548173e-29,8.322694587016926e-05,7.592694690227393e-07
0.030353035303530354,3.480911003444564e-29,8.331022277524203e-05,7.604093419044753e-07
0.030403040304030404,3.483522927238503e-29,8.339358300720906e-05,7.615509260497877e-07
0.030453045304530454,3.4861368109061356e-29,8.347702664944724e-05,7.626942240277531e-07
0.030503050305030505,3.488752655918066e-29,8.356055378541703e-05,7.638392384113094e-07
0.030553055305530555,3.4913704637460014e-29,8.364416449866212e-05,7.649859717772534e-07
0.030603060306030605,3.4939902358627516e-29,8.372785887281004e-05,7.661344267062521e-07
0.030653065306530655,3.496611973742236e-29,8.381163699157192e-05,7.672846057828465e-07
0.030703070307030705,3.4992356788594747e-29,8.389549893874263e-05,7.684365115954572e-07
0.030753075307530756,3.501861352690598e-29,8.397944479820078e-05,7.695901467363928e-07
0.030803080308030806,3.5044889967128437e-29,8.406347465390923e-05,7.707455138018497e-07
0.030853085308530852,3.5071186124045556e-29,8.414758858991455e-05,7.719026153919254e-07
0.030903090309030903,3.509750201245192e-29,8.423178669034759e-05,7.730614541106204e-07
0.030953095309530953,3.5123837647153133e-29,8.431606903942311e-05,7.742220325658438e-07
0.031003100310031003,3.5150193042965965e-29,8.44004357214405e-05,7.753843533694173e-07
0.031053105310531053,3.517656821471832e-29,8.448488682078323e-05,7.765484191370908e-07
0.031103110311031103,3.520296317724916e-29,8.456942242191934e-05,7.777142324885324e-07
0.031153115311531154,3.522937794540867e-29,8.465404260940137e-05,7.788817960473512e-07
0.031203120312031204,3.525581253405809e-29,8.473874746786638e-05,7.800511124410888e-07
0.03125312531253126,3.528226695806987e-29,8.482353708203631e-05,7.812221843012328e-07
0.0313031303130313,3.5308741232327574e-29,8.490841153671753e-05,7.823950142632243e-07
0.03135313531353135,3.5335235371726004e-29,8.499337091680167e-05,7.835696049664594e-07
0.0314031403140314,3.536174939117107e-29,8.507841530726498e-05,7.847459590542954e-07
0.03145314531453145,3.538828330557988e-29,8.516354479316891e-05,7.859240791740587e-07
0.0315031503150315,3.5414837129880776e-29,8.524875945966011e-05,7.87103967977051e-07
0.03155315531553155,3.5441410879013257e-29,8.533405939197014e-05,7.882856281185539e-07
0.0316031603160316,3.546800456792805e-29,8.541944467541603e-05,7.894690622578335e-07
0.03165316531653165,3.5494618211587094e-29,8.550491539540009e-05,7.906542730581521e-07
0.0317031703170317,3.552125182496356e-29,8.559047163741028e-05,7.918412631867655e-07
0.03175317531753175,3.554790542304186e-29,8.567611348701994e-05,7.930300353149379e-07
0.0318031803180318,3.5574579020817624e-29,8.5761841029888e-05,7.942205921179402e-07
0.03185318531853185,3.560127263329778e-29,8.584765435175924e-05,7.954129362750641e-07
0.0319031903190319,3.562798627550049e-29,8.593355353846405e-05,7.966070704696199e-07
0.03195319531953195,3.565471996245515e-29,8.601953867591879e-05,7.978029973889476e-07
0.032003200320032,3.5681473709202486e-29,8.610560985012598e-05,7.990007197244203e-07
0.032053205320532054,3.570824753079448e-29,8.619176714717379e-05,8.002002401714534e-07
0.032103210321032104,3.573504144229446e-29,8.627801065323695e-05,8.0140156142951e-07
0.032153215321532154,3.576185545877697e-29,8.636434045457611e-05,8.026046862021023e-07
0.032203220322032204,3.578868959532794e-29,8.645075663753839e-05,8.038096171968039e-07
0.032253225322532254,3.581554386704458e-29,8.653725928855726e-05,8.050163571252525e-07
0.032303230323032305,3.584241828903544e-29,8.662384849415272e-05,8.062249087031544e-07
0.032353235323532355,3.586931287642043e-29,8.67105243409312e-05,8.074352746502995e-07
0.032403240324032405,3.5896227644330747e-29,8.679728691558595e-05,8.086474576905526e-07
0.032453245324532455,3.592316260790899e-29,8.688413630489705e-05,8.098614605518707e-07
0.032503250325032505,3.595011778230911e-29,8.697107259573099e-05,8.110772859663112e-07
0.032553255325532555,3.597709318269642e-29,8.705809587504162e-05,8.12294936670026e-07
0.032603260326032606,3.600408882424764e-29,8.714520622986968e-05,8.135144154032792e-07
0.032653265326532656,3.603110472215084e-29,8.723240374734287e-05,8.147357249104469e-07
0.032703270327032706,3.6058140891605474e-29,8.731968851467603e-05,8.159588679400255e-07
0.032753275327532756,3.60851973478225e-29,8.740706061917174e-05,8.171838472446384e-07
0.032803280328032806,3.6112274106024164e-29,8.749452014821935e-05,8.184106655810394e-07
0.03285328532853286,3.61393711814442e-29,8.758206718929592e-05,8.196393257101238e-07
0.03290329032903291,3.616648858932777e-29,8.766970182996599e-05,8.2086983039693e-07
0.03295329532953296,3.619362634493148e-29,8.775742415788173e-05,8.221021824106488e-07
0.03300330033003301,3.6220784463523336e-29,8.784523426078313e-05,8.233363845246249e-07
0.03305330533053306,3.624796296038288e-29,8.793313222649778e-05,8.245724395163724e-07
0.03310331033103311,3.627516185080102e-29,8.802111814294125e-05,8.258103501675673e-07
0.03315331533153316,3.630238115008026e-29,8.810919209811708e-05,8.27050119264072e-07
0.0332033203320332,3.632962087353446e-29,8.819735418011682e-05,8.282917495959201e-07
0.03325332533253325,3.635688103648908e-29,8.82856044771202e-05,8.295352439573441e-07
0.0333033303330333,3.638416165428099e-29,8.837394307739515e-05,8.307806051467624e-07
0.03335333533353335,3.6411462742258604e-29,8.84623700692981e-05,8.320278359667992e-07
0.0334033403340334,3.643878431578191e-29,8.85508855412735e-05,8.332769392242892e-07
0.03345334533453345,3.646612639022231e-29,8.863948958185471e-05,8.34527917730273e-07
0.0335033503350335,3.649348898096282e-29,8.872818227966343e-05,8.357807743000186e-07
0.03355335533553355,3.652087210339799e-29,8.881696372341017e-05,8.370355117530172e-07
0.0336033603360336,3.6548275772933916e-29,8.890583400189412e-05,8.382921329129931e-07
0.03365336533653365,3.6575700004988196e-29,8.899479320400322e-05,8.395506406079096e-07
0.0337033703370337,3.6603144814990075e-29,8.908384141871467e-05,8.408110376699758e-07
0.03375337533753375,3.663061021838036e-29,8.917297873509437e-05,8.420733269356538e-07
0.0338033803380338,3.6658096230611413e-29,8.926220524229746e-05,8.433375112456625e-07
0.03385338533853385,3.668560286714723e-29,8.935152102956843e-05,8.446035934449864e-07
0.033903390339033904,3.6713130143463364e-29,8.944092618624075e-05,8.458715763828799e-07
0.033953395339533954,3.674067807504703e-29,8.953042080173773e-05,8.471414629128772e-07
0.034003400340034004,3.676824667739702e-29,8.962000496557161e-05,8.484132558927948e-07
0.034053405340534054,3.679583596602378e-29,8.970967876734474e-05,8.496869581847382e-07
0.034103410341034104,3.682344595644942e-29,8.979944229674865e-05,8.509625726551149e-07
0.034153415341534155,3.6851076664207616e-29,8.988929564356497e-05,8.522401021746279e-07
0.034203420342034205,3.687872810484379e-29,8.997923889766498e-05,8.535195496182967e-07
0.034253425342534255,3.6906400293914967e-29,9.006927214900995e-05,8.548009178654534e-07
0.034303430343034305,3.6934093246989874e-29,9.015939548765115e-05,8.560842097997536e-07
0.034353435343534355,3.696180697964891e-29,9.024960900372989e-05,8.573694283091841e-07
0.034403440344034406,3.6989541507484196e-29,9.033991278747781e-05,8.586565762860642e-07
0.034453445344534456,3.701729684609948e-29,9.043030692921666e-05,8.599456566270562e-07
0.034503450345034506,3.704507301111031e-29,9.052079151935889e-05,8.612366722331724e-07
0.034553455345534556,3.7072870018143856e-29,9.061136664840694e-05,8.625296260097792e-07
0.034603460346034606,3.710068788283911e-29,9.070203240695428e-05,8.638245208666053e-07
0.034653465346534656,3.712852662084671e-29,9.079278888568468e-05,8.65121359717747e-07
0.03470347034703471,3.7156386247829125e-29,9.088363617537277e-05,8.664201454816772e-07
0.03475347534753476,3.7184266779460494e-29,9.09745743668842e-05,8.677208810812464e-07
0.03480348034803481,3.7212168231426755e-29,9.106560355117504e-05,8.69023569443698e-07
0.03485348534853486,3.724009061942563e-29,9.115672381929297e-05,8.703282135006669e-07
0.03490349034903491,3.726803395916661e-29,9.124793526237646e-05,8.716348161881905e-07
0.03495349534953496,3.7295998266370943e-29,9.133923797165504e-05,8.729433804467115e-07
0.03500350035003501,3.732398355677172e-29,9.143063203844985e-05,8.742539092210911e-07
0.03505350535053506,3.7351989846113815e-29,9.152211755417316e-05,8.755664054606092e-07
0.0351035103510351,3.7380017150153903e-29,9.161369461032888e-05,8.76880872118972e-07
0.03515351535153515,3.74080654846605e-29,9.170536329851225e-05,8.781973121543227e-07
0.0352035203520352,3.7436134865413995e-29,9.179712371041049e-05,8.795157285292462e-07
0.03525352535253525,3.746422530820649e-29,9.18889759378022e-05,8.808361242107695e-07
0.0353035303530353,3.7492336828842086e-29,9.198092007255807e-05,8.821585021703802e-07
0.03535353535353535,3.7520469443136656e-29,9.207295620664065e-05,8.83482865384024e-07
0.0354035403540354,3.754862316691798e-29,9.216508443210442e-05,8.848092168321162e-07
0.03545354535453545,3.757679801602567e-29,9.225730484109614e-05,8.861375594995434e-07
0.0355035503550355,3.7604994006311246e-29,9.234961752585455e-05,8.874678963756733e-07
0.03555355535553555,3.7633211153638147e-29,9.244202257871092e-05,8.888002304543665e-07
0.0356035603560356,3.766144947388168e-29,9.253452009208879e-05,8.901345647339721e-07
0.03565356535653565,3.7689708982929095e-29,9.262711015850415e-05,8.914709022173457e-07
0.035703570357035704,3.7717989696679545e-29,9.271979287056554e-05,8.928092459118483e-07
0.035753575357535754,3.7746291631044084e-29,9.281256832097427e-05,8.941495988293547e-07
0.035803580358035804,3.777461480194578e-29,9.290543660252443e-05,8.954919639862635e-07
0.035853585358535854,3.7802959225319567e-29,9.299839780810276e-05,8.968363444035017e-07
0.035903590359035904,3.783132491711237e-29,9.309145203068909e-05,8.981827431065286e-07
0.035953595359535954,3.785971189328311e-29,9.318459936335629e-05,8.995311631253504e-07
0.036003600360036005,3.7888120169802646e-29,9.327783989927042e-05,9.008816074945182e-07
0.036053605360536055,3.7916549762653826e-29,9.337117373169056e-05,9.022340792531406e-07
0.036103610361036105,3.7945000687831516e-29,9.34646009539692e-05,9.035885814448899e-07
0.036153615361536155,3.7973472961342536e-29,9.355812165955239e-05,9.049451171180033e-07
0.036203620362036205,3.800196659920575e-29,9.365173594197937e-05,9.063036893252982e-07
0.036253625362536256,3.803048161745205e-29,9.374544389488334e-05,9.076643011241755e-07
0.036303630363036306,3.8059018032124333e-29,9.383924561199093e-05,9.09026955576623e-07
0.036353635363536356,3.8087575859277536e-29,9.393314118712255e-05,9.103916557492279e-07
0.036403640364036406,3.811615511497867e-29,9.402713071419266e-05,9.117584047131802e-07
0.036453645364536456,3.814475581530676e-29,9.412121428720957e-05,9.131272055442803e-07
0.03650365036503651,3.817337797635295e-29,9.421539200027572e-05,9.14498061322948e-07
0.03655365536553656,3.820202161422038e-29,9.430966394758762e-05,9.158709751342233e-07
0.03660366036603661,3.823068674502438e-29,9.440403022343603e-05,9.172459500677856e-07
0.03665366536653666,3.825937338489227e-29,9.449849092220625e-05,9.186229892179445e-07
0.03670367036703671,3.828808154996351e-29,9.459304613837775e-05,9.200020956836584e-07
0.03675367536753676,3.83168112563897e-29,9.468769596652475e-05,9.2138327256854e-07
0.03680368036803681,3.834556252033452e-29,9.478244050131598e-05,9.227665229808584e-07
0.03685368536853686,3.837433535797377e-29,9.487727983751494e-05,9.241518500335481e-07
0.03690369036903691,3.8403129785495466e-29,9.497221406997999e-05,9.25539256844224e-07
0.03695369536953696,3.8431945819099663e-29,9.50672432936643e-05,9.269287465351722e-07
0.037003700370037,3.846078347499863e-29,9.516236760361607e-05,9.283203222333721e-07
0.03705370537053705,3.848964276941681e-29,9.525758709497878e-05,9.297139870704946e-07
0.0371037103710371,3.851852371859081e-29,9.53529018629909e-05,9.311097441829159e-07
0.03715371537153715,3.8547426338769385e-29,9.544831200298618e-05,9.325075967117158e-07
0.0372037203720372,3.857635064621354e-29,9.554381761039404e-05,9.339075478026933e-07
0.03725372537253725,3.860529665719643e-29,9.563941878073906e-05,9.353096006063695e-07
0.0373037303730373,3.8634264388003474e-29,9.573511560964167e-05,9.367137582779943e-07
0.03735373537353735,3.8663253854932257e-29,9.583090819281766e-05,9.381200239775556e-07
0.0374037403740374,3.869226507429261e-29,9.592679662607898e-05,9.395284008697821e-07
0.03745374537453745,3.872129806240661e-29,9.602278100533306e-05,9.409388921241591e-07
0.0375037503750375,3.875035283560862e-29,9.611886142658367e-05,9.423515009149273e-07
0.037553755375537554,3.877942941024519e-29,9.621503798593032e-05,9.437662304210924e-07
0.037603760376037604,3.8808527802675137e-29,9.631131077956889e-05,9.451830838264313e-07
0.037653765376537654,3.883764802926963e-29,9.640767990379147e-05,9.466020643195046e-07
0.037703770377037704,3.886679010641205e-29,9.650414545498635e-05,9.480231750936568e-07
0.037753775377537754,3.889595405049811e-29,9.660070752963849e-05,9.494464193470281e-07
0.037803780378037805,3.8925139877935786e-29,9.669736622432924e-05,9.508718002825577e-07
0.037853785378537855,3.8954347605145415e-29,9.679412163573663e-05,9.52299321107997e-07
0.037903790379037905,3.898357724855963e-29,9.68909738606355e-05,9.537289850359092e-07
0.037953795379537955,3.9012828824623366e-29,9.69879229958974e-05,9.55160795283682e-07
0.038003800380038005,3.9042102349793946e-29,9.708496913849086e-05,9.565947550735337e-07
0.038053805380538056,3.907139784054105e-29,9.718211238548147e-05,9.580308676325223e-07
0.038103810381038106,3.9100715313346645e-29,9.727935283403189e-05,9.594691361925443e-07
0.038153815381538156,3.913005478470511e-29,9.737669058140208e-05,9.60909563990354e-07
0.038203820382038206,3.9159416271123243e-29,9.747412572494918e-05,9.623521542675633e-07
0.038253825382538256,3.918879978912014e-29,9.757165836212791e-05,9.637969102706474e-07
0.038303830383038306,3.921820535522736e-29,9.766928859049039e-05,9.652438352509614e-07
0.03835383538353836,3.924763298598883e-29,9.776701650768643e-05,9.666929324647356e-07
0.03840384038403841,3.927708269796093e-29,9.786484221146342e-05,9.681442051730955e-07
0.03845384538453846,3.9306554507712393e-29,9.796276579966669e-05,9.695976566420535e-07
0.03850385038503851,3.933604843182446e-29,9.806078737023944e-05,9.71053290142533e-07
0.03855385538553856,3.936556448689078e-29,9.815890702122274e-05,9.725111089503655e-07
0.03860386038603861,3.939510268951746e-29,9.825712485075607e-05,9.73971116346299e-07
0.03865386538653866,3.942466305632305e-29,9.835544095707679e-05,9.754333156160084e-07
0.03870387038703871,3.94542456039386e-29,9.84538554385207e-05,9.768977100501004e-07
0.03875387538753876,3.948385034900759e-29,9.855236839352197e-05,9.783643029441213e-07
0.03880388038803881,3.9513477308186065e-29,9.865097992061336e-05,9.798330975985675e-07
0.03885388538853886,3.9543126498142465e-29,9.874969011842596e-05,9.81304097318887e-07
0.0389038903890389,3.957279793555786e-29,9.88484990856898e-05,9.827773054154939e-07
0.03895389538953895,3.9602491637125757e-29,9.894740692123369e-05,9.842527252037686e-07
0.039003900390039,3.9632207619552166e-29,9.904641372398519e-05,9.85730360004069e-07
0.03905390539053905,3.966194589955571e-29,9.914551959297096e-05,9.872102131417422e-07
0.0391039103910391,3.969170649386751e-29,9.924472462731653e-05,9.886922879471233e-07
0.03915391539153915,3.9721489419231244e-29,9.934402892624709e-05,9.901765877555461e-07
0.0392039203920392,3.9751294692403166e-29,9.944343258908656e-05,9.916631159073573e-07
0.03925392539253925,3.978112233015208e-29,9.954293571525859e-05,9.931518757479111e-07
0.0393039303930393,3.981097234925942e-29,9.964253840428621e-05,9.946428706275922e-07
0.039353935393539353,3.9840844766519146e-29,9.974224075579206e-05,9.961361039018075e-07
0.039403940394039404,3.9870739598737883e-29,9.984204286949838e-05,9.976315789310054e-07
0.039453945394539454,3.990065686273482e-29,9.994194484522731e-05,9.991292990806792e-07
0.039503950395039504,3.99305965753418e-29,0.00010004194678290083,1.0006292677213726e-06
0.039553955395539554,3.996055875340327e-29,0.00010014204878254086,1.0021314882286913e-06
0.039603960396039604,3.9990543413776316e-29,0.00010024225094426937,1.0036359639833082e-06
0.039653965396539655,4.00205505733307e-29,0.00010034255336830869,1.0051426983709708e-06
0.039703970397039705,4.0050580248948857e-29,0.00010044295615498129,1.0066516947825131e-06
0.039753975397539755,4.008063245752581e-29,0.00010054345940471005,1.0081629566138535e-06
0.039803980398039805,4.0110707215969306e-29,0.0001006440632180182,1.0096764872660126e-06
0.039853985398539855,4.014080454119982e-29,0.00010074476769552986,1.0111922901451179e-06
0.039903990399039906,4.0170924450150464e-29,0.00010084557293796954,1.0127103686624075e-06
0.039953995399539956,4.020106695976707e-29,0.00010094647904616281,1.014230726234241e-06
0.040004000400040006,4.0231232087008194e-29,0.00010104748612103573,1.0157533662821093e-06
0.040054005400540056,4.0261419848845133e-29,0.00010114859426361586,1.0172782922326382e-06
0.040104010401040106,4.029163026226189e-29,0.00010124980357503134,1.0188055075175978e-06
0.040154015401540157,4.032186334425521e-29,0.00010135111415651187,1.0203350155739106e-06
0.04020402040204021,4.0352119111834617e-29,0.00010145252610938832,1.021866819843658e-06
0.04025402540254026,4.038239758202239e-29,0.00010155403953509281,1.0234009237740914e-06
0.04030403040304031,4.041269877185358e-29,0.00010165565453515917,1.024937330817636e-06
0.04035403540354036,4.0443022698375985e-29,0.00010175737121122275,1.0264760444318957e-06
0.04040404040404041,4.047336937865024e-29,0.00010185918966502045,1.0280170680796732e-06
0.04045404540454046,4.05037388297498e-29,0.00010196110999839134,1.0295604052289648e-06
0.04050405040504051,4.053413106876086e-29,0.00010206313231327594,1.0311060593529752e-06
0.04055405540554056,4.0564546112782494e-29,0.00010216525671171709,1.0326540339301202e-06
0.04060406040604061,4.0594983978926586e-29,0.00010226748329585951,1.0342043324440429e-06
0.04065406540654066,4.062544468431786e-29,0.00010236981216795044,1.0357569583836109e-06
0.04070407040704071,4.0655928246093874e-29,0.00010247224343033899,1.0373119152429332e-06
0.04075407540754076,4.0686434681405095e-29,0.0001025747771854771,1.0388692065213628e-06
0.0408040804080408,4.0716964007414787e-29,0.00010267741353591895,1.0404288357235064e-06
0.04085408540854085,4.074751624129917e-29,0.00010278015258432143,1.0419908063592341e-06
0.0409040904090409,4.077809140024728e-29,0.0001028829944334442,1.0435551219436807e-06
0.04095409540954095,4.080868950146112e-29,0.00010298593918614969,1.0451217859972637e-06
0.041004100410041,4.083931056215553e-29,0.00010308898694540326,1.0466908020456794e-06
0.04105410541054105,4.086995459955833e-29,0.00010319213781427319,1.0482621736199253e-06
0.0411041104110411,4.090062163091024e-29,0.00010329539189593112,1.0498359042562924e-06
0.04115411541154115,4.0931311673464897e-29,0.00010339874929365172,1.0514119974963838e-06
0.041204120412041204,4.0962024744488904e-29,0.000103502210110813,1.05299045688712e-06
0.041254125412541254,4.0992760861261855e-29,0.00010360577445089669,1.0545712859807455e-06
0.041304130413041304,4.1023520041076223e-29,0.00010370944241748767,1.0561544883348374e-06
0.041354135413541354,4.105430230123755e-29,0.00010381321411427468,1.0577400675123152e-06
0.041404140414041404,4.10851076590643e-29,0.00010391708964505031,1.0593280270814446e-06
0.041454145414541455,4.111593613188796e-29,0.00010402106911371071,1.060918370615852e-06
0.041504150415041505,4.1146787737053015e-29,0.00010412515262425625,1.0625111016945263e-06
0.041554155415541555,4.117766249191697e-29,0.00010422934028079128,1.0641062239018287e-06
0.041604160416041605,4.1208560413850325e-29,0.00010433363218752423,1.0657037408275025e-06
0.041654165416541655,4.1239481520236685e-29,0.00010443802844876795,1.0673036560666838e-06
0.041704170417041705,4.1270425828472615e-29,0.00010454252916893955,1.0689059732198997e-06
0.041754175417541756,4.1301393355967783e-29,0.00010464713445256067,1.0705106958930862e-06
0.041804180418041806,4.133238412014491e-29,0.0001047518444042576,1.0721178276975927e-06
0.041854185418541856,4.1363398138439766e-29,0.0001048566591287611,1.0737273722501877e-06
0.041904190419041906,4.1394435428301266e-29,0.00010496157873090697,1.075339333173075e-06
0.041954195419541956,4.1425496007191367e-29,0.0001050666033156358,1.0769537140938909e-06
0.04200420042004201,4.145657989258511e-29,0.00010517173298799318,1.0785705186457188e-06
0.04205420542054206,4.1487687101970713e-29,0.00010527696785312981,1.0801897504671e-06
0.04210421042104211,4.151881765284946e-29,0.00010538230801630158,1.0818114132020336e-06
0.04215421542154216,4.154997156273581e-29,0.00010548775358286981,1.08343551049999e-06
0.04220422042204221,4.1581148849157337e-29,0.00010559330465830118,1.0850620460159235e-06
0.04225422542254226,4.1612349529654763e-29,0.00010569896134816776,1.086691023410269e-06
0.04230423042304231,4.1643573621782e-29,0.00010580472375814754,1.0883224463489603e-06
0.04235423542354236,4.1674821143106084e-29,0.00010591059199402396,1.0899563185034329e-06
0.04240424042404241,4.1706092111207285e-29,0.00010601656616168653,1.091592643550637e-06
0.04245424542454246,4.1737386543679046e-29,0.00010612264636713062,1.093231425173039e-06
0.04250425042504251,4.1768704458127983e-29,0.00010622883271645758,1.0948726670586369e-06
0.04255425542554256,4.1800045872173983e-29,0.00010633512531587506,1.0965163729009655e-06
0.04260426042604261,4.183141080345009e-29,0.00010644152427169693,1.098162546399103e-06
0.04265426542654266,4.1862799269602624e-29,0.00010654802969034351,1.0998111912576798e-06
0.0427042704270427,4.1894211288291114e-29,0.00010665464167834137,1.1014623111868901e-06
0.04275427542754275,4.192564687718837e-29,0.00010676136034232406,1.1031159099024974e-06
0.0428042804280428,4.1957106053980426e-29,0.00010686818578903137,1.1047719911258445e-06
0.04285428542854285,4.198858883636664e-29,0.00010697511812531019,1.1064305585838594e-06
0.0429042904290429,4.2020095242059623e-29,0.00010708215745811446,1.1080916160090674e-06
0.04295429542954295,4.205162528878524e-29,0.00010718930389450457,1.1097551671395957e-06
0.043004300430043,4.208317899428272e-29,0.00010729655754164871,1.111421215719183e-06
0.043054305430543054,4.2114756376304544e-29,0.00010740391850682175,1.113089765497188e-06
0.043104310431043104,4.2146357452616584e-29,0.0001075113868974064,1.114760820228602e-06
0.043154315431543154,4.2177982240997953e-29,0.00010761896282089233,1.116434383674048e-06
0.043204320432043204,4.2209630759241197e-29,0.00010772664638487708,1.1181104595997998e-06
0.043254325432543254,4.2241303025152155e-29,0.00010783443769706579,1.1197890517777838e-06
0.043304330433043305,4.227299905655003e-29,0.00010794233686527126,1.1214701639855864e-06
0.043354335433543355,4.2304718871267414e-29,0.00010805034399741426,1.123153800006471e-06
0.043404340434043405,4.233646248715029e-29,0.00010815845920152365,1.1248399636293733e-06
0.043454345434543455,4.2368229922057964e-29,0.00010826668258573615,1.1265286586489203e-06
0.043504350435043505,4.240002119386327e-29,0.00010837501425829698,1.1282198888654404e-06
0.043554355435543556,4.243183632045231e-29,0.00010848345432755927,1.1299136580849618e-06
0.043604360436043606,4.24636753197247e-29,0.00010859200290198481,1.1316099701192286e-06
0.043654365436543656,4.2495538209593466e-29,0.00010870066009014406,1.1333088287857072e-06
0.043704370437043706,4.2527425007985044e-29,0.00010880942600071583,1.135010237907592e-06
0.043754375437543756,4.255933573283937e-29,0.00010891830074248777,1.1367142013138223e-06
0.043804380438043806,4.259127040210982e-29,0.00010902728442435646,1.1384207228390865e-06
0.04385438543854386,4.262322903376323e-29,0.00010913637715532744,1.1401298063238218e-06
0.04390439043904391,4.2655211645779934e-29,0.00010924557904451527,1.1418414556142373e-06
0.04395439543954396,4.2687218256153733e-29,0.00010935489020114358,1.1435556745623169e-06
0.04400440044004401,4.2719248882891957e-29,0.00010946431073454543,1.145272467025824e-06
0.04405440544054406,4.2751303544015455e-29,0.00010957384075416337,1.1469918368683142e-06
0.04410441044104411,4.278338225755854e-29,0.00010968348036954917,1.1487137879591454e-06
0.04415441544154416,4.281548504156916e-29,0.00010979322969036457,1.1504383241734837e-06
0.04420442044204421,4.284761191410869e-29,0.00010990308882638063,1.152165449392312e-06
0.04425442544254426,4.287976289325214e-29,0.00011001305788747872,1.1538951675024392e-06
0.04430443044304431,4.2911937997088044e-29,0.00011012313698364971,1.1556274823965115e-06
0.04435443544354436,4.294413724371852e-29,0.00011023332622499485,1.1573623979730172e-06
0.04440444044404441,4.2976360651259267e-29,0.00011034362572172533,1.159099918136298e-06
0.04445444544454446,4.300860823783958e-29,0.00011045403558416277,1.1608400467965574e-06
0.04450445044504451,4.3040880021602357e-29,0.00011056455592273914,1.1625827878698673e-06
0.04455445544554456,4.30731760207041e-29,0.0001106751868479969,1.164328145278181e-06
0.0446044604460446,4.310549625331495e-29,0.000110785928470589,1.16607612294934e-06
0.04465446544654465,4.313784073761868e-29,0.00011089678090127934,1.167826724817081e-06
0.0447044704470447,4.317020949181271e-29,0.00011100774425094259,1.1695799548210474e-06
0.04475447544754475,4.320260253410808e-29,0.00011111881863056419,1.1713358169067947e-06
0.0448044804480448,4.323501988272954e-29,0.0001112300041512408,1.1730943150258043e-06
0.044854485448544854,4.32674615559155e-29,0.00011134130092418008,1.1748554531354902e-06
0.044904490449044904,4.3299927571918036e-29,0.00011145270906070128,1.176619235199205e-06
0.044954495449544954,4.3332417949002957e-29,0.00011156422867223466,1.1783856651862547e-06
0.045004500450045004,4.3364932705449746e-29,0.00011167585987032225,1.1801547470719012e-06
0.045054505450545054,4.339747185955159e-29,0.00011178760276661752,1.181926484837374e-06
0.045104510451045104,4.343003542961547e-29,0.00011189945747288562,1.1837008824698867e-06
0.045154515451545155,4.346262343396203e-29,0.00011201142410100394,1.1854779439626274e-06
0.045204520452045205,4.34952358909257e-29,0.00011212350276296132,1.1872576733147879e-06
0.045254525452545255,4.3527872818854646e-29,0.00011223569357085887,1.1890400745315598e-06
0.045304530453045305,4.356053423611083e-29,0.00011234799663690979,1.190825151624152e-06
0.045354535453545355,4.359322016106997e-29,0.00011246041207343973,1.192612908609788e-06
0.045404540454045406,4.362593061212156e-29,0.00011257293999288658,1.194403349511727e-06
0.045454545454545456,4.365866560766892e-29,0.00011268558050780075,1.19619647835927e-06
0.045504550455045506,4.3691425166129187e-29,0.0001127983337308454,1.197992299187763e-06
0.045554555455545556,4.372420930593328e-29,0.00011291119977479616,1.199790816038612e-06
0.045604560456045606,4.3757018045525976e-29,0.00011302417875254173,1.2015920329592902e-06
0.04565456545654566,4.3789851403365886e-29,0.00011313727077708374,1.2033959540033478e-06
0.04570457045704571,4.382270939792545e-29,0.0001132504759615368,1.2052025832304193e-06
0.04575457545754576,4.3855592047691007e-29,0.0001133637944191287,1.207011924706235e-06
0.04580458045804581,4.388849937116274e-29,0.00011347722626320068,1.2088239825026263e-06
0.04585458545854586,4.392143138685472e-29,0.00011359077160720723,1.2106387606975406e-06
0.04590459045904591,4.3954388113294923e-29,0.00011370443056471644,1.2124562633750468e-06
0.04595459545954596,4.3987369569025193e-29,0.00011381820324940994,1.2142764946253446e-06
0.04600460046004601,4.4020375772601347e-29,0.00011393208977508327,1.2160994585447746e-06
0.04605460546054606,4.405340674259307e-29,0.00011404609025564572,1.2179251592358266e-06
0.04610461046104611,4.4086462497583993e-29,0.00011416020480512058,1.2197536008071485e-06
0.04615461546154616,4.41195430561717e-29,0.00011427443353764513,1.2215847873735598e-06
0.04620462046204621,4.415264843696773e-29,0.00011438877656747111,1.223418723056052e-06
0.04625462546254626,4.41857786585976e-29,0.00011450323400896445,1.2252554119818087e-06
0.04630463046304631,4.421893373970078e-29,0.00011461780597660538,1.2270948582842095e-06
0.04635463546354636,4.425211369893071e-29,0.00011473249258498884,1.2289370661028313e-06
0.04640464046404641,4.4285318554954896e-29,0.0001148472939488244,1.2307820395834781e-06
0.04645464546454646,4.431854832645478e-29,0.00011496221018293639,1.2326297828781677e-06
0.0465046504650465,4.435180303212584e-29,0.000115077241402264,1.2344803001451547e-06
0.04655465546554655,4.43850826906776e-29,0.00011519238772186154,1.2363335955489376e-06
0.0466046604660466,4.441838732083362e-29,0.00011530764925689835,1.2381896732602657e-06
0.04665466546654665,4.44517169413315e-29,0.00011542302612265895,1.2400485374561514e-06
0.046704670467046704,4.4485071570922895e-29,0.00011553851843454348,1.2419101923198742e-06
0.046754675467546754,4.451845122837354e-29,0.00011565412630806713,1.2437746420409968e-06
0.046804680468046804,4.4551855932463267e-29,0.00011576984985886112,1.2456418908153724e-06
0.046854685468546854,4.458528570198596e-29,0.00011588568920267199,1.2475119428451524e-06
0.046904690469046904,4.4618740555749646e-29,0.00011600164445536244,1.2493848023387935e-06
0.046954695469546955,4.465222051257642e-29,0.00011611771573291072,1.2512604735110748e-06
0.047004700470047005,4.468572559130253e-29,0.00011623390315141147,1.2531389605831e-06
0.047054705470547055,4.471925581077838e-29,0.00011635020682707535,1.255020267782314e-06
0.047104710471047105,4.475281118986846e-29,0.00011646662687622928,1.2569043993425032e-06
0.047154715471547155,4.4786391747451475e-29,0.00011658316341531659,1.2587913595038144e-06
0.047204720472047206,4.4819997502420226e-29,0.00011669981656089715,1.2606811525127555e-06
0.047254725472547256,4.4853628473681796e-29,0.00011681658642964756,1.2625737826222138e-06
0.047304730473047306,4.488728468015733e-29,0.00011693347313836089,1.264469254091459e-06
0.047354735473547356,4.492096614078228e-29,0.00011705047680394736,1.2663675711861576e-06
0.047404740474047406,4.495467287450623e-29,0.00011716759754343396,1.2682687381783755e-06
0.047454745474547456,4.498840490029301e-29,0.00011728483547396488,1.270172759346598e-06
0.04750475047504751,4.502216223712068e-29,0.00011740219071280155,1.2720796389757247e-06
0.04755475547554756,4.505594490398157e-29,0.00011751966337732274,1.273989381357101e-06
0.04760476047604761,4.5089752919882195e-29,0.0001176372535850245,1.275901990788503e-06
0.04765476547654766,4.51235863038434e-29,0.00011775496145352062,1.2778174715741662e-06
0.04770477047704771,4.515744507490023e-29,0.00011787278710054257,1.279735828024782e-06
0.04775477547754776,4.519132925210211e-29,0.00011799073064393957,1.2816570644575196e-06
0.04780478047804781,4.522523885451266e-29,0.00011810879220167872,1.283581185196025e-06
0.04785478547854786,4.5259173901209853e-29,0.00011822697189184522,1.2855081945704363e-06
0.04790479047904791,4.529313441128599e-29,0.00011834526983264233,1.287438096917394e-06
0.04795479547954796,4.5327120403847665e-29,0.00011846368614239187,1.2893708965800462e-06
0.04800480048004801,4.5361131898015844e-29,0.00011858222093953362,1.2913065979080667e-06
0.04805480548054806,4.5395168912925777e-29,0.00011870087434262621,1.29324520525765e-06
0.04810481048104811,4.542923146772717e-29,0.00011881964647034686,1.2951867229915397e-06
0.04815481548154816,4.546331958158401e-29,0.0001189385374414913,1.2971311554790235e-06
0.04820482048204821,4.54974332736747e-29,0.00011905754737497435,1.2990785070959526e-06
0.04825482548254826,4.553157256319203e-29,0.00011917667638982989,1.301028782224742e-06
0.04830483048304831,4.556573746934322e-29,0.00011929592460521061,1.3029819852543924e-06
0.04835483548354836,4.559992801134983e-29,0.00011941529214038859,1.3049381205804892e-06
0.0484048404840484,4.563414420844791e-29,0.00011953477911475538,1.3068971926052172e-06
0.04845484548454845,4.566838607988793e-29,0.00011965438564782176,1.3088592057373723e-06
0.048504850485048503,4.570265364493479e-29,0.0001197741118592183,1.3108241643923679e-06
0.048554855485548554,4.5736946922867854e-29,0.00011989395786869498,1.3127920729922476e-06
0.048604860486048604,4.577126593298096e-29,0.00012001392379612197,1.3147629359656908e-06
0.048654865486548654,4.580561069458238e-29,0.00012013400976148913,1.3167367577480259e-06
0.048704870487048704,4.5839981226994926e-29,0.0001202542158849065,1.3187135427812407e-06
0.048754875487548754,4.5874377549555906e-29,0.00012037454228660422,1.3206932955139953e-06
0.048804880488048805,4.59087996816171e-29,0.0001204949890869328,1.3226760204016223e-06
0.048854885488548855,4.594324764254484e-29,0.00012061555640636315,1.3246617219061463e-06
0.048904890489048905,4.597772145172e-29,0.0001207362443654866,1.3266504044962944e-06
0.048954895489548955,4.601222112853794e-29,0.00012085705308501539,1.3286420726474923e-06
0.049004900490049005,4.6046746692408625e-29,0.0001209779826857824,1.3306367308418917e-06
0.049054905490549056,4.60812981627566e-29,0.00012109903328874138,1.332634383568376e-06
0.049104910491049106,4.6115875559020903e-29,0.00012122020501496728,1.3346350353225574e-06
0.049154915491549156,4.615047890065526e-29,0.00012134149798565589,1.3366386906068119e-06
0.049204920492049206,4.6185108207127904e-29,0.00012146291232212453,1.3386453539302593e-06
0.049254925492549256,4.621976349792176e-29,0.00012158444814581185,1.3406550298088002e-06
0.049304930493049307,4.6254444792534285e-29,0.00012170610557827803,1.3426677227651076e-06
0.04935493549354936,4.6289152110477634e-29,0.00012182788474120475,1.3446834373286502e-06
0.04940494049404941,4.632388547127859e-29,0.00012194978575639564,1.3467021780356923e-06
0.04945494549454946,4.6358644894478563e-29,0.00012207180874577607,1.348723949429311e-06
0.04950495049504951,4.6393430399633627e-29,0.00012219395383139344,1.3507487560594004e-06
0.04955495549554956,4.6428242006314584e-29,0.00012231622113541735,1.3527766024826909e-06
0.04960496049604961,4.6463079734106835e-29,0.00012243861078013935,1.3548074932627485e-06
0.04965496549654966,4.6497943602610553e-29,0.0001225611228879739,1.3568414329699925e-06
0.04970497049704971,4.653283363144057e-29,0.0001226837575814574,1.3588784261817027e-06
0.04975497549754976,4.6567749840226447e-29,0.0001228065149832491,1.3609184774820316e-06
0.04980498049804981,4.66026922486125e-29,0.000122929395216131,1.3629615914620146e-06
0.04985498549854986,4.6637660876257794e-29,0.00012305239840300803,1.365007772719581e-06
0.04990499049904991,4.667265574283606e-29,0.00012317552466690782,1.3670570258595556e-06
0.04995499549954996,4.6707676868035885e-29,0.00012329877413098133,1.3691093554936842e-06
0.05000500050005001,4.6742724271560567e-29,0.00012342214691850277,1.3711647662406298e-06
0.05005500550055006,4.677779797312824e-29,0.00012354564315286953,1.373223262725997e-06
0.05010501050105011,4.6812897992471796e-29,0.0001236692629576025,1.3752848495823284e-06
0.05015501550155016,4.684802434933895e-29,0.00012379300645634633,1.3773495314491218e-06
0.05020502050205021,4.688317706349222e-29,0.00012391687377286928,1.3794173129728427e-06
0.05025502550255026,4.691835615470898e-29,0.00012404086503106347,1.3814881988069306e-06
0.0503050305030503,4.6953561642781436e-29,0.0001241649803549449,1.3835621936118131e-06
0.050355035503550354,4.6988793547516604e-29,0.00012428921986865372,1.3856393020549089e-06
0.050405040504050404,4.702405188873642e-29,0.00012441358369645432,1.3877195288106543e-06
0.050455045504550454,4.705933668627767e-29,0.0001245380719627355,1.3898028785604898e-06
0.050505050505050504,4.7094647959992007e-29,0.00012466268479201036,1.3918893559928954e-06
0.050555055505550554,4.712998572974601e-29,0.00012478742230891666,1.3939789658033827e-06
0.050605060506050605,4.7165350015421146e-29,0.00012491228463821694,1.396071712694515e-06
0.050655065506550655,4.720074083691382e-29,0.00012503727190479852,1.3981676013759176e-06
0.050705070507050705,4.723615821413531e-29,0.0001251623842336735,1.4002666365642826e-06
0.050755075507550755,4.7271602167011937e-29,0.00012528762174997949,1.4023688229833863e-06
0.050805080508050805,4.730707271548488e-29,0.00012541298457897896,1.404474165364094e-06
0.050855085508550855,4.734256987951031e-29,0.00012553847284605971,1.4065826684443747e-06
0.050905090509050906,4.737809367905938e-29,0.0001256640866767354,1.4086943369693093e-06
0.050955095509550956,4.7413644134118235e-29,0.0001257898261966447,1.410809175691105e-06
0.051005100510051006,4.7449221264688e-29,0.0001259156915315525,1.4129271893691006e-06
0.051055105510551056,4.7484825090784807e-29,0.0001260416828073491,1.4150483827697812e-06
0.051105110511051106,4.752045563243983e-29,0.00012616780015005125,1.417172760666788e-06
0.05115511551155116,4.7556112909699245e-29,0.0001262940436858014,1.419300327840927e-06
0.05120512051205121,4.7591796942624317e-29,0.00012642041354086835,1.4214310890801853e-06
0.05125512551255126,4.7627507751291295e-29,0.00012654690984164734,1.4235650491797325e-06
0.05130513051305131,4.766324535579152e-29,0.0001266735327146598,1.425702212941941e-06
0.05135513551355136,4.7699009776231466e-29,0.00012680028228655412,1.4278425851763937e-06
0.05140514051405141,4.7734801032732593e-29,0.00012692715868410515,1.4299861706998905e-06
0.05145514551455146,4.7770619145431524e-29,0.0001270541620342146,1.432132974336465e-06
0.05150515051505151,4.7806464134480003e-29,0.00012718129246391138,1.4342830009173938e-06
0.05155515551555156,4.784233602004484e-29,0.00012730855010035128,1.4364362552812048e-06
0.05160516051605161,4.7878234822308025e-29,0.0001274359350708175,1.4385927422736874e-06
0.05165516551655166,4.791416056146668e-29,0.00012756344750272034,1.4407524667479131e-06
0.05170517051705171,4.7950113257733044e-29,0.00012769108752359783,1.4429154335642308e-06
0.05175517551755176,4.7986092931334584e-29,0.00012781885526111554,1.445081647590294e-06
0.05180518051805181,4.8022099602513925e-29,0.00012794675084306688,1.4472511137010584e-06
0.05185518551855186,4.8058133291528836e-29,0.00012807477439737272,1.4494238367788001e-06
0.05190519051905191,4.8094194018652345e-29,0.00012820292605208254,1.451599821713123e-06
0.05195519551955196,4.813028180417268e-29,0.00012833120593537363,1.453779073400977e-06
0.05200520052005201,4.816639666839326e-29,0.00012845961417555128,1.455961596746659e-06
0.05205520552055206,4.8202538631632776e-29,0.0001285881509010497,1.4581473966618288e-06
0.05210521052105211,4.8238707714225127e-29,0.00012871681624043125,1.4603364780655195e-06
0.05215521552155215,4.8274903936519525e-29,0.00012884561032238688,1.4625288458841543e-06
0.052205220522052204,4.831112731888039e-29,0.00012897453327573665,1.464724505051545e-06
0.052255225522552254,4.8347377881687476e-29,0.0001291035852294292,1.466923460508916e-06
0.052305230523052304,4.8383655645335787e-29,0.0001292327663125423,1.4691257172049081e-06
0.052355235523552354,4.8419960630235634e-29,0.00012936207665428294,1.4713312800955866e-06
0.052405240524052404,4.845629285681269e-29,0.00012949151638398733,1.4735401541444663e-06
0.052455245524552455,4.8492652345507914e-29,0.0001296210856311211,1.4757523443225068e-06
0.052505250525052505,4.8529039116777606e-29,0.0001297507845252794,1.4779678556081346e-06
0.052555255525552555,4.8565453191093395e-29,0.00012988061319618702,1.480186692987244e-06
0.052605260526052605,4.8601894588942335e-29,0.00013001057177369876,1.4824088614532239e-06
0.052655265526552655,4.8638363330826803e-29,0.00013014066038779916,1.4846343660069513e-06
0.052705270527052706,4.867485943726456e-29,0.00013027087916860284,1.4868632116568139e-06
0.052755275527552756,4.8711382928788765e-29,0.0001304012282463545,1.4890954034187183e-06
0.052805280528052806,4.8747933825948e-29,0.0001305317077514295,1.491330946316101e-06
0.052855285528552856,4.8784512149306297e-29,0.00013066231781433353,1.493569845379945e-06
0.052905290529052906,4.882111791944302e-29,0.00013079305856570242,1.4958121056487789e-06
0.052955295529552956,4.885775115695305e-29,0.00013092393013630345,1.498057732168695e-06
0.05300530053005301,4.8894411882446744e-29,0.00013105493265703417,1.5003067299933715e-06
0.05305530553055306,4.8931100116549843e-29,0.00013118606625892355,1.5025591041840597e-06
0.05310531053105311,4.896781587990362e-29,0.00013131733107313114,1.5048148598096205e-06
0.05315531553155316,4.900455919316482e-29,0.0001314487272309482,1.50707400194652e-06
0.05320532053205321,4.9041330077005715e-29,0.0001315802548637971,1.5093365356788458e-06
0.05325532553255326,4.9078128552114046e-29,0.00013171191410323182,1.5116024660983167e-06
0.05330533053305331,4.911495463919311e-29,0.00013184370508093803,1.513871798304298e-06
0.05335533553355336,4.9151808358961707e-29,0.00013197562792873299,1.516144537403806e-06
0.05340534053405341,4.918868973215421e-29,0.00013210768277856593,1.5184206885115332e-06
0.05345534553455346,4.922559877952053e-29,0.00013223986976251817,1.5207002567498414e-06
0.05350535053505351,4.9262535521826193e-29,0.0001323721890128032,1.5229832472487877e-06
0.05355535553555356,4.929949997985224e-29,0.00013250464066176664,1.5252696651461259e-06
0.05360536053605361,4.933649217439535e-29,0.00013263722484188666,1.5275595155873299e-06
0.05365536553655366,4.937351212626781e-29,0.00013276994168577407,1.5298528037255944e-06
0.05370537053705371,4.9410559856297475e-29,0.0001329027913261722,1.532149534721849e-06
0.05375537553755376,4.944763538532791e-29,0.0001330357738959572,1.5344497137447758e-06
0.05380538053805381,4.948473873421823e-29,0.00013316888952813845,1.5367533459708096e-06
0.05385538553855386,4.9521869923843264e-29,0.00013330213835585804,1.5390604365841642e-06
0.05390539053905391,4.955902897509349e-29,0.00013343552051239152,1.5413709907768327e-06
0.05395539553955396,4.959621590887504e-29,0.00013356903613114774,1.5436850137486004e-06
0.05400540054005401,4.9633430746109763e-29,0.00013370268534566903,1.5460025107070647e-06
0.054055405540554054,4.967067350773518e-29,0.00013383646828963135,1.5483234868676348e-06
0.054105410541054104,4.970794421470456e-29,0.0001339703850968445,1.5506479474535548e-06
0.054155415541554154,4.974524288798684e-29,0.00013410443590125193,1.5529758976959059e-06
0.054205420542054204,4.9782569548566755e-29,0.00013423862083693144,1.5553073428336277e-06
0.054255425542554254,4.9819924217444715e-29,0.00013437294003809463,1.5576422881135196e-06
0.054305430543054305,4.985730691563695e-29,0.00013450739363908776,1.5599807387902624e-06
0.054355435543554355,4.989471766417543e-29,0.00013464198177439124,1.562322700126421e-06
0.054405440544054405,4.99321564841079e-29,0.00013477670457862016,1.5646681773924646e-06
0.054455445544554455,4.996962339649795e-29,0.00013491156218652423,1.5670171758667772e-06
0.054505450545054505,5.000711842242488e-29,0.00013504655473298816,1.5693697008356577e-06
0.054555455545554556,5.0044641582983887e-29,0.00013518168235303142,1.571725757593351e-06
0.054605460546054606,5.0082192899286e-29,0.00013531694518180873,1.574085351442046e-06
0.054655465546554656,5.0119772392457975e-29,0.00013545234335460982,1.5764484876918862e-06
0.054705470547054706,5.01573800836426e-29,0.0001355878770068602,1.5788151716610015e-06
0.054755475547554756,5.019501599399839e-29,0.00013572354627412048,1.5811854086754927e-06
0.05480548054805481,5.0232680144699805e-29,0.00013585935129208724,1.5835592040694595e-06
0.05485548554855486,5.027037255693711e-29,0.00013599529219659244,1.5859365631850114e-06
0.05490549054905491,5.030809325191661e-29,0.00013613136912360438,1.5883174913722787e-06
0.05495549554955496,5.0345842250860383e-29,0.00013626758220922715,1.5907019939894238e-06
0.05500550055005501,5.038361957500652e-29,0.00013640393158970105,1.5930900764026503e-06
0.05505550555055506,5.042142524560898e-29,0.0001365404174014028,1.595481743986217e-06
0.05510551055105511,5.045925928393773e-29,0.0001366770397808455,1.5978770021224558e-06
0.05515551555155516,5.04971217112787e-29,0.00013681379886467898,1.6002758562017775e-06
0.05520552055205521,5.053501254893376e-29,0.00013695069478968956,1.6026783116226826e-06
0.05525552555255526,5.057293181822071e-29,0.00013708772769280053,1.6050843737917772e-06
0.05530553055305531,5.061087954047346e-29,0.0001372248977110723,1.6074940481237884e-06
0.05535553555355536,5.064885573704187e-29,0.00013736220498170235,1.609907340041568e-06
0.05540554055405541,5.068686042929184e-29,0.00013749964964202536,1.6123242549761067e-06
0.05545554555455546,5.072489363860524e-29,0.00013763723182951356,1.6147447983665553e-06
0.05550555055505551,5.076295538638006e-29,0.00013777495168177658,1.6171689756602268e-06
0.05555555555555556,5.080104569403031e-29,0.00013791280933656198,1.6195967923126093e-06
0.05560556055605561,5.083916458298609e-29,0.00013805080493175487,1.6220282537873876e-06
0.05565556555655566,5.087731207469356e-29,0.0001381889386053785,1.6244633655564437e-06
0.05570557055705571,5.091548819061495e-29,0.00013832721049559423,1.6269021330998756e-06
0.05575557555755576,5.095369295222866e-29,0.00013846562074070154,1.629344561906011e-06
0.05580558055805581,5.099192638102912e-29,0.0001386041694791384,1.6317906574714101e-06
0.05585558555855586,5.103018849852701e-29,0.00013874285684948134,1.6342404253008949e-06
0.05590559055905591,5.106847932624899e-29,0.00013888168299044536,1.6366938709075443e-06
0.055955595559555954,5.110679888573803e-29,0.00013902064804088453,1.639150999812718e-06
0.056005600560056004,5.114514719855317e-29,0.00013915975213979158,1.6416118175460608e-06
0.056055605560556054,5.118352428626964e-29,0.0001392989954262985,1.6440763296455218e-06
0.056105610561056105,5.122193017047889e-29,0.00013943837803967647,1.6465445416573644e-06
0.056155615561556155,5.126036487278852e-29,0.0001395779001193359,1.6490164591361765e-06
0.056205620562056205,5.129882841482244e-29,0.0001397175618048269,1.6514920876448866e-06
0.056255625562556255,5.133732081822066e-29,0.00013985736323583907,1.6539714327547742e-06
0.056305630563056305,5.13758421046395e-29,0.0001399973045522018,1.6564545000454809e-06
0.056355635563556356,5.141439229575154e-29,0.00014013738589388434,1.6589412951050307e-06
0.056405640564056406,5.145297141324559e-29,0.0001402776074009962,1.6614318235298274e-06
0.056455645564556456,5.149157947882675e-29,0.00014041796921378697,1.6639260909246864e-06
0.056505650565056506,5.153021651421636e-29,0.00014055847147264623,1.6664241029028306e-06
0.056555655565556556,5.15688825411522e-29,0.00014069911431810486,1.6689258650859132e-06
0.056605660566056606,5.160757758138814e-29,0.00014083989789083346,1.6714313831040246e-06
0.05665566556655666,5.16463016566946e-29,0.00014098082233164383,1.6739406625957141e-06
0.05670567056705671,5.168505478885814e-29,0.00014112188778148875,1.6764537092079833e-06
0.05675567556755676,5.172383699968185e-29,0.00014126309438146196,1.678970528596324e-06
0.05680568056805681,5.1762648310985e-29,0.000141404442272798,1.6814911264247128e-06
0.05685568556855686,5.180148874460338e-29,0.0001415459315968733,1.6840155083656307e-06
0.05690569056905691,5.184035832238908e-29,0.00014168756249520535,1.686543680100073e-06
0.05695569556955696,5.187925706621064e-29,0.00014182933510945356,1.6890756473175687e-06
0.05700570057005701,5.191818499795294e-29,0.0001419712495814188,1.6916114157161795e-06
0.05705570557055706,5.195714213951735e-29,0.00014211330605304402,1.6941509910025288e-06
0.05710571057105711,5.199612851282163e-29,0.00014225550466641395,1.6966943788918056e-06
0.05715571557155716,5.203514413980003e-29,0.00014239784556375595,1.6992415851077777e-06
0.05720572057205721,5.20741890424032e-29,0.00014254032888743904,1.7017926153828082e-06
0.05725572557255726,5.211326324259832e-29,0.00014268295477997534,1.704347475457863e-06
0.05730573057305731,5.215236676236899e-29,0.00014282572338401912,1.7069061710825257e-06
0.05735573557355736,5.219149962371535e-29,0.00014296863484236768,1.7094687080150167e-06
0.05740574057405741,5.22306618486541e-29,0.0001431116892979611,1.7120350920222023e-06
0.05745574557455746,5.226985345921831e-29,0.00014325488689388222,1.714605328879597e-06
0.05750575057505751,5.230907447745774e-29,0.0001433982277733575,1.7171794243713945e-06
0.05755575557555756,5.234832492543856e-29,0.00014354171207975653,1.719757384290466e-06
0.05760576057605761,5.23876048252436e-29,0.00014368533995659212,1.7223392144383855e-06
0.05765576557655766,5.242691419897228e-29,0.0001438291115475212,1.724924920625435e-06
0.05770577057705771,5.246625306874043e-29,0.00014397302699634376,1.7275145086706145e-06
0.05775577557755776,5.250562145668069e-29,0.00014411708644700445,1.7301079844016655e-06
0.05780578057805781,5.254501938494215e-29,0.00014426129004359124,1.7327053536550775e-06
0.057855785578557854,5.258444687569062e-29,0.00014440563793033663,1.735306622276103e-06
0.057905790579057904,5.262390395110846e-29,0.0001445501302516175,1.7379117961187622e-06
0.057955795579557955,5.266339063339476e-29,0.00014469476715195503,1.7405208810458782e-06
0.058005800580058005,5.27029069447652e-29,0.00014483954877601504,1.7431338829290594e-06
0.058055805580558055,5.274245290745214e-29,0.00014498447526860815,1.745750807648742e-06
0.058105810581058105,5.278202854370467e-29,0.00014512954677469003,1.7483716610941863e-06
0.058155815581558155,5.28216338757885e-29,0.000145274763439361,1.7509964491634888e-06
0.058205820582058206,5.28612689259861e-29,0.00014542012540786668,1.7536251777636084e-06
0.058255825582558256,5.290093371659666e-29,0.00014556563282559838,1.7562578528103677e-06
0.058305830583058306,5.294062826993608e-29,0.00014571128583809254,1.758894480228471e-06
0.058355835583558356,5.298035260833701e-29,0.00014585708459103125,1.7615350659515198e-06
0.058405840584058406,5.302010675414885e-29,0.00014600302923024254,1.7641796159220176e-06
0.058455845584558457,5.305989072973782e-29,0.0001461491199017002,1.7668281360913995e-06
0.05850585058505851,5.309970455748683e-29,0.00014629535675152422,1.7694806324200203e-06
0.05855585558555856,5.31395482597957e-29,0.00014644173992598057,1.7721371108772024e-06
0.05860586058605861,5.317942185908092e-29,0.00014658826957148177,1.7747975774412092e-06
0.05865586558655866,5.321932537777596e-29,0.00014673494583458696,1.7774620380992941e-06
0.05870587058705871,5.325925883833098e-29,0.00014688176886200146,1.7801304988476926e-06
0.05875587558755876,5.329922226321308e-29,0.00014702873880057782,1.7828029656916437e-06
0.05880588058805881,5.333921567490616e-29,0.00014717585579731549,1.785479444645403e-06
0.05885588558855886,5.337923909591103e-29,0.00014732311999936086,1.7881599417322491e-06
0.05890589058905891,5.341929254874536e-29,0.0001474705315540074,1.7908444629845147e-06
0.05895589558955896,5.345937605594377e-29,0.0001476180906086965,1.7935330144435807e-06
0.05900590059005901,5.349948964005764e-29,0.00014776579731101637,1.7962256021598935e-06
0.05905590559055906,5.353963332365548e-29,0.00014791365180870364,1.7989222321929895e-06
0.05910591059105911,5.35798071293226e-29,0.00014806165424964218,1.8016229106115094e-06
0.05915591559155916,5.362001107966124e-29,0.00014820980478186398,1.8043276434931881e-06
0.05920592059205921,5.366024519729069e-29,0.0001483581035535493,1.8070364369248957e-06
0.05925592559255926,5.370050950484718e-29,0.00014850655071302677,1.8097492970026372e-06
0.05930593059305931,5.374080402498388e-29,0.00014865514640877305,1.8124662298315697e-06
0.05935593559355936,5.378112878037103e-29,0.00014880389078941362,1.8151872415260163e-06
0.05940594059405941,5.382148379369578e-29,0.00014895278400372256,1.8179123382094794e-06
0.05945594559455946,5.386186908766242e-29,0.000149101826200623,1.8206415260146529e-06
0.05950595059505951,5.390228468499224e-29,0.0001492510175291869,1.823374811083442e-06
0.05955595559555956,5.394273060842352e-29,0.0001494003581386355,1.8261121995669662e-06
0.05960596059605961,5.398320688071167e-29,0.0001495498481783392,1.8288536976255838e-06
0.05965596559655966,5.402371352462912e-29,0.00014969948779781805,1.8315993114289005e-06
0.05970597059705971,5.406425056296544e-29,0.0001498492771467415,1.8343490471557851e-06
0.059755975597559755,5.410481801852727e-29,0.00014999921637492893,1.8371029109943825e-06
0.059805980598059805,5.414541591413838e-29,0.00015014930563234962,1.839860909142124e-06
0.059855985598559855,5.418604427263961e-29,0.00015029954506912284,1.8426230478057462e-06
0.059905990599059905,5.422670311688902e-29,0.00015044993483551806,1.8453893332013091e-06
0.059955995599559955,5.426739246976182e-29,0.00015060047508195514,1.8481597715542056e-06
0.060006000600060005,5.430811235415028e-29,0.0001507511659590045,1.8509343690991606e-06
0.060056005600560056,5.434886279296396e-29,0.00015090200761738707,1.8537131320802734e-06
0.060106010601060106,5.438964380912955e-29,0.000151053000207975,1.8564960667510091e-06
0.060156015601560156,5.443045542559101e-29,0.0001512041438817907,1.8592831793742308e-06
0.060206020602060206,5.447129766530938e-29,0.0001513554387900082,1.8620744762221919e-06
0.060256025602560256,5.451217055126308e-29,0.00015150688508395275,1.864869963576569e-06
0.06030603060306031,5.455307410644769e-29,0.0001516584829151009,1.8676696477284712e-06
0.06035603560356036,5.459400835387608e-29,0.00015181023243508105,1.8704735349784457e-06
0.06040604060406041,5.463497331657835e-29,0.0001519621337956727,1.8732816316365017e-06
0.06045604560456046,5.46759690176019e-29,0.00015211418714880789,1.8760939440221228e-06
0.06050605060506051,5.471699548001143e-29,0.00015226639264657028,1.8789104784642793e-06
0.06055605560556056,5.475805272688896e-29,0.0001524187504411959,1.8817312413014404e-06
0.06060606060606061,5.47991407813338e-29,0.00015257126068507303,1.884556238881596e-06
0.06065606560656066,5.484025966646258e-29,0.00015272392353074223,1.887385477562261e-06
0.06070607060706071,5.488140940540934e-29,0.0001528767391308972,1.8902189637104989e-06
0.06075607560756076,5.492259002132542e-29,0.0001530297076383839,1.8930567037029278e-06
0.06080608060806081,5.496380153737957e-29,0.00015318282920620167,1.8958987039257443e-06
0.06085608560856086,5.500504397675788e-29,0.0001533361039875024,1.8987449707747262e-06
0.06090609060906091,5.504631736266386e-29,0.0001534895321355918,1.9015955106552566e-06
0.06095609560956096,5.508762171831846e-29,0.0001536431138039287,1.9044503299823357e-06
0.06100610061006101,5.512895706696002e-29,0.0001537968491461254,1.9073094351805908e-06
0.06105610561056106,5.517032343184432e-29,0.00015395073831594804,1.910172832684301e-06
0.06110611061106111,5.521172083624459e-29,0.00015410478146731654,1.913040528937395e-06
0.06115611561156116,5.525314930345155e-29,0.000154258978754305,1.9159125303934846e-06
0.06120612061206121,5.529460885677335e-29,0.00015441333033114156,1.9187888435158664e-06
0.06125612561256126,5.533609951953566e-29,0.00015456783635220853,1.9216694747775383e-06
0.06130613061306131,5.53776213150817e-29,0.00015472249697204299,1.9245544306612247e-06
0.06135613561356136,5.541917426677207e-29,0.0001548773123453365,1.927443717659368e-06
0.06140614061406141,5.546075839798501e-29,0.00015503228262693524,1.9303373422741715e-06
0.06145614561456146,5.55023737321163e-29,0.00015518740797184065,1.933235311017591e-06
0.06150615061506151,5.554402029257923e-29,0.00015534268853520914,1.9361376304113644e-06
0.06155615561556156,5.558569810280467e-29,0.00015549812447235235,1.939044306987013e-06
0.06160616061606161,5.562740718624112e-29,0.00015565371593873734,1.9419553472858737e-06
0.061656165616561655,5.566914756635456e-29,0.0001558094630899866,1.944870757859096e-06
0.061706170617061705,5.571091926662873e-29,0.00015596536608187859,1.947790545267665e-06
0.061756175617561755,5.575272231056484e-29,0.0001561214250703472,1.9507147160824238e-06
0.061806180618061805,5.579455672168186e-29,0.000156277640211483,1.9536432768840683e-06
0.061856185618561856,5.583642252351633e-29,0.00015643401166153228,1.956576234263181e-06
0.061906190619061906,5.58783197396225e-29,0.0001565905395768978,1.959513594820239e-06
0.061956195619561956,5.592024839357222e-29,0.00015674722411413857,1.9624553651656263e-06
0.062006200620062006,5.596220850895513e-29,0.0001569040654299708,1.965401551919651e-06
0.062056205620562056,5.600420010937851e-29,0.00015706106368126708,1.9683521617125606e-06
0.062106210621062106,5.604622321846734e-29,0.00015721821902505703,1.9713072011845565e-06
0.06215621562156216,5.608827785986433e-29,0.00015737553161852754,1.974266676985806e-06
0.06220622062206221,5.613036405723e-29,0.00015753300161902255,1.9772305957764667e-06
0.06225622562256226,5.617248183424254e-29,0.0001576906291840436,1.9801989642266903e-06
0.06230623062306231,5.621463121459793e-29,0.00015784841447124987,1.983171789016639e-06
0.06235623562356236,5.625681222200996e-29,0.00015800635763845824,1.986149076836514e-06
0.06240624062406241,5.62990248802102e-29,0.00015816445884364334,1.989130834386551e-06
0.06245624562456246,5.634126921294802e-29,0.0001583227182449382,1.992117068377048e-06
0.06250625062506251,5.638354524399058e-29,0.0001584811360006338,1.995107785528375e-06
0.06255625562556257,5.642585299712295e-29,0.0001586397122691795,1.9981029925710004e-06
0.0626062606260626,5.646819249614795e-29,0.00015879844720918337,2.001102696245476e-06
0.06265626562656265,5.651056376488636e-29,0.00015895734097941226,2.0041069033024977e-06
0.0627062706270627,5.655296682717677e-29,0.00015911639373879165,2.007115620502881e-06
0.06275627562756275,5.659540170687567e-29,0.00015927560564640606,2.0101288546175936e-06
0.0628062806280628,5.663786842785747e-29,0.00015943497686149913,2.013146612427775e-06
0.06285628562856285,5.668036701401447e-29,0.00015959450754347423,2.016168900724733e-06
0.0629062906290629,5.672289748925691e-29,0.000159754197851894,2.0191957263099802e-06
0.06295629562956295,5.676545987751297e-29,0.00015991404794648046,2.0222270959952404e-06
0.063006300630063,5.680805420272875e-29,0.00016007405798711572,2.0252630166024573e-06
0.06305630563056305,5.685068048886841e-29,0.00016023422813384204,2.028303494963821e-06
0.0631063106310631,5.689333875991402e-29,0.00016039455854686152,2.031348537921779e-06
0.06315631563156315,5.693602903986562e-29,0.0001605550493865366,2.0343981523290473e-06
0.0632063206320632,5.697875135274131e-29,0.0001607157008133903,2.037452345048633e-06
0.06325632563256325,5.702150572257724e-29,0.00016087651298810616,2.0405111229538486e-06
0.0633063306330633,5.706429217342753e-29,0.00016103748607152862,2.0435744929283193e-06
0.06335633563356335,5.710711072936433e-29,0.0001611986202246629,2.0466424618660054e-06
0.0634063406340634,5.714996141447796e-29,0.00016135991560867522,2.049715036671225e-06
0.06345634563456345,5.719284425287673e-29,0.00016152137238489357,2.0527922242586502e-06
0.0635063506350635,5.723575926868706e-29,0.00016168299071480695,2.055874031553342e-06
0.06355635563556356,5.727870648605347e-29,0.00016184477076006587,2.058960465490754e-06
0.0636063606360636,5.732168592913859e-29,0.0001620067126824828,2.0620515330167547e-06
0.06365636563656366,5.736469762212324e-29,0.00016216881664403215,2.0651472410876375e-06
0.0637063706370637,5.740774158920632e-29,0.00016233108280685042,2.068247596670138e-06
0.06375637563756376,5.745081785460488e-29,0.00016249351133323605,2.0713526067414566e-06
0.0638063806380638,5.749392644255419e-29,0.00016265610238565012,2.074462278289263e-06
0.06385638563856386,5.753706737730768e-29,0.0001628188561267163,2.0775766183117178e-06
0.0639063906390639,5.758024068313697e-29,0.00016298177271922067,2.0806956338174914e-06
0.06395639563956396,5.762344638433193e-29,0.0001631448523261127,2.083819331825774e-06
0.064006400640064,5.766668450520062e-29,0.00016330809511050463,2.086947719366291e-06
0.06405640564056406,5.770995507006931e-29,0.00016347150123567164,2.0900808034793237e-06
0.06410641064106411,5.775325810328261e-29,0.0001636350708650528,2.093218591215725e-06
0.06415641564156416,5.779659362920333e-29,0.0001637988041622504,2.096361089636929e-06
0.06420642064206421,5.783996167221259e-29,0.00016396270129103046,2.0995083058149735e-06
0.06425642564256426,5.788336225670977e-29,0.0001641267624153228,2.1026602468325154e-06
0.06430643064306431,5.792679540711262e-29,0.00016429098769922171,2.1058169197828366e-06
0.06435643564356436,5.797026114785713e-29,0.00016445537730698517,2.1089783317698724e-06
0.06440644064406441,5.801375950339773e-29,0.00016461993140303555,2.1121444899082323e-06
0.06445644564456446,5.80572904982071e-29,0.00016478465015196006,2.115315401323192e-06
0.06450645064506451,5.810085415677632e-29,0.00016494953371851018,2.1184910731507336e-06
0.06455645564556456,5.814445050361486e-29,0.00016511458226760276,2.1216715125375453e-06
0.06460646064606461,5.818807956325059e-29,0.00016527979596431922,2.1248567266410537e-06
0.06465646564656466,5.823174136022973e-29,0.0001654451749739064,2.128046722629418e-06
0.06470647064706471,5.8275435919117e-29,0.00016561071946177624,2.1312415076815764e-06
0.06475647564756476,5.831916326449547e-29,0.00016577642959350646,2.1344410889872277e-06
0.06480648064806481,5.836292342096668e-29,0.00016594230553484035,2.13764547374687e-06
0.06485648564856486,5.84067164131507e-29,0.00016610834745168715,2.140854669171818e-06
0.06490649064906491,5.845054226568596e-29,0.0001662745555101218,2.1440686824842026e-06
0.06495649564956496,5.849440100322949e-29,0.00016644092987638573,2.1472875209170057e-06
0.06500650065006501,5.853829265045672e-29,0.00016660747071688662,2.15051119171406e-06
0.06505650565056506,5.858221723206166e-29,0.00016677417819819861,2.1537397021300793e-06
0.06510651065106511,5.862617477275682e-29,0.00016694105248706256,2.156973059430666e-06
0.06515651565156516,5.867016529727328e-29,0.00016710809375038618,2.1602112708923277e-06
0.06520652065206521,5.871418883036062e-29,0.0001672753021552441,2.163454343802501e-06
0.06525652565256526,5.87582453967871e-29,0.0001674426778688781,2.1667022854595637e-06
0.06530653065306531,5.880233502133943e-29,0.00016761022105869747,2.169955103172846e-06
0.06535653565356536,5.884645772882304e-29,0.00016777793189227903,2.1732128042626527e-06
0.06540654065406541,5.889061354406188e-29,0.00016794581053736706,2.1764753960602773e-06
0.06545654565456546,5.893480249189859e-29,0.00016811385716187385,2.179742885908022e-06
0.06550655065506551,5.897902459719442e-29,0.00016828207193387974,2.183015281159212e-06
0.06555655565556556,5.902327988482926e-29,0.00016845045502163292,2.1862925891782105e-06
0.06560656065606561,5.90675683797017e-29,0.00016861900659355026,2.189574817340434e-06
0.06565656565656566,5.911189010672903e-29,0.00016878772681821715,2.1928619730323815e-06
0.06570657065706571,5.915624509084719e-29,0.00016895661586438764,2.1961540636516273e-06
0.06575657565756576,5.920063335701086e-29,0.0001691256739009844,2.199451096606863e-06
0.06580658065806581,5.924505493019339e-29,0.0001692949010970994,2.202753079317892e-06
0.06585658565856586,5.928950983538698e-29,0.00016946429762199362,2.206060019215669e-06
0.06590659065906591,5.933399809760247e-29,0.0001696338636450976,2.209371923742296e-06
0.06595659565956596,5.937851974186955e-29,0.00016980359933601119,2.212688800351051e-06
0.06600660066006601,5.94230747932366e-29,0.000169973504864504,2.216010656506398e-06
0.06605660566056606,5.946766327677093e-29,0.00017014358040051575,2.2193374996840137e-06
0.06610661066106611,5.951228521755852e-29,0.00017031382611415593,2.2226693373707937e-06
0.06615661566156616,5.955694064070427e-29,0.0001704842421757044,2.2260061770648677e-06
0.06620662066206622,5.960162957133181e-29,0.00017065482875561094,2.229348026275634e-06
0.06625662566256627,5.964635203458379e-29,0.0001708255860244967,2.2326948925237594e-06
0.06630663066306632,5.969110805562158e-29,0.00017099651415315291,2.2360467833411983e-06
0.06635663566356637,5.973589765962549e-29,0.00017116761331254215,2.2394037062712134e-06
0.0664066406640664,5.978072087179466e-29,0.00017133888367379732,2.2427656688683963e-06
0.06645664566456645,5.982557771734725e-29,0.00017151032540822347,2.2461326786986765e-06
0.0665066506650665,5.987046822152032e-29,0.00017168193868729673,2.249504743339345e-06
0.06655665566556655,5.991539240956974e-29,0.00017185372368266427,2.2528818703790614e-06
0.0666066606660666,5.996035030677046e-29,0.0001720256805661459,2.256264067417887e-06
0.06665666566656665,6.000534193841641e-29,0.00017219780950973276,2.2596513420672913e-06
0.0667066706670667,6.005036732982036e-29,0.00017237011068558814,2.26304370195016e-06
0.06675667566756675,6.009542650631421e-29,0.00017254258426604774,2.2664411547008385e-06
0.0668066806680668,6.014051949324878e-29,0.00017271523042361968,2.269843707965122e-06
0.06685668566856685,6.018564631599399e-29,0.00017288804933098475,2.2732513694002874e-06
0.0669066906690669,6.023080699993874e-29,0.0001730610411609963,2.276664146675113e-06
0.06695669566956695,6.027600157049098e-29,0.0001732342060866808,2.28008204746988e-06
0.067006700670067,6.03212300530778e-29,0.000173407544281238,2.2835050794764087e-06
0.06705670567056705,6.036649247314523e-29,0.0001735810559180405,2.2869332503980595e-06
0.0671067106710671,6.041178885615856e-29,0.00017375474117063493,2.290366567949766e-06
0.06715671567156715,6.045711922760204e-29,0.00017392860021274111,2.2938050398580343e-06
0.0672067206720672,6.050248361297912e-29,0.000174102633218253,2.2972486738609756e-06
0.06725672567256726,6.05478820378124e-29,0.00017427684036123832,2.3006974777083244e-06
0.0673067306730673,6.059331452764358e-29,0.0001744512218159392,2.3041514591614353e-06
0.06735673567356736,6.063878110803353e-29,0.00017462577775677175,2.3076106259933274e-06
0.0674067406740674,6.068428180456233e-29,0.0001748005083583272,2.3110749859886767e-06
0.06745674567456746,6.072981664282927e-29,0.00017497541379537084,2.3145445469438654e-06
0.0675067506750675,6.07753856484528e-29,0.00017515049424284313,2.318019316666962e-06
0.06755675567556756,6.082098884707062e-29,0.00017532574987585975,2.321499302977763e-06
0.0676067606760676,6.086662626433966e-29,0.00017550118086971113,2.3249845137078085e-06
0.06765676567656766,6.091229792593611e-29,0.00017567678739986364,2.3284749567003904e-06
0.0677067706770677,6.095800385755538e-29,0.00017585256964195868,2.3319706398105777e-06
0.06775677567756776,6.100374408491226e-29,0.0001760285277718139,2.3354715709052346e-06
0.06780678067806781,6.104951863374076e-29,0.0001762046619654227,2.3389777578630313e-06
0.06785678567856786,6.109532752979419e-29,0.00017638097239895423,2.342489208574468e-06
0.06790679067906791,6.11411707988452e-29,0.00017655745924875424,2.346005930941891e-06
0.06795679567956796,6.118704846668582e-29,0.00017673412269134515,2.3495279328795084e-06
0.06800680068006801,6.12329605591274e-29,0.00017691096290342557,2.353055222313415e-06
0.06805680568056806,6.127890710200066e-29,0.00017708798006187124,2.356587807181597e-06
0.06810681068106811,6.13248881211557e-29,0.00017726517434373462,2.360125695433963e-06
0.06815681568156816,6.137090364246197e-29,0.00017744254592624533,2.363668895032356e-06
0.06820682068206821,6.141695369180845e-29,0.00017762009498681076,2.36721741395057e-06
0.06825682568256826,6.146303829510346e-29,0.00017779782170301522,2.370771260174375e-06
0.06830683068306831,6.150915747827472e-29,0.00017797572625262114,2.3743304417015204e-06
0.06835683568356836,6.155531126726953e-29,0.00017815380881356857,2.3778949665417736e-06
0.06840684068406841,6.160149968805455e-29,0.00017833206956397582,2.3814648427169157e-06
0.06845684568456846,6.1647722766616e-29,0.00017851050868213938,2.3850400782607806e-06
0.06850685068506851,6.169398052895952e-29,0.0001786891263465338,2.3886206812192543e-06
0.06855685568556856,6.174027300111033e-29,0.00017886792273581268,2.3922066596503128e-06
0.06860686068606861,6.178660020911317e-29,0.00017904689802880833,2.395798021624018e-06
0.06865686568656866,6.183296217903227e-29,0.00017922605240453145,2.3993947752225537e-06
0.06870687068706871,6.18793589369515e-29,0.00017940538604217264,2.4029969285402368e-06
0.06875687568756876,6.192579050897422e-29,0.00017958489912110124,2.4066044896835328e-06
0.06880688068806881,6.197225692122343e-29,0.00017976459182086628,2.4102174667710815e-06
0.06885688568856886,6.201875819984174e-29,0.0001799444643211965,2.41383586793371e-06
0.06890689068906891,6.206529437099131e-29,0.0001801245168020003,2.417459701314448e-06
0.06895689568956896,6.2111865460854e-29,0.00018030474944336623,2.421088975068552e-06
0.06900690069006901,6.215847149563127e-29,0.00018048516242556297,2.4247236973635255e-06
0.06905690569056906,6.220511250154429e-29,0.0001806657559290396,2.4283638763791342e-06
0.06910691069106911,6.225178850483386e-29,0.00018084653013442588,2.4320095203074153e-06
0.06915691569156916,6.229849953176047e-29,0.00018102748522253205,2.435660637352711e-06
0.06920692069206921,6.234524560860437e-29,0.00018120862137434955,2.4393172357316828e-06
0.06925692569256926,6.239202676166543e-29,0.00018138993877105068,2.44297932367332e-06
0.06930693069306931,6.243884301726336e-29,0.00018157143759398907,2.4466469094189732e-06
0.06935693569356936,6.248569440173754e-29,0.00018175311802469987,2.4503200012223594e-06
0.06940694069406941,6.253258094144719e-29,0.00018193498024490003,2.4539986073495936e-06
0.06945694569456946,6.257950266277123e-29,0.000182117024436488,2.4576827360791953e-06
0.06950695069506951,6.262645959210842e-29,0.0001822992507815446,2.461372395702114e-06
0.06955695569556956,6.267345175587731e-29,0.00018248165946233223,2.4650675945217447e-06
0.06960696069606961,6.27204791805163e-29,0.00018266425066129649,2.46876834085395e-06
0.06965696569656966,6.276754189248359e-29,0.000182847024561065,2.472474643027078e-06
0.06970697069706971,6.281463991825724e-29,0.00018302998134444814,2.4761865093819756e-06
0.06975697569756976,6.286177328433522e-29,0.00018321312119443938,2.4799039482720146e-06
0.06980698069806981,6.290894201723536e-29,0.0001833964442942153,2.4836269680631097e-06
0.06985698569856987,6.295614614349533e-29,0.0001835799508271355,2.4873555771337298e-06
0.06990699069906992,6.300338568967283e-29,0.00018376364097674343,2.4910897838749267e-06
0.06995699569956997,6.305066068234535e-29,0.00018394751492676576,2.4948295966903463e-06
0.07000700070007002,6.309797114811045e-29,0.00018413157286111342,2.498575023996257e-06
0.07005700570057007,6.314531711358557e-29,0.0001843158149638812,2.502326074221549e-06
0.07010701070107012,6.319269860540816e-29,0.00018450024141934799,2.506082755807781e-06
0.07015701570157017,6.32401156502356e-29,0.00018468485241197709,2.5098450772091765e-06
0.0702070207020702,6.328756827474536e-29,0.00018486964812641654,2.5136130468926567e-06
0.07025702570257025,6.333505650563486e-29,0.00018505462874749903,2.517386673337848e-06
0.0703070307030703,6.338258036962156e-29,0.00018523979446024205,2.5211659650371125e-06
0.07035703570357035,6.3430139893443e-29,0.00018542514544984856,2.524950930495555e-06
0.0704070407040704,6.347773510385681e-29,0.00018561068190170668,2.5287415782310578e-06
0.07045704570457045,6.352536602764056e-29,0.00018579640400138978,2.5325379167742807e-06
0.0705070507050705,6.357303269159207e-29,0.0001859823119346573,2.536339954668698e-06
0.07055705570557055,6.362073512252917e-29,0.0001861684058874542,2.540147700470608e-06
0.0706070607060706,6.366847334728989e-29,0.00018635468604591185,2.5439611627491567e-06
0.07065706570657065,6.371624739273231e-29,0.0001865411525963476,2.547780350086348e-06
0.0707070707070707,6.376405728573472e-29,0.00018672780572526532,2.551605271077075e-06
0.07075707570757075,6.381190305319557e-29,0.00018691464561935544,2.5554359343291327e-06
0.0708070807080708,6.385978472203351e-29,0.00018710167246549543,2.559272348463243e-06
0.07085708570857085,6.39077023191873e-29,0.00018728888645074937,2.5631145221130577e-06
0.0709070907090709,6.395565587161605e-29,0.0001874762877623687,2.5669624639252078e-06
0.07095709570957096,6.400364540629901e-29,0.00018766387658779237,2.5708161825592917e-06
0.071007100710071,6.405167095023568e-29,0.00018785165311464665,2.57467568668791e-06
0.07105710571057106,6.409973253044584e-29,0.00018803961753074568,2.5785409849966884e-06
0.0711071107110711,6.414783017396955e-29,0.0001882277700240915,2.5824120861842877e-06
0.07115711571157116,6.419596390786713e-29,0.00018841611078287425,2.586288998962432e-06
0.0712071207120712,6.424413375921924e-29,0.00018860463999547227,2.5901717320559204e-06
0.07125712571257126,6.429233975512681e-29,0.00018879335785045273,2.5940602942026497e-06
0.0713071307130713,6.43405819227112e-29,0.00018898226453657103,2.59795469415364e-06
0.07135713571357136,6.438886028911399e-29,0.00018917136024277183,2.6018549406730435e-06
0.07140714071407141,6.443717488149722e-29,0.00018936064515818845,2.6057610425381696e-06
0.07145714571457146,6.448552572704333e-29,0.000189550119472144,2.609673008539512e-06
0.07150715071507151,6.453391285295505e-29,0.00018973978337415043,2.6135908474807537e-06
0.07155715571557156,6.458233628645559e-29,0.0001899296370539097,2.617514568178796e-06
0.07160716071607161,6.463079605478863e-29,0.00019011968070131347,2.621444179463782e-06
0.07165716571657166,6.467929218521818e-29,0.0001903099145064435,2.6253796901791023e-06
0.07170717071707171,6.472782470502881e-29,0.00019050033865957152,2.6293211091814317e-06
0.07175717571757176,6.477639364152552e-29,0.0001906909533511599,2.633268445340741e-06
0.07180718071807181,6.482499902203383e-29,0.0001908817587718615,2.637221707540312e-06
0.07185718571857186,6.487364087389967e-29,0.00019107275511251982,2.641180904676765e-06
0.07190719071907191,6.492231922448957e-29,0.0001912639425641694,2.6451460456600754e-06
0.07195719571957196,6.497103410119065e-29,0.00019145532131803608,2.649117139413603e-06
0.07200720072007201,6.501978553141043e-29,0.0001916468915655368,2.653094194874092e-06
0.07205720572057206,6.506857354257714e-29,0.00019183865349828029,2.657077220991711e-06
0.07210721072107211,6.511739816213948e-29,0.00019203060730806654,2.661066226730065e-06
0.07215721572157216,6.516625941756682e-29,0.00019222275318688821,2.665061221066208e-06
0.07220722072207221,6.521515733634909e-29,0.0001924150913269293,2.669062212990682e-06
0.07225722572257226,6.526409194599691e-29,0.0001926076219205667,2.6730692115075215e-06
0.07230723072307231,6.531306327404144e-29,0.00019280034516036914,2.6770822256342735e-06
0.07235723572357236,6.536207134803464e-29,0.0001929932612390989,2.6811012644020298e-06
0.07240724072407241,6.541111619554903e-29,0.00019318637034971027,2.685126336855445e-06
0.07245724572457246,6.546019784417786e-29,0.00019337967268535133,2.689157452052735e-06
0.07250725072507251,6.550931632153508e-29,0.0001935731684393628,2.693194619065731e-06
0.07255725572557256,6.555847165525535e-29,0.00019376685780527928,2.697237846979875e-06
0.07260726072607261,6.560766387299412e-29,0.00019396074097682904,2.701287144894253e-06
0.07265726572657266,6.565689300242749e-29,0.0001941548181479337,2.7053425219216093e-06
0.07270727072707271,6.570615907125243e-29,0.0001943490895127097,2.7094039871883653e-06
0.07275727572757276,6.575546210718663e-29,0.00019454355526546692,2.7134715498346527e-06
0.07280728072807281,6.58048021379686e-29,0.00019473821560071032,2.7175452190143187e-06
0.07285728572857286,6.585417919135764e-29,0.00019493307071313887,2.7216250038949526e-06
0.07290729072907291,6.590359329513395e-29,0.0001951281207976469,2.725710913657911e-06
0.07295729572957296,6.595304447709848e-29,0.0001953233660493235,2.7298029574983274e-06
0.07300730073007301,6.600253276507309e-29,0.00019551880666345293,2.733901144625144e-06
0.07305730573057306,6.605205818690054e-29,0.000195714442835515,2.7380054842611338e-06
0.07310731073107311,6.61016207704444e-29,0.00019591027476118485,2.742115985642903e-06
0.07315731573157316,6.615122054358927e-29,0.0001961063026363339,2.746232658020937e-06
0.07320732073207321,6.620085753424055e-29,0.00019630252665702895,2.750355510659599e-06
0.07325732573257326,6.625053177032465e-29,0.00019649894701953349,2.754484552837166e-06
0.07330733073307331,6.630024327978892e-29,0.00019669556392030703,2.7586197938458436e-06
0.07335733573357336,6.63499920906017e-29,0.00019689237755600604,2.7627612429917886e-06
0.07340734073407341,6.639977823075228e-29,0.00019708938812348348,2.7669089095951213e-06
0.07345734573457346,6.644960172825094e-29,0.00019728659581978904,2.771062802989969e-06
0.07350735073507352,6.649946261112901e-29,0.0001974840008421702,2.7752229325244535e-06
0.07355735573557357,6.654936090743892e-29,0.00019768160338807153,2.7793893075607484e-06
0.07360736073607362,6.659929664525398e-29,0.00019787940365513474,2.783561937475071e-06
0.07365736573657367,6.664926985266872e-29,0.00019807740184120003,2.7877408316577194e-06
0.07370737073707372,6.669928055779866e-29,0.00019827559814430506,2.7919259995130837e-06
0.07375737573757377,6.674932878878048e-29,0.00019847399276268595,2.7961174504596803e-06
0.07380738073807382,6.679941457377195e-29,0.00019867258589477678,2.800315193930166e-06
0.07385738573857387,6.684953794095191e-29,0.00019887137773921045,2.8045192393713507e-06
0.07390739073907392,6.689969891852042e-29,0.0001990703684948188,2.8087295962442272e-06
0.07395739573957397,6.694989753469871e-29,0.00019926955836063233,2.8129462740240004e-06
0.074007400740074,6.70001338177291e-29,0.00019946894753588069,2.8171692822000925e-06
0.07405740574057405,6.705040779587518e-29,0.00019966853621999298,2.8213986302761735e-06
0.0741074107410741,6.710071949742174e-29,0.00019986832461259786,2.825634327770187e-06
0.07415741574157415,6.715106895067473e-29,0.00020006831291352357,2.829876384214354e-06
0.0742074207420742,6.72014561839614e-29,0.00020026850132279862,2.834124809155215e-06
0.07425742574257425,6.725188122563024e-29,0.00020046889004065135,2.8383796121536403e-06
0.0743074307430743,6.730234410405106e-29,0.00020066947926751077,2.8426408027848566e-06
0.07435743574357435,6.735284484761482e-29,0.00020087026920400598,2.8469083906384557e-06
0.0744074407440744,6.740338348473393e-29,0.00020107126005096732,2.851182385318438e-06
0.07445744574457445,6.745396004384203e-29,0.00020127245200942558,2.8554627964432135e-06
0.0745074507450745,6.750457455339416e-29,0.00020147384528061327,2.8597496336456376e-06
0.07455745574557456,6.755522704186666e-29,0.00020167544006596388,2.8640429065730267e-06
0.0746074607460746,6.760591753775725e-29,0.0002018772365671125,2.868342624887174e-06
0.07465746574657466,6.765664606958505e-29,0.00020207923498589603,2.8726487982643857e-06
0.0747074707470747,6.770741266589056e-29,0.00020228143552435327,2.8769614363954945e-06
0.07475747574757476,6.775821735523572e-29,0.00020248383838472524,2.8812805489858756e-06
0.0748074807480748,6.780906016620388e-29,0.00020268644376945534,2.885606145755481e-06
0.07485748574857486,6.78599411273998e-29,0.0002028892518811894,2.889938236438846e-06
0.0749074907490749,6.791086026744979e-29,0.00020309226292277634,2.8942768307851284e-06
0.07495749574957496,6.796181761500161e-29,0.00020329547709726763,2.8986219385581234e-06
0.075007500750075,6.801281319872448e-29,0.00020349889460791816,2.902973569536281e-06
0.07505750575057506,6.806384704730913e-29,0.00020370251565818604,2.9073317335127267e-06
0.07510751075107511,6.811491918946791e-29,0.00020390634045173333,2.911696440295298e-06
0.07515751575157516,6.81660296539346e-29,0.0002041103691924254,2.9160676997065476e-06
0.07520752075207521,6.821717846946458e-29,0.00020431460208433192,2.920445521583779e-06
0.07525752575257526,6.826836566483481e-29,0.0002045190393317264,2.9248299157790633e-06
0.07530753075307531,6.831959126884391e-29,0.00020472368113908746,2.929220892159264e-06
0.07535753575357536,6.837085531031203e-29,0.00020492852771109748,2.93361846060606e-06
0.07540754075407541,6.842215781808089e-29,0.00020513357925264414,2.938022631015951e-06
0.07545754575457546,6.8473498821014e-29,0.00020533883596882,2.9424334133003142e-06
0.07550755075507551,6.85248783479964e-29,0.00020554429806492286,2.946850817385389e-06
0.07555755575557556,6.857629642793492e-29,0.0002057499657464561,2.9512748532123297e-06
0.07560756075607561,6.862775308975796e-29,0.00020595583921912826,2.955705530737213e-06
0.07565756575657566,6.867924836241571e-29,0.00020616191868885427,2.9601428599310463e-06
0.07570757075707571,6.873078227488006e-29,0.00020636820436175472,2.964586850779836e-06
0.07575757575757576,6.878235485614459e-29,0.00020657469644415645,2.9690375132845504e-06
0.07580758075807581,6.883396613522476e-29,0.00020678139514259305,2.973494857461194e-06
0.07585758575857586,6.888561614115766e-29,0.00020698830066380455,2.9779588933407906e-06
0.07590759075907591,6.893730490300224e-29,0.00020719541321473776,2.9824296309694395e-06
0.07595759575957596,6.898903244983927e-29,0.0002074027330025469,2.9869070804083097e-06
0.07600760076007601,6.904079881077132e-29,0.000207610260234593,2.9913912517336864e-06
0.07605760576057606,6.909260401492274e-29,0.00020781799511844487,2.9958821550369642e-06
0.07610761076107611,6.914444809143984e-29,0.00020802593786187912,3.000379800424707e-06
0.07615761576157616,6.919633106949074e-29,0.00020823408867287995,3.0048841980186393e-06
0.07620762076207621,6.924825297826547e-29,0.00020844244775964,3.0093953579556873e-06
0.07625762576257626,6.930021384697587e-29,0.0002086510153305598,3.013913290387988e-06
0.07630763076307631,6.935221370485586e-29,0.0002088597915942487,3.0184380054829344e-06
0.07635763576357636,6.940425258116119e-29,0.000209068776759525,3.0229695134231666e-06
0.07640764076407641,6.945633050516957e-29,0.0002092779710354154,3.027507824406618e-06
0.07645764576457646,6.950844750618068e-29,0.0002094873746311563,3.032052948646535e-06
0.07650765076507651,6.956060361351625e-29,0.00020969698775619288,3.0366048963714966e-06
0.07655765576557656,6.961279885651992e-29,0.0002099068106201805,3.041163677825432e-06
0.07660766076607661,6.966503326455741e-29,0.00021011684343298406,3.045729303267655e-06
0.07665766576657666,6.971730686701639e-29,0.00021032708640467777,3.0503017829728806e-06
0.07670767076707671,6.976961969330674e-29,0.00021053753974554763,3.054881127231247e-06
0.07675767576757676,6.982197177286026e-29,0.00021074820366608836,3.0594673463483415e-06
0.07680768076807681,6.987436313513088e-29,0.00021095907837700626,3.064060450645225e-06
0.07685768576857686,6.992679380959468e-29,0.00021117016408921845,3.0686604504584454e-06
0.07690769076907691,6.997926382574979e-29,0.0002113814610138526,3.0732673561400823e-06
0.07695769576957696,7.003177321311645e-29,0.00021159296936224803,3.0778811780577426e-06
0.07700770077007701,7.008432200123721e-29,0.00021180468934595546,3.082501926594612e-06
0.07705770577057706,7.013691021967656e-29,0.00021201662117673707,3.087129612149446e-06
0.07710771077107711,7.018953789802136e-29,0.00021222876506656724,3.0917642451366298e-06
0.07715771577157716,7.024220506588059e-29,0.00021244112122763243,3.09640583598617e-06
0.07720772077207722,7.029491175288547e-29,0.00021265368987233118,3.1010543951437407e-06
0.07725772577257727,7.03476579886894e-29,0.00021286647121327438,3.105709933070694e-06
0.07730773077307732,7.040044380296813e-29,0.00021307946546328646,3.1103724602440877e-06
0.07735773577357737,7.045326922541957e-29,0.00021329267283540384,3.1150419871567064e-06
0.07740774077407742,7.050613428576401e-29,0.00021350609354287695,3.119718524317089e-06
0.07745774577457747,7.055903901374395e-29,0.00021371972779916896,3.124402082249549e-06
0.07750775077507752,7.061198343912431e-29,0.00021393357581795695,3.1290926714942103e-06
0.07755775577557757,7.066496759169225e-29,0.0002141476378131318,3.133790302607005e-06
0.07760776077607762,7.071799150125732e-29,0.00021436191399879819,3.138494986159717e-06
0.07765776577657767,7.077105519765143e-29,0.0002145764045892752,3.1432067327400096e-06
0.07770777077707772,7.082415871072889e-29,0.00021479110979909642,3.147925552951431e-06
0.07775777577757775,7.087730207036643e-29,0.00021500602984301023,3.1526514574134536e-06
0.0778077807780778,7.093048530646312e-29,0.00021522116493597913,3.157384456761493e-06
0.07785778577857785,7.098370844894057e-29,0.0002154365152931818,3.1621245616469322e-06
0.0779077907790779,7.103697152774273e-29,0.00021565208113001142,3.1668717827371355e-06
0.07795779577957795,7.109027457283615e-29,0.0002158678626620771,3.1716261307154955e-06
0.078007800780078,7.114361761420969e-29,0.0002160838601052034,3.1763876162814294e-06
0.07805780578057805,7.119700068187493e-29,0.00021630007367543123,3.1811562501504314e-06
0.0781078107810781,7.125042380586579e-29,0.00021651650358901715,3.185932043054078e-06
0.07815781578157815,7.130388701623876e-29,0.00021673315006243458,3.1907150057400437e-06
0.0782078207820782,7.135739034307296e-29,0.00021695001331237325,3.1955051489721577e-06
0.07825782578257826,7.141093381647004e-29,0.00021716709355573989,3.2003024835304005e-06
0.0783078307830783,7.146451746655418e-29,0.00021738439100965786,3.2051070202109363e-06
0.07835783578357836,7.151814132347228e-29,0.00021760190589146866,3.2099187698261326e-06
0.0784078407840784,7.157180541739372e-29,0.00021781963841873016,3.2147377432045954e-06
0.07845784578457846,7.162550977851066e-29,0.00021803758880921897,3.2195639511911858e-06
0.0785078507850785,7.167925443703783e-29,0.00021825575728092863,3.2243974046470488e-06
0.07855785578557856,7.173303942321261e-29,0.00021847414405207156,3.2292381144496266e-06
0.0786078607860786,7.178686476729514e-29,0.00021869274934107813,3.2340860914927006e-06
0.07865786578657866,7.184073049956824e-29,0.00021891157336659738,3.2389413466864036e-06
0.07870787078707871,7.189463665033743e-29,0.00021913061634749713,3.2438038909572447e-06
0.07875787578757876,7.194858324993099e-29,0.00021934987850286418,3.2486737352481405e-06
0.07880788078807881,7.200257032869994e-29,0.0002195693600520045,3.2535508905184337e-06
0.07885788578857886,7.205659791701814e-29,0.0002197890612144438,3.2584353677439224e-06
0.07890789078907891,7.211066604528212e-29,0.00022000898220992692,3.2633271779168797e-06
0.07895789578957896,7.216477474391135e-29,0.0002202291232584191,3.2682263320460804e-06
0.07900790079007901,7.221892404334801e-29,0.00022044948458010518,3.2731328411568346e-06
0.07905790579057906,7.227311397405718e-29,0.0002206700663953907,3.2780467162909883e-06
0.07910791079107911,7.232734456652683e-29,0.0002208908689249018,3.2829679685069793e-06
0.07915791579157916,7.238161585126777e-29,0.000221111892389485,3.2878966088798465e-06
0.07920792079207921,7.243592785881366e-29,0.0002213331370102079,3.2928326485012448e-06
0.07925792579257926,7.249028061972118e-29,0.0002215546030083599,3.297776098479487e-06
0.07930793079307931,7.254467416456982e-29,0.0002217762906054506,3.302726969939569e-06
0.07935793579357936,7.25991085239621e-29,0.00022199820002321248,3.3076852740231734e-06
0.07940794079407941,7.265358372852344e-29,0.000222220331483599,3.3126510218887224e-06
0.07945794579457946,7.270809980890233e-29,0.00022244268520878638,3.3176242247113874e-06
0.07950795079507951,7.276265679577015e-29,0.00022266526142117275,3.3226048936831113e-06
0.07955795579557956,7.281725471982137e-29,0.0002228880603433787,3.3275930400126452e-06
0.07960796079607961,7.287189361177344e-29,0.00022311108219824798,3.3325886749255634e-06
0.07965796579657966,7.292657350236695e-29,0.00022333432720884715,3.3375918096642965e-06
0.07970797079707971,7.29812944223654e-29,0.00022355779559846543,3.3426024554881545e-06
0.07975797579757976,7.303605640255556e-29,0.00022378148759061645,3.3476206236733436e-06
0.07980798079807981,7.309085947374714e-29,0.00022400540340903656,3.352646325513004e-06
0.07985798579857986,7.314570366677304e-29,0.00022422954327768648,3.3576795723172304e-06
0.07990799079907991,7.320058901248935e-29,0.00022445390742075122,3.362720375413092e-06
0.07995799579957996,7.32555155417752e-29,0.0002246784960626396,3.3677687461446708e-06
0.08000800080008001,7.331048328553292e-29,0.00022490330942798496,3.3728246958730682e-06
0.08005800580058006,7.336549227468811e-29,0.0002251283477416462,3.3778882359764567e-06
0.08010801080108011,7.342054254018951e-29,0.00022535361122870618,3.3829593778500835e-06
0.08015801580158016,7.347563411300908e-29,0.00022557910011447387,3.388038132906293e-06
0.08020802080208021,7.3530767024142e-29,0.00022580481462448272,3.3931245125745803e-06
0.08025802580258026,7.358594130460677e-29,0.000226030754984493,3.3982185283015863e-06
0.08030803080308031,7.364115698544514e-29,0.00022625692142049008,3.4033201915511416e-06
0.08035803580358036,7.369641409772213e-29,0.00022648331415868556,3.4084295138042917e-06
0.08040804080408041,7.375171267252605e-29,0.00022670993342551756,3.413546506559306e-06
0.08045804580458046,7.380705274096863e-29,0.00022693677944765048,3.418671181331731e-06
0.08050805080508051,7.386243433418488e-29,0.00022716385245197617,3.4238035496543874e-06
0.08055805580558056,7.391785748333312e-29,0.0002273911526656126,3.4289436230774182e-06
0.08060806080608061,7.397332221959519e-29,0.00022761868031590597,3.4340914131683033e-06
0.08065806580658066,7.402882857417619e-29,0.0002278464356304291,3.439246931511893e-06
0.08070807080708071,7.408437657830473e-29,0.00022807441883698298,3.444410189710422e-06
0.08075807580758076,7.413996626323276e-29,0.00022830263016359646,3.449581199383547e-06
0.08080808080808081,7.419559766023577e-29,0.00022853106983852634,3.4547599721683753e-06
0.08085808580858087,7.425127080061269e-29,0.0002287597380902584,3.459946519719468e-06
0.08090809080908092,7.430698571568591e-29,0.00022898863514750638,3.465140853708905e-06
0.08095809580958097,7.436274243680134e-29,0.00022921776123921317,3.470342985826269e-06
0.08100810081008102,7.441854099532843e-29,0.00022944711659455077,3.4755529277787056e-06
0.08105810581058107,7.447438142266012e-29,0.00022967670144292027,3.480770691290931e-06
0.08110811081108112,7.453026375021297e-29,0.00022990651601395267,3.485996288105264e-06
0.08115811581158117,7.458618800942703e-29,0.00023013656053750834,3.4912297299816496e-06
0.08120812081208122,7.464215423176604e-29,0.0002303668352436782,3.496471028697688e-06
0.08125812581258127,7.469816244871726e-29,0.00023059734036278256,3.501720196048666e-06
0.08130813081308132,7.475421269179166e-29,0.00023082807612537305,3.5069772438475723e-06
0.08135813581358137,7.481030499252378e-29,0.0002310590427622316,3.512242183925134e-06
0.08140814081408142,7.486643938247182e-29,0.0002312902405043706,3.5175150281298392e-06
0.08145814581458147,7.492261589321773e-29,0.0002315216695830345,3.5227957883279605e-06
0.08150815081508152,7.497883455636712e-29,0.00023175333022969845,3.5280844764035885e-06
0.08155815581558155,7.50350954035493e-29,0.00023198522267606962,3.533381104258652e-06
0.0816081608160816,7.509139846641736e-29,0.00023221734715408684,3.538685683812954e-06
0.08165816581658165,7.514774377664808e-29,0.00023244970389592098,3.5439982270041855e-06
0.0817081708170817,7.520413136594207e-29,0.00023268229313397557,3.5493187457879594e-06
0.08175817581758175,7.526056126602364e-29,0.00023291511510088576,3.5546472521378454e-06
0.0818081808180818,7.5317033508641e-29,0.0002331481700295207,3.5599837580453776e-06
0.08185818581858186,7.537354812556612e-29,0.00023338145815298165,3.565328275520101e-06
0.0819081908190819,7.543010514859489e-29,0.00023361497970460362,3.5706808165895915e-06
0.08195819581958196,7.548670460954689e-29,0.00023384873491795455,3.5760413932994675e-06
0.082008200820082,7.554334654026581e-29,0.0002340827240268369,3.581410017713453e-06
0.08205820582058206,7.560003097261901e-29,0.00023431694726528632,3.586786701913361e-06
0.0821082108210821,7.565675793849793e-29,0.00023455140486757273,3.592171457999166e-06
0.08215821582158216,7.571352746981783e-29,0.00023478609706820106,3.5975642980889786e-06
0.0822082208220822,7.5770339598518e-29,0.0002350210241019103,3.6029652343191344e-06
0.08225822582258226,7.582719435656164e-29,0.00023525618620367445,3.60837427884416e-06
0.0823082308230823,7.588409177593594e-29,0.0002354915836087028,3.6137914438368525e-06
0.08235823582358236,7.594103188865207e-29,0.00023572721655243958,3.6192167414882654e-06
0.08240824082408241,7.599801472674533e-29,0.00023596308527056535,3.624650184007766e-06
0.08245824582458246,7.60550403222749e-29,0.00023619918999899547,3.6300917836230488e-06
0.08250825082508251,7.611210870732418e-29,0.00023643553097388244,3.6355415525801643e-06
0.08255825582558256,7.616921991400048e-29,0.00023667210843161422,3.640999503143541e-06
0.08260826082608261,7.622637397443533e-29,0.00023690892260881563,3.64646564759604e-06
0.08265826582658266,7.628357092078428e-29,0.00023714597374234825,3.651939998238937e-06
0.08270827082708271,7.63408107852271e-29,0.00023738326206931075,3.657422567391991e-06
0.08275827582758276,7.639809359996762e-29,0.00023762078782703903,3.662913367393451e-06
0.08280828082808281,7.645541939723388e-29,0.00023785855125310604,3.6684124106000926e-06
0.08285828582858286,7.651278820927811e-29,0.00023809655258532315,3.673919709387242e-06
0.08290829082908291,7.657020006837669e-29,0.00023833479206173915,3.6794352761487982e-06
0.08295829582958296,7.662765500683026e-29,0.0002385732699206409,3.6849591232972716e-06
0.08300830083008301,7.66851530569637e-29,0.00023881198640055454,3.690491263263809e-06
0.08305830583058306,7.674269425112615e-29,0.000239050941740244,3.6960317084982185e-06
0.08310831083108311,7.680027862169097e-29,0.00023929013617871232,3.701580471468993e-06
0.08315831583158316,7.685790620105585e-29,0.00023952956995520214,3.7071375646633513e-06
0.08320832083208321,7.691557702164283e-29,0.00023976924330919495,3.712703000587257e-06
0.08325832583258326,7.697329111589825e-29,0.00024000915648041208,3.7182767917654537e-06
0.08330833083308331,7.70310485162927e-29,0.00024024930970881488,3.7238589507414693e-06
0.08335833583358336,7.708884925532128e-29,0.0002404897032346044,3.7294494900776865e-06
0.08340834083408341,7.714669336550337e-29,0.0002407303372982222,3.735048422355333e-06
0.08345834583458346,7.720458087938287e-29,0.00024097121214035097,3.7406557601745316e-06
0.08350835083508351,7.726251182952795e-29,0.0002412123280019132,3.7462715161543197e-06
0.08355835583558356,7.732048624853128e-29,0.0002414536851240732,3.751895702932669e-06
0.08360836083608361,7.737850416901004e-29,0.0002416952837482366,3.7575283331665442e-06
0.08365836583658366,7.743656562360584e-29,0.00024193712411605013,3.763169419531896e-06
0.08370837083708371,7.749467064498476e-29,0.0002421792064694027,3.7688189747237103e-06
0.08375837583758376,7.75528192658374e-29,0.00024242153105042503,3.7744770114560266e-06
0.08380838083808381,7.761101151887894e-29,0.00024266409810149003,3.7801435424619877e-06
0.08385838583858386,7.766924743684907e-29,0.00024290690786521362,3.785818580493833e-06
0.08390839083908391,7.772752705251201e-29,0.00024314996058445392,3.7915021383229554e-06
0.08395839583958396,7.778585039865663e-29,0.0002433932565023124,3.79719422873992e-06
0.08400840084008401,7.784421750809637e-29,0.0002436367958621337,3.8028948645544958e-06
0.08405840584058406,7.790262841366931e-29,0.00024388057890750565,3.8086040585956835e-06
0.08410841084108411,7.796108314823813e-29,0.00024412460588226048,3.8143218237117344e-06
0.08415841584158416,7.801958174469023e-29,0.00024436887703047365,3.8200481727702025e-06
0.08420842084208421,7.807812423593765e-29,0.00024461339259646556,3.825783118657953e-06
0.08425842584258426,7.813671065491711e-29,0.0002448581528248003,3.831526674281196e-06
0.08430843084308431,7.819534103459006e-29,0.00024510315796028714,3.8372788525655195e-06
0.08435843584358436,7.82540154079427e-29,0.0002453484082479805,3.843039666455912e-06
0.08440844084408441,7.831273380798598e-29,0.00024559390393317956,3.848809128916808e-06
0.08445844584458446,7.837149626775562e-29,0.0002458396452614292,3.8545872529320906e-06
0.08450845084508452,7.843030282031205e-29,0.00024608563247851975,3.860374051505144e-06
0.08455845584558457,7.848915349874065e-29,0.00024633186583048817,3.866169537658868e-06
0.08460846084608462,7.85480483361515e-29,0.00024657834556361647,3.871973724435722e-06
0.08465846584658467,7.86069873656796e-29,0.000246825071924434,3.87778662489774e-06
0.08470847084708472,7.866597062048476e-29,0.00024707204515971633,3.883608252126568e-06
0.08475847584758477,7.872499813375175e-29,0.0002473192655164865,3.889438619223487e-06
0.08480848084808482,7.878406993869014e-29,0.00024756673324201393,3.895277739309452e-06
0.08485848584858487,7.884318606853448e-29,0.00024781444858381594,3.90112562552511e-06
0.08490849084908492,7.890234655654426e-29,0.00024806241178965767,3.906982291030844e-06
0.08495849584958497,7.89615514360039e-29,0.0002483106231075516,3.912847749006784e-06
0.08500850085008502,7.902080074022281e-29,0.00024855908278575907,3.918722012652858e-06
0.08505850585058507,7.908009450253542e-29,0.0002488077910727893,3.924605095188808e-06
0.08510851085108512,7.91394327563011e-29,0.0002490567482174003,3.93049700985421e-06
0.08515851585158517,7.91988155349043e-29,0.0002493059544685991,3.936397769908534e-06
0.08520852085208522,7.925824287175456e-29,0.00024955541007564195,3.94230738863115e-06
0.08525852585258527,7.931771480028639e-29,0.00024980511528803414,3.948225879321354e-06
0.08530853085308532,7.93772313539595e-29,0.0002500550703555311,3.954153255298422e-06
0.08535853585358535,7.943679256625857e-29,0.0002503052755281376,3.960089529901617e-06
0.0854085408540854,7.949639847069359e-29,0.0002505557310561093,3.966034716490237e-06
0.08545854585458545,7.955604910079949e-29,0.0002508064371899513,3.971988828443625e-06
0.0855085508550855,7.961574449013651e-29,0.00025105739418042035,3.977951879161214e-06
0.08555855585558556,7.967548467229006e-29,0.00025130860227852366,3.983923882062563e-06
0.0856085608560856,7.973526968087064e-29,0.00025156006173551916,3.9899048505873565e-06
0.08565856585658566,7.979509954951408e-29,0.00025181177280291704,3.995894798195479e-06
0.0857085708570857,7.985497431188143e-29,0.0002520637357324787,4.001893738367003e-06
0.08575857585758576,7.991489400165897e-29,0.0002523159507762174,4.007901684602252e-06
0.0858085808580858,7.997485865255828e-29,0.0002525684181863987,4.01391865042181e-06
0.08585858585858586,8.003486829831621e-29,0.0002528211382155406,4.019944649366555e-06
0.0859085908590859,8.009492297269493e-29,0.0002530741111164135,4.025979694997708e-06
0.08595859585958596,8.015502270948198e-29,0.000253327337142041,4.032023800896836e-06
0.086008600860086,8.021516754249017e-29,0.00025358081654569976,4.038076980665899e-06
0.08605860586058606,8.027535750555783e-29,0.00025383454958092003,4.044139247927284e-06
0.08610861086108611,8.033559263254851e-29,0.00025408853650148557,4.050210616323816e-06
0.08615861586158616,8.039587295735127e-29,0.00025434277756143414,4.056291099518811e-06
0.08620862086208621,8.04561985138806e-29,0.00025459727301505784,4.062380711196102e-06
0.08625862586258626,8.051656933607639e-29,0.00025485202311690256,4.068479465060049e-06
0.08630863086308631,8.057698545790401e-29,0.00025510702812176986,4.074587374835599e-06
0.08635863586358636,8.063744691335437e-29,0.0002553622882847155,4.080704454268305e-06
0.08640864086408641,8.069795373644381e-29,0.000255617803861051,4.086830717124344e-06
0.08645864586458646,8.075850596121427e-29,0.0002558735751063429,4.092966177190575e-06
0.08650865086508651,8.08191036217331e-29,0.0002561296022764135,4.0991108482745384e-06
0.08655865586558656,8.087974675209339e-29,0.00025638588562734135,4.105264744204522e-06
0.08660866086608661,8.09404353864137e-29,0.0002566424254154611,4.111427878829556e-06
0.08665866586658666,8.100116955883822e-29,0.000256899221897364,4.117600266019475e-06
0.08670867086708671,8.106194930353673e-29,0.0002571562753298975,4.123781919664924e-06
0.08675867586758676,8.112277465470472e-29,0.0002574135859701669,4.129972853677417e-06
0.08680868086808681,8.118364564656328e-29,0.00025767115407553413,4.13617308198934e-06
0.08685868586858686,8.124456231335919e-29,0.00025792897990361896,4.142382618554e-06
0.08690869086908691,8.13055246893649e-29,0.00025818706371229857,4.148601477345651e-06
0.08695869586958696,8.136653280887864e-29,0.00025844540575970865,4.154829672359528e-06
0.08700870087008701,8.142758670622436e-29,0.00025870400630424284,4.161067217611875e-06
0.08705870587058706,8.148868641575173e-29,0.0002589628656045537,4.167314127139977e-06
0.08710871087108711,8.154983197183617e-29,0.0002592219839195517,4.173570415002201e-06
0.08715871587158716,8.1611023408879e-29,0.0002594813615084077,4.179836095278005e-06
0.08720872087208721,8.167226076130729e-29,0.0002597409986305508,4.186111182067997e-06
0.08725872587258726,8.173354406357391e-29,0.00026000089554567015,4.192395689493949e-06
0.08730873087308731,8.179487335015761e-29,0.00026026105251371475,4.198689631698832e-06
0.08735873587358736,8.185624865556304e-29,0.0002605214697948935,4.2049930228468515e-06
0.08740874087408741,8.191767001432071e-29,0.0002607821476496759,4.211305877123479e-06
0.08745874587458746,8.197913746098707e-29,0.00026104308633879216,4.217628208735478e-06
0.08750875087508751,8.20406510301444e-29,0.0002613042861232327,4.223960031910945e-06
0.08755875587558756,8.210221075640108e-29,0.0002615657472642499,4.230301360899333e-06
0.08760876087608761,8.216381667439136e-29,0.0002618274700233573,4.2366522099714885e-06
0.08765876587658766,8.222546881877552e-29,0.00026208945466232983,4.243012593419688e-06
0.08770877087708771,8.228716722423977e-29,0.0002623517014432044,4.249382525557652e-06
0.08775877587758776,8.234891192549649e-29,0.00026261421062828076,4.255762020720604e-06
0.08780878087808781,8.241070295728396e-29,0.0002628769824801205,4.2621510932652754e-06
0.08785878587858786,8.247254035436663e-29,0.0002631400172615476,4.268549757569963e-06
0.08790879087908791,8.253442415153495e-29,0.00026340331523564987,4.274958028034541e-06
0.08795879587958796,8.259635438360558e-29,0.00026366687666577813,4.281375919080507e-06
0.08800880088008801,8.265833108542122e-29,0.0002639307018155461,4.287803445151007e-06
0.08805880588058806,8.272035429185069e-29,0.0002641947909488318,4.2942406207108706e-06
0.08810881088108811,8.278242403778909e-29,0.00026445914432977766,4.3006874602466365e-06
0.08815881588158817,8.284454035815761e-29,0.0002647237622227895,4.307143978266609e-06
0.08820882088208822,8.290670328790367e-29,0.0002649886448925384,4.31361018930085e-06
0.08825882588258827,8.296891286200095e-29,0.00026525379260396,4.320086107901254e-06
0.08830883088308832,8.303116911544928e-29,0.00026551920562225504,4.326571748641556e-06
0.08835883588358837,8.309347208327486e-29,0.0002657848842128895,4.3330671261173704e-06
0.08840884088408842,8.315582180053007e-29,0.0002660508286415953,4.339572254946218e-06
0.08845884588458847,8.321821830229368e-29,0.00026631703917437015,4.346087149767572e-06
0.08850885088508852,8.32806616236707e-29,0.0002665835160774777,4.352611825242874e-06
0.08855885588558857,8.33431517997926e-29,0.00026685025961744837,4.359146296055592e-06
0.08860886088608862,8.340568886581709e-29,0.0002671172700610788,4.36569057691123e-06
0.08865886588658867,8.346827285692832e-29,0.0002673845476754332,4.372244682537363e-06
0.08870887088708872,8.35309038083368e-29,0.0002676520927278425,4.378808627683679e-06
0.08875887588758877,8.359358175527954e-29,0.0002679199054859052,4.385382427122017e-06
0.08880888088808882,8.365630673301991e-29,0.00026818798621748775,4.3919660956463835e-06
0.08885888588858887,8.371907877684775e-29,0.00026845633519072455,4.398559648073004e-06
0.08890889088908892,8.378189792207941e-29,0.00026872495267401804,4.4051630992403344e-06
0.08895889588958897,8.384476420405778e-29,0.00026899383893604,4.411776464009117e-06
0.08900890089008902,8.390767765815215e-29,0.00026926299424573006,4.418399757262402e-06
0.08905890589058907,8.397063831975845e-29,0.00026953241887229726,4.425032993905589e-06
0.08910891089108912,8.403364622429913e-29,0.0002698021130852205,4.4316761888664375e-06
0.08915891589158915,8.409670140722322e-29,0.000270072077154248,4.438329357095139e-06
0.0892089208920892,8.415980390400639e-29,0.0002703423113493975,4.444992513564314e-06
0.08925892589258926,8.422295375015087e-29,0.00027061281594095753,4.451665673269066e-06
0.0893089308930893,8.428615098118555e-29,0.00027088359119948675,4.458348851227012e-06
0.08935893589358936,8.4349395632666e-29,0.0002711546373958145,4.465042062478317e-06
0.0894089408940894,8.441268774017448e-29,0.0002714259548010415,4.471745322085715e-06
0.08945894589458946,8.447602733931984e-29,0.0002716975436865392,4.478458645134556e-06
0.0895089508950895,8.453941446573782e-29,0.0002719694043239509,4.485182046732855e-06
0.08955895589558956,8.460284915509077e-29,0.00027224153698519155,4.491915542011286e-06
0.0896089608960896,8.466633144306785e-29,0.00027251394194244835,4.498659146123246e-06
0.08965896589658966,8.472986136538496e-29,0.0002727866194681808,4.50541287424488e-06
0.08970897089708971,8.47934389577849e-29,0.0002730595698351212,4.512176741575127e-06
0.08975897589758976,8.485706425603719e-29,0.00027333279331627415,4.5189507633357305e-06
0.08980898089808981,8.49207372959382e-29,0.0002736062901849178,4.525734954771292e-06
0.08985898589858986,8.498445811331116e-29,0.0002738800607146039,4.532529331149295e-06
0.08990899089908991,8.50482267440063e-29,0.000274154105179158,4.539333907760157e-06
0.08995899589958996,8.511204322390056e-29,0.0002744284238526792,4.546148699917227e-06
0.09000900090009001,8.51759075888979e-29,0.0002747030170095409,4.5529737229568665e-06
0.09005900590059006,8.523981987492927e-29,0.00027497788492439134,4.559808992238451e-06
0.09010901090109011,8.530378011795246e-29,0.0002752530278721535,4.5666545231444125e-06
0.09015901590159016,8.536778835395235e-29,0.0002755284461280255,4.573510331080283e-06
0.09020902090209021,8.543184461894074e-29,0.00027580413996748036,4.580376431474715e-06
0.09025902590259026,8.54959489489565e-29,0.0002760801096662673,4.5872528397795336e-06
0.09030903090309031,8.556010138006558e-29,0.00027635635550041145,4.594139571469747e-06
0.09035903590359036,8.562430194836083e-29,0.0002766328777462134,4.601036642043604e-06
0.09040904090409041,8.568855068996243e-29,0.0002769096766802512,4.607944067022635e-06
0.09045904590459046,8.575284764101742e-29,0.00027718675257937893,4.614861861951641e-06
0.09050905090509051,8.581719283770013e-29,0.00027746410572072807,4.621790042398787e-06
0.09055905590559056,8.588158631621194e-29,0.00027774173638170715,4.628728623955591e-06
0.09060906090609061,8.594602811278147e-29,0.0002780196448400026,4.635677622236996e-06
0.09065906590659066,8.601051826366442e-29,0.000278297831373578,4.6426370528813754e-06
0.09070907090709071,8.607505680514385e-29,0.00027857629626067625,4.649606931550585e-06
0.09075907590759076,8.613964377352988e-29,0.0002788550397798174,4.65658727392999e-06
0.09080908090809081,8.620427920515995e-29,0.000279134062209801,4.663578095728502e-06
0.09085908590859086,8.62689631363988e-29,0.0002794133638297053,4.670579412678622e-06
0.09090909090909091,8.633369560363841e-29,0.00027969294491888777,4.677591240536475e-06
0.09095909590959096,8.639847664329806e-29,0.0002799728057569855,4.684613595081819e-06
0.09100910091009101,8.646330629182438e-29,0.0002802529466239152,4.691646492118122e-06
0.09105910591059106,8.652818458569136e-29,0.0002805333677998739,4.698689947472571e-06
0.09110911091109111,8.659311156140032e-29,0.00028081406956533884,4.7057439769961116e-06
0.09115911591159116,8.665808725548005e-29,0.0002810950522010681,4.7128085965634915e-06
0.09120912091209121,8.672311170448659e-29,0.0002813763159881004,4.71988382207328e-06
0.09125912591259126,8.67881849450036e-29,0.000281657861207756,4.726969669447928e-06
0.09130913091309131,8.685330701364204e-29,0.00028193968814163605,4.734066154633783e-06
0.09135913591359136,8.691847794704046e-29,0.0002822217970716242,4.741173293601139e-06
0.09140914091409141,8.69836977818648e-29,0.0002825041882798859,4.748291102344249e-06
0.09145914591459146,8.704896655480856e-29,0.0002827868620488687,4.755419596881391e-06
0.09150915091509151,8.71142843025928e-29,0.00028306981866130286,4.762558793254903e-06
0.09155915591559156,8.717965106196605e-29,0.00028335305840020174,4.769708707531175e-06
0.09160916091609161,8.724506686970453e-29,0.0002836365815488619,4.776869355800747e-06
0.09165916591659166,8.731053176261198e-29,0.00028392038839086304,4.784040754178297e-06
0.09170917091709171,8.737604577751974e-29,0.00028420447921006907,4.791222918802702e-06
0.09175917591759176,8.744160895128684e-29,0.00028448885429062707,4.798415865837072e-06
0.09180918091809182,8.750722132079995e-29,0.0002847735139169695,4.805619611468781e-06
0.09185918591859187,8.757288292297337e-29,0.00028505845837381284,4.812834171909491e-06
0.09190919091909192,8.763859379474917e-29,0.00028534368794615834,4.820059563395222e-06
0.09195919591959197,8.770435397309715e-29,0.0002856292029192933,4.827295802186354e-06
0.09200920092009202,8.777016349501476e-29,0.0002859150035787891,4.834542904567697e-06
0.09205920592059207,8.783602239752727e-29,0.000286201090210504,4.8418008868484754e-06
0.09210921092109212,8.790193071768772e-29,0.00028648746310058174,4.849069765362434e-06
0.09215921592159217,8.796788849257698e-29,0.00028677412253545254,4.856349556467821e-06
0.09220922092209222,8.803389575930372e-29,0.0002870610688018333,4.8636402765474445e-06
0.09225922592259227,8.809995255500441e-29,0.0002873483021867274,4.870941942008707e-06
0.09230923092309232,8.816605891684351e-29,0.0002876358229774263,4.8782545692836495e-06
0.09235923592359237,8.823221488201323e-29,0.0002879236314615077,4.885578174828977e-06
0.09240924092409242,8.829842048773378e-29,0.00028821172792683797,4.8929127751261e-06
0.09245924592459247,8.83646757712532e-29,0.00028850011266157117,4.900258386681165e-06
0.09250925092509252,8.843098076984761e-29,0.0002887887859541497,4.907615026025124e-06
0.09255925592559257,8.849733552082103e-29,0.00028907774809330486,4.914982709713721e-06
0.09260926092609262,8.856374006150545e-29,0.00028936699936805635,4.922361454327558e-06
0.09265926592659267,8.863019442926087e-29,0.00028965654006771327,4.929751276472141e-06
0.09270927092709272,8.869669866147544e-29,0.0002899463704818744,4.937152192777901e-06
0.09275927592759277,8.87632527955652e-29,0.00029023649090042836,4.9445642199002274e-06
0.09280928092809282,8.882985686897438e-29,0.0002905269016135536,4.951987374519521e-06
0.09285928592859287,8.88965109191752e-29,0.0002908176029117182,4.9594216733412286e-06
0.09290929092909292,8.896321498366817e-29,0.0002911085950856826,4.9668671330958705e-06
0.09295929592959296,8.902996909998175e-29,0.00029139987842649676,4.974323770539082e-06
0.093009300930093,8.909677330567266e-29,0.00029169145322550233,4.981791602451653e-06
0.09305930593059306,8.916362763832582e-29,0.0002919833197743326,4.989270645639578e-06
0.0931093109310931,8.92305321355543e-29,0.00029227547836491223,4.9967609169340735e-06
0.09315931593159316,8.929748683499937e-29,0.0002925679292894584,5.0042624331916184e-06
0.0932093209320932,8.936449177433063e-29,0.0002928606728404808,5.011775211294006e-06
0.09325932593259326,8.94315469912459e-29,0.00029315370931078143,5.019299268148372e-06
0.0933093309330933,8.949865252347124e-29,0.0002934470389934551,5.0268346206872305e-06
0.09335933593359336,8.956580840876113e-29,0.0002937406621818906,5.0343812858685275e-06
0.09340934093409341,8.963301468489826e-29,0.00029403457916976974,5.041939280675653e-06
0.09345934593459346,8.970027138969373e-29,0.00029432879025106815,5.049508622117496e-06
0.09350935093509351,8.976757856098703e-29,0.00029462329572005623,5.057089327228492e-06
0.09355935593559356,8.983493623664601e-29,0.00029491809587129774,5.064681413068643e-06
0.09360936093609361,8.990234445456691e-29,0.00029521319099965235,5.072284896723554e-06
0.09365936593659366,8.99698032526745e-29,0.000295508581400274,5.079899795304499e-06
0.09370937093709371,9.003731266892192e-29,0.00029580426736861243,5.087526125948424e-06
0.09375937593759376,9.010487274129077e-29,0.0002961002492004124,5.095163905818008e-06
0.09380938093809381,9.017248350779125e-29,0.0002963965271917153,5.102813152101698e-06
0.09385938593859386,9.024014500646203e-29,0.00029669310163885835,5.110473882013745e-06
0.09390939093909391,9.030785727537027e-29,0.00029698997283847514,5.118146112794244e-06
0.09395939593959396,9.037562035261179e-29,0.00029728714108749664,5.1258298617091655e-06
0.09400940094009401,9.044343427631089e-29,0.00029758460668315027,5.133525146050405e-06
0.09405940594059406,9.051129908462061e-29,0.0002978823699229613,5.14123198313583e-06
0.09410941094109411,9.057921481572245e-29,0.0002981804311047522,5.148950390309285e-06
0.09415941594159416,9.064718150782674e-29,0.00029847879052664444,5.156680384940665e-06
0.09420942094209421,9.071519919917236e-29,0.0002987774484870568,5.164421984425943e-06
0.09425942594259426,9.078326792802691e-29,0.00029907640528470674,5.17217520618721e-06
0.09430943094309431,9.085138773268672e-29,0.0002993756612186115,5.179940067672693e-06
0.09435943594359436,9.091955865147683e-29,0.0002996752165880862,5.187716586356843e-06
0.09440944094409441,9.098778072275105e-29,0.0002999750716927466,5.195504779740321e-06
0.09445944594459446,9.105605398489198e-29,0.00030027522683250777,5.2033046653500754e-06
0.09450945094509451,9.112437847631107e-29,0.00030057568230758486,5.21111626073936e-06
0.09455945594559456,9.119275423544844e-29,0.00030087643841849335,5.218939583487787e-06
0.09460946094609461,9.126118130077322e-29,0.00030117749546604983,5.226774651201351e-06
0.09465946594659466,9.132965971078329e-29,0.0003014788537513714,5.234621481512491e-06
0.09470947094709471,9.139818950400554e-29,0.0003017805135758767,5.2424800920801086e-06
0.09475947594759476,9.146677071899559e-29,0.0003020824752412858,5.250350500589611e-06
0.09480948094809481,9.153540339433813e-29,0.00030238473904962087,5.25823272475297e-06
0.09485948594859486,9.16040875686468e-29,0.0003026873053032064,5.266126782308735e-06
0.09490949094909491,9.167282328056414e-29,0.00030299017430466884,5.2740326910221e-06
0.09495949594959496,9.174161056876172e-29,0.00030329334635693787,5.281950468684918e-06
0.09500950095009501,9.181044947194016e-29,0.00030359682176324653,5.289880133115746e-06
0.09505950595059506,9.187934002882909e-29,0.0003039006008271307,5.297821702159917e-06
0.09510951095109511,9.194828227818714e-29,0.00030420468385243033,5.305775193689525e-06
0.09515951595159516,9.201727625880217e-29,0.0003045090711432891,5.313740625603519e-06
0.09520952095209521,9.208632200949098e-29,0.0003048137630041552,5.321718015827703e-06
0.09525952595259526,9.215541956909966e-29,0.00030511875973978205,5.329707382314801e-06
0.09530953095309531,9.222456897650329e-29,0.00030542406165522665,5.337708743044493e-06
0.09535953595359536,9.229377027060625e-29,0.00030572966905585247,5.345722116023432e-06
0.09540954095409541,9.236302349034201e-29,0.00030603558224732795,5.353747519285327e-06
0.09545954595459546,9.243232867467332e-29,0.00030634180153562743,5.361784970890948e-06
0.09550955095509552,9.250168586259213e-29,0.00030664832722703136,5.369834488928182e-06
0.09555955595559557,9.25710950931197e-29,0.00030695515962812726,5.377896091512066e-06
0.09560956095609562,9.264055640530649e-29,0.00030726229904580823,5.385969796784848e-06
0.09565956595659567,9.271006983823235e-29,0.00030756974578727584,5.3940556229159915e-06
0.09570957095709572,9.277963543100639e-29,0.00030787750016003814,5.402153588102255e-06
0.09575957595759577,9.284925322276709e-29,0.00030818556247191116,5.410263710567703e-06
0.09580958095809582,9.291892325268222e-29,0.00030849393303101824,5.4183860085637645e-06
0.09585958595859587,9.298864555994913e-29,0.0003088026121457922,5.426520500369279e-06
0.09590959095909592,9.305842018379445e-29,0.000309111600124974,5.434667204290508e-06
0.09595959595959597,9.312824716347414e-29,0.0003094208972776132,5.4428261386612045e-06
0.09600960096009602,9.319812653827387e-29,0.0003097305039130689,5.450997321842652e-06
0.09605960596059607,9.326805834750856e-29,0.00031004042034100965,5.459180772223687e-06
0.09610961096109612,9.333804263052277e-29,0.00031035064687141416,5.467376508220766e-06
0.09615961596159617,9.340807942669058e-29,0.00031066118381457093,5.4755845482779835e-06
0.09620962096209622,9.347816877541547e-29,0.00031097203148107883,5.483804910867128e-06
0.09625962596259627,9.354831071613063e-29,0.00031128319018184784,5.492037614487722e-06
0.09630963096309632,9.361850528829882e-29,0.000311594660228099,5.500282677667053e-06
0.09635963596359637,9.368875253141234e-29,0.00031190644193136464,5.508540118960228e-06
0.09640964096409642,9.375905248499319e-29,0.00031221853560348876,5.516809956950209e-06
0.09645964596459647,9.382940518859306e-29,0.00031253094155662796,5.525092210247858e-06
0.09650965096509652,9.389981068179319e-29,0.00031284366010325,5.53338689749198e-06
0.09655965596559657,9.39702690042046e-29,0.00031315669155613634,5.541694037349354e-06
0.09660966096609662,9.404078019546806e-29,0.00031347003622838107,5.550013648514782e-06
0.09665966596659667,9.411134429525405e-29,0.00031378369443339185,5.558345749711146e-06
0.09670967096709672,9.418196134326278e-29,0.00031409766648488903,5.566690359689425e-06
0.09675967596759676,9.42526313792243e-29,0.00031441195269690797,5.575047497228745e-06
0.0968096809680968,9.432335444289847e-29,0.00031472655338379753,5.583417181136437e-06
0.09685968596859686,9.439413057407502e-29,0.0003150414688602218,5.59179943024806e-06
0.0969096909690969,9.446495981257343e-29,0.0003153566994411589,5.6001942634274436e-06
0.09695969596959696,9.453584219824308e-29,0.0003156722454419022,5.60860169956675e-06
0.09700970097009701,9.460677777096339e-29,0.0003159881071780614,5.6170217575865015e-06
0.09705970597059706,9.46777665706435e-29,0.00031630428496556097,5.625454456435613e-06
0.09710971097109711,9.474880863722268e-29,0.0003166207791206426,5.633899815091462e-06
0.09715971597159716,9.481990401067006e-29,0.00031693758995986334,5.642357852559902e-06
0.09720972097209721,9.489105273098477e-29,0.00031725471780009735,5.650828587875336e-06
0.09725972597259726,9.496225483819602e-29,0.000317572162958536,5.659312040100738e-06
0.09730973097309731,9.503351037236296e-29,0.00031788992575268823,5.66780822832769e-06
0.09735973597359736,9.510481937357486e-29,0.0003182080065003801,5.6763171716764396e-06
0.09740974097409741,9.517618188195108e-29,0.00031852640551975636,5.68483888929595e-06
0.09745974597459746,9.524759793764102e-29,0.00031884512312927896,5.693373400363924e-06
0.09750975097509751,9.531906758082428e-29,0.00031916415964773046,5.7019207240868495e-06
0.09755975597559756,9.53905908517106e-29,0.0003194835153942105,5.710480879700061e-06
0.09760976097609761,9.546216779053982e-29,0.00031980319068813885,5.719053886467765e-06
0.09765976597659766,9.553379843758205e-29,0.00032012318584925483,5.727639763683085e-06
0.09770977097709771,9.560548283313757e-29,0.0003204435011976174,5.736238530668116e-06
0.09775977597759776,9.567722101753696e-29,0.0003207641370536062,5.744850206773958e-06
0.09780978097809781,9.574901303114097e-29,0.00032108509373792127,5.753474811380759e-06
0.09785978597859786,9.582085891434074e-29,0.0003214063715715837,5.762112363897769e-06
0.09790979097909791,9.589275870755762e-29,0.0003217279708759351,5.770762883763364e-06
0.09795979597959796,9.596471245124338e-29,0.00032204989197263977,5.779426390445117e-06
0.09800980098009801,9.603672018588008e-29,0.00032237213518368285,5.788102903439824e-06
0.09805980598059806,9.610878195198015e-29,0.00032269470083137194,5.796792442273541e-06
0.09810981098109811,9.618089779008648e-29,0.00032301758923833747,5.80549502650165e-06
0.09815981598159816,9.625306774077228e-29,0.0003233408007275321,5.814210675708878e-06
0.09820982098209821,9.632529184464137e-29,0.0003236643356222325,5.822939409509374e-06
0.09825982598259826,9.63975701423279e-29,0.00032398819424603835,5.831681247546708e-06
0.09830983098309831,9.646990267449648e-29,0.0003243123769228726,5.840436209493963e-06
0.09835983598359836,9.654228948184237e-29,0.00032463688397698276,5.84920431505375e-06
0.09840984098409841,9.661473060509126e-29,0.00032496171573294114,5.857985583958244e-06
0.09845984598459846,9.668722608499949e-29,0.0003252868725156449,5.8667800359692666e-06
0.09850985098509851,9.675977596235388e-29,0.0003256123546503152,5.8755876908782945e-06
0.09855985598559856,9.683238027797188e-29,0.00032593816246249946,5.884408568506512e-06
0.09860986098609861,9.690503907270165e-29,0.00032626429627807065,5.89324268870488e-06
0.09865986598659866,9.697775238742188e-29,0.0003265907564232282,5.902090071354138e-06
0.09870987098709871,9.705052026304203e-29,0.00032691754322449715,5.910950736364889e-06
0.09875987598759876,9.71233427405022e-29,0.00032724465700873,5.9198247036776145e-06
0.09880988098809881,9.719621986077326e-29,0.00032757209810310587,5.928711993262745e-06
0.09885988598859886,9.726915166485677e-29,0.0003278998668351315,5.937612625120685e-06
0.09890989098909891,9.734213819378505e-29,0.0003282279635326409,5.946526619281861e-06
0.09895989598959896,9.741517948862129e-29,0.0003285563885237967,5.9554539958067795e-06
0.09900990099009901,9.748827559045938e-29,0.00032888514213708965,5.9643947747860575e-06
0.09905990599059906,9.756142654042419e-29,0.000329214224701339,5.973348976340478e-06
0.09910991099109911,9.763463237967128e-29,0.000329543636545693,5.9823166206210285e-06
0.09915991599159917,9.77078931493872e-29,0.0003298733779996299,5.991297727808943e-06
0.09920992099209922,9.778120889078941e-29,0.0003302034493929571,6.0002923181157626e-06
0.09925992599259927,9.785457964512621e-29,0.0003305338510558113,6.009300411783369e-06
0.09930993099309932,9.792800545367693e-29,0.00033086458331866106,6.0183220290840255e-06
0.09935993599359937,9.800148635775185e-29,0.0003311956465123047,6.027357190320436e-06
0.09940994099409942,9.807502239869228e-29,0.0003315270409678714,6.036405915825795e-06
0.09945994599459947,9.814861361787047e-29,0.000331858767016822,6.045468225963799e-06
0.09950995099509952,9.822226005668979e-29,0.00033219082499094893,6.054544141128733e-06
0.09955995599559957,9.829596175658463e-29,0.0003325232152223768,6.063633681745488e-06
0.09960996099609962,9.83697187590205e-29,0.00033285593804356216,6.072736868269631e-06
0.09965996599659967,9.844353110549407e-29,0.00033318899378729464,6.081853721187436e-06
0.09970997099709972,9.851739883753305e-29,0.00033352238278669654,6.0909842610159236e-06
0.09975997599759977,9.859132199669627e-29,0.0003338561053752232,6.100128508302923e-06
0.09980998099809982,9.866530062457394e-29,0.0003341901618866643,6.1092864836271105e-06
0.09985998599859987,9.873933476278736e-29,0.00033452455265514354,6.11845820759806e-06
0.09990999099909992,9.881342445298898e-29,0.00033485927801511826,6.1276437008562725e-06
0.09995999599959997,9.888756973686263e-29,0.00033519433830138043,6.1368429840732534e-06
0.10001000100010002,9.896177065612338e-29,0.0003355297338490579,6.146056077951528e-06
0.10006000600060007,9.903602725251768e-29,0.00033586546499361357,6.1552830032247174e-06
0.10011001100110012,9.911033956782307e-29,0.0003362015320708449,6.1645237806575545e-06
0.10016001600160017,9.91847076438487e-29,0.00033653793541688705,6.173778431045953e-06
0.10021002100210022,9.925913152243498e-29,0.00033687467536821044,6.183046975217044e-06
0.10026002600260027,9.933361124545364e-29,0.00033721175226162194,6.192329434029223e-06
0.10031003100310032,9.940814685480796e-29,0.00033754916643426636,6.2016258283722135e-06
0.10036003600360037,9.948273839243263e-29,0.00033788691822362574,6.210936179167078e-06
0.10041004100410042,9.955738590029371e-29,0.00033822500796751857,6.22026050736631e-06
0.10046004600460047,9.963208942038889e-29,0.0003385634360041028,6.22959883395385e-06
0.10051005100510052,9.97068489947473e-29,0.00033890220267187416,6.238951179945136e-06
0.10056005600560056,9.978166466542957e-29,0.000339241308309667,6.248317566387151e-06
0.1006100610061006,9.9856536474528e-29,0.00033958075325665515,6.257698014358493e-06
0.10066006600660066,9.993146446416639e-29,0.00033992053785235094,6.267092544969403e-06
0.10071007100710071,1.0000644867650014e-28,0.00034026066243660725,6.276501179361796e-06
0.10076007600760076,1.0008148915371632e-28,0.0003406011273496169,6.285923938709336e-06
0.10081008100810081,1.0015658593803368e-28,0.0003409419329319126,6.295360844217491e-06
0.10086008600860086,1.0023173907170253e-28,0.0003412830795243683,6.304811917123531e-06
0.10091009100910091,1.0030694859700501e-28,0.0003416245674681985,6.314277178696649e-06
0.10096009600960096,1.0038221455625493e-28,0.0003419663971049601,6.323756650237918e-06
0.10101010101010101,1.0045753699179796e-28,0.000342308568776551,6.333250353080441e-06
0.10106010601060106,1.005329159460113e-28,0.0003426510828252111,6.342758308589327e-06
0.10111011101110111,1.0060835146130416e-28,0.00034299393959352293,6.352280538161751e-06
0.10116011601160116,1.0068384358011757e-28,0.0003433371394244123,6.361817063227025e-06
0.10121012101210121,1.0075939234492423e-28,0.00034368068266114735,6.371367905246616e-06
0.10126012601260126,1.008349977982289e-28,0.00034402456964734005,6.380933085714235e-06
0.10131013101310131,1.009106599825681e-28,0.00034436880072694634,6.39051262615584e-06
0.10136013601360136,1.0098637894051036e-28,0.0003447133762442662,6.400106548129708e-06
0.10141014101410141,1.010621547146561e-28,0.00034505829654394394,6.4097148732264905e-06
0.10146014601460146,1.0113798734763777e-28,0.0003454035619709692,6.4193376230692546e-06
0.10151015101510151,1.012138768821197e-28,0.00034574917287067596,6.428974819313513e-06
0.10156015601560156,1.012898233607983e-28,0.00034609512958874516,6.438626483647293e-06
0.10161016101610161,1.0136582682640204e-28,0.00034644143247120177,6.448292637791203e-06
0.10166016601660166,1.0144188732169145e-28,0.0003467880818644187,6.457973303498439e-06
0.10171017101710171,1.0151800488945902e-28,0.00034713507811511414,6.467668502554856e-06
0.10176017601760176,1.0159417957252952e-28,0.00034748242157035434,6.477378256779011e-06
0.10181018101810181,1.0167041141375978e-28,0.00034783011257755175,6.487102588022241e-06
0.10186018601860186,1.0174670045603876e-28,0.00034817815148446726,6.496841518168672e-06
0.10191019101910191,1.0182304674228767e-28,0.00034852653863920945,6.50659506913527e-06
0.10196019601960196,1.018994503154599e-28,0.0003488752743902353,6.516363262871927e-06
0.10201020102010201,1.01975911218541e-28,0.0003492243590863499,6.526146121361485e-06
0.10206020602060206,1.0205242949454882e-28,0.0003495737930767077,6.535943666619776e-06
0.10211021102110211,1.0212900518653359e-28,0.00034992357671081347,6.545755920695689e-06
0.10216021602160216,1.0220563833757767e-28,0.00035027371033852006,6.555582905671216e-06
0.10221022102210221,1.0228232899079591e-28,0.00035062419431003183,6.565424643661499e-06
0.10226022602260226,1.023590771893354e-28,0.0003509750289759023,6.5752811568148925e-06
0.10231023102310231,1.0243588297637562e-28,0.0003513262146870364,6.585152467312987e-06
0.10236023602360236,1.0251274639512846e-28,0.00035167775179469036,6.595038597370668e-06
0.10241024102410241,1.0258966748883828e-28,0.0003520296406504712,6.604939569236196e-06
0.10246024602460246,1.0266664630078187e-28,0.0003523818816063392,6.614855405191205e-06
0.10251025102510251,1.027436828742684e-28,0.0003527344750146046,6.624786127550805e-06
0.10256025602560256,1.0282077725263965e-28,0.000353087421227932,6.634731758663579e-06
0.10261026102610261,1.0289792947926993e-28,0.00035344072059933845,6.6446923209116905e-06
0.10266026602660266,1.0297513959756597e-28,0.00035379437348219325,6.654667836710895e-06
0.10271027102710271,1.030524076509672e-28,0.00035414838023022067,6.664658328510586e-06
0.10276027602760276,1.031297336829456e-28,0.0003545027411974983,6.674663818793877e-06
0.10281028102810282,1.0320711773700576e-28,0.0003548574567384578,6.684684330077626e-06
0.10286028602860287,1.0328455985668494e-28,0.00035521252720788606,6.6947198849125e-06
0.10291029102910292,1.0336206008555294e-28,0.00035556795296092387,6.704770505883011e-06
0.10296029602960297,1.0343961846721244e-28,0.0003559237343530685,6.71483621560759e-06
0.10301030103010302,1.0351723504529881e-28,0.000356279871740173,6.724917036738615e-06
0.10306030603060307,1.0359490986348008e-28,0.0003566363654784451,6.735012991962489e-06
0.10311031103110312,1.03672642965457e-28,0.0003569932159244508,6.745124103999639e-06
0.10316031603160317,1.0375043439496327e-28,0.0003573504234351113,6.755250395604635e-06
0.10321032103210322,1.0382828419576532e-28,0.0003577079883677061,6.7653918895661875e-06
0.10326032603260327,1.039061924116624e-28,0.00035806591107987134,6.775548608707233e-06
0.10331033103310332,1.0398415908648662e-28,0.0003584241919296011,6.785720575884966e-06
0.10336033603360337,1.0406218426410305e-28,0.00035878283127524843,6.795907813990881e-06
0.10341034103410342,1.0414026798840961e-28,0.00035914182947552434,6.806110345950862e-06
0.10346034603460347,1.0421841030333722e-28,0.0003595011868894987,6.816328194725212e-06
0.10351035103510352,1.0429661125284975e-28,0.00035986090387660116,6.826561383308688e-06
0.10356035603560357,1.0437487088094395e-28,0.0003602209807966204,6.836809934730558e-06
0.10361036103610362,1.044531892316497e-28,0.0003605814180097055,6.847073872054696e-06
0.10366036603660367,1.045315663490299e-28,0.0003609422158763657,6.857353218379587e-06
0.10371037103710372,1.046100022771805e-28,0.00036130337475747125,6.867647996838385e-06
0.10376037603760377,1.0468849706023047e-28,0.0003616648950142527,6.8779582305989755e-06
0.10381038103810382,1.0476705074234207e-28,0.0003620267770083037,6.888283942864028e-06
0.10386038603860387,1.0484566336771057e-28,0.000362389021101578,6.898625156871062e-06
0.10391039103910392,1.0492433498056434e-28,0.00036275162765639205,6.908981895892458e-06
0.10396039603960397,1.050030656251651e-28,0.00036311459703542554,6.919354183235536e-06
0.10401040104010402,1.0508185534580765e-28,0.00036347792960172016,6.929742042242627e-06
0.10406040604060407,1.051607041868201e-28,0.000363841625718681,6.9401454962910944e-06
0.10411041104110412,1.0523961219256373e-28,0.0003642056857500771,6.950564568793384e-06
0.10416041604160417,1.0531857940743324e-28,0.0003645701100600412,6.9609992831971105e-06
0.10421042104210422,1.0539760587585657e-28,0.000364934899013071,6.971449662985085e-06
0.10426042604260427,1.0547669164229503e-28,0.00036530005297402815,6.981915731675368e-06
0.1043104310431043,1.0555583675124317e-28,0.00036566557230813967,6.992397512821313e-06
0.10436043604360436,1.0563504124722911e-28,0.00036603145738099794,7.002895030011679e-06
0.10441044104410441,1.0571430517481425e-28,0.00036639770855856135,7.01340830687059e-06
0.10446044604460446,1.0579362857859354e-28,0.00036676432620715466,7.023937367057662e-06
0.10451045104510451,1.058730115031952e-28,0.0003671313106934685,7.034482234268017e-06
0.10456045604560456,1.0595245399328118e-28,0.00036749866238456106,7.04504293223236e-06
0.10461046104610461,1.0603195609354675e-28,0.0003678663816478572,7.05561948471702e-06
0.10466046604660466,1.0611151784872076e-28,0.0003682344688511499,7.066211915524003e-06
0.10471047104710471,1.061911393035657e-28,0.00036860292436260024,7.076820248491046e-06
0.10476047604760476,1.0627082050287763e-28,0.00036897174855073735,7.087444507491687e-06
0.10481048104810481,1.0635056149148615e-28,0.0003693409417844591,7.098084716435291e-06
0.10486048604860486,1.0643036231425454e-28,0.00036971050443303276,7.108740899267115e-06
0.10491049104910491,1.0651022301607976e-28,0.0003700804368660949,7.11941307996838e-06
0.10496049604960496,1.0659014364189243e-28,0.000370450739453652,7.13010128255629e-06
0.10501050105010501,1.0667012423665693e-28,0.00037082141256608076,7.140805531084129e-06
0.10506050605060506,1.0675016484537128e-28,0.00037119245657412807,7.15152584964127e-06
0.10511051105110511,1.0683026551306734e-28,0.00037156387184891256,7.1622622623532565e-06
0.10516051605160516,1.069104262848108e-28,0.000371935658761924,7.173014793381857e-06
0.10521052105210521,1.069906472057011e-28,0.00037230781768502337,7.183783466925115e-06
0.10526052605260526,1.0707092832087154e-28,0.0003726803489904444,7.194568307217391e-06
0.10531053105310531,1.0715126967548923e-28,0.00037305325305079254,7.20536933852943e-06
0.10536053605360536,1.0723167131475534e-28,0.00037342653023904684,7.216186585168436e-06
0.10541054105410541,1.073121332839047e-28,0.00037380018092855873,7.227020071478073e-06
0.10546054605460546,1.0739265562820633e-28,0.00037417420549305433,7.237869821838569e-06
0.10551055105510551,1.0747323839296302e-28,0.00037454860430663234,7.248735860666738e-06
0.10556055605560556,1.0755388162351172e-28,0.0003749233777437671,7.259618212416079e-06
0.10561056105610561,1.0763458536522332e-28,0.00037529852617930687,7.270516901576781e-06
0.10566056605660566,1.0771534966350268e-28,0.00037567404998847456,7.281431952675805e-06
0.10571057105710571,1.0779617456378891e-28,0.00037604994954687016,7.292363390276929e-06
0.10576057605760576,1.0787706011155506e-28,0.0003764262252304678,7.303311238980815e-06
0.10581058105810581,1.0795800635230837e-28,0.0003768028774156184,7.314275523425064e-06
0.10586058605860586,1.0803901333159017e-28,0.00037717990647905003,7.325256268284231e-06
0.10591059105910591,1.0812008109497602e-28,0.0003775573127978665,7.336253498269956e-06
0.10596059605960596,1.082012096880757e-28,0.00037793509674955046,7.347267238130959e-06
0.10601060106010601,1.0828239915653315e-28,0.00037831325871196057,7.358297512653124e-06
0.10606060606060606,1.0836364954602658e-28,0.00037869179906333537,7.369344346659518e-06
0.10611061106110611,1.0844496090226846e-28,0.00037907071818229024,7.3804077650105055e-06
0.10616061606160616,1.0852633327100558e-28,0.0003794500164478205,7.3914877926037634e-06
0.10621062106210621,1.086077666980191e-28,0.0003798296942393002,7.4025844543743435e-06
0.10626062606260626,1.0868926122912446e-28,0.0003802097519364831,7.4136977752947335e-06
0.10631063106310631,1.087708169101715e-28,0.00038059018991950334,7.424827780374903e-06
0.10636063606360636,1.0885243378704445e-28,0.0003809710085688743,7.435974494662391e-06
0.10641064106410641,1.0893411190566203e-28,0.00038135220826549123,7.447137943242325e-06
0.10646064606460647,1.0901585131197736e-28,0.0003817337893906301,7.458318151237484e-06
0.10651065106510652,1.0909765205197807e-28,0.00038211575232594854,7.469515143808383e-06
0.10656065606560657,1.0917951417168624e-28,0.0003824980974534859,7.480728946153289e-06
0.10661066106610662,1.0926143771715856e-28,0.00038288082515566357,7.491959583508316e-06
0.10666066606660667,1.0934342273448625e-28,0.0003832639358152859,7.503207081147459e-06
0.10671067106710672,1.0942546926979502e-28,0.0003836474298155401,7.51447146438264e-06
0.10676067606760677,1.0950757736924542e-28,0.0003840313075399974,7.5257527585638156e-06
0.10681068106810682,1.095897470790324e-28,0.000384415569372612,7.537050989078968e-06
0.10686068606860687,1.0967197844538572e-28,0.0003848002156977226,7.548366181354213e-06
0.10691069106910692,1.0975427151456974e-28,0.00038518524690005245,7.5596983608538225e-06
0.10696069606960697,1.0983662633288364e-28,0.00038557066336471034,7.57104755308031e-06
0.10701070107010702,1.099190429466612e-28,0.00038595646547718925,7.582413783574469e-06
0.10706070607060707,1.1000152140227102e-28,0.0003863426536233684,7.593797077915441e-06
0.10711071107110712,1.1008406174611654e-28,0.00038672922818951344,7.605197461720761e-06
0.10716071607160717,1.1016666402463606e-28,0.0003871161895622766,7.616614960646437e-06
0.10721072107210722,1.1024932828430264e-28,0.00038750353812869664,7.628049600386974e-06
0.10726072607260727,1.1033205457162415e-28,0.00038789127427619915,7.639501406675471e-06
0.10731073107310732,1.104148429331435e-28,0.0003882793983925986,7.650970405283649e-06
0.10736073607360737,1.1049769341543843e-28,0.00038866791086609575,7.662456622021919e-06
0.10741074107410742,1.105806060651217e-28,0.00038905681208528176,7.67396008273945e-06
0.10746074607460747,1.1066358092884098e-28,0.0003894461024391354,7.685480813324202e-06
0.10751075107510752,1.1074661805327893e-28,0.00038983578231702463,7.69701883970301e-06
0.10756075607560757,1.1082971748515337e-28,0.00039022585210870734,7.708574187841643e-06
0.10761076107610762,1.1091287927121701e-28,0.0003906163122043321,7.720146883744822e-06
0.10766076607660767,1.1099610345825776e-28,0.00039100716299443616,7.731736953456343e-06
0.10771077107710772,1.1107939009309855e-28,0.0003913984048699493,7.74334442305907e-06
0.10776077607760777,1.1116273922259752e-28,0.0003917900382221913,7.75496931867505e-06
0.10781078107810782,1.1124615089364792e-28,0.00039218206344287387,7.766611666465524e-06
0.10786078607860787,1.1132962515317819e-28,0.00039257448092410075,7.77827149263103e-06
0.10791079107910792,1.1141316204815193e-28,0.00039296729105836776,7.78994882341141e-06
0.10796079607960797,1.114967616255682e-28,0.00039336049423856385,7.80164368508595e-06
0.10801080108010802,1.115804239324611e-28,0.0003937540908579713,7.81335610397334e-06
0.10806080608060807,1.116641490159001e-28,0.00039414808131026476,7.82508610643179e-06
0.10811081108110811,1.117479369229899e-28,0.00039454246598951396,7.836833718859098e-06
0.10816081608160816,1.1183178770087076e-28,0.00039493724529018214,7.84859896769269e-06
0.10821082108210821,1.119157013967181e-28,0.00039533241960712804,7.86038187940968e-06
0.10826082608260826,1.1199967805774283e-28,0.00039572798933560494,7.872182480526907e-06
0.10831083108310831,1.1208371773119128e-28,0.00039612395487126156,7.884000797601049e-06
0.10836083608360836,1.1216782046434521e-28,0.0003965203166101428,7.89583685722866e-06
0.10841084108410841,1.1225198630452185e-28,0.0003969170749486892,7.907690686046182e-06
0.10846084608460846,1.1233621529907403e-28,0.0003973142302837395,7.919562310730073e-06
0.10851085108510851,1.1242050749538998e-28,0.0003977117830125277,7.931451757996855e-06
0.10856085608560856,1.125048629408936e-28,0.00039810973353268653,7.943359054603127e-06
0.10861086108610861,1.1258928168304428e-28,0.00039850808224224605,7.955284227345667e-06
0.10866086608660866,1.1267376376933703e-28,0.0003989068295396341,7.967227303061493e-06
0.10871087108710871,1.1275830924730262e-28,0.00039930597582367883,7.979188308627905e-06
0.10876087608760876,1.1284291816450734e-28,0.0003997055214936056,7.991167270962557e-06
0.10881088108810881,1.1292759056855323e-28,0.0004001054669490406,8.003164217023495e-06
0.10886088608860886,1.13012326507078e-28,0.0004005058125900083,8.015179173809267e-06
0.10891089108910891,1.1309712602775527e-28,0.0004009065588169358,8.027212168358935e-06
0.10896089608960896,1.1318198917829425e-28,0.0004013077060306487,8.039263227752162e-06
0.10901090109010901,1.1326691600644e-28,0.0004017092546323747,8.051332379109251e-06
0.10906090609060906,1.1335190655997342e-28,0.0004021112050237427,8.063419649591233e-06
0.10911091109110911,1.134369608867113e-28,0.0004025135576067838,8.075525066399913e-06
0.10916091609160916,1.1352207903450622e-28,0.0004029163127839304,8.087648656777941e-06
0.10921092109210921,1.1360726105124675e-28,0.0004033194709580188,8.099790448008842e-06
0.10926092609260926,1.136925069848573e-28,0.00040372303253228794,8.11195046741711e-06
0.10931093109310931,1.1377781688329843e-28,0.00040412699791037975,8.124128742368297e-06
0.10936093609360936,1.1386319079456645e-28,0.00040453136749634105,8.136325300268977e-06
0.10941094109410941,1.1394862876669384e-28,0.0004049361416946218,8.148540168566918e-06
0.10946094609460946,1.1403413084774907e-28,0.0004053413209100777,8.160773374751073e-06
0.10951095109510951,1.1411969708583664e-28,0.0004057469055479682,8.173024946351657e-06
0.10956095609560956,1.1420532752909726e-28,0.0004061528960139599,8.185294910940241e-06
0.10961096109610961,1.1429102222570762e-28,0.0004065592927141241,8.197583296129758e-06
0.10966096609660966,1.1437678122388063e-28,0.0004069660960549389,8.209890129574616e-06
0.10971097109710971,1.144626045718655e-28,0.0004073733064432894,8.22221543897074e-06
0.10976097609760976,1.145484923179474e-28,0.00040778092428646714,8.23455925205562e-06
0.10981098109810981,1.146344445104479e-28,0.00040818894999217144,8.246921596608403e-06
0.10986098609860986,1.1472046119772476e-28,0.00040859738396850984,8.25930250044993e-06
0.10991099109910991,1.1480654242817202e-28,0.00040900622662399784,8.271701991442812e-06
0.10996099609960996,1.1489268825022016e-28,0.00040941547836756024,8.284120097491492e-06
0.11001100110011001,1.149788987123358e-28,0.0004098251396085306,8.296556846542299e-06
0.11006100610061006,1.1506517386302208e-28,0.0004102352107566522,8.30901226658352e-06
0.11011101110111012,1.1515151375081845e-28,0.00041064569222207784,8.321486385645458e-06
0.11016101610161017,1.1523791842430088e-28,0.00041105658441537154,8.333979231800528e-06
0.11021102110211022,1.1532438793208164e-28,0.00041146788774750755,8.346490833163226e-06
0.11026102610261027,1.1541092232280958e-28,0.00041187960262987133,8.359021217890303e-06
0.11031103110311032,1.1549752164517006e-28,0.0004122917294742604,8.371570414180782e-06
0.11036103610361037,1.1558418594788493e-28,0.0004127042686928843,8.384138450275981e-06
0.11041104110411042,1.156709152797126e-28,0.00041311722069836427,8.396725354459675e-06
0.11046104610461047,1.157577096894481e-28,0.0004135305859037351,8.40933115505805e-06
0.11051105110511052,1.1584456922592308e-28,0.00041394436472244503,8.421955880439842e-06
0.11056105610561057,1.1593149393800574e-28,0.0004143585575683557,8.434599559016357e-06
0.11061106110611062,1.160184838746011e-28,0.00041477316485574235,8.447262219241597e-06
0.11066106610661067,1.1610553908465071e-28,0.00041518818699929575,8.459943889612219e-06
0.11071107110711072,1.1619265961713292e-28,0.0004156036244141207,8.47264459866771e-06
0.11076107610761077,1.162798455210629e-28,0.00041601947751573784,8.485364374990395e-06
0.11081108110811082,1.1636709684549248e-28,0.00041643574672008355,8.498103247205489e-06
0.11086108610861087,1.1645441363951035e-28,0.00041685243244351036,8.510861243981178e-06
0.11091109110911092,1.1654179595224207e-28,0.00041726953510278734,8.523638394028739e-06
0.11096109610961097,1.1662924383285003e-28,0.0004176870551151008,8.5364347261025e-06
0.11101110111011102,1.1671675733053346e-28,0.00041810499289805423,8.549250268999959e-06
0.11106110611061107,1.1680433649452863e-28,0.0004185233488696686,8.562085051561887e-06
0.11111111111111112,1.1689198137410852e-28,0.00041894212344838417,8.574939102672287e-06
0.11116111611161117,1.169796920185834e-28,0.000419361317053059,8.58781245125861e-06
0.11121112111211122,1.170674684773003e-28,0.0004197809301029708,8.60070512629165e-06
0.11126112611261127,1.1715531079964334e-28,0.00042020096301781655,8.613617156785753e-06
0.11131113111311132,1.1724321903503372e-28,0.00042062141621771284,8.626548571798806e-06
0.11136113611361137,1.1733119323292985e-28,0.0004210422901231976,8.639499400432323e-06
0.11141114111411142,1.1741923344282693e-28,0.0004214635851552285,8.652469671831496e-06
0.11146114611461147,1.1750733971425762e-28,0.0004218853017351853,8.665459415185276e-06
0.11151115111511152,1.175955120967915e-28,0.00042230744028486837,8.678468659726437e-06
0.11156115611561157,1.1768375064003558e-28,0.00042273000122650144,8.691497434731652e-06
0.11161116111611162,1.1777205539363387e-28,0.00042315298498272965,8.704545769521502e-06
0.11166116611661167,1.1786042640726772e-28,0.0004235763919766211,8.71761369346065e-06
0.11171117111711172,1.1794886373065589e-28,0.00042400022263166804,8.730701235957806e-06
0.11176117611761177,1.1803736741355423e-28,0.0004244244773717856,8.743808426465833e-06
0.11181118111811182,1.18125937505756e-28,0.0004248491566213135,8.756935294481807e-06
0.11186118611861187,1.18214574057092e-28,0.0004252742608050166,8.770081869547095e-06
0.11191119111911191,1.183032771174301e-28,0.00042569979034808253,8.783248181247448e-06
0.11196119611961196,1.1839204673667582e-28,0.00042612574567612796,8.796434259212948e-06
0.11201120112011201,1.1848088296477203e-28,0.00042655212721519207,8.80964013311823e-06
0.11206120612061206,1.185697858516992e-28,0.0004269789353917423,8.82286583268248e-06
0.11211121112111211,1.1865875544747507e-28,0.00042740617063267235,8.836111387669441e-06
0.11216121612161216,1.1874779180215515e-28,0.00042783383336530224,8.849376827887619e-06
0.11221122112211221,1.1883689496583238e-28,0.0004282619240173808,8.86266218319021e-06
0.11226122612261226,1.1892606498863734e-28,0.0004286904430170845,8.875967483475247e-06
0.11231123112311231,1.1901530192073818e-28,0.00042911939079301806,8.889292758685647e-06
0.11236123612361236,1.191046058123407e-28,0.00042954876777421484,8.902638038809289e-06
0.11241124112411241,1.1919397671368845e-28,0.00042997857439013785,8.91600335387907e-06
0.11246124612461246,1.192834146750625e-28,0.0004304088110706798,8.929388733972953e-06
0.11251125112511251,1.1937291974678193e-28,0.0004308394782461629,8.942794209214098e-06
0.11256125612561256,1.194624919792033e-28,0.0004312705763473417,8.956219809770827e-06
0.11261126112611261,1.1955213142272103e-28,0.0004317021058053992,8.969665565856824e-06
0.11266126612661266,1.1964183812776758e-28,0.0004321340670519521,8.983131507731095e-06
0.11271127112711271,1.1973161214481292e-28,0.0004325664605190479,8.996617665698056e-06
0.11276127612761276,1.1982145352436507e-28,0.0004329992866391666,9.010124070107637e-06
0.11281128112811281,1.1991136231696995e-28,0.0004334325458452212,9.023650751355356e-06
0.11286128612861286,1.2000133857321136e-28,0.0004338662385705569,9.037197739882328e-06
0.11291129112911291,1.2009138234371105e-28,0.00043430036524895373,9.050765066175371e-06
0.11296129612961296,1.2018149367912873e-28,0.00043473492631462466,9.0643527607671e-06
0.11301130113011301,1.2027167263016222e-28,0.0004351699222022186,9.077960854235911e-06
0.11306130613061306,1.2036191924754739e-28,0.0004356053533468181,9.091589377206188e-06
0.11311131113111311,1.2045223358205802e-28,0.00043604122018394114,9.10523836034823e-06
0.11316131613161316,1.2054261568450616e-28,0.0004364775231495425,9.118907834378396e-06
0.11321132113211321,1.2063306560574186e-28,0.0004369142626800116,9.132597830059162e-06
0.11326132613261326,1.2072358339665342e-28,0.0004373514392121761,9.146308378199182e-06
0.11331133113311331,1.2081416910816725e-28,0.00043778905318329946,9.160039509653375e-06
0.11336133613361336,1.2090482279124804e-28,0.00043822710503108357,9.173791255322963e-06
0.11341134113411341,1.2099554449689859e-28,0.0004386655951936675,9.187563646155566e-06
0.11346134613461346,1.2108633427616024e-28,0.00043910452410962945,9.201356713145288e-06
0.11351135113511351,1.2117719218011237e-28,0.0004395438922179866,9.215170487332731e-06
0.11356135613561356,1.212681182598727e-28,0.00043998369995819434,9.229004999805087e-06
0.11361136113611361,1.2135911256659758e-28,0.00044042394777014867,9.242860281696295e-06
0.11366136613661366,1.2145017515148135e-28,0.0004408646360941857,9.256736364186926e-06
0.11371137113711371,1.2154130606575705e-28,0.0004413057653710816,9.270633278504448e-06
0.11376137613761376,1.2163250536069609e-28,0.00044174733604205403,9.284551055923165e-06
0.11381138113811382,1.2172377308760826e-28,0.00044218934854876207,9.298489727764344e-06
0.11386138613861387,1.2181510929784202e-28,0.0004426318033333064,9.312449325396297e-06
0.11391139113911392,1.2190651404278423e-28,0.000443074700838231,9.326429880234384e-06
0.11396139613961397,1.2199798737386034e-28,0.0004435180415065215,9.34043142374117e-06
0.11401140114011402,1.220895293425344e-28,0.0004439618257816071,9.354453987426424e-06
0.11406140614061407,1.2218114000030908e-28,0.0004444060541073619,9.368497602847223e-06
0.11411141114111412,1.2227281939872567e-28,0.00044485072692810186,9.38256230160805e-06
0.11416141614161417,1.2236456758936413e-28,0.0004452958446885892,9.396648115360797e-06
0.11421142114211422,1.2245638462384316e-28,0.0004457414078340311,9.41075507580489e-06
0.11426142614261427,1.225482705538202e-28,0.00044618741681007947,9.424883214687362e-06
0.11431143114311432,1.226402254309914e-28,0.0004466338720628329,9.439032563802875e-06
0.11436143614361437,1.2273224930709176e-28,0.00044708077403883605,9.453203154993839e-06
0.11441144114411442,1.2282434223389505e-28,0.0004475281231850799,9.467395020150475e-06
0.11446144614461447,1.2291650426321382e-28,0.0004479759199490031,9.481608191210864e-06
0.11451145114511452,1.2300873544689972e-28,0.0004484241647784924,9.495842700161042e-06
0.11456145614561457,1.2310103583684313e-28,0.00044887285812188205,9.51009857903509e-06
0.11461146114611462,1.2319340548497332e-28,0.0004493220004279551,9.524375859915134e-06
0.11466146614661467,1.232858444432587e-28,0.00044977159214594416,9.538674574931481e-06
0.11471147114711472,1.2337835276370665e-28,0.00045022163372553044,9.552994756262723e-06
0.11476147614761477,1.2347093049836336e-28,0.00045067212561684624,9.56733643613567e-06
0.11481148114811482,1.2356357769931432e-28,0.0004511230682704731,9.581699646825583e-06
0.11486148614861487,1.2365629441868399e-28,0.0004515744621374437,9.596084420656163e-06
0.11491149114911492,1.2374908070863594e-28,0.00045202630766924285,9.610490789999625e-06
0.11496149614961497,1.2384193662137293e-28,0.00045247860531780605,9.624918787276796e-06
0.11501150115011502,1.2393486220913678e-28,0.0004529313555355212,9.639368444957153e-06
0.11506150615061507,1.240278575242087e-28,0.0004533845587752299,9.653839795558954e-06
0.11511151115111512,1.2412092261890898e-28,0.00045383821549022557,9.668332871649245e-06
0.11516151615161517,1.2421405754559719e-28,0.00045429232613425585,9.682847705843982e-06
0.11521152115211522,1.2430726235667227e-28,0.0004547468911615226,9.697384330808076e-06
0.11526152615261527,1.2440053710457235e-28,0.00045520191102668093,9.711942779255494e-06
0.11531153115311532,1.2449388184177497e-28,0.0004556573861848424,9.726523083949288e-06
0.11536153615361537,1.245872966207971e-28,0.0004561133170915733,9.741125277701716e-06
0.11541154115411542,1.2468078149419498e-28,0.00045656970420289547,9.755749393374292e-06
0.11546154615461547,1.2477433651456443e-28,0.0004570265479752875,9.770395463877855e-06
0.11551155115511552,1.2486796173454079e-28,0.0004574838488656849,9.785063522172696e-06
0.11556155615561557,1.2496165720679858e-28,0.00045794160733148,9.799753601268517e-06
0.11561156115611562,1.250554229840522e-28,0.00045839982383052226,9.814465734224637e-06
0.11566156615661567,1.2514925911905535e-28,0.00045885849882112034,9.829199954149977e-06
0.11571157115711571,1.2524316566460142e-28,0.00045931763276204116,9.84395629420314e-06
0.11576157615761576,1.253371426735235e-28,0.0004597772261125101,9.85873478759258e-06
0.11581158115811581,1.254311901986942e-28,0.0004602372793322128,9.873535467576556e-06
0.11586158615861586,1.2552530829302583e-28,0.0004606977928812946,9.888358367463255e-06
0.11591159115911591,1.2561949700947033e-28,0.00046115876722036084,9.903203520610876e-06
0.11596159615961596,1.2571375640101954e-28,0.00046162020281047863,9.918070960427708e-06
0.11601160116011601,1.2580808652070497e-28,0.00046208210011317507,9.932960720372194e-06
0.11606160616061606,1.2590248742159797e-28,0.0004625444595904409,9.947872833952997e-06
0.11611161116111611,1.2599695915680957e-28,0.0004630072817047276,9.962807334729089e-06
0.11616161616161616,1.2609150177949085e-28,0.0004634705669189498,9.977764256309828e-06
0.11621162116211621,1.261861153428326e-28,0.000463934315696486,9.992743632355013e-06
0.11626162616261626,1.2628079990006563e-28,0.0004643985285011768,1.0007745496575009e-05
0.11631163116311631,1.2637555550446065e-28,0.00046486320579732887,1.002276988273074e-05
0.11636163616361636,1.2647038220932833e-28,0.00046532834804971176,1.0037816824633872e-05
0.11641164116411641,1.265652800680194e-28,0.000465793955723561,1.0052886356146785e-05
0.11646164616461646,1.2666024913392467e-28,0.0004662600292845779,1.0067978511182734e-05
0.11651165116511651,1.2675528946047477e-28,0.00046672656919892925,1.0083093323705839e-05
0.11656165616561656,1.2685040110114063e-28,0.0004671935759332476,1.009823082773125e-05
0.11661166116611661,1.2694558410943323e-28,0.00046766104995463366,1.0113391057325173e-05
0.11666166616661666,1.2704083853890384e-28,0.00046812899173065463,1.0128574046604968e-05
0.11671167116711671,1.2713616444314372e-28,0.00046859740172934647,1.0143779829739172e-05
0.11676167616761676,1.2723156187578436e-28,0.00046906628041921256,1.015900844094765e-05
0.11681168116811681,1.2732703089049764e-28,0.00046953562826922564,1.0174259914501655e-05
0.11686168616861686,1.2742257154099558e-28,0.00047000544574882745,1.0189534284723863e-05
0.11691169116911691,1.2751818388103054e-28,0.0004704757333279291,1.0204831585988485e-05
0.11696169616961696,1.2761386796439526e-28,0.00047094649147691236,1.0220151852721363e-05
0.11701170117011701,1.2770962384492284e-28,0.00047141772066663023,1.0235495119399972e-05
0.11706170617061706,1.278054515764866e-28,0.0004718894213684054,1.0250861420553583e-05
0.11711171117111711,1.279013512130006e-28,0.0004723615940540337,1.0266250790763297e-05
0.11716171617161716,1.2799732280841906e-28,0.000472834239195782,1.0281663264662125e-05
0.11721172117211721,1.280933664167368e-28,0.0004733073572663894,1.0297098876935082e-05
0.11726172617261726,1.2818948209198925e-28,0.0004737809487390696,1.0312557662319254e-05
0.11731173117311731,1.282856698882522e-28,0.00047425501408750843,1.0328039655603854e-05
0.11736173617361736,1.2838192985964215e-28,0.00047472955378586587,1.034354489163037e-05
0.11741174117411741,1.2847826206031622e-28,0.00047520456830877695,1.0359073405292546e-05
0.11746174617461747,1.28574666544472e-28,0.00047568005813135105,1.0374625231536531e-05
0.11751175117511752,1.28671143366348e-28,0.00047615602372917356,1.039020040536095e-05
0.11756175617561757,1.2876769258022307e-28,0.00047663246557830464,1.040579896181694e-05
0.11761176117611762,1.2886431424041723e-28,0.0004771093841552817,1.0421420936008318e-05
0.11766176617661767,1.2896100840129097e-28,0.00047758677993711923,1.0437066363091546e-05
0.11771177117711772,1.2905777511724568e-28,0.0004780646534013081,1.0452735278275885e-05
0.11776177617761777,1.2915461444272337e-28,0.0004785430050258178,1.0468427716823426e-05
0.11781178117811782,1.2925152643220726e-28,0.0004790218352890948,1.048414371404927e-05
0.11786178617861787,1.2934851114022105e-28,0.0004795011446700661,1.0499883305321446e-05
0.11791179117911792,1.2944556862132979e-28,0.00047998093364813696,1.0515646526061164e-05
0.11796179617961797,1.2954269893013896e-28,0.0004804612027031914,1.0531433411742732e-05
0.11801180118011802,1.2963990212129552e-28,0.0004809419523155953,1.05472439978938e-05
0.11806180618061807,1.2973717824948714e-28,0.0004814231829661952,1.0563078320095284e-05
0.11811181118111812,1.298345273694425e-28,0.0004819048951363167,1.0578936413981532e-05
0.11816181618161817,1.2993194953593158e-28,0.00048238708930776884,1.0594818315240433e-05
0.11821182118211822,1.3002944480376518e-28,0.0004828697659628426,1.061072405961338e-05
0.11826182618261827,1.3012701322779548e-28,0.00048335292558431117,1.0626653682895491e-05
0.11831183118311832,1.3022465486291562e-28,0.0004838365686554308,1.064260722093558e-05
0.11836183618361837,1.3032236976405998e-28,0.0004843206956599407,1.06585847096363e-05
0.11841184118411842,1.3042015798620424e-28,0.0004848053070820651,1.0674586184954202e-05
0.11846184618461847,1.3051801958436526e-28,0.0004852904034065132,1.0690611682899804e-05
0.11851185118511852,1.3061595461360132e-28,0.0004857759851184779,1.070666123953771e-05
0.11856185618561857,1.307139631290117e-28,0.00048626205270363795,1.0722734890986627e-05
0.11861186118611862,1.3081204518573734e-28,0.0004867486066481579,1.0738832673419535e-05
0.11866186618661867,1.3091020083896044e-28,0.0004872356474386897,1.0754954623063697e-05
0.11871187118711872,1.3100843014390457e-28,0.0004877231755623713,1.0771100776200762e-05
0.11876187618761877,1.311067331558347e-28,0.0004882111915068282,1.0787271169166816e-05
0.11881188118811882,1.3120510993005746e-28,0.0004886996957601742,1.0803465838352574e-05
0.11886188618861887,1.3130356052192083e-28,0.0004891886888110117,1.0819684820203306e-05
0.11891189118911892,1.3140208498681433e-28,0.0004896781711484307,1.0835928151219063e-05
0.11896189618961897,1.3150068338016902e-28,0.0004901681432620124,1.0852195867954614e-05
0.11901190119011902,1.315993557574576e-28,0.0004906586056418261,1.0868488007019663e-05
0.11906190619061907,1.3169810217419441e-28,0.000491149558778433,1.0884804605078869e-05
0.11911191119111912,1.317969226859355e-28,0.0004916410031628845,1.0901145698851942e-05
0.11916191619161917,1.318958173482784e-28,0.0004921329392867227,1.0917511325113673e-05
0.11921192119211922,1.3199478621686257e-28,0.0004926253676419827,1.093390152069412e-05
0.11926192619261927,1.320938293473691e-28,0.0004931182887211916,1.0950316322478599e-05
0.11931193119311932,1.3219294679552088e-28,0.0004936117030173683,1.0966755767407798e-05
0.11936193619361937,1.322921386170827e-28,0.000494105611024027,1.0983219892477881e-05
0.11941194119411942,1.323914048678611e-28,0.000494600013235173,1.0999708734740574e-05
0.11946194619461947,1.3249074560370444e-28,0.0004950949101453086,1.101622233130316e-05
0.11951195119511951,1.325901608805031e-28,0.0004955903022494299,1.1032760719328664e-05
0.11956195619561956,1.3268965075418942e-28,0.0004960861900430274,1.104932393603594e-05
0.11961196119611961,1.3278921528073765e-28,0.0004965825740220882,1.1065912018699685e-05
0.11966196619661966,1.3288885451616396e-28,0.0004970794546830961,1.1082525004650547e-05
0.11971197119711971,1.3298856851652667e-28,0.0004975768325230306,1.1099162931275225e-05
0.11976197619761976,1.3308835733792613e-28,0.0004980747080393696,1.1115825836016558e-05
0.11981198119811981,1.331882210365048e-28,0.0004985730817300883,1.1132513756373584e-05
0.11986198619861986,1.3328815966844734e-28,0.0004990719540936597,1.1149226729901665e-05
0.11991199119911991,1.3338817328998028e-28,0.000499571325629056,1.1165964794212477e-05
0.11996199619961996,1.3348826195737264e-28,0.0005000711968357491,1.1182727986974224e-05
0.12001200120012001,1.335884257269356e-28,0.0005005715682137099,1.1199516345911654e-05
0.12006200620062006,1.3368866465502247e-28,0.0005010724402634098,1.121632990880613e-05
0.12011201120112011,1.3378897879802893e-28,0.0005015738134858214,1.1233168713495725e-05
0.12016201620162016,1.3388936821239305e-28,0.0005020756883824178,1.1250032797875363e-05
0.12021202120212021,1.3398983295459517e-28,0.0005025780654551754,1.1266922199896812e-05
0.12026202620262026,1.3409037308115792e-28,0.0005030809452065707,1.128383695756884e-05
0.12031203120312031,1.3419098864864653e-28,0.0005035843281395841,1.1300777108957284e-05
0.12036203620362036,1.3429167971366854e-28,0.0005040882147577,1.1317742692185104e-05
0.12041204120412041,1.3439244633287405e-28,0.0005045926055649054,1.1334733745432498e-05
0.12046204620462046,1.3449328856295553e-28,0.000505097501065692,1.1351750306936991e-05
0.12051205120512051,1.345942064606481e-28,0.0005056029017650558,1.1368792414993537e-05
0.12056205620562056,1.3469520008272952e-28,0.0005061088081685001,1.138586010795452e-05
0.12061206120612061,1.3479626948602007e-28,0.0005066152207820314,1.1402953424229979e-05
0.12066206620662066,1.3489741472738257e-28,0.000507122140112164,1.1420072402287542e-05
0.12071207120712071,1.3499863586372263e-28,0.0005076295666659185,1.143721708065264e-05
0.12076207620762076,1.3509993295198858e-28,0.0005081375009508232,1.1454387497908514e-05
0.12081208120812081,1.352013060491714e-28,0.0005086459434749141,1.1471583692696335e-05
0.12086208620862086,1.353027552123049e-28,0.0005091548947467356,1.1488805703715289e-05
0.12091209120912091,1.3540428049846551e-28,0.0005096643552753399,1.1506053569722678e-05
0.12096209620962096,1.355058819647728e-28,0.0005101743255702901,1.1523327329533949e-05
0.12101210121012101,1.3560755966838902e-28,0.0005106848061416594,1.1540627022022845e-05
0.12106210621062106,1.3570931366651919e-28,0.0005111957975000289,1.1557952686121472e-05
0.12111211121112112,1.3581114401641156e-28,0.0005117073001564938,1.1575304360820388e-05
0.12116211621162117,1.35913050775357e-28,0.0005122193146226576,1.1592682085168662e-05
0.12121212121212122,1.360150340006896e-28,0.0005127318414106385,1.1610085898274009e-05
0.12126212621262127,1.361170937497864e-28,0.0005132448810330649,1.1627515839302856e-05
0.12131213121312132,1.362192300800675e-28,0.0005137584340030793,1.1644971947480416e-05
0.12136213621362137,1.3632144304899607e-28,0.000514272500834338,1.1662454262090801e-05
0.12141214121412142,1.364237327140784e-28,0.00051478708204101,1.1679962822477072e-05
0.12146214621462147,1.3652609913286403e-28,0.0005153021781377806,1.1697497668041415e-05
0.12151215121512152,1.3662854236294551e-28,0.0005158177896398478,1.1715058838245107e-05
0.12156215621562157,1.3673106246195858e-28,0.0005163339170629263,1.1732646372608688e-05
0.12161216121612162,1.3683365948758251e-28,0.0005168505609232475,1.1750260310712048e-05
0.12166216621662167,1.3693633349753963e-28,0.0005173677217375588,1.1767900692194469e-05
0.12171217121712172,1.3703908454959552e-28,0.0005178854000231229,1.1785567556754764e-05
0.12176217621762177,1.3714191270155935e-28,0.0005184035962977235,1.1803260944151336e-05
0.12181218121812182,1.3724481801128347e-28,0.0005189223110796598,1.182098089420229e-05
0.12186218621862187,1.3734780053666376e-28,0.0005194415448877506,1.1838727446785483e-05
0.12191219121912192,1.3745086033563933e-28,0.0005199612982413335,1.1856500641838646e-05
0.12196219621962197,1.3755399746619304e-28,0.0005204815716602656,1.18743005193595e-05
0.12201220122012202,1.3765721198635113e-28,0.000521002365664925,1.1892127119405748e-05
0.12206220622062207,1.3776050395418327e-28,0.0005215236807762091,1.1909980482095305e-05
0.12211221122112212,1.3786387342780296e-28,0.0005220455175155382,1.1927860647606269e-05
0.12216221622162217,1.3796732046536705e-28,0.0005225678764048528,1.1945767656177052e-05
0.12221222122212222,1.3807084512507625e-28,0.0005230907579666171,1.196370154810652e-05
0.12226222622262227,1.3817444746517477e-28,0.000523614162723817,1.1981662363753981e-05
0.12231223122312232,1.3827812754395058e-28,0.0005241380911999614,1.1999650143539389e-05
0.12236223622362237,1.3838188541973537e-28,0.0005246625439190837,1.2017664927943333e-05
0.12241224122412242,1.3848572115090473e-28,0.0005251875214057425,1.2035706757507205e-05
0.12246224622462247,1.3858963479587785e-28,0.0005257130241850198,1.205377567283323e-05
0.12251225122512252,1.3869362641311783e-28,0.000526239052782523,1.2071871714584607e-05
0.12256225622562257,1.3879769606113168e-28,0.0005267656077243866,1.2089994923485612e-05
0.12261226122612262,1.389018437984704e-28,0.000527292689537271,1.2108145340321614e-05
0.12266226622662267,1.390060696837287e-28,0.000527820298748363,1.2126323005939221e-05
0.12271227122712272,1.3911037377554534e-28,0.0005283484358853777,1.214452796124637e-05
0.12276227622762277,1.392147561326032e-28,0.000528877101476558,1.2162760247212417e-05
0.12281228122812282,1.393192168136291e-28,0.0005294062960506751,1.2181019904868222e-05
0.12286228622862287,1.3942375587739384e-28,0.0005299360201370299,1.219930697530622e-05
0.12291229122912292,1.3952837338271244e-28,0.0005304662742654512,1.2217621499680579e-05
0.12296229622962297,1.396330693884441e-28,0.000530997058966301,1.2235963519207225e-05
0.12301230123012302,1.39737843953492e-28,0.0005315283747704689,1.2254333075163955e-05
0.12306230623062307,1.3984269713680373e-28,0.0005320602222093777,1.2272730208890572e-05
0.12311231123112312,1.3994762899737092e-28,0.0005325926018149808,1.229115496178889e-05
0.12316231623162317,1.400526395942296e-28,0.000533125514119765,1.2309607375322907e-05
0.12321232123212322,1.4015772898646e-28,0.0005336589596567487,1.2328087491018853e-05
0.12326232623262327,1.4026289723318683e-28,0.0005341929389594844,1.2346595350465353e-05
0.12331233123312331,1.4036814439357893e-28,0.000534727452562058,1.2365130995313383e-05
0.12336233623362336,1.4047347052684972e-28,0.0005352625009990907,1.2383694467276505e-05
0.12341234123412341,1.4057887569225708e-28,0.0005357980848057373,1.2402285808130925e-05
0.12346234623462346,1.4068435994910317e-28,0.0005363342045176888,1.2420905059715511e-05
0.12351235123512351,1.4078992335673484e-28,0.0005368708606711728,1.2439552263931967e-05
0.12356235623562356,1.4089556597454338e-28,0.0005374080538029526,1.2458227462744905e-05
0.12361236123612361,1.4100128786196463e-28,0.0005379457844503285,1.247693069818195e-05
0.12366236623662366,1.41107089078479e-28,0.0005384840531511394,1.2495662012333761e-05
0.12371237123712371,1.4121296968361165e-28,0.0005390228604437605,1.2514421447354297e-05
0.12376237623762376,1.4131892973693232e-28,0.0005395622068671087,1.253320904546069e-05
0.12381238123812381,1.4142496929805548e-28,0.0005401020929606368,1.2552024848933532e-05
0.12386238623862386,1.4153108842664022e-28,0.0005406425192643395,1.257086890011681e-05
0.12391239123912391,1.4163728718239062e-28,0.0005411834863187513,1.2589741241418176e-05
0.12396239623962396,1.4174356562505536e-28,0.0005417249946649477,1.2608641915308867e-05
0.12401240124012401,1.418499238144281e-28,0.0005422670448445452,1.2627570964323943e-05
0.12406240624062406,1.4195636181034723e-28,0.0005428096373997021,1.2646528431062287e-05
0.12411241124112411,1.4206287967269602e-28,0.0005433527728731199,1.2665514358186714e-05
0.12416241624162416,1.4216947746140295e-28,0.0005438964518080433,1.2684528788424127e-05
0.12421242124212421,1.4227615523644117e-28,0.000544440674748259,1.270357176456559e-05
0.12426242624262426,1.423829130578288e-28,0.0005449854422380988,1.2722643329466321e-05
0.12431243124312431,1.4248975098562933e-28,0.0005455307548224406,1.2741743526045952e-05
0.12436243624362436,1.425966690799511e-28,0.0005460766130467048,1.2760872397288561e-05
0.12441244124412441,1.4270366740094748e-28,0.0005466230174568593,1.2780029986242703e-05
0.12446244624462446,1.4281074600881715e-28,0.0005471699685994181,1.2799216336021578e-05
0.12451245124512451,1.4291790496380387e-28,0.0005477174670214416,1.2818431489803126e-05
0.12456245624562456,1.4302514432619648e-28,0.0005482655132705371,1.2837675490830095e-05
0.12461246124612461,1.4313246415632932e-28,0.0005488141078948615,1.2856948382410156e-05
0.12466246624662466,1.432398645145818e-28,0.0005493632514431186,1.2876250207915993e-05
0.12471247124712471,1.4334734546137876e-28,0.0005499129444645621,1.2895581010785413e-05
0.12476247624762477,1.4345490705719035e-28,0.0005504631875089949,1.2914940834521444e-05
0.12481248124812482,1.4356254936253204e-28,0.0005510139811267709,1.2934329722692377e-05
0.12486248624862487,1.4367027243796482e-28,0.0005515653258687932,1.2953747718932e-05
0.12491249124912492,1.4377807634409487e-28,0.0005521172222865164,1.2973194866939497e-05
0.12496249624962497,1.4388596114157415e-28,0.0005526696709319486,1.299267121047973e-05
0.12501250125012503,1.4399392689109994e-28,0.0005532226723576474,1.301217679338326e-05
0.12506250625062507,1.441019736534151e-28,0.000553776227116726,1.3031711659546413e-05
0.12511251125112513,1.442101014893083e-28,0.0005543303357628507,1.3051275852931458e-05
0.12516251625162517,1.4431831045961332e-28,0.0005548849988502393,1.3070869417566627e-05
0.1252125212521252,1.4442660062521003e-28,0.0005554402169336663,1.3090492397546283e-05
0.12526252625262527,1.4453497204702396e-28,0.0005559959905684621,1.311014483703098e-05
0.1253125312531253,1.4464342478602593e-28,0.00055655232031051,1.3129826780247507e-05
0.12536253625362537,1.4475195890323314e-28,0.0005571092067162525,1.3149538271489171e-05
0.1254125412541254,1.44860574459708e-28,0.000557666650342686,1.3169279355115656e-05
0.12546254625462547,1.4496927151655916e-28,0.0005582246517473669,1.318905007555334e-05
0.1255125512551255,1.450780501349408e-28,0.0005587832114884081,1.3208850477295183e-05
0.12556255625562557,1.4518691037605316e-28,0.0005593423301244797,1.3228680604901088e-05
0.1256125612561256,1.4529585230114247e-28,0.000559902008214814,1.3248540502997715e-05
0.12566256625662567,1.4540487597150077e-28,0.0005604622463192005,1.3268430216278798e-05
0.1257125712571257,1.4551398144846608e-28,0.0005610230449979886,1.3288349789505172e-05
0.12576257625762577,1.4562316879342269e-28,0.0005615844048120908,1.3308299267504838e-05
0.1258125812581258,1.4573243806780053e-28,0.0005621463263229775,1.332827869517309e-05
0.12586258625862587,1.4584178933307603e-28,0.0005627088100926842,1.3348288117472654e-05
0.1259125912591259,1.4595122265077155e-28,0.0005632718566838063,1.3368327579433766e-05
0.12596259625962597,1.4606073808245562e-28,0.0005638354666595034,1.3388397126154201e-05
0.126012601260126,1.4617033568974295e-28,0.000564399640583498,1.3408496802799507e-05
0.12606260626062607,1.4628001553429477e-28,0.0005649643790200774,1.3428626654603032e-05
0.1261126112611261,1.4638977767781797e-28,0.0005655296825340923,1.3448786726865949e-05
0.12616261626162617,1.4649962218206648e-28,0.0005660955516909604,1.3468977064957586e-05
0.1262126212621262,1.4660954910883986e-28,0.0005666619870566628,1.3489197714315219e-05
0.12626262626262627,1.4671955851998456e-28,0.0005672289891977492,1.3509448720444454e-05
0.1263126312631263,1.468296504773933e-28,0.0005677965586813352,1.3529730128919186e-05
0.12636263626362637,1.46939825043005e-28,0.0005683646960751032,1.3550041985381687e-05
0.1264126412641264,1.4705008227880544e-28,0.0005689334019473043,1.3570384335542848e-05
0.12646264626462647,1.4716042224682672e-28,0.0005695026768667594,1.3590757225182055e-05
0.1265126512651265,1.472708450091473e-28,0.0005700725214028558,1.3611160700147502e-05
0.12656265626562657,1.4738135062789262e-28,0.0005706429361255533,1.3631594806356225e-05
0.1266126612661266,1.474919391652344e-28,0.0005712139216053796,1.3652059589794165e-05
0.12666266626662667,1.4760261068339122e-28,0.0005717854784134356,1.367255509651626e-05
0.1267126712671267,1.477133652446282e-28,0.0005723576071213913,1.369308137264669e-05
0.12676267626762677,1.4782420291125729e-28,0.0005729303083014911,1.3713638464378789e-05
0.1268126812681268,1.4793512374563707e-28,0.0005735035825265495,1.3734226417975283e-05
0.12686268626862687,1.480461278101732e-28,0.0005740774303699571,1.3754845279768368e-05
0.1269126912691269,1.4815721516731767e-28,0.000574651852405675,1.3775495096159702e-05
0.12696269626962697,1.4826838587956987e-28,0.000575226849208241,1.3796175913620759e-05
0.127012701270127,1.483796400094757e-28,0.0005758024213527672,1.381688777869264e-05
0.12706270627062707,1.484909776196281e-28,0.0005763785694149399,1.3837630737986364e-05
0.1271127112711271,1.4860239877266722e-28,0.0005769552939710237,1.3858404838182995e-05
0.12716271627162717,1.4871390353127972e-28,0.0005775325955978572,1.387921012603356e-05
0.1272127212721272,1.4882549195819969e-28,0.0005781104748728583,1.3900046648359333e-05
0.12726272627262727,1.489371641162083e-28,0.0005786889323740229,1.3920914452051917e-05
0.1273127312731273,1.490489200681335e-28,0.0005792679686799223,1.394181358407324e-05
0.12736273627362737,1.4916075987685075e-28,0.00057984758436971,1.3962744091455765e-05
0.1274127412741274,1.4927268360528243e-28,0.0005804277800231174,1.3983706021302548e-05
0.12746274627462748,1.4938469131639823e-28,0.0005810085562204555,1.400469942078741e-05
0.1275127512751275,1.4949678307321522e-28,0.0005815899135426184,1.4025724337154948e-05
0.12756275627562758,1.4960895893879752e-28,0.0005821718525710782,1.4046780817720663e-05
0.1276127612761276,1.497212189762567e-28,0.0005827543738878911,1.4067868909871163e-05
0.12766276627662768,1.4983356324875168e-28,0.000583337478075695,1.4088988661064137e-05
0.1277127712771277,1.499459918194887e-28,0.00058392116571771,1.4110140118828534e-05
0.12776277627762778,1.5005850475172157e-28,0.0005845054373977416,1.4131323330764676e-05
0.1278127812781278,1.5017110210875144e-28,0.000585090293700178,1.4152538344544334e-05
0.12786278627862788,1.5028378395392693e-28,0.0005856757352099925,1.4173785207910822e-05
0.1279127912791279,1.503965503506444e-28,0.000586261762512744,1.419506396867917e-05
0.12796279627962798,1.5050940136234753e-28,0.0005868483761945762,1.421637467473618e-05
0.128012801280128,1.5062233705252767e-28,0.0005874355768422206,1.4237717374040538e-05
0.12806280628062808,1.5073535748472408e-28,0.0005880233650429967,1.4259092114622938e-05
0.12811281128112811,1.508484627225232e-28,0.0005886117413848085,1.4280498944586141e-05
0.12816281628162818,1.5096165282955964e-28,0.0005892007064561506,1.4301937912105216e-05
0.12821282128212821,1.5107492786951548e-28,0.0005897902608461062,1.4323409065427453e-05
0.12826282628262828,1.5118828790612074e-28,0.0005903804051443478,1.4344912452872648e-05
0.12831283128312831,1.5130173300315315e-28,0.0005909711399411375,1.436644812283307e-05
0.12836283628362838,1.5141526322443835e-28,0.0005915624658273283,1.4388016123773712e-05
0.12841284128412842,1.5152887863384987e-28,0.0005921543833943639,1.440961650423229e-05
0.12846284628462848,1.5164257929530927e-28,0.0005927468932342821,1.4431249312819392e-05
0.12851285128512852,1.5175636527278572e-28,0.0005933399959397091,1.445291459821855e-05
0.12856285628562858,1.5187023663029692e-28,0.0005939336921038675,1.447461240918647e-05
0.12861286128612862,1.5198419343190814e-28,0.0005945279823205726,1.4496342794552936e-05
0.12866286628662868,1.5209823574173293e-28,0.0005951228671842324,1.4518105803221165e-05
0.12871287128712872,1.5221236362393304e-28,0.0005957183472898522,1.45399014841677e-05
0.12876287628762878,1.5232657714271813e-28,0.0005963144232330297,1.4561729886442665e-05
0.12881288128812882,1.5244087636234612e-28,0.0005969110956099606,1.4583591059169752e-05
0.12886288628862888,1.5255526134712344e-28,0.0005975083650174387,1.4605485051546507e-05
0.12891289128912892,1.5266973216140411e-28,0.0005981062320528496,1.4627411912844217e-05
0.12896289628962895,1.5278428886959117e-28,0.0005987046973141821,1.4649371692408236e-05
0.12901290129012902,1.5289893153613553e-28,0.0005993037614000205,1.467136443965797e-05
0.12906290629062905,1.5301366022553662e-28,0.0005999034249095494,1.4693390204086964e-05
0.12911291129112912,1.5312847500234239e-28,0.0006005036884425523,1.471544903526317e-05
0.12916291629162915,1.5324337593114874e-28,0.0006011045525994115,1.4737540982828838e-05
0.12921292129212922,1.533583630766007e-28,0.000601706017981113,1.4759666096500838e-05
0.12926292629262925,1.5347343650339119e-28,0.0006023080851892416,1.4781824426070607e-05
0.12931293129312932,1.535885962762622e-28,0.000602910754825985,1.480401602140441e-05
0.12936293629362935,1.5370384246000395e-28,0.0006035140274941343,1.4826240932443311e-05
0.12941294129412942,1.5381917511945546e-28,0.000604117903797082,1.4848499209203383e-05
0.12946294629462946,1.5393459431950426e-28,0.0006047223843388262,1.4870790901775754e-05
0.12951295129512952,1.5405010012508672e-28,0.0006053274697239674,1.4893116060326818e-05
0.12956295629562956,1.5416569260118765e-28,0.0006059331605577119,1.491547473509816e-05
0.12961296129612962,1.542813718128411e-28,0.0006065394574458728,1.4937866976406972e-05
0.12966296629662966,1.5439713782512954e-28,0.0006071463609948679,1.4960292834645823e-05
0.12971297129712972,1.5451299070318432e-28,0.0006077538718117221,1.4982752360283003e-05
0.12976297629762976,1.546289305121857e-28,0.0006083619905040675,1.5005245603862544e-05
0.12981298129812982,1.5474495731736304e-28,0.0006089707176801448,1.502777261600444e-05
0.12986298629862986,1.548610711839943e-28,0.0006095800539488032,1.505033344740454e-05
0.12991299129912992,1.5497727217740677e-28,0.0006101899999195008,1.5072928148834945e-05
0.12996299629962996,1.5509356036297636e-28,0.000610800556202305,1.5095556771143863e-05
0.13001300130013002,1.5520993580612844e-28,0.0006114117234078946,1.5118219365255919e-05
0.13006300630063006,1.5532639857233728e-28,0.0006120235021475601,1.5140915982172138e-05
0.13011301130113012,1.5544294872712618e-28,0.0006126358930332008,1.5163646672970158e-05
0.13016301630163016,1.5555958633606785e-28,0.0006132488966773317,1.5186411488804236e-05
0.13021302130213022,1.5567631146478406e-28,0.0006138625136930791,1.5209210480905506e-05
0.13026302630263026,1.5579312417894561e-28,0.0006144767446941814,1.52320437005819e-05
0.13031303130313032,1.559100245442732e-28,0.0006150915902949941,1.5254911199218551e-05
0.13036303630363036,1.5602701262653613e-28,0.0006157070511104848,1.5277813028277555e-05
0.13041304130413042,1.5614408849155341e-28,0.0006163231277562381,1.5300749239298366e-05
0.13046304630463046,1.562612522051935e-28,0.0006169398208484536,1.5323719883897795e-05
0.13051305130513052,1.5637850383337403e-28,0.0006175571310039477,1.5346725013770135e-05
0.13056305630563056,1.5649584344206228e-28,0.0006181750588401532,1.5369764680687313e-05
0.13061306130613062,1.5661327109727517e-28,0.0006187936049751248,1.5392838936498922e-05
0.13066306630663066,1.5673078686507864e-28,0.0006194127700275287,1.5415947833132443e-05
0.13071307130713072,1.5684839081158888e-28,0.0006200325546166561,1.5439091422593348e-05
0.13076307630763076,1.5696608300297108e-28,0.0006206529593624145,1.5462269756965072e-05
0.13081308130813082,1.5708386350544043e-28,0.0006212739848853329,1.5485482888409358e-05
0.13086308630863086,1.5720173238526178e-28,0.0006218956318065622,1.550873086916617e-05
0.13091309130913092,1.5731968970874962e-28,0.0006225179007478726,1.5532013751553986e-05
0.13096309630963096,1.5743773554226804e-28,0.0006231407923316573,1.5555331587969724e-05
0.13101310131013102,1.5755586995223153e-28,0.0006237643071809346,1.557868443088908e-05
0.13106310631063106,1.5767409300510344e-28,0.0006243884459193414,1.5602072332866402e-05
0.13111311131113113,1.57792404767398e-28,0.0006250132091711433,1.5625495346535085e-05
0.13116311631163116,1.5791080530567864e-28,0.0006256385975612274,1.56489535246074e-05
0.13121312131213123,1.580292946865591e-28,0.0006262646117151083,1.5672446919874838e-05
0.13126312631263126,1.5814787297670287e-28,0.0006268912522589241,1.5695975585208106e-05
0.13131313131313133,1.5826654024282373e-28,0.0006275185198194415,1.5719539573557336e-05
0.13136313631363136,1.5838529655168526e-28,0.0006281464150240541,1.5743138937952067e-05
0.13141314131413143,1.5850414197010144e-28,0.0006287749385007825,1.5766773731501562e-05
0.13146314631463146,1.586230765649359e-28,0.0006294040908782748,1.57904440073947e-05
0.13151315131513153,1.5874210040310292e-28,0.0006300338727858102,1.5814149818900295e-05
0.13156315631563156,1.5886121355156683e-28,0.0006306642848532975,1.5837891219367085e-05
0.13161316131613163,1.5898041607734208e-28,0.0006312953277112731,1.586166826222393e-05
0.13166316631663166,1.5909970804749347e-28,0.0006319270019909073,1.5885481000979858e-05
0.13171317131713173,1.5921908952913638e-28,0.0006325593083240011,1.5909329489224312e-05
0.13176317631763176,1.5933856058943606e-28,0.000633192247342986,1.5933213780627063e-05
0.13181318131813183,1.594581212956086e-28,0.0006338258196809288,1.59571339289386e-05
0.13186318631863186,1.5957777171492029e-28,0.0006344600259715279,1.5981089987990006e-05
0.13191319131913193,1.5969751191468798e-28,0.0006350948668491174,1.6005082011693182e-05
0.13196319631963196,1.5981734196227904e-28,0.0006357303429486647,1.6029110054041013e-05
0.13201320132013203,1.5993726192511126e-28,0.0006363664549057726,1.6053174169107403e-05
0.13206320632063206,1.6005727187065316e-28,0.0006370032033566817,1.6077274411047456e-05
0.13211321132113213,1.601773718664239e-28,0.0006376405889382663,1.6101410834097587e-05
0.13216321632163217,1.6029756197999323e-28,0.0006382786122880406,1.6125583492575622e-05
0.13221322132213223,1.6041784227898157e-28,0.0006389172740441556,1.6149792440880917e-05
0.13226322632263227,1.605382128310601e-28,0.0006395565748453999,1.6174037733494512e-05
0.13231323132313233,1.6065867370395085e-28,0.0006401965153312032,1.6198319424979248e-05
0.13236323632363237,1.6077922496542662e-28,0.0006408370961416334,1.622263756997985e-05
0.13241324132413243,1.6089986668331095e-28,0.0006414783179173997,1.6246992223223113e-05
0.13246324632463247,1.6102059892547864e-28,0.0006421201812998529,1.6271383439517995e-05
0.13251325132513253,1.6114142175985498e-28,0.0006427626869309844,1.6295811273755703e-05
0.13256325632563257,1.6126233525441628e-28,0.000643405835453427,1.6320275780909857e-05
0.13261326132613263,1.6138333947719034e-28,0.0006440496275104601,1.6344777016036658e-05
0.13266326632663267,1.615044344962554e-28,0.0006446940637460035,1.6369315034274867e-05
0.13271327132713273,1.6162562037974114e-28,0.0006453391448046229,1.6393889890846122e-05
0.13276327632763277,1.6174689719582815e-28,0.0006459848713315275,1.6418501641054905e-05
0.1328132813281328,1.6186826501274834e-28,0.000646631243972574,1.644315034028873e-05
0.13286328632863287,1.619897238987848e-28,0.0006472782633742636,1.6467836044018304e-05
0.1329132913291329,1.6211127392227176e-28,0.0006479259301837459,1.6492558807797548e-05
0.13296329632963297,1.62232915151595e-28,0.0006485742450488176,1.6517318687263866e-05
0.133013301330133,1.6235464765519108e-28,0.0006492232086179218,1.6542115738138097e-05
0.13306330633063307,1.6247647150154842e-28,0.0006498728215401533,1.6566950016224776e-05
0.1331133113311331,1.6259838675920659e-28,0.0006505230844652542,1.659182157741223e-05
0.13316331633163317,1.6272039349675676e-28,0.0006511739980436189,1.6616730477672696e-05
0.1332133213321332,1.6284249178284123e-28,0.0006518255629262894,1.6641676773062378e-05
0.13326332633263327,1.6296468168615426e-28,0.000652477779764962,1.666666051972173e-05
0.1333133313331333,1.6308696327544125e-28,0.0006531306492119838,1.669168177387538e-05
0.13336333633363337,1.6320933661949942e-28,0.000653784171920355,1.6716740591832462e-05
0.1334133413341334,1.6333180178717754e-28,0.0006544383485437292,1.6741837029986573e-05
0.13346334633463347,1.6345435884737608e-28,0.0006550931797364137,1.676697114481605e-05
0.1335133513351335,1.6357700786904714e-28,0.000655748666153371,1.6792142992883943e-05
0.13356335633563357,1.636997489211947e-28,0.0006564048084502191,1.681735263083825e-05
0.1336133613361336,1.6382258207287423e-28,0.0006570616072832301,1.684260011541202e-05
0.13366336633663367,1.639455073931933e-28,0.0006577190633093355,1.6867885503423455e-05
0.1337133713371337,1.6406852495131134e-28,0.0006583771771861224,1.68932088517761e-05
0.13376337633763377,1.6419163481643931e-28,0.0006590359495718368,1.6918570217458842e-05
0.1338133813381338,1.643148370578407e-28,0.0006596953811253824,1.6943969657546253e-05
0.13386338633863387,1.6443813174483035e-28,0.0006603554725063241,1.6969407229198425e-05
0.1339133913391339,1.6456151894677555e-28,0.0006610162243748829,1.6994882989661447e-05
0.13396339633963397,1.646849987330955e-28,0.0006616776373919447,1.7020396996267213e-05
0.134013401340134,1.6480857117326133e-28,0.0006623397122190546,1.7045949306433704e-05
0.13406340634063407,1.649322363367966e-28,0.0006630024495184198,1.7071539977665188e-05
0.1341134113411341,1.6505599429327675e-28,0.0006636658499529096,1.709716906755216e-05
0.13416341634163417,1.6517984511232963e-28,0.0006643299141860579,1.712283663377161e-05
0.1342134213421342,1.653037888636354e-28,0.0006649946428820627,1.714854273408716e-05
0.13426342634263427,1.654278256169261e-28,0.0006656600367057837,1.7174287426349118e-05
0.1343134313431343,1.6555195544198643e-28,0.0006663260963227486,1.7200070768494578e-05
0.13436343634363437,1.6567617840865364e-28,0.0006669928223991515,1.722589281854776e-05
0.1344134413441344,1.6580049458681679e-28,0.0006676602156018508,1.7251753634619833e-05
0.13446344634463447,1.6592490404641802e-28,0.0006683282765983732,1.7277653274909385e-05
0.1345134513451345,1.6604940685745137e-28,0.0006689970060569139,1.7303591797702128e-05
0.13456345634563457,1.6617400308996388e-28,0.0006696664046463354,1.7329569261371534e-05
0.1346134613461346,1.6629869281405497e-28,0.0006703364730361715,1.7355585724378598e-05
0.13466346634663467,1.6642347609987644e-28,0.0006710072118966233,1.7381641245272022e-05
0.1347134713471347,1.6654835301763305e-28,0.0006716786218985644,1.740773588268849e-05
0.13476347634763478,1.666733236375822e-28,0.0006723507037135394,1.7433869695352736e-05
0.1348134813481348,1.6679838803003378e-28,0.000673023458013765,1.7460042742077515e-05
0.13486348634863488,1.6692354626535075e-28,0.000673696885472129,1.7486255081764093e-05
0.1349134913491349,1.6704879841394852e-28,0.0006743709867621941,1.751250677340193e-05
0.13496349634963498,1.6717414454629567e-28,0.0006750457625581972,1.753879787606921e-05
0.135013501350135,1.6729958473291344e-28,0.0006757212135350482,1.7565128448932784e-05
0.13506350635063508,1.6742511904437606e-28,0.0006763973403683341,1.759149855124826e-05
0.1351135113511351,1.675507475513107e-28,0.0006770741437343156,1.761790824236026e-05
0.13516351635163518,1.676764703243976e-28,0.0006777516243099337,1.7644357581702505e-05
0.1352135213521352,1.678022874343698e-28,0.0006784297827728016,1.7670846628797886e-05
0.13526352635263528,1.6792819895201387e-28,0.000679108619801217,1.769737544325874e-05
0.1353135313531353,1.6805420494816888e-28,0.0006797881360741493,1.7723944084786804e-05
0.13536353635363538,1.6818030549372757e-28,0.0006804683322712531,1.7750552613173504e-05
0.1354135413541354,1.683065006596357e-28,0.0006811492090728599,1.7777201088300043e-05
0.13546354635463548,1.684327905168922e-28,0.000681830767159983,1.7803889570137467e-05
0.13551355135513551,1.6855917513654934e-28,0.0006825130072143166,1.7830618118746864e-05
0.13556355635563558,1.6868565458971274e-28,0.0006831959299182377,1.785738679427957e-05
0.13561356135613561,1.6881222894754115e-28,0.0006838795359548046,1.7884195656977114e-05
0.13566356635663568,1.6893889828124716e-28,0.0006845638260077617,1.7911044767171553e-05
0.13571357135713571,1.6906566266209625e-28,0.0006852488007615344,1.7937934185285424e-05
0.13576357635763578,1.691925221614079e-28,0.0006859344609012358,1.7964863971832078e-05
0.13581358135813582,1.6931947685055473e-28,0.0006866208071126625,1.7991834187415658e-05
0.13586358635863588,1.6944652680096301e-28,0.0006873078400822986,1.801884489273129e-05
0.13591359135913592,1.695736720841126e-28,0.0006879955604973138,1.8045896148565203e-05
0.13596359635963598,1.697009127715373e-28,0.0006886839690455671,1.807298801579499e-05
0.13601360136013602,1.6982824893482401e-28,0.0006893730664156044,1.810012055538947e-05
0.13606360636063608,1.6995568064561383e-28,0.0006900628532966604,1.812729382840913e-05
0.13611361136113612,1.7008320797560139e-28,0.0006907533303786612,1.815450789600606e-05
0.13616361636163618,1.7021083099653506e-28,0.0006914444983522204,1.8181762819424154e-05
0.13621362136213622,1.703385497802173e-28,0.000692136357908646,1.8209058659999314e-05
0.13626362636263628,1.7046636439850424e-28,0.0006928289097399354,1.823639547915941e-05
0.13631363136313632,1.7059427492330594e-28,0.000693522154538778,1.826377333842465e-05
0.13636363636363638,1.7072228142658663e-28,0.0006942160929985589,1.829119229940758e-05
0.13641364136413642,1.7085038398036414e-28,0.0006949107258133539,1.8318652423813128e-05
0.13646364636463648,1.7097858265671086e-28,0.000695606053677937,1.8346153773439034e-05
0.13651365136513652,1.7110687752775266e-28,0.0006963020772877732,1.8373696410175633e-05
0.13656365636563655,1.7123526866566998e-28,0.0006969987973390246,1.840128039600635e-05
0.13661366136613662,1.7136375614269744e-28,0.0006976962145285544,1.8428905793007532e-05
0.13666366636663665,1.7149234003112344e-28,0.0006983943295539157,1.8456572663348763e-05
0.13671367136713672,1.7162102040329107e-28,0.000699093143113365,1.8484281069292994e-05
0.13676367636763676,1.7174979733159743e-28,0.0006997926559058549,1.8512031073196606e-05
0.13681368136813682,1.7187867088849415e-28,0.000700492868631039,1.853982273750962e-05
0.13686368636863686,1.7200764114648698e-28,0.0007011937819892698,1.8567656124775774e-05
0.13691369136913692,1.7213670817813632e-28,0.0007018953966816014,1.859553129763276e-05
0.13696369636963696,1.7226587205605663e-28,0.000702597713409787,1.862344831881221e-05
0.13701370137013702,1.723951328529176e-28,0.0007033007328762864,1.865140725114011e-05
0.13706370637063706,1.7252449064144249e-28,0.0007040044557842573,1.8679408157536562e-05
0.13711371137113712,1.7265394549440997e-28,0.0007047088828375661,1.870745110101623e-05
0.13716371637163716,1.7278349748465285e-28,0.000705414014740779,1.8735536144688412e-05
0.13721372137213722,1.7291314668505856e-28,0.0007061198521991688,1.8763663351757082e-05
0.13726372637263726,1.730428931685695e-28,0.0007068263959187147,1.8791832785521112e-05
0.13731373137313732,1.7317273700818278e-28,0.0007075336466061026,1.8820044509374467e-05
0.13736373637363736,1.7330267827694993e-28,0.0007082416049687241,1.8848298586806145e-05
0.13741374137413742,1.7343271704797777e-28,0.0007089502717146794,1.8876595081400653e-05
0.13746374637463746,1.7356285339442754e-28,0.0007096596475527761,1.890493405683778e-05
0.13751375137513752,1.736930873895157e-28,0.0007103697331925327,1.893331557689303e-05
0.13756375637563756,1.7382341910651347e-28,0.0007110805293441773,1.896173970543757e-05
0.13761376137613762,1.7395384861874716e-28,0.0007117920367186481,1.8990206506438502e-05
0.13766376637663766,1.74084375999598e-28,0.000712504256027594,1.9018716043958982e-05
0.13771377137713772,1.742150013225025e-28,0.0007132171879833783,1.9047268382158313e-05
0.13776377637763776,1.7434572466095183e-28,0.000713930833299075,1.907586358529206e-05
0.13781378137813782,1.744765460884928e-28,0.0007146451926884722,1.9104501717712374e-05
0.13786378637863786,1.7460746567872701e-28,0.0007153602668660712,1.913318284386793e-05
0.13791379137913792,1.7473848350531164e-28,0.0007160760565470909,1.9161907028304188e-05
0.13796379637963796,1.7486959964195882e-28,0.0007167925624474631,1.9190674335663485e-05
0.13801380138013802,1.7500081416243625e-28,0.000717509785283838,1.9219484830685236e-05
0.13806380638063806,1.7513212714056672e-28,0.0007182277257735814,1.9248338578206022e-05
0.13811381138113812,1.752635386502288e-28,0.0007189463846347777,1.927723564315982e-05
0.13816381638163816,1.7539504876535594e-28,0.0007196657625862287,1.9306176090577982e-05
0.13821382138213822,1.7552665755993767e-28,0.0007203858603474581,1.9335159985589603e-05
0.13826382638263826,1.756583651080185e-28,0.0007211066786387059,1.9364187393421438e-05
0.13831383138313832,1.7579017148369896e-28,0.0007218282181809359,1.9393258379398317e-05
0.13836383638363836,1.759220767611348e-28,0.0007225504796958313,1.942237300894297e-05
0.13841384138413843,1.7605408101453772e-28,0.0007232734639057985,1.9451531347576483e-05
0.13846384638463846,1.7618618431817487e-28,0.0007239971715339661,1.948073346091824e-05
0.13851385138513853,1.7631838674636932e-28,0.0007247216033041869,1.9509979414686183e-05
0.13856385638563856,1.7645068837349967e-28,0.000725446759941037,1.9539269274696796e-05
0.13861386138613863,1.7658308927400072e-28,0.0007261726421698197,1.9568603106865576e-05
0.13866386638663866,1.7671558952236252e-28,0.0007268992507165602,1.959798097720674e-05
0.13871387138713873,1.7684818919313172e-28,0.0007276265863080144,1.9627402951833816e-05
0.13876387638763876,1.7698088836091034e-28,0.0007283546496716628,1.9656869096959458e-05
0.13881388138813883,1.771136871003567e-28,0.0007290834415357142,1.96863794788958e-05
0.13886388638863886,1.7724658548618497e-28,0.000729812962629106,1.9715934164054464e-05
0.13891389138913893,1.7737958359316562e-28,0.0007305432136815068,1.9745533218946842e-05
0.13896389638963896,1.7751268149612476e-28,0.0007312741954233118,1.977517671018409e-05
0.13901390139013903,1.7764587926994515e-28,0.0007320059085856503,1.9804864704477474e-05
0.13906390639063906,1.7777917698956543e-28,0.0007327383539003813,1.9834597268638312e-05
0.13911391139113913,1.7791257472998067e-28,0.0007334715321000974,1.9864374469578282e-05
0.13916391639163916,1.7804607256624206e-28,0.0007342054439181229,1.9894196374309517e-05
0.13921392139213923,1.7817967057345714e-28,0.0007349400900885166,1.99240630499447e-05
0.13926392639263926,1.7831336882678981e-28,0.0007356754713460719,1.995397456369733e-05
0.13931393139313933,1.7844716740146047e-28,0.0007364115884263169,1.9983930982881815e-05
0.13936393639363936,1.785810663727458e-28,0.0007371484420655163,2.0013932374913526e-05
0.13941394139413943,1.7871506581597905e-28,0.000737886033000671,2.004397880730917e-05
0.13946394639463947,1.7884916580655e-28,0.0007386243619695194,2.0074070347686723e-05
0.13951395139513953,1.7898336641990495e-28,0.0007393634297105381,2.0104207063765727e-05
0.13956395639563957,1.7911766773154687e-28,0.0007401032369629433,2.013438902336735e-05
0.13961396139613963,1.7925206981703543e-28,0.0007408437844666899,2.0164616294414613e-05
0.13966396639663967,1.793865727519868e-28,0.0007415850729624741,2.0194888944932466e-05
0.13971397139713973,1.7952117661207421e-28,0.0007423271031917322,2.0225207043048068e-05
0.13976397639763977,1.7965588147302724e-28,0.0007430698758966424,2.0255570656990732e-05
0.13981398139813983,1.797906874106328e-28,0.000743813391820128,2.0285979855092335e-05
0.13986398639863987,1.7992559450073415e-28,0.0007445576517058515,2.0316434705787192e-05
0.13991399139913993,1.8006060281923184e-28,0.0007453026562982229,2.03469352776125e-05
0.13996399639963997,1.801957124420832e-28,0.0007460484063423956,2.0377481639208244e-05
0.14001400140014003,1.803309234453026e-28,0.0007467949025842688,2.040807385931754e-05
0.14006400640064007,1.804662359049615e-28,0.0007475421457704876,2.043871200678664e-05
0.14011401140114013,1.806016498971884e-28,0.0007482901366484466,2.0469396150565185e-05
0.14016401640164017,1.8073716549816887e-28,0.0007490388759662847,2.050012635970632e-05
0.14021402140214023,1.8087278278414565e-28,0.0007497883644728911,2.0530902703366865e-05
0.14026402640264027,1.8100850183141872e-28,0.000750538602917905,2.0561725250807423e-05
0.14031403140314033,1.811443227163454e-28,0.0007512895920517148,2.059259407139264e-05
0.14036403640364037,1.8128024551534016e-28,0.0007520413326254592,2.062350923459127e-05
0.1404140414041404,1.814162703048748e-28,0.0007527938253910295,2.0654470809976348e-05
0.14046404640464047,1.8155239716147877e-28,0.0007535470711010697,2.0685478867225393e-05
0.1405140514051405,1.8168862616173865e-28,0.0007543010705089763,2.071653347612047e-05
0.14056405640564057,1.818249573822986e-28,0.0007550558243688992,2.074763470654845e-05
0.1406140614061406,1.8196139089986015e-28,0.0007558113334357425,2.0778782628501095e-05
0.14066406640664067,1.8209792679118272e-28,0.0007565675984651673,2.0809977312075336e-05
0.1407140714071407,1.822345651330829e-28,0.0007573246202135902,2.084121882747314e-05
0.14076407640764077,1.8237130600243532e-28,0.0007580823994381839,2.08725072450021e-05
0.1408140814081408,1.8250814947617193e-28,0.0007588409368968801,2.090384263507517e-05
0.14086408640864087,1.8264509563128274e-28,0.000759600233348366,2.0935225068211164e-05
0.1409140914091409,1.8278214454481538e-28,0.0007603602895520926,2.0966654615034663e-05
0.14096409640964097,1.8291929629387514e-28,0.0007611211062682668,2.0998131346276274e-05
0.141014101410141,1.8305655095562538e-28,0.0007618826842578569,2.1029655332772882e-05
0.14106410641064107,1.8319390860728745e-28,0.0007626450242825958,2.1061226645467616e-05
0.1411141114111411,1.8333136932614018e-28,0.000763408127104973,2.1092845355410168e-05
0.14116411641164117,1.8346893318952102e-28,0.0007641719934882467,2.1124511533756898e-05
0.1412141214121412,1.8360660027482484e-28,0.0007649366241964337,2.1156225251770912e-05
0.14126412641264127,1.8374437065950503e-28,0.0007657020199943199,2.1187986580822404e-05
0.1413141314131413,1.8388224442107295e-28,0.0007664681816474527,2.1219795592388693e-05
0.14136413641364137,1.84020221637098e-28,0.0007672351099221476,2.125165235805436e-05
0.1414141414141414,1.8415830238520798e-28,0.0007680028055854866,2.1283556949511462e-05
0.14146414641464147,1.842964867430889e-28,0.0007687712694053194,2.131550943855974e-05
0.1415141514151415,1.8443477478848483e-28,0.0007695405021502624,2.134750989710664e-05
0.14156415641564157,1.845731665991986e-28,0.0007703105045897032,2.137955839716767e-05
0.1416141614161416,1.8471166225309092e-28,0.0007710812774937976,2.141165501086635e-05
0.14166416641664167,1.8485026182808132e-28,0.0007718528216334737,2.144379981043452e-05
0.1417141714171417,1.8498896540214775e-28,0.0007726251377804293,2.147599286821249e-05
0.14176417641764177,1.8512777305332642e-28,0.0007733982267071351,2.1508234256649128e-05
0.1418141814181418,1.852666848597122e-28,0.0007741720891868345,2.154052404830205e-05
0.14186418641864187,1.8540570089945895e-28,0.0007749467259935463,2.1572862315837885e-05
0.1419141914191419,1.855448212507784e-28,0.0007757221379020609,2.1605249132032252e-05
0.14196419641964197,1.856840459919418e-28,0.0007764983256879462,2.163768456977014e-05
0.142014201420142,1.8582337520127848e-28,0.0007772752901275439,2.1670168702045847e-05
0.14206420642064208,1.8596280895717689e-28,0.0007780530319979756,2.170270160196332e-05
0.1421142114211421,1.8610234733808413e-28,0.0007788315520771376,2.1735283342736224e-05
0.14216421642164218,1.8624199042250645e-28,0.0007796108511437071,2.1767913997688197e-05
0.1422142214221422,1.8638173828900845e-28,0.0007803909299771373,2.1800593640252828e-05
0.14226422642264228,1.8652159101621447e-28,0.0007811717893576654,2.1833322343974137e-05
0.1423142314231423,1.8666154868280705e-28,0.000781953430066304,2.1866100182506402e-05
0.14236423642364238,1.8680161136752836e-28,0.0007827358528848536,2.1898927229614533e-05
0.1424142414241424,1.8694177914917921e-28,0.000783519058595891,2.1931803559174137e-05
0.14246424642464248,1.8708205210661999e-28,0.0007843030479827804,2.1964729245171816e-05
0.1425142514251425,1.8722243031876983e-28,0.0007850878218296667,2.1997704361705178e-05
0.14256425642564258,1.8736291386460735e-28,0.0007858733809214817,2.2030728982983086e-05
0.1426142614261426,1.8750350282317027e-28,0.0007866597260439412,2.206380318332579e-05
0.14266426642664268,1.8764419727355602e-28,0.0007874468579835485,2.209692703716524e-05
0.1427142714271427,1.8778499729492057e-28,0.0007882347775275916,2.213010061904489e-05
0.14276427642764278,1.879259029664802e-28,0.0007890234854641492,2.2163324003620345e-05
0.14281428142814281,1.880669143675099e-28,0.0007898129825820859,2.2196597265659133e-05
0.14286428642864288,1.8820803157734473e-28,0.0007906032696710575,2.222992048004114e-05
0.14291429142914291,1.883492546753788e-28,0.0007913943475215091,2.2263293721758558e-05
0.14296429642964298,1.8849058374106607e-28,0.0007921862169246767,2.2296717065916222e-05
0.14301430143014301,1.8863201885392e-28,0.0007929788786725882,2.2330190587731714e-05
0.14306430643064308,1.8877356009351394e-28,0.000793772333558065,2.236371436253557e-05
0.14311431143114312,1.8891520753948041e-28,0.0007945665823747184,2.239728846577133e-05
0.14316431643164318,1.8905696127151246e-28,0.0007953616259169584,2.2430912972995934e-05
0.14321432143214322,1.8919882136936215e-28,0.0007961574649799866,2.2464587959879572e-05
0.14326432643264328,1.8934078791284199e-28,0.0007969541003598012,2.24983135022062e-05
0.14331433143314332,1.8948286098182408e-28,0.0007977515328531984,2.2532089675873464e-05
0.14336433643364338,1.8962504065624045e-28,0.0007985497632577681,2.256591655689297e-05
0.14341434143414342,1.8976732701608318e-28,0.0007993487923719019,2.259979422139041e-05
0.14346434643464348,1.8990972014140447e-28,0.0008001486209947889,2.2633722745605865e-05
0.14351435143514352,1.9005222011231633e-28,0.0008009492499264166,2.2667702205893725e-05
0.14356435643564358,1.9019482700899118e-28,0.0008017506799675752,2.2701732678723144e-05
0.14361436143614362,1.9033754091166122e-28,0.0008025529119198544,2.2735814240677942e-05
0.14366436643664368,1.9048036190061933e-28,0.0008033559465856477,2.2769946968457048e-05
0.14371437143714372,1.906232900562183e-28,0.0008041597847681499,2.2804130938874442e-05
0.14376437643764378,1.9076632545887126e-28,0.0008049644272713598,2.283836622885948e-05
0.14381438143814382,1.9090946818905175e-28,0.0008057698749000807,2.2872652915456978e-05
0.14386438643864388,1.9105271832729372e-28,0.0008065761284599226,2.2906991075827438e-05
0.14391439143914392,1.9119607595419137e-28,0.0008073831887572989,2.294138078724717e-05
0.14396439643964398,1.9133954115039967e-28,0.0008081910565994324,2.2975822127108547e-05
0.14401440144014402,1.914831139966337e-28,0.0008089997327943521,2.3010315172920038e-05
0.14406440644064408,1.9162679457366956e-28,0.0008098092181508966,2.3044860002306597e-05
0.14411441144114412,1.917705829623437e-28,0.0008106195134787127,2.3079456693009633e-05
0.14416441644164416,1.9191447924355322e-28,0.0008114306195882582,2.3114105322887272e-05
0.14421442144214422,1.9205848349825596e-28,0.0008122425372908013,2.3148805969914546e-05
0.14426442644264426,1.922025958074706e-28,0.0008130552673984228,2.318355871218355e-05
0.14431443144314432,1.923468162522765e-28,0.0008138688107240145,2.32183636279036e-05
0.14436443644364436,1.9249114491381385e-28,0.000814683168081283,2.3253220795401476e-05
0.14441444144414442,1.9263558187328385e-28,0.0008154983402847488,2.3288130293121447e-05
0.14446444644464446,1.9278012721194835e-28,0.0008163143281497464,2.3323092199625647e-05
0.14451445144514452,1.929247810111307e-28,0.0008171311324924282,2.3358106593594126e-05
0.14456445644564456,1.930695433522146e-28,0.000817948754129761,2.3393173553824982e-05
0.14461446144614462,1.9321441431664536e-28,0.0008187671938795305,2.3428293159234728e-05
0.14466446644664466,1.933593939859291e-28,0.0008195864525603394,2.346346548885831e-05
0.14471447144714472,1.9350448244163336e-28,0.0008204065309916126,2.3498690621849257e-05
0.14476447644764476,1.936496797653865e-28,0.0008212274299935899,2.353396863748002e-05
0.14481448144814482,1.9379498603887864e-28,0.0008220491503873367,2.356929961514205e-05
0.14486448644864486,1.9394040134386056e-28,0.000822871692994736,2.3604683634345903e-05
0.14491449144914492,1.9408592576214506e-28,0.000823695058638497,2.364012077472162e-05
0.14496449644964496,1.9423155937560575e-28,0.0008245192481421478,2.3675611116018686e-05
0.14501450145014502,1.9437730226617815e-28,0.0008253442623300448,2.3711154738106396e-05
0.14506450645064506,1.9452315451585886e-28,0.0008261701020273659,2.3746751720973916e-05
0.14511451145114512,1.9466911620670633e-28,0.000826996768060118,2.3782402144730433e-05
0.14516451645164516,1.948151874208402e-28,0.0008278242612551302,2.3818106089605482e-05
0.14521452145214522,1.949613682404423e-28,0.0008286525824400626,2.3853863635949102e-05
0.14526452645264526,1.9510765874775544e-28,0.0008294817324434015,2.3889674864231783e-05
0.14531453145314532,1.952540590250849e-28,0.0008303117120944642,2.3925539855044974e-05
0.14536453645364536,1.9540056915479695e-28,0.0008311425222233944,2.3961458689101035e-05
0.14541454145414542,1.9554718921932021e-28,0.0008319741636611706,2.399743144723352e-05
0.14546454645464546,1.9569391930114488e-28,0.0008328066372395988,2.4033458210397388e-05
0.14551455145514552,1.958407594828232e-28,0.0008336399437913201,2.406953905966902e-05
0.14556455645564556,1.9598770984696925e-28,0.0008344740841498075,2.4105674076246597e-05
0.14561456145614562,1.961347704762593e-28,0.0008353090591493695,2.414186334145026e-05
0.14566456645664566,1.9628194145343128e-28,0.000836144869625146,2.4178106936722052e-05
0.14571457145714573,1.964292228612856e-28,0.0008369815164131167,2.4214404943626447e-05
0.14576457645764576,1.9657661478268455e-28,0.0008378190003500948,2.4250757443850293e-05
0.14581458145814583,1.9672411730055267e-28,0.0008386573222737315,2.428716451920311e-05
0.14586458645864586,1.9687173049787676e-28,0.0008394964830225179,2.4323626251617225e-05
0.14591459145914593,1.9701945445770585e-28,0.0008403364834357811,2.4360142723147933e-05
0.14596459645964596,1.9716728926315122e-28,0.0008411773243536904,2.4396714015973728e-05
0.14601460146014603,1.9731523499738677e-28,0.0008420190066172553,2.4433340212396576e-05
0.14606460646064606,1.9746329174364835e-28,0.0008428615310683256,2.447002139484182e-05
0.14611461146114613,1.976114595852348e-28,0.0008437048985495953,2.4506757645858712e-05
0.14616461646164616,1.977597386055071e-28,0.0008445491099045998,2.454354904812034e-05
0.14621462146214623,1.9790812888788887e-28,0.0008453941659777198,2.458039568442396e-05
0.14626462646264626,1.9805663051586643e-28,0.0008462400676141813,2.4617297637691066e-05
0.14631463146314633,1.9820524357298852e-28,0.0008470868156600531,2.4654254990967694e-05
0.14636463646364636,1.983539681428667e-28,0.0008479344109622543,2.4691267827424505e-05
0.14641464146414643,1.9850280430917555e-28,0.0008487828543685496,2.4728336230357156e-05
0.14646464646464646,1.9865175215565177e-28,0.000849632146727552,2.476546028318611e-05
0.14651465146514653,1.9880081176609568e-28,0.0008504822888887244,2.480264006945733e-05
0.14656465646564656,1.9894998322436976e-28,0.0008513332817023779,2.4839875672841995e-05
0.14661466146614663,1.9909926661440001e-28,0.0008521851260196771,2.487716717713706e-05
0.14666466646664666,1.9924866202017493e-28,0.0008530378226926348,2.4914514666265174e-05
0.14671467146714673,1.9939816952574639e-28,0.0008538913725741204,2.495191822427503e-05
0.14676467646764677,1.99547789215229e-28,0.0008547457765178533,2.4989377935341413e-05
0.14681468146814683,1.9969752117280094e-28,0.000855601035378409,2.5026893883765666e-05
0.14686468646864687,1.9984736548270304e-28,0.0008564571500112167,2.5064466153975476e-05
0.14691469146914693,1.9999732222923983e-28,0.0008573141212725631,2.5102094830525463e-05
0.14696469646964697,2.0014739149677852e-28,0.000858171950019591,2.513977999809697e-05
0.14701470147014703,2.0029757336975031e-28,0.0008590306371103004,2.517752174149876e-05
0.14706470647064707,2.004478679326493e-28,0.0008598901834035511,2.521532014566663e-05
0.14711471147114713,2.0059827527003295e-28,0.0008607505897590601,2.525317529566407e-05
0.14716471647164717,2.0074879546652244e-28,0.000861611857037407,2.52910872766822e-05
0.14721472147214723,2.0089942860680238e-28,0.0008624739861000306,2.5329056174040128e-05
0.14726472647264727,2.010501747756207e-28,0.0008633369778092326,2.536708207318489e-05
0.14731473147314733,2.0120103405778932e-28,0.0008642008330281789,2.5405165059691936e-05
0.14736473647364737,2.0135200653818326e-28,0.0008650655526208954,2.5443305219265105e-05
0.14741474147414743,2.0150309230174171e-28,0.0008659311374522758,2.5481502637736966e-05
0.14746474647464747,2.016542914334674e-28,0.0008667975883880776,2.551975740106892e-05
0.14751475147514753,2.0180560401842688e-28,0.0008676649062949262,2.555806959535142e-05
0.14756475647564757,2.019570301417504e-28,0.0008685330920403121,2.5596439306804117e-05
0.14761476147614763,2.0210856988863245e-28,0.000869402146492596,2.5634866621776245e-05
0.14766476647664767,2.022602233443308e-28,0.0008702720705210039,2.5673351626746437e-05
0.14771477147714773,2.02411990594168e-28,0.0008711428649956368,2.5711894408323437e-05
0.14776477647764777,2.0256387172352992e-28,0.000872014530787461,2.575049505324575e-05
0.14781478147814783,2.027158668178669e-28,0.0008728870687683187,2.578915364838227e-05
0.14786478647864787,2.0286797596269332e-28,0.000873760479810921,2.5827870280732243e-05
0.14791479147914793,2.0302019924358757e-28,0.0008746347647888541,2.586664503742555e-05
0.14796479647964797,2.031725367461924e-28,0.0008755099245765784,2.5905478005722806e-05
0.148014801480148,2.0332498855621493e-28,0.0008763859600494282,2.594436927301576e-05
0.14806480648064807,2.0347755475942634e-28,0.0008772628720836147,2.598331892682723e-05
0.1481148114811481,2.0363023544166226e-28,0.0008781406615562252,2.6022327054811465e-05
0.14816481648164817,2.03783030688823e-28,0.0008790193293452256,2.606139374475442e-05
0.1482148214821482,2.039359405868728e-28,0.0008798988763294585,2.6100519084573665e-05
0.14826482648264827,2.0408896522184086e-28,0.0008807793033886474,2.6139703162318873e-05
0.1483148314831483,2.042421046798207e-28,0.0008816606114033952,2.6178946066171837e-05
0.14836483648364837,2.043953590469704e-28,0.0008825428012551867,2.62182478844468e-05
0.1484148414841484,2.0454872840951293e-28,0.0008834258738263876,2.6257608705590564e-05
0.14846484648464847,2.0470221285373574e-28,0.0008843098300002476,2.629702861818267e-05
0.1485148514851485,2.048558124659911e-28,0.0008851946706609005,2.6336507710935695e-05
0.14856485648564857,2.0500952733269627e-28,0.0008860803966933632,2.637604607269543e-05
0.1486148614861486,2.0516335754033284e-28,0.0008869670089835384,2.641564379244093e-05
0.14866486648664867,2.053173031754479e-28,0.0008878545084182175,2.645530095928496e-05
0.1487148714871487,2.05471364324653e-28,0.0008887428958850755,2.6495017662473964e-05
0.14876487648764877,2.0562554107462496e-28,0.0008896321722726799,2.653479399138844e-05
0.1488148814881488,2.0577983351210556e-28,0.0008905223384704833,2.6574630035543054e-05
0.14886488648864887,2.0593424172390163e-28,0.0008914133953688304,2.6614525884586836e-05
0.1489148914891489,2.0608876579688517e-28,0.0008923053438589572,2.6654481628303407e-05
0.14896489648964897,2.0624340581799344e-28,0.0008931981848329897,2.6694497356611257e-05
0.149014901490149,2.063981618742286e-28,0.0008940919191839471,2.6734573159563714e-05
0.14906490649064907,2.065530340526588e-28,0.0008949865478057454,2.6774709127349436e-05
0.1491149114911491,2.0670802244041665e-28,0.0008958820715931891,2.6814905350292396e-05
0.14916491649164917,2.0686312712470074e-28,0.0008967784914419823,2.6855161918852258e-05
0.1492149214921492,2.0701834819277488e-28,0.000897675808248724,2.6895478923624404e-05
0.14926492649264927,2.071736857319684e-28,0.0008985740229109113,2.6935856455340274e-05
0.1493149314931493,2.0732913982967612e-28,0.0008994731363269387,2.6976294604867432e-05
0.14936493649364938,2.0748471057335856e-28,0.0009003731493960982,2.701679346321006e-05
0.1494149414941494,2.0764039805054156e-28,0.0009012740630185838,2.705735312150872e-05
0.14946494649464948,2.0779620234881725e-28,0.0009021758780954903,2.7097973671040988e-05
0.1495149514951495,2.0795212355584266e-28,0.0009030785955288119,2.7138655203221346e-05
0.14956495649564958,2.081081617593411e-28,0.0009039822162214464,2.7179397809601593e-05
0.1496149614961496,2.082643170471018e-28,0.0009048867410771973,2.722020158187095e-05
0.14966496649664968,2.084205895069796e-28,0.0009057921710007687,2.7261066611856285e-05
0.1497149714971497,2.085769792268952e-28,0.0009066985068977712,2.730199299152232e-05
0.14976497649764978,2.087334862948357e-28,0.0009076057496747248,2.7342980812971853e-05
0.1498149814981498,2.088901107988537e-28,0.0009085139002390514,2.7384030168445928e-05
0.14986498649864988,2.090468528270683e-28,0.0009094229594990841,2.7425141150324138e-05
0.1499149914991499,2.0920371246766427e-28,0.0009103329283640633,2.7466313851124642e-05
0.14996499649964998,2.0936068980889306e-28,0.0009112438077441418,2.7507548363504594e-05
0.15001500150015,2.09517784939072e-28,0.0009121555985503793,2.7548844780260246e-05
0.15006500650065008,2.0967499794658483e-28,0.0009130683016947501,2.7590203194327126e-05
0.15011501150115011,2.098323289198814e-28,0.0009139819180901396,2.7631623698780268e-05
0.15016501650165018,2.0998977794747837e-28,0.0009148964486503481,2.7673106386834523e-05
0.15021502150215021,2.1014734511795815e-28,0.000915811894290087,2.7714651351844544e-05
0.15026502650265028,2.103050305199704e-28,0.0009167282559249868,2.7756258687305328e-05
0.15031503150315031,2.1046283424223062e-28,0.0009176455344715921,2.779792848685202e-05
0.15036503650365038,2.106207563735213e-28,0.0009185637308473653,2.783966084426048e-05
0.15041504150415042,2.1077879700269144e-28,0.0009194828459706863,2.7881455853447342e-05
0.15046504650465048,2.1093695621865663e-28,0.000920402880760854,2.792331360847018e-05
0.15051505150515052,2.110952341103991e-28,0.0009213238361380865,2.7965234203527788e-05
0.15056505650565058,2.112536307669683e-28,0.0009222457130235259,2.8007217732960396e-05
0.15061506150615062,2.1141214627747974e-28,0.0009231685123392306,2.804926429124986e-05
0.15066506650665068,2.1157078073111665e-28,0.0009240922350081874,2.80913739730199e-05
0.15071507150715072,2.1172953421712847e-28,0.0009250168819543008,2.813354687303621e-05
0.15076507650765078,2.118884068248321e-28,0.0009259424541024054,2.817578308620689e-05
0.15081508150815082,2.120473986436112e-28,0.0009268689523782577,2.821808270758239e-05
0.15086508650865088,2.1220650976291646e-28,0.0009277963777085407,2.826044583235595e-05
0.15091509150915092,2.123657402722659e-28,0.0009287247310208656,2.830287255586366e-05
0.15096509650965098,2.1252509026124456e-28,0.0009296540132437725,2.834536297358478e-05
0.15101510151015102,2.126845598195048e-28,0.0009305842253067289,2.8387917181141844e-05
0.15106510651065108,2.1284414903676624e-28,0.0009315153681401335,2.843053527430106e-05
0.15111511151115112,2.1300385800281544e-28,0.0009324474426753134,2.847321734897229e-05
0.15116511651165118,2.131636868075071e-28,0.0009333804498445316,2.8515963501209464e-05
0.15121512151215122,2.133236355407627e-28,0.0009343143905809823,2.855877382721061e-05
0.15126512651265128,2.1348370429257144e-28,0.0009352492658187917,2.8601648423318365e-05
0.15131513151315132,2.1364389315298986e-28,0.0009361850764930227,2.8644587386019732e-05
0.15136513651365138,2.138042022121426e-28,0.0009371218235396743,2.868759081194689e-05
0.15141514151415142,2.1396463156022108e-28,0.0009380595078956791,2.8730658797876767e-05
0.15146514651465148,2.1412518128748525e-28,0.0009389981304989107,2.8773791440731847e-05
0.15151515151515152,2.142858514842621e-28,0.0009399376922881778,2.8816988837579947e-05
0.15156515651565158,2.144466422409469e-28,0.0009408781942032319,2.8860251085634694e-05
0.15161516151615162,2.1460755364800246e-28,0.0009418196371847626,2.8903578282255612e-05
0.15166516651665168,2.1476858579595972e-28,0.0009427620221744023,2.894697052494841e-05
0.15171517151715172,2.149297387754171e-28,0.000943705350114722,2.8990427911365208e-05
0.15176517651765176,2.150910126770414e-28,0.0009446496219492399,2.9033950539304692e-05
0.15181518151815182,2.152524075915674e-28,0.0009455948386224167,2.907753850671238e-05
0.15186518651865186,2.154139236097979e-28,0.000946541001079659,2.912119191168083e-05
0.15191519151915192,2.1557556082260384e-28,0.0009474881102673173,2.9164910852449902e-05
0.15196519651965196,2.157373193209243e-28,0.0009484361671326915,2.920869542740684e-05
0.15201520152015202,2.158991991957668e-28,0.0009493851726240281,2.9252545735086757e-05
0.15206520652065206,2.160612005382066e-28,0.0009503351276905204,2.9296461874172476e-05
0.15211521152115212,2.16223323439388e-28,0.0009512860332823162,2.9340443943495196e-05
0.15216521652165216,2.1638556799052343e-28,0.0009522378903505097,2.9384492042034384e-05
0.15221522152215222,2.165479342828935e-28,0.0009531906998471496,2.9428606268918037e-05
0.15226522652265226,2.1671042240784767e-28,0.0009541444627252353,2.9472786723423076e-05
0.15231523152315232,2.168730324568037e-28,0.0009550991799387214,2.9517033504975414e-05
0.15236523652365236,2.1703576452124803e-28,0.0009560548524425141,2.9561346713150293e-05
0.15241524152415242,2.1719861869273596e-28,0.0009570114811924807,2.9605726447672333e-05
0.15246524652465246,2.1736159506289095e-28,0.0009579690671454375,2.965017280841594e-05
0.15251525152515252,2.1752469372340588e-28,0.000958927611259164,2.969468589540547e-05
0.15256525652565256,2.1768791476604193e-28,0.0009598871144923974,2.9739265808815376e-05
0.15261526152615262,2.1785125828262934e-28,0.0009608475778048303,2.978391264897064e-05
0.15266526652665266,2.180147243650672e-28,0.0009618090021571196,2.9828626516346645e-05
0.15271527152715272,2.1817831310532373e-28,0.0009627713885108827,2.9873407511569855e-05
0.15276527652765276,2.1834202459543566e-28,0.0009637347378286962,2.9918255735417584e-05
0.15281528152815282,2.185058589275096e-28,0.0009646990510741052,2.9963171288818633e-05
0.15286528652865286,2.186698161937204e-28,0.0009656643292116142,3.0008154272853113e-05
0.15291529152915292,2.1883389648631264e-28,0.0009666305732066945,3.005320478875309e-05
0.15296529652965296,2.1899809989759996e-28,0.0009675977840257839,3.00983229379025e-05
0.15301530153015303,2.191624265199652e-28,0.0009685659626362862,3.0143508821837487e-05
0.15306530653065306,2.1932687644586047e-28,0.0009695351100065739,3.018876254224664e-05
0.15311531153115313,2.194914497678078e-28,0.0009705052271059895,3.0234084200971318e-05
0.15316531653165316,2.1965614657839764e-28,0.0009714763149048426,3.027947390000551e-05
0.15321532153215323,2.1982096697029097e-28,0.0009724483743744163,3.032493174149662e-05
0.15326532653265326,2.1998591103621744e-28,0.0009734214064869639,3.037045782774515e-05
0.15331533153315333,2.2015097886897684e-28,0.000974395412215713,3.0416052261205405e-05
0.15336533653365336,2.203161705614383e-28,0.0009753703925348634,3.0461715144485353e-05
0.15341534153415343,2.2048148620654086e-28,0.0009763463484195913,3.050744658034707e-05
0.15346534653465346,2.206469258972931e-28,0.0009773232808460471,3.055324667170686e-05
0.15351535153515353,2.2081248972677356e-28,0.0009783011907913604,3.0599115521635595e-05
0.15356535653565356,2.209781777881303e-28,0.0009792800792336345,3.064505323335883e-05
0.15361536153615363,2.2114399017458183e-28,0.000980259947151956,3.069105991025712e-05
0.15366536653665366,2.2130992697941595e-28,0.0009812407955263863,3.073713565586621e-05
0.15371537153715373,2.2147598829599096e-28,0.0009822226253379726,3.078328057387729e-05
0.15376537653765376,2.2164217421773506e-28,0.0009832054375687402,3.082949476813719e-05
0.15381538153815383,2.218084848381465e-28,0.0009841892332016977,3.08757783426487e-05
0.15386538653865386,2.219749202507936e-28,0.0009851740132208369,3.092213140157068e-05
0.15391539153915393,2.221414805493153e-28,0.0009861597786111373,3.0968554049218436e-05
0.15396539653965396,2.2230816582742013e-28,0.0009871465303585584,3.101504639006378e-05
0.15401540154015403,2.224749761788877e-28,0.0009881342694500529,3.106160852873549e-05
0.15406540654065407,2.226419116975673e-28,0.0009891229968735542,3.1108240570019296e-05
0.15411541154115413,2.228089724773791e-28,0.00099011271361799,3.1154942618858314e-05
0.15416541654165417,2.2297615861231364e-28,0.000991103420673274,3.120171478035323e-05
0.15421542154215423,2.2314347019643186e-28,0.0009920951190303118,3.124855715976244e-05
0.15426542654265427,2.233109073238652e-28,0.0009930878096809993,3.1295469862502385e-05
0.15431543154315433,2.2347847008881627e-28,0.0009940814936182278,3.134245299414784e-05
0.15436543654365437,2.236461585855576e-28,0.0009950761718358788,3.1389506660431946e-05
0.15441544154415443,2.238139729084331e-28,0.0009960718453288296,3.143663096724671e-05
0.15446544654465447,2.2398191315185704e-28,0.000997068515092952,3.1483826020643e-05
0.15451545154515453,2.2414997941031476e-28,0.0009980661821251172,3.153109192683097e-05
0.15456545654565457,2.2431817177836254e-28,0.000999064847423191,3.1578428792180204e-05
0.15461546154615463,2.2448649035062744e-28,0.001000064511986038,3.162583672322e-05
0.15466546654665467,2.246549352218075e-28,0.0010010651768135232,3.16733158266395e-05
0.15471547154715473,2.2482350648667213e-28,0.0010020668429065122,3.1720866209288136e-05
0.15476547654765477,2.249922042400615e-28,0.0010030695112668714,3.176848797817565e-05
0.15481548154815483,2.2516102857688717e-28,0.0010040731828974692,3.181618124047249e-05
0.15486548654865487,2.2532997959213173e-28,0.0010050778588021774,3.1863946103509985e-05
0.15491549154915493,2.254990573808491e-28,0.0010060835399858747,3.191178267478056e-05
0.15496549654965497,2.256682620381647e-28,0.0010070902274544433,3.1959691061938106e-05
0.15501550155015503,2.258375936592752e-28,0.0010080979222147706,3.200767137279803e-05
0.15506550655065507,2.2600705233944844e-28,0.0010091066252747537,3.205572371533766e-05
0.15511551155115513,2.261766381740245e-28,0.0010101163376432995,3.210384819769645e-05
0.15516551655165517,2.2634635125841383e-28,0.001011127060330319,3.215204492817609e-05
0.15521552155215523,2.265161916880998e-28,0.0010121387943467406,3.220031401524101e-05
0.15526552655265527,2.266861595586363e-28,0.001013151540704498,3.224865556751836e-05
0.15531553155315533,2.268562549656496e-28,0.0010141653004165404,3.2297069693798434e-05
0.15536553655365537,2.270264780048374e-28,0.0010151800744968326,3.2345556503034785e-05
0.15541554155415543,2.271968287719695e-28,0.0010161958639603504,3.239411610434462e-05
0.15546554655465547,2.2736730736288706e-28,0.0010172126698230852,3.244274860700887e-05
0.1555155515551555,2.275379138735038e-28,0.0010182304931020487,3.249145412047262e-05
0.15556555655565557,2.27708648399805e-28,0.001019249334815267,3.254023275434523e-05
0.1556155615561556,2.2787951103784782e-28,0.001020269195981784,3.2589084618400546e-05
0.15566556655665567,2.280505018837621e-28,0.0010212900776216684,3.263800982257732e-05
0.1557155715571557,2.282216210337491e-28,0.001022311980756004,3.268700847697923e-05
0.15576557655765577,2.2839286858408293e-28,0.0010233349064068984,3.2736080691875416e-05
0.1558155815581558,2.2856424463110914e-28,0.0010243588555974813,3.27852265777004e-05
0.15586558655865587,2.2873574927124646e-28,0.001025383829351909,3.2834446245054585e-05
0.1559155915591559,2.289073826009854e-28,0.001026409828695358,3.2883739804704405e-05
0.15596559655965597,2.2907914471688904e-28,0.0010274368546540347,3.2933107367582576e-05
0.156015601560156,2.2925103571559287e-28,0.0010284649082551696,3.298254904478833e-05
0.15606560656065607,2.294230556938051e-28,0.0010294939905270226,3.3032064947587766e-05
0.1561156115611561,2.2959520474830594e-28,0.001030524102498881,3.308165518741388e-05
0.15616561656165617,2.2976748297594907e-28,0.001031555245201065,3.313131987586713e-05
0.1562156215621562,2.2993989047365997e-28,0.0010325874196649208,3.3181059124715384e-05
0.15626562656265627,2.301124273384375e-28,0.0010336206269228314,3.323087304589443e-05
0.1563156315631563,2.302850936673531e-28,0.0010346548680082103,3.328076175150797e-05
0.15636563656365637,2.3045788955755077e-28,0.0010356901439555052,3.3330725353828096e-05
0.1564156415641564,2.306308151062478e-28,0.001036726455800199,3.338076396529542e-05
0.15646564656465647,2.308038704107344e-28,0.0010377638045788124,3.343087769851934e-05
0.1565156515651565,2.3097705556837344e-28,0.0010388021913289,3.348106666627832e-05
0.15656565656565657,2.3115037067660125e-28,0.0010398416170890577,3.353133098152023e-05
0.1566156615661566,2.3132381583292682e-28,0.0010408820828989183,3.35816707573623e-05
0.15666566656665668,2.3149739113493288e-28,0.0010419235897991567,3.36320861070918e-05
0.1567156715671567,2.3167109668027484e-28,0.0010429661388314875,3.368257714416593e-05
0.15676567656765678,2.3184493256668174e-28,0.001044009731038669,3.3733143982212285e-05
0.1568156815681568,2.320188988919557e-28,0.0010450543674645012,3.3783786735029e-05
0.15686568656865688,2.3219299575397256e-28,0.0010461000491538306,3.383450551658517e-05
0.1569156915691569,2.323672232506812e-28,0.001047146777152547,3.388530044102082e-05
0.15696569656965698,2.325415814801044e-28,0.0010481945525075897,3.3936171622647485e-05
0.157015701570157,2.3271607054033802e-28,0.0010492433762669421,3.3987119175948087e-05
0.15706570657065708,2.328906905295521e-28,0.0010502932494796389,3.4038143215577745e-05
0.1571157115711571,2.3306544154598973e-28,0.0010513441731957618,3.4089243856363445e-05
0.15716571657165718,2.332403236879683e-28,0.0010523961484664467,3.414042121330467e-05
0.1572157215721572,2.3341533705387845e-28,0.001053449176343878,3.419167540157354e-05
0.15726572657265728,2.335904817421851e-28,0.001054503257881296,3.424300653651506e-05
0.1573157315731573,2.3376575785142678e-28,0.001055558394132992,3.4294414733647375e-05
0.15736573657365738,2.339411654802159e-28,0.0010566145861543124,3.434590010866215e-05
0.15741574157415741,2.3411670472723914e-28,0.001057671835001662,3.439746277742461e-05
0.15746574657465748,2.3429237569125716e-28,0.0010587301417325015,3.4449102855974045e-05
0.15751575157515751,2.3446817847110446e-28,0.0010597895074053484,3.4500820460523846e-05
0.15756575657565758,2.3464411316569e-28,0.0010608499330797812,3.455261570746194e-05
0.15761576157615761,2.3482017987399665e-28,0.0010619114198164362,3.4604488713350986e-05
0.15766576657665768,2.349963786950821e-28,0.001062973968677015,3.4656439594928616e-05
0.15771577157715772,2.3517270972807767e-28,0.0010640375807242767,3.4708468469107636e-05
0.15776577657765778,2.3534917307218965e-28,0.0010651022570220476,3.476057545297659e-05
0.15781578157815782,2.3552576882669845e-28,0.001066167998635217,3.481276066379953e-05
0.15786578657865788,2.3570249709095904e-28,0.0010672348066297398,3.486502421901676e-05
0.15791579157915792,2.3587935796440097e-28,0.0010683026820726364,3.4917366236244834e-05
0.15796579657965798,2.3605635154652835e-28,0.0010693716260319975,3.4969786833276814e-05
0.15801580158015802,2.3623347793692e-28,0.001070441639576979,3.502228612808273e-05
0.15806580658065808,2.3641073723522963e-28,0.0010715127237778113,3.507486423880959e-05
0.15811581158115812,2.365881295411852e-28,0.0010725848797057897,3.512752128378186e-05
0.15816581658165818,2.367656549545902e-28,0.0010736581084332885,3.518025738150158e-05
0.15821582158215822,2.3694331357532227e-28,0.0010747324110337469,3.523307265064873e-05
0.15826582658265828,2.3712110550333485e-28,0.001075807788581686,3.528596721008152e-05
0.15831583158315832,2.3729903083865555e-28,0.0010768842421526974,3.533894117883648e-05
0.15836583658365838,2.374770896813875e-28,0.0010779617728234492,3.5391994676128884e-05
0.15841584158415842,2.3765528213170877e-28,0.0010790403816716883,3.544512782135305e-05
0.15846584658465848,2.378336082898729e-28,0.00108012006977624,3.549834073408251e-05
0.15851585158515852,2.3801206825620807e-28,0.0010812008382170067,3.55516335340702e-05
0.15856585658565858,2.3819066213111846e-28,0.0010822826880749759,3.560500634124902e-05
0.15861586158615862,2.3836939001508297e-28,0.0010833656204322123,3.565845927573178e-05
0.15866586658665868,2.3854825200865625e-28,0.0010844496363718644,3.571199245781166e-05
0.15871587158715872,2.3872724821246822e-28,0.0010855347369781662,3.5765606007962454e-05
0.15876587658765878,2.389063787272245e-28,0.0010866209233364342,3.581930004683881e-05
0.15881588158815882,2.3908564365370606e-28,0.0010877081965330736,3.5873074695276474e-05
0.15886588658865888,2.3926504309276977e-28,0.001088796557655574,3.5926930074292696e-05
0.15891589158915892,2.394445771453478e-28,0.0010898860077925155,3.5980866305086224e-05
0.15896589658965898,2.396242459124485e-28,0.0010909765480335658,3.603488350903799e-05
0.15901590159015902,2.3980404949515537e-28,0.0010920681794694817,3.608898180771098e-05
0.15906590659065908,2.399839879946286e-28,0.0010931609031921156,3.614316132285074e-05
0.15911591159115912,2.4016406151210357e-28,0.0010942547202944088,3.619742217638559e-05
0.15916591659165918,2.40344270148892e-28,0.0010953496318703972,3.625176449042689e-05
0.15921592159215922,2.4052461400638142e-28,0.0010964456390152105,3.6306188387269334e-05
0.15926592659265928,2.4070509318603584e-28,0.0010975427428250785,3.6360693989391233e-05
0.15931593159315932,2.4088570778939467e-28,0.0010986409443973196,3.6415281419454705e-05
0.15936593659365936,2.4106645791807435e-28,0.0010997402448303599,3.646995080030604e-05
0.15941594159415942,2.4124734367376707e-28,0.0011008406452237168,3.65247022549761e-05
0.15946594659465946,2.414283651582412e-28,0.001101942146678012,3.6579535906680127e-05
0.15951595159515952,2.4160952247334203e-28,0.0011030447502949677,3.663445187881874e-05
0.15956595659565956,2.4179081572099065e-28,0.0011041484571774067,3.668945029497747e-05
0.15961596159615962,2.4197224500318507e-28,0.0011052532684292585,3.6744531278927555e-05
0.15966596659665966,2.4215381042199967e-28,0.0011063591851555546,3.679969495462607e-05
0.15971597159715972,2.423355120795855e-28,0.0011074662084624343,3.685494144621612e-05
0.15976597659765976,2.425173500781699e-28,0.0011085743394571392,3.691027087802713e-05
0.15981598159815982,2.4269932452005755e-28,0.0011096835792480254,3.696568337457537e-05
0.15986598659865986,2.4288143550762933e-28,0.001110793928944552,3.702117906056386e-05
0.15991599159915992,2.4306368314334344e-28,0.0011119053896572941,3.707675806088289e-05
0.15996599659965996,2.432460675297343e-28,0.001113017962497932,3.71324205006102e-05
0.16001600160016002,2.4342858876941387e-28,0.0011141316485792617,3.718816650501145e-05
0.16006600660066006,2.436112469650709e-28,0.0011152464490151934,3.724399619954018e-05
0.16011601160116012,2.4379404221947123e-28,0.0011163623649207502,3.7299909709838434e-05
0.16016601660166016,2.4397697463545752e-28,0.001117479397412069,3.735590716173674e-05
0.16021602160216022,2.441600443159502e-28,0.0011185975476064108,3.7411988681254594e-05
0.16026602660266026,2.443432513639462e-28,0.001119716816622144,3.746815439460066e-05
0.16031603160316032,2.445265958825204e-28,0.001120837205578765,3.752440442817324e-05
0.16036603660366036,2.4471007797482455e-28,0.0011219587155968866,3.758073890856002e-05
0.16041604160416043,2.44893697744088e-28,0.0011230813477982418,3.763715796253912e-05
0.16046604660466046,2.450774552936176e-28,0.0011242051033056896,3.7693661717078735e-05
0.16051605160516053,2.452613507267976e-28,0.0011253299832432078,3.7750250299337886e-05
0.16056605660566056,2.4544538414708993e-28,0.0011264559887359032,3.7806923836666275e-05
0.16061606160616063,2.456295556580341e-28,0.001127583120910007,3.786368245660491e-05
0.16066606660666066,2.4581386536324715e-28,0.001128711380892875,3.7920526286886287e-05
0.16071607160716073,2.459983133664243e-28,0.0011298407698129955,3.797745545543459e-05
0.16076607660766076,2.46182899771338e-28,0.0011309712887999808,3.803447009036611e-05
0.16081608160816083,2.4636762468183924e-28,0.0011321029389845785,3.809157031998949e-05
0.16086608660866086,2.4655248820185626e-28,0.0011332357214986631,3.814875627280592e-05
0.16091609160916093,2.4673749043539574e-28,0.0011343696374752454,3.8206028077509596e-05
0.16096609660966096,2.469226314865421e-28,0.0011355046880484674,3.826338586298782e-05
0.16101610161016103,2.4710791145945843e-28,0.0011366408743536086,3.8320829758321554e-05
0.16106610661066106,2.4729333045838505e-28,0.0011377781975270786,3.837835989278535e-05
0.16111611161116113,2.474788885876414e-28,0.001138916658706433,3.843597639584797e-05
0.16116611661166116,2.476645859516246e-28,0.001140056259030357,3.849367939717247e-05
0.16121612161216123,2.4785042265481033e-28,0.0011411969996386814,3.855146902661661e-05
0.16126612661266126,2.480363988017527e-28,0.001142338881672374,3.86093454142331e-05
0.16131613161316133,2.4822251449708427e-28,0.0011434819062735454,3.866730869026988e-05
0.16136613661366137,2.484087698455159e-28,0.001144626074585448,3.8725358985170406e-05
0.16141614161416143,2.4859516495183753e-28,0.001145771387752482,3.878349642957411e-05
0.16146614661466147,2.487816999209169e-28,0.001146917846920187,3.884172115431623e-05
0.16151615161516153,2.4896837485770145e-28,0.0011480654532352536,3.890003329042883e-05
0.16156615661566157,2.4915518986721636e-28,0.0011492142078455157,3.8958432969140306e-05
0.16161616161616163,2.4934214505456636e-28,0.0011503641118999592,3.901692032187636e-05
0.16166616661666167,2.495292405249347e-28,0.0011515151665487174,3.9075495480259856e-05
0.16171617161716173,2.497164763835837e-28,0.0011526673729430753,3.913415857611131e-05
0.16176617661766177,2.499038527358545e-28,0.0011538207322354707,3.9192909741449044e-05
0.16181618161816183,2.500913696871676e-28,0.001154975245579494,3.9251749108489765e-05
0.16186618661866187,2.502790273430221e-28,0.0011561309141298883,3.93106768096484e-05
0.16191619161916193,2.5046682580899696e-28,0.0011572877390425551,3.936969297753897e-05
0.16196619661966197,2.5065476519074933e-28,0.0011584457214745476,3.942879774497431e-05
0.16201620162016203,2.5084284559401686e-28,0.0011596048625840839,3.948799124496687e-05
0.16206620662066207,2.510310671246156e-28,0.0011607651635305337,3.954727361072868e-05
0.16211621162116213,2.5121942988844153e-28,0.0011619266254744324,3.9606644975671754e-05
0.16216621662166217,2.5140793399146976e-28,0.0011630892495774732,3.9666105473408364e-05
0.16221622162216223,2.515965795397552e-28,0.0011642530370025144,3.97256552377515e-05
0.16226622662266227,2.51785366639432e-28,0.0011654179889135745,3.9785294402714825e-05
0.16231623162316233,2.519742953967145e-28,0.00116658410647584,3.984502310251352e-05
0.16236623662366237,2.5216336591789596e-28,0.00116775139085566,3.990484147156389e-05
0.16241624162416243,2.5235257830935013e-28,0.0011689198432205535,3.9964749644484345e-05
0.16246624662466247,2.5254193267753013e-28,0.0011700894647392076,4.0024747756095136e-05
0.16251625162516253,2.527314291289692e-28,0.001171260256581476,4.008483594141916e-05
0.16256625662566257,2.529210677702803e-28,0.0011724322199183857,4.0145014335681814e-05
0.16261626162616263,2.531108487081567e-28,0.0011736053559221365,4.020528307431165e-05
0.16266626662666267,2.533007720493713e-28,0.0011747796657660952,4.026564229294049e-05
0.16271627162716273,2.5349083790077757e-28,0.0011759551506248102,4.032609212740371e-05
0.16276627662766277,2.5368104636930873e-28,0.0011771318116739996,4.0386632713740697e-05
0.16281628162816283,2.5387139756197864e-28,0.0011783096500905604,4.0447264188195064e-05
0.16286628662866287,2.540618915858812e-28,0.0011794886670525668,4.050798668721495e-05
0.16291629162916293,2.542525285481907e-28,0.0011806688637392721,4.0568800347453244e-05
0.16296629662966297,2.544433085561619e-28,0.001181850241331108,4.062970530576815e-05
0.16301630163016304,2.5463423171713014e-28,0.0011830328010096903,4.06907016992233e-05
0.16306630663066307,2.5482529813851092e-28,0.0011842165439578133,4.0751789665087975e-05
0.1631163116311631,2.550165079278008e-28,0.001185401471359458,4.081296934083763e-05
0.16316631663166317,2.552078611925769e-28,0.0011865875843997892,4.087424086415416e-05
0.1632163216321632,2.5539935804049673e-28,0.0011877748842651558,4.093560437292605e-05
0.16326632663266327,2.5559099857929916e-28,0.0011889633721430984,4.099706000524886e-05
0.1633163316331633,2.55782782916803e-28,0.0011901530492223387,4.1058607899425336e-05
0.16336633663366337,2.559747111609091e-28,0.0011913439166927955,4.1120248193966145e-05
0.1634163416341634,2.561667834195984e-28,0.0011925359757455714,4.1181981027589626e-05
0.16346634663466347,2.563589998009331e-28,0.001193729227572965,4.124380653922246e-05
0.1635163516351635,2.5655136041305676e-28,0.0011949236733684685,4.1305724867999885e-05
0.16356635663566357,2.567438653641938e-28,0.0011961193143267656,4.136773615326609e-05
0.1636163616361636,2.5693651476264984e-28,0.0011973161516437361,4.142984053457435e-05
0.16366636663666367,2.5712930871681198e-28,0.0011985141865164567,4.14920381516876e-05
0.1637163716371637,2.5732224733514835e-28,0.0011997134201432037,4.155432914457831e-05
0.16376637663766377,2.575153307262088e-28,0.0012009138537234481,4.1616713653429445e-05
0.1638163816381638,2.5770855899862436e-28,0.0012021154884578663,4.167919181863418e-05
0.16386638663866387,2.5790193226110776e-28,0.001203318325548332,4.174176378079657e-05
0.1639163916391639,2.580954506224531e-28,0.0012045223661979233,4.180442968073165e-05
0.16396639663966397,2.5828911419153644e-28,0.0012057276116109223,4.186718965946605e-05
0.164016401640164,2.58482923077315e-28,0.0012069340629928139,4.1930043858237815e-05
0.16406640664066408,2.586768773888286e-28,0.0012081417215502944,4.19929924184974e-05
0.1641164116411641,2.588709772351978e-28,0.0012093505884912589,4.205603548190728e-05
0.16416641664166418,2.59065222725626e-28,0.0012105606650248209,4.211917319034278e-05
0.1642164216421642,2.59259613969398e-28,0.001211771952361297,4.2182405685892246e-05
0.16426642664266428,2.5945415107588077e-28,0.001212984451712217,4.224573311085721e-05
0.1643164316431643,2.5964883415452328e-28,0.0012141981642903228,4.230915560775294e-05
0.16436643664366438,2.5984366331485695e-28,0.0012154130913095713,4.237267331930868e-05
0.1644164416441644,2.600386386664947e-28,0.0012166292339851302,4.243628638846776e-05
0.16446644664466448,2.6023376031913236e-28,0.0012178465935333879,4.249999495838838e-05
0.1645164516451645,2.6042902838254766e-28,0.0012190651711719463,4.256379917244336e-05
0.16456645664566458,2.606244429666011e-28,0.0012202849681196273,4.262769917422113e-05
0.1646164616461646,2.6082000418123516e-28,0.0012215059855964713,4.269169510752533e-05
0.16466646664666468,2.610157121364751e-28,0.00122272822482374,4.2755787116375685e-05
0.16471647164716471,2.6121156694242864e-28,0.001223951687023919,4.281997534500807e-05
0.16476647664766478,2.614075687092863e-28,0.0012251763734207138,4.288425993787497e-05
0.16481648164816481,2.616037175473208e-28,0.0012264022852390556,4.29486410396456e-05
0.16486648664866488,2.6180001356688842e-28,0.0012276294237051032,4.301311879520655e-05
0.16491649164916491,2.619964568784273e-28,0.0012288577900462381,4.307769334966169e-05
0.16496649664966498,2.6219304759245917e-28,0.0012300873854910748,4.3142364848332916e-05
0.16501650165016502,2.6238978581958833e-28,0.0012313182112694534,4.3207133436760266e-05
0.16506650665066508,2.6258667167050233e-28,0.0012325502686124474,4.3271999260702225e-05
0.16511651165116512,2.6278370525597137e-28,0.0012337835587523595,4.333696246613606e-05
0.16516651665166518,2.6298088668684933e-28,0.0012350180829227273,4.340202319925832e-05
0.16521652165216522,2.6317821607407254e-28,0.0012362538423583201,4.346718160648491e-05
0.16526652665266528,2.6337569352866146e-28,0.0012374908382951479,4.3532437834451674e-05
0.16531653165316532,2.635733191617189e-28,0.0012387290719704518,4.359779203001441e-05
0.16536653665366538,2.637710930844319e-28,0.0012399685446227134,4.366324434024959e-05
0.16541654165416542,2.6396901540807053e-28,0.0012412092574916544,4.37287949124544e-05
0.16546654665466548,2.641670862439881e-28,0.0012424512118182362,4.379444389414708e-05
0.16551655165516552,2.643653057036218e-28,0.001243694408844659,4.386019143306747e-05
0.16556655665566558,2.645636738984928e-28,0.0012449388498143724,4.3926037677177214e-05
0.16561656165616562,2.6476219094020506e-28,0.0012461845359720634,4.39919827746599e-05
0.16566656665666568,2.6496085694044697e-28,0.0012474314685636697,4.405802687392176e-05
0.16571657165716572,2.651596720109903e-28,0.0012486796488363704,4.412417012359175e-05
0.16576657665766578,2.653586362636912e-28,0.0012499290780385991,4.4190412672522004e-05
0.16581658165816582,2.6555774981048936e-28,0.0012511797574200326,4.4256754669788105e-05
0.16586658665866588,2.657570127634085e-28,0.0012524316882316022,4.43231962646894e-05
0.16591659165916592,2.659564252345564e-28,0.0012536848717254873,4.43897376067494e-05
0.16596659665966598,2.6615598733612523e-28,0.0012549393091551245,4.4456378845716214e-05
0.16601660166016602,2.663556991803909e-28,0.0012561950017751997,4.4523120131562494e-05
0.16606660666066608,2.66555560879714e-28,0.0012574519508416592,4.4589961614486304e-05
0.16611661166116612,2.667555725465389e-28,0.0012587101576117007,4.465690344491105e-05
0.16616661666166618,2.6695573429339507e-28,0.001259969623343787,4.472394577348598e-05
0.16621662166216622,2.671560462328959e-28,0.0012612303492976302,4.479108875108666e-05
0.16626662666266628,2.6735650847773928e-28,0.0012624923367342152,4.485833252881488e-05
0.16631663166316632,2.675571211407077e-28,0.001263755586915776,4.4925677257999486e-05
0.16636663666366638,2.6775788433466875e-28,0.0012650201011058203,4.4993123090196504e-05
0.16641664166416642,2.679587981725739e-28,0.0012662858805691118,4.506067017718934e-05
0.16646664666466648,2.681598627674602e-28,0.0012675529265716854,4.512831867098954e-05
0.16651665166516652,2.6836107823244864e-28,0.001268821240380838,4.519606872383655e-05
0.16656665666566658,2.68562444680746e-28,0.001270090823265141,4.5263920488198505e-05
0.16661666166616662,2.6876396222564323e-28,0.0012713616764944281,4.533187411677253e-05
0.16666666666666669,2.6896563098051687e-28,0.0012726338013398085,4.539992976248483e-05
0.16671667166716672,2.691674510588281e-28,0.001273907199073661,4.546808757849127e-05
0.16676667666766679,2.6936942257412376e-28,0.0012751818709696402,4.553634771817772e-05
0.16681668166816682,2.695715456400351e-28,0.0012764578183026697,4.560471033516013e-05
0.16686668666866689,2.6977382037027953e-28,0.0012777350423489543,4.567317558328529e-05
0.16691669166916692,2.6997624687865896e-28,0.0012790135443859728,4.574174361663076e-05
0.16696669666966696,2.7017882527906124e-28,0.0012802933256924824,4.5810414589505525e-05
0.16701670167016702,2.703815556854597e-28,0.0012815743875485236,4.587918865645029e-05
0.16706670667066706,2.705844382119127e-28,0.0012828567312354112,4.5948065972237555e-05
0.16711671167116712,2.7078747297256483e-28,0.001284140358035747,4.601704669187245e-05
0.16716671667166716,2.709906600816457e-28,0.0012854252692334161,4.608613097059254e-05
0.16721672167216722,2.7119399965347105e-28,0.0012867114661135833,4.615531896386868e-05
0.16726672667266726,2.7139749180244224e-28,0.0012879989499627045,4.622461082740497e-05
0.16731673167316732,2.716011366430466e-28,0.0012892877220685227,4.629400671713935e-05
0.16736673667366736,2.7180493428985713e-28,0.001290577783720066,4.636350678924376e-05
0.16741674167416742,2.7200888485753313e-28,0.001291869136207656,4.6433111200124766e-05
0.16746674667466746,2.7221298846081944e-28,0.0012931617808229017,4.650282010642353e-05
0.16751675167516752,2.7241724521454757e-28,0.0012944557188587058,4.657263366501666e-05
0.16756675667566756,2.7262165523363484e-28,0.0012957509516092688,4.664255203301595e-05
0.16761676167616762,2.72826218633085e-28,0.0012970474803700796,4.671257536776934e-05
0.16766676667666766,2.730309355279877e-28,0.0012983453064379265,4.6782703826860814e-05
0.16771677167716773,2.732358060335197e-28,0.0012996444311108983,4.685293756811103e-05
0.16776677667766776,2.7344083026494324e-28,0.001300944855688376,4.692327674957752e-05
0.16781678167816783,2.7364600833760784e-28,0.0013022465814710458,4.6993721529555174e-05
0.16786678667866786,2.73851340366949e-28,0.0013035496097608932,4.706427206657644e-05
0.16791679167916793,2.7405682646848935e-28,0.0013048539418612105,4.713492851941176e-05
0.16796679667966796,2.7426246675783776e-28,0.001306159579076586,4.7205691047070105e-05
0.16801680168016803,2.7446826135069026e-28,0.0013074665227129217,4.7276559808799e-05
0.16806680668066806,2.746742103628291e-28,0.0013087747740774206,4.7347534964084965e-05
0.16811681168116813,2.748803139101242e-28,0.0013100843344785989,4.741861667265427e-05
0.16816681668166816,2.750865721085316e-28,0.0013113952052262753,4.7489805094472594e-05
0.16821682168216823,2.7529298507409524e-28,0.0013127073876315867,4.756110038974612e-05
0.16826682668266826,2.7549955292294504e-28,0.0013140208830069737,4.763250271892123e-05
0.16831683168316833,2.7570627577129927e-28,0.0013153356926661984,4.770401224268544e-05
0.16836683668366836,2.7591315373546228e-28,0.001316651817924331,4.777562912196736e-05
0.16841684168416843,2.7612018693182655e-28,0.001317969260097762,4.784735351793721e-05
0.16846684668466846,2.763273754768713e-28,0.0013192880205041952,4.79191855920072e-05
0.16851685168516853,2.7653471948716363e-28,0.0013206081004626573,4.79911255058319e-05
0.16856685668566856,2.767422190793578e-28,0.0013219295012934906,4.8063173421308466e-05
0.16861686168616863,2.769498743701958e-28,0.0013232522243183617,4.813532950057722e-05
0.16866686668666866,2.7715768547650664e-28,0.0013245762708602568,4.8207593906021734e-05
0.16871687168716873,2.77365652515208e-28,0.0013259016422434882,4.827996680026961e-05
0.16876687668766877,2.7757377560330452e-28,0.0013272283397936925,4.835244834619242e-05
0.16881688168816883,2.7778205485788885e-28,0.001328556364837833,4.8425038706906256e-05
0.16886688668866887,2.7799049039614146e-28,0.0013298857187041993,4.8497738045772135e-05
0.16891689168916893,2.7819908233533108e-28,0.0013312164027224137,4.8570546526396395e-05
0.16896689668966897,2.7840783079281373e-28,0.0013325484182234242,4.864346431263081e-05
0.16901690169016903,2.7861673588603434e-28,0.0013338817665395147,4.871649156857336e-05
0.16906690669066907,2.7882579773252506e-28,0.0013352164490042972,4.878962845856814e-05
0.16911691169116913,2.7903501644990714e-28,0.001336552466952724,4.886287514720625e-05
0.16916691669166917,2.7924439215588945e-28,0.0013378898217210808,4.893623179932561e-05
0.16921692169216923,2.794539249682695e-28,0.0013392285146469885,4.9009698580011815e-05
0.16926692669266927,2.796636150049327e-28,0.0013405685470694079,4.9083275654598097e-05
0.16931693169316933,2.7987346238385404e-28,0.0013419099203286424,4.915696318866617e-05
0.16936693669366937,2.8008346722309545e-28,0.001343252635766328,4.923076134804611e-05
0.16941694169416943,2.8029362964080904e-28,0.0013445966947254549,4.930467029881705e-05
0.16946694669466947,2.8050394975523414e-28,0.0013459420985503458,4.9378690207307344e-05
0.16951695169516953,2.807144276846999e-28,0.0013472888485866776,4.945282124009524e-05
0.16956695669566957,2.809250635476238e-28,0.0013486369461814692,4.952706356400887e-05
0.16961696169616963,2.8113585746251217e-28,0.0013499863926830873,4.9601417346126945e-05
0.16966696669666967,2.813468095479602e-28,0.0013513371894412459,4.967588275377898e-05
0.16971697169716973,2.8155791992265244e-28,0.001352689337807017,4.9750459954545706e-05
0.16976697669766977,2.8176918870536197e-28,0.0013540428391328166,4.982514911625932e-05
0.16981698169816983,2.8198061601495154e-28,0.0013553976947724184,4.989995040700424e-05
0.16986698669866987,2.8219220197037226e-28,0.0013567539060809453,4.997486399511689e-05
0.16991699169916993,2.824039466906657e-28,0.0013581114744148854,5.004989004918676e-05
0.16996699669966997,2.826158502949618e-28,0.0013594704011320752,5.012502873805616e-05
0.17001700170017003,2.8282791290248013e-28,0.0013608306875917146,5.0200280230821025e-05
0.17006700670067007,2.8304013463252984e-28,0.0013621923351543616,5.02756446968311e-05
0.17011701170117013,2.8325251560450974e-28,0.0013635553451819384,5.035112230569044e-05
0.17016701670167017,2.834650559379076e-28,0.0013649197190377237,5.0426713227257556e-05
0.17021702170217023,2.836777557523016e-28,0.0013662854580863677,5.050241763164623e-05
0.17026702670267027,2.8389061516735913e-28,0.0013676525636938815,5.05782356892253e-05
0.17031703170317034,2.841036343028377e-28,0.0013690210372276446,5.065416757061969e-05
0.17036703670367037,2.843168132785846e-28,0.0013703908800564047,5.073021344671029e-05
0.17041704170417044,2.845301522145368e-28,0.001371762093550278,5.080637348863455e-05
0.17046704670467047,2.847436512307216e-28,0.0013731346790807524,5.088264786778688e-05
0.17051705170517054,2.849573104472563e-28,0.0013745086380206899,5.0959036755819076e-05
0.17056705670567057,2.85171129984348e-28,0.001375883971744322,5.103554032464039e-05
0.17061706170617064,2.853851099622946e-28,0.00137726068162726,5.1112158746418545e-05
0.17066706670667067,2.855992505014835e-28,0.0013786387690464853,5.118889219357927e-05
0.1707170717071707,2.85813551722393e-28,0.0013800182353803647,5.126574083880746e-05
0.17076707670767077,2.8602801374559214e-28,0.0013813990820086411,5.134270485504733e-05
0.1708170817081708,2.8624263669173918e-28,0.0013827813103124344,5.1419784415502425e-05
0.17086708670867087,2.8645742068158417e-28,0.001384164921674251,5.14969796936365e-05
0.1709170917091709,2.8667236583596708e-28,0.00138554991747798,5.157429086317376e-05
0.17096709670967097,2.868874722758189e-28,0.0013869362991088935,5.1651718098099156e-05
0.171017101710171,2.87102740122161e-28,0.001388324067953649,5.172926157265881e-05
0.17106710671067107,2.873181694961061e-28,0.0013897132254002964,5.1806921461360575e-05
0.1711171117111711,2.875337605188571e-28,0.0013911037728382696,5.188469793897398e-05
0.17116711671167117,2.8774951331170846e-28,0.0013924957116583931,5.196259118053136e-05
0.1712171217121712,2.8796542799604525e-28,0.0013938890432528851,5.204060136132745e-05
0.17126712671267127,2.8818150469334394e-28,0.001395283769015357,5.211872865692038e-05
0.1713171317131713,2.883977435251719e-28,0.0013966798903408137,5.2196973243131695e-05
0.17136713671367138,2.8861414461318777e-28,0.0013980774086256535,5.227533529604701e-05
0.1714171417141714,2.888307080791414e-28,0.0013994763252676758,5.235381499201621e-05
0.17146714671467148,2.8904743404487464e-28,0.0014008766416660787,5.2432412507654054e-05
0.1715171517151715,2.892643226323195e-28,0.0014022783592214547,5.251112801984028e-05
0.17156715671567158,2.894813739635009e-28,0.0014036814793358075,5.2589961705720255e-05
0.1716171617161716,2.8969858816053404e-28,0.0014050860034125333,5.266891374270526e-05
0.17166716671667168,2.899159653456268e-28,0.0014064919328564394,5.2747984308473e-05
0.1717171717171717,2.901335056410781e-28,0.0014078992690737375,5.282717358096784e-05
0.17176717671767178,2.9035120916927903e-28,0.0014093080134720429,5.290648173840137e-05
0.1718171817181718,2.9056907605271206e-28,0.0014107181674603835,5.298590895925254e-05
0.17186718671867188,2.9078710641395207e-28,0.0014121297324491957,5.306545542226858e-05
0.1719171917191719,2.9100530037566536e-28,0.0014135427098503238,5.314512130646474e-05
0.17196719671967198,2.9122365806061106e-28,0.0014149571010770344,5.322490679112513e-05
0.172017201720172,2.914421795916395e-28,0.001416372907543995,5.3304812055803037e-05
0.17206720672067208,2.9166086509169383e-28,0.0014177901306673,5.338483728032132e-05
0.17211721172117211,2.918797146838092e-28,0.0014192087718644531,5.346498264477285e-05
0.17216721672167218,2.920987284911133e-28,0.001420628832554382,5.3545248329520734e-05
0.17221722172217221,2.9231790663682567e-28,0.001422050314157428,5.362563451519889e-05
0.17226722672267228,2.9253724924425927e-28,0.0014234732180953618,5.370614138271256e-05
0.17231723172317231,2.9275675643681853e-28,0.0014248975457913692,5.3786769113238344e-05
0.17236723672367238,2.929764283380011e-28,0.0014263232986700632,5.386751788822508e-05
0.17241724172417242,2.93196265071397e-28,0.0014277504781574821,5.394838788939374e-05
0.17246724672467248,2.934162667606893e-28,0.0014291790856810907,5.402937929873835e-05
0.17251725172517252,2.936364335296538e-28,0.001430609122669783,5.411049229852611e-05
0.17256725672567258,2.938567655021589e-28,0.0014320405905538828,5.4191727071297696e-05
0.17261726172617262,2.940772628021661e-28,0.0014334734907651434,5.4273083799867985e-05
0.17266726672667268,2.9429792555373018e-28,0.0014349078247367518,5.4354562667326375e-05
0.17271727172717272,2.9451875388099847e-28,0.0014363435939033283,5.4436163857036784e-05
0.17276727672767278,2.947397479082121e-28,0.0014377807997009316,5.451788755263893e-05
0.17281728172817282,2.949609077597047e-28,0.001439219443567053,5.459973393804773e-05
0.17286728672867288,2.9518223355990404e-28,0.0014406595269406256,5.468170319745453e-05
0.17291729172917292,2.9540372543333034e-28,0.0014421010512620201,5.476379551532706e-05
0.17296729672967298,2.956253835045979e-28,0.0014435440179730503,5.4846011076409995e-05
0.17301730173017302,2.9584720789841436e-28,0.001444988428516969,5.492835006572544e-05
0.17306730673067308,2.9606919873958087e-28,0.00144643428433848,5.5010812668573186e-05
0.17311731173117312,2.9629135615299226e-28,0.0014478815868837237,5.509339907053119e-05
0.17316731673167318,2.965136802636371e-28,0.0014493303376002964,5.517610945745618e-05
0.17321732173217322,2.967361711965977e-28,0.0014507805379372375,5.525894401548361e-05
0.17326732673267328,2.969588290770502e-28,0.0014522321893450352,5.5341902931028703e-05
0.17331733173317332,2.971816540302648e-28,0.0014536852932756346,5.5424986390786355e-05
0.17336733673367338,2.974046461816056e-28,0.0014551398511824297,5.550819458173174e-05
0.17341734173417342,2.9762780565653064e-28,0.0014565958645202676,5.559152769112073e-05
0.17346734673467348,2.978511325805926e-28,0.001458053334745456,5.5674985906490564e-05
0.17351735173517352,2.9807462707943755e-28,0.0014595122633157536,5.5758569415659586e-05
0.17356735673567358,2.9829828927880677e-28,0.0014609726516903831,5.584227840672855e-05
0.17361736173617362,2.9852211930453488e-28,0.0014624345013300236,5.5926113068080146e-05
0.17366736673667368,2.987461172825519e-28,0.0014638978136968187,5.601007358838038e-05
0.17371737173717372,2.9897028333888174e-28,0.001465362590254373,5.6094160156578146e-05
0.17376737673767378,2.991946175996431e-28,0.0014668288324677576,5.6178372961906045e-05
0.17381738173817382,2.9941912019104907e-28,0.0014682965418035053,5.6262712193880846e-05
0.17386738673867388,2.996437912394079e-28,0.001469765719729621,5.6347178042303944e-05
0.17391739173917392,2.99868630871122e-28,0.0014712363677155751,5.643177069726139e-05
0.17396739673967399,3.0009363921268943e-28,0.0014727084872323127,5.651649034912486e-05
0.17401740174017402,3.0031881639070207e-28,0.0014741820797522444,5.660133718855164e-05
0.17406740674067409,3.0054416253184807e-28,0.0014756571467492605,5.668631140648547e-05
0.17411741174117412,3.0076967776290965e-28,0.0014771336896987224,5.677141319415651e-05
0.17416741674167419,3.0099536221076454e-28,0.0014786117100774674,5.685664274308223e-05
0.17421742174217422,3.012212160023856e-28,0.0014800912093638117,5.694200024506737e-05
0.1742674267426743,3.0144723926484123e-28,0.001481572189037553,5.7027485892204965e-05
0.17431743174317432,3.0167343212529467e-28,0.001483054650579965,5.7113099876875955e-05
0.1743674367436744,3.0189979471100515e-28,0.0014845385954738075,5.719884239175062e-05
0.17441744174417442,3.0212632714932676e-28,0.0014860240252033208,5.728471362978807e-05
0.1744674467446745,3.0235302956770976e-28,0.0014875109412542324,5.737071378423742e-05
0.17451745174517452,3.0257990209369967e-28,0.001488999345113756,5.745684304863764e-05
0.17456745674567456,3.0280694485493774e-28,0.0014904892382705936,5.7543101616818436e-05
0.17461746174617462,3.030341579791613e-28,0.0014919806222149362,5.762948968290045e-05
0.17466746674667466,3.0326154159420316e-28,0.0014934734984384664,5.771600744129576e-05
0.17471747174717472,3.0348909582799223e-28,0.0014949678684343594,5.780265508670824e-05
0.17476747674767476,3.0371682080855323e-28,0.0014964637336972832,5.788943281413413e-05
0.17481748174817482,3.039447166640074e-28,0.0014979610957234046,5.797634081886253e-05
0.17486748674867486,3.0417278352257136e-28,0.0014994599560103814,5.806337929647539e-05
0.17491749174917492,3.0440102151255895e-28,0.0015009603160573786,5.8150548442848696e-05
0.17496749674967496,3.0462943076237925e-28,0.0015024621773650527,5.823784845415214e-05
0.17501750175017503,3.0485801140053837e-28,0.0015039655414355673,5.8325279526850256e-05
0.17506750675067506,3.0508676355563864e-28,0.0015054704097725864,5.84128418577022e-05
0.17511751175117513,3.0531568735637883e-28,0.0015069767838812803,5.8500535643762654e-05
0.17516751675167516,3.0554478293155434e-28,0.0015084846652683248,5.858836108238217e-05
0.17521752175217523,3.0577405041005743e-28,0.0015099940554419028,5.8676318371207644e-05
0.17526752675267526,3.0600348992087643e-28,0.0015115049559117051,5.876440770818244e-05
0.17531753175317533,3.062331015930974e-28,0.0015130173681889366,5.885262929154743e-05
0.17536753675367536,3.0646288555590225e-28,0.0015145312937863106,5.8940983319840736e-05
0.17541754175417543,3.066928419385706e-28,0.0015160467342180558,5.9029469991898854e-05
0.17546754675467546,3.0692297087047887e-28,0.0015175636909999176,5.911808950685659e-05
0.17551755175517553,3.071532724811005e-28,0.0015190821656491554,5.920684206414783e-05
0.17556755675567556,3.0738374690000555e-28,0.001520602159684546,5.929572786350572e-05
0.17561756175617563,3.076143942568625e-28,0.0015221236746263919,5.9384747104963445e-05
0.17566756675667566,3.078452146814359e-28,0.0015236467119965056,5.9473899988854374e-05
0.17571757175717573,3.0807620830358875e-28,0.0015251712733182373,5.956318671581266e-05
0.17576757675767576,3.0830737525328045e-28,0.001526697360116447,5.965260748677361e-05
0.17581758175817583,3.0853871566056863e-28,0.00152822497391753,5.974216250297428e-05
0.17586758675867586,3.087702296556084e-28,0.0015297541162494063,5.983185196595376e-05
0.17591759175917593,3.0900191736865243e-28,0.001531284788641522,5.99216760775539e-05
0.17596759675967596,3.092337789300509e-28,0.001532816992624857,6.001163503991918e-05
0.17601760176017603,3.0946581447025236e-28,0.001534350729731922,6.0101729055498066e-05
0.17606760676067607,3.0969802411980256e-28,0.0015358860014967606,6.0191958327042376e-05
0.17611761176117613,3.0993040800934596e-28,0.0015374228094549526,6.02823230576089e-05
0.17616761676167617,3.1016296626962427e-28,0.0015389611551436116,6.037282345055879e-05
0.17621762176217623,3.1039569903147803e-28,0.001540501040101394,6.046345970955878e-05
0.17626762676267627,3.106286064258452e-28,0.0015420424658684898,6.055423203858125e-05
0.17631763176317633,3.108616885837629e-28,0.0015435854339866358,6.064514064190494e-05
0.17636763676367637,3.110949456363656e-28,0.0015451299459991077,6.0736185724114964e-05
0.17641764176417643,3.11328377714887e-28,0.001546676003450727,6.082736749010398e-05
0.17646764676467647,3.1156198495065864e-28,0.0015482236078878597,6.091868614507183e-05
0.17651765176517653,3.1179576747511126e-28,0.001549772760858422,6.101014189452688e-05
0.17656765676567657,3.120297254197734e-28,0.0015513234639118743,6.110173494428553e-05
0.17661766176617663,3.1226385891627286e-28,0.0015528757185992305,6.11934655004735e-05
0.17666766676667667,3.124981680963363e-28,0.001554429526473057,6.128533376952591e-05
0.17671767176717673,3.1273265309178884e-28,0.0015559848890874728,6.137733995818766e-05
0.17676767676767677,3.129673140345546e-28,0.0015575418079981497,6.146948427351414e-05
0.17681768176817683,3.1320215105665707e-28,0.0015591002847623215,6.156176692287171e-05
0.17686768676867687,3.13437164290218e-28,0.0015606603209387725,6.165418811393768e-05
0.17691769176917693,3.136723538674594e-28,0.0015622219180878559,6.174674805470159e-05
0.17696769676967697,3.1390771992070134e-28,0.001563785077771477,6.183944695346476e-05
0.17701770177017703,3.141432625823639e-28,0.0015653498015531096,6.193228501884166e-05
0.17706770677067707,3.143789819849665e-28,0.0015669160909977935,6.202526245975967e-05
0.17711771177117713,3.1461487826112774e-28,0.0015684839476721281,6.211837948545999e-05
0.17716771677167717,3.1485095154356554e-28,0.0015700533731442842,6.221163630549774e-05
0.17721772177217723,3.1508720196509827e-28,0.001571624368984004,6.230503312974302e-05
0.17726772677267727,3.1532362965864267e-28,0.0015731969367625942,6.239857016838048e-05
0.17731773177317733,3.155602347572167e-28,0.00157477107805294,6.249224763191081e-05
0.17736773677367737,3.1579701739393663e-28,0.0015763467944294952,6.258606573115034e-05
0.17741774177417743,3.1603397770201984e-28,0.0015779240874682942,6.268002467723216e-05
0.17746774677467747,3.1627111581478297e-28,0.0015795029587469434,6.277412468160627e-05
0.17751775177517753,3.165084318656429e-28,0.0015810834098446316,6.286836595603992e-05
0.17756775677567757,3.1674592598811663e-28,0.0015826654423421254,6.296274871261849e-05
0.17761776177617764,3.1698359831582145e-28,0.0015842490578217752,6.305727316374582e-05
0.17766776677667767,3.172214489824746e-28,0.0015858342578675107,6.315193952214433e-05
0.17771777177717774,3.174594781218939e-28,0.0015874210440648513,6.324674800085612e-05
0.17776777677767777,3.176976858679976e-28,0.0015890094180009001,6.334169881324283e-05
0.17781778177817784,3.179360723548044e-28,0.0015905993812643483,6.343679217298675e-05
0.17786778677867787,3.181746377164335e-28,0.0015921909354454792,6.35320282940906e-05
0.17791779177917794,3.1841338208710466e-28,0.0015937840821361642,6.362740739087862e-05
0.17796779677967797,3.186523056011383e-28,0.0015953788229298674,6.372292967799673e-05
0.17801780178017804,3.188914083929563e-28,0.0015969751594216504,6.381859537041325e-05
0.17806780678067807,3.191306905970804e-28,0.0015985730932081695,6.391440468341883e-05
0.17811781178117814,3.1937015234813427e-28,0.0016001726258876787,6.401035783262783e-05
0.17816781678167817,3.1960979378084147e-28,0.0016017737590600285,6.410645503397781e-05
0.17821782178217824,3.1984961503002772e-28,0.0016033764943266739,6.420269650373103e-05
0.17826782678267827,3.2008961623061943e-28,0.0016049808332906708,6.4299082458474e-05
0.1783178317831783,3.203297975176439e-28,0.0016065867775566778,6.43956131151185e-05
0.17836783678367837,3.2057015902623067e-28,0.0016081943287309633,6.449228869090211e-05
0.1784178417841784,3.2081070089160993e-28,0.0016098034884213983,6.458910940338841e-05
0.17846784678467847,3.2105142324911347e-28,0.001611414258237466,6.468607547046753e-05
0.1785178517851785,3.212923262341746e-28,0.0016130266397902553,6.478318711035686e-05
0.17856785678567857,3.215334099823288e-28,0.0016146406346924749,6.488044454160141e-05
0.1786178617861786,3.2177467462921236e-28,0.0016162562445584388,6.497784798307406e-05
0.17866786678667868,3.2201612031056415e-28,0.0016178734710040835,6.507539765397656e-05
0.1787178717871787,3.2225774716222403e-28,0.0016194923156469547,6.517309377383953e-05
0.17876787678767878,3.224995553201349e-28,0.0016211127801062254,6.527093656252331e-05
0.1788178817881788,3.227415449203407e-28,0.0016227348660026821,6.536892624021826e-05
0.17886788678867888,3.229837160989879e-28,0.001624358574958736,6.546706302744522e-05
0.1789178917891789,3.2322606899232497e-28,0.0016259839085984201,6.55653471450562e-05
0.17896789678967898,3.234686037367029e-28,0.0016276108685473949,6.566377881423489e-05
0.179017901790179,3.237113204685745e-28,0.0016292394564329444,6.576235825649661e-05
0.17906790679067908,3.2395421932449566e-28,0.0016308696738839832,6.586108569368979e-05
0.1791179117911791,3.241973004411238e-28,0.0016325015225310538,6.595996134799543e-05
0.17916791679167918,3.2444056395521973e-28,0.0016341350040063333,6.605898544192837e-05
0.1792179217921792,3.2468401000364652e-28,0.0016357701199436283,6.61581581983375e-05
0.17926792679267928,3.249276387233698e-28,0.0016374068719783826,6.62574798404061e-05
0.1793179317931793,3.251714502514583e-28,0.0016390452617476765,6.635695059165258e-05
0.17936793679367938,3.2541544472508362e-28,0.001640685290890228,6.645657067593113e-05
0.17941794179417941,3.2565962228151966e-28,0.0016423269610463924,6.655634031743153e-05
0.17946794679467948,3.2590398305814425e-28,0.0016439702738581695,6.665625974068078e-05
0.17951795179517951,3.261485271924374e-28,0.0016456152309692008,6.675632917054219e-05
0.17956795679567958,3.26393254821983e-28,0.0016472618340247723,6.685654883221741e-05
0.17961796179617961,3.266381660844678e-28,0.0016489100846718177,6.695691895124563e-05
0.17966796679667968,3.26883261117682e-28,0.0016505599845589155,6.705743975350488e-05
0.17971797179717972,3.27128540059519e-28,0.0016522115353362979,6.715811146521226e-05
0.17976797679767978,3.27374003047976e-28,0.0016538647386558454,6.72589343129245e-05
0.17981798179817982,3.2761965022115323e-28,0.001655519596171091,6.735990852353826e-05
0.17986798679867988,3.278654817172554e-28,0.0016571761095372265,6.746103432429134e-05
0.17991799179917992,3.281114976745899e-28,0.0016588342804110929,6.756231194276196e-05
0.17996799679967998,3.283576982315686e-28,0.0016604941104511957,6.766374160687063e-05
0.18001800180018002,3.2860408352670696e-28,0.0016621556013176953,6.776532354487973e-05
0.18006800680068008,3.288506536986245e-28,0.001663818754672415,6.78670579853944e-05
0.18011801180118012,3.2909740888604476e-28,0.0016654835721788437,6.796894515736285e-05
0.18016801680168018,3.2934434922779513e-28,0.0016671500555021294,6.807098529007733e-05
0.18021802180218022,3.2959147486280737e-28,0.0016688182063090882,6.817317861317388e-05
0.18026802680268028,3.2983878593011773e-28,0.001670488026268208,6.827552535663368e-05
0.18031803180318032,3.30086282568866e-28,0.0016721595170496393,6.837802575078287e-05
0.18036803680368038,3.3033396491829744e-28,0.0016738326803252105,6.848068002629365e-05
0.18041804180418042,3.305818331177609e-28,0.001675507517768418,6.85834884141843e-05
0.18046804680468048,3.3082988730671026e-28,0.0016771840310544342,6.868645114582007e-05
0.18051805180518052,3.3107812762470384e-28,0.0016788622218601088,6.878956845291329e-05
0.18056805680568058,3.3132655421140503e-28,0.0016805420918639684,6.889284056752473e-05
0.18061806180618062,3.3157516720658132e-28,0.0016822236427462183,6.89962677220628e-05
0.18066806680668068,3.318239667501059e-28,0.0016839068761887472,6.909985014928545e-05
0.18071807180718072,3.320729529819561e-28,0.001685591793875124,6.920358808229953e-05
0.18076807680768078,3.32322126042215e-28,0.001687278397490603,6.930748175456244e-05
0.18081808180818082,3.325714860710705e-28,0.001688966688722128,6.941153139988154e-05
0.18086808680868088,3.3282103320881553e-28,0.0016906566692583259,6.951573725241546e-05
0.18091809180918092,3.330707675958485e-28,0.001692348340789516,6.962009954667429e-05
0.18096809680968098,3.3332068937267324e-28,0.0016940417050077094,6.97246185175203e-05
0.18101810181018102,3.3357079867989843e-28,0.0016957367636066059,6.982929440016811e-05
0.18106810681068108,3.3382109565823944e-28,0.0016974335182816092,6.993412743018579e-05
0.18111811181118112,3.3407158044851573e-28,0.0016991319707298069,7.003911784349464e-05
0.18116811681168118,3.3432225319165368e-28,0.001700832122649995,7.014426587637064e-05
0.18121812181218122,3.345731140286847e-28,0.001702533975742666,7.024957176544406e-05
0.18126812681268129,3.348241631007464e-28,0.001704237531710012,7.035503574770068e-05
0.18131813181318132,3.3507540054908188e-28,0.0017059427922559301,7.046065806048189e-05
0.18136813681368139,3.353268265150409e-28,0.0017076497590860229,7.056643894148565e-05
0.18141814181418142,3.3557844114007837e-28,0.0017093584339075976,7.06723786287663e-05
0.18146814681468149,3.358302445657563e-28,0.0017110688184296724,7.07784773607362e-05
0.18151815181518152,3.3608223693374195e-28,0.0017127809143629733,7.0884735376165e-05
0.1815681568156816,3.363344183858098e-28,0.001714494723419939,7.099115291418128e-05
0.18161816181618162,3.3658678906384025e-28,0.0017162102473147205,7.109773021427244e-05
0.1816681668166817,3.3683934910982e-28,0.0017179274877631868,7.12044675162853e-05
0.18171817181718172,3.3709209866584254e-28,0.00171964644648292,7.131136506042687e-05
0.1817681768176818,3.373450378741083e-28,0.0017213671251932261,7.141842308726501e-05
0.18181818181818182,3.375981668769235e-28,0.001723089525615124,7.152564183772826e-05
0.1818681868186819,3.378514858167022e-28,0.0017248136494713623,7.163302155310729e-05
0.18191819181918192,3.381049948359643e-28,0.001726539498486407,7.174056247505456e-05
0.181968196819682,3.3835869407733762e-28,0.0017282670743864542,7.184826484558594e-05
0.18201820182018202,3.3861258368355635e-28,0.0017299963788994259,7.195612890708002e-05
0.18206820682068206,3.388666637974619e-28,0.0017317274137549706,7.206415490227965e-05
0.18211821182118212,3.391209345620029e-28,0.001733460180684472,7.217234307429192e-05
0.18216821682168216,3.393753961202356e-28,0.001735194681421042,7.228069366658906e-05
0.18221822182218222,3.396300486153229e-28,0.0017369309176995292,7.238920692300869e-05
0.18226822682268226,3.398848921905355e-28,0.0017386688912565164,7.249788308775436e-05
0.18231823182318233,3.4013992698925203e-28,0.0017404086038303283,7.260672240539664e-05
0.18236823682368236,3.403951531549576e-28,0.0017421500571610197,7.271572512087281e-05
0.18241824182418243,3.406505708312463e-28,0.0017438932529903995,7.282489147948824e-05
0.18246824682468246,3.4090618016181884e-28,0.0017456381930620053,7.293422172691628e-05
0.18251825182518253,3.411619812904844e-28,0.0017473848791211314,7.304371610919935e-05
0.18256825682568256,3.4141797436115994e-28,0.001749133312914811,7.31533748727491e-05
0.18261826182618263,3.416741595178704e-28,0.0017508834961918291,7.326319826434713e-05
0.18266826682668266,3.4193053690474863e-28,0.0017526354307027185,7.337318653114553e-05
0.18271827182718273,3.42187106666036e-28,0.001754389118199764,7.348333992066761e-05
0.18276827682768276,3.4244386894608146e-28,0.001756144560437004,7.359365868080783e-05
0.18281828182818283,3.4270082388934324e-28,0.0017579017591702346,7.370414305983335e-05
0.18286828682868286,3.429579716403869e-28,0.0017596607161570017,7.381479330638363e-05
0.18291829182918293,3.4321531234388735e-28,0.0017614214331566178,7.392560966947168e-05
0.18296829682968296,3.434728461446275e-28,0.0017631839119301499,7.403659239848422e-05
0.18301830183018303,3.437305731874992e-28,0.0017649481542404322,7.414774174318239e-05
0.18306830683068306,3.4398849361750273e-28,0.0017667141618520565,7.425905795370216e-05
0.18311831183118313,3.4424660757974774e-28,0.0017684819365313873,7.43705412805554e-05
0.18316831683168316,3.4450491521945197e-28,0.0017702514800465507,7.448219197462953e-05
0.18321832183218323,3.44763416681943e-28,0.0017720227941674471,7.459401028718918e-05
0.18326832683268326,3.450221121126563e-28,0.0017737958806657407,7.47059964698757e-05
0.18331833183318333,3.452810016571377e-28,0.0017755707413148758,7.481815077470858e-05
0.18336833683368337,3.455400854610417e-28,0.001777347377890068,7.493047345408554e-05
0.18341834183418343,3.4579936367013196e-28,0.0017791257921683091,7.504296476078311e-05
0.18346834683468347,3.460588364302815e-28,0.0017809059859283684,7.515562494795746e-05
0.18351835183518353,3.4631850388747343e-28,0.0017826879609507983,7.52684542691449e-05
0.18356835683568357,3.4657836618779924e-28,0.0017844717190179272,7.53814529782619e-05
0.18361836183618363,3.468384234774614e-28,0.0017862572619138735,7.549462132960678e-05
0.18366836683668367,3.4709867590277094e-28,0.0017880445914245347,7.56079595778591e-05
0.18371837183718373,3.4735912361014934e-28,0.0017898337093375993,7.572146797808113e-05
0.18376837683768377,3.4761976674612763e-28,0.0017916246174425423,7.583514678571788e-05
0.18381838183818383,3.478806054573471e-28,0.001793417317530631,7.594899625659783e-05
0.18386838683868387,3.4814163989055856e-28,0.001795211811394924,7.606301664693347e-05
0.18391839183918393,3.484028701926236e-28,0.001797008100830274,7.617720821332234e-05
0.18396839683968397,3.4866429651051344e-28,0.0017988061876333305,7.629157121274654e-05
0.18401840184018403,3.4892591899131006e-28,0.0018006060736025405,7.640610590257471e-05
0.18406840684068407,3.491877377822051e-28,0.0018024077605381483,7.652081254056115e-05
0.18411841184118413,3.4944975303050157e-28,0.0018042112502422033,7.663569138484772e-05
0.18416841684168417,3.497119648836123e-28,0.0018060165445185552,7.675074269396344e-05
0.18421842184218423,3.4997437348906095e-28,0.0018078236451728599,7.686596672682568e-05
0.18426842684268427,3.502369789944818e-28,0.0018096325540125785,7.698136374274027e-05
0.18431843184318433,3.504997815476205e-28,0.0018114432728469844,7.709693400140276e-05
0.18436843684368437,3.5076278129633236e-28,0.001813255803487155,7.721267776289793e-05
0.18441844184418443,3.51025978388585e-28,0.0018150701477459882,7.732859528770168e-05
0.18446844684468447,3.512893729724558e-28,0.001816886307438187,7.744468683668049e-05
0.18451845184518453,3.5155296519613424e-28,0.0018187042843802771,7.756095267109277e-05
0.18456845684568457,3.5181675520792056e-28,0.001820524080390599,7.767739305258897e-05
0.18461846184618463,3.520807431562264e-28,0.0018223456972893133,7.779400824321231e-05
0.18466846684668467,3.5234492918957432e-28,0.0018241691368983976,7.791079850539958e-05
0.18471847184718473,3.5260931345659924e-28,0.0018259944010416624,7.802776410198159e-05
0.18476847684768477,3.5287389610604644e-28,0.0018278214915447319,7.814490529618345e-05
0.18481848184818483,3.5313867728677416e-28,0.0018296504102350674,7.826222235162574e-05
0.18486848684868487,3.5340365714775093e-28,0.0018314811589419486,7.837971553232454e-05
0.18491849184918493,3.536688358380581e-28,0.001833313739496492,7.849738510269262e-05
0.18496849684968497,3.5393421350688863e-28,0.0018351481537316476,7.86152313275394e-05
0.18501850185018504,3.5419979030354707e-28,0.0018369844034821935,7.873325447207203e-05
0.18506850685068507,3.544655663774502e-28,0.0018388224905847468,7.885145480189563e-05
0.18511851185118514,3.5473154187812734e-28,0.0018406624168777652,7.896983258301446e-05
0.18516851685168517,3.5499771695521926e-28,0.0018425041842015408,7.908838808183155e-05
0.18521852185218524,3.5526409175847975e-28,0.0018443477943982114,7.920712156515042e-05
0.18526852685268527,3.555306664377742e-28,0.0018461932493117545,7.932603330017469e-05
0.18531853185318534,3.5579744114308138e-28,0.0018480405507879955,7.944512355450949e-05
0.18536853685368537,3.5606441602449168e-28,0.0018498897006746038,7.956439259616147e-05
0.18541854185418544,3.5633159123220857e-28,0.0018517407008211012,7.968384069353973e-05
0.18546854685468547,3.565989669165482e-28,0.001853593553078856,7.980346811545626e-05
0.18551855185518554,3.5686654322793973e-28,0.0018554482593010943,7.992327513112678e-05
0.18556855685568557,3.571343203169246e-28,0.0018573048213428912,8.00432620101708e-05
0.18561856185618564,3.5740229833415785e-28,0.0018591632410611828,8.016342902261311e-05
0.18566856685668567,3.5767047743040698e-28,0.0018610235203147562,8.028377643888339e-05
0.18571857185718574,3.579388577565531e-28,0.0018628856609642674,8.040430452981776e-05
0.18576857685768577,3.5820743946359033e-28,0.0018647496648722262,8.052501356665861e-05
0.18581858185818584,3.5847622270262613e-28,0.0018666155339030135,8.064590382105567e-05
0.18586858685868587,3.5874520762488116e-28,0.0018684832699228675,8.076697556506637e-05
0.1859185918591859,3.590143943816899e-28,0.0018703528747998999,8.08882290711569e-05
0.18596859685968598,3.5928378312450013e-28,0.0018722243504040903,8.100966461220206e-05
0.186018601860186,3.5955337400487323e-28,0.0018740976986072878,8.113128246148657e-05
0.18606860686068608,3.598231671744848e-28,0.0018759729212832177,8.125308289270555e-05
0.1861186118611861,3.6009316278512328e-28,0.0018778500203074742,8.13750661799646e-05
0.18616861686168618,3.603633609886922e-28,0.0018797289975575353,8.149723259778127e-05
0.1862186218621862,3.606337619372078e-28,0.001881609854912751,8.161958242108482e-05
0.18626862686268628,3.6090436578280158e-28,0.0018834925942543591,8.174211592521758e-05
0.1863186318631863,3.6117517267771848e-28,0.001885377217465473,8.186483338593523e-05
0.18636863686368638,3.614461827743178e-28,0.0018872637264310927,8.198773507940723e-05
0.1864186418641864,3.617173962250731e-28,0.0018891521230381058,8.21108212822177e-05
0.18646864686468648,3.6198881318257297e-28,0.0018910424091752869,8.223409227136625e-05
0.1865186518651865,3.622604337995193e-28,0.0018929345867332984,8.235754832426793e-05
0.18656865686568658,3.6253225822872993e-28,0.0018948286576047008,8.248118971875462e-05
0.1866186618661866,3.6280428662313613e-28,0.0018967246236839398,8.2605016733075e-05
0.18666866686668668,3.630765191357847e-28,0.0018986224868673622,8.27290296458957e-05
0.18671867186718671,3.633489559198373e-28,0.0019005222490532125,8.285322873630175e-05
0.18676867686768678,3.6362159712857004e-28,0.0019024239121416314,8.297761428379698e-05
0.18681868186818681,3.638944429153741e-28,0.0019043274780346617,8.310218656830478e-05
0.18686868686868688,3.6416749343375652e-28,0.0019062329486362528,8.322694587016921e-05
0.18691869186918691,3.644407488373383e-28,0.001908140325852254,8.335189247015456e-05
0.18696869686968698,3.647142092798569e-28,0.0019100496115904272,8.347702664944724e-05
0.18701870187018702,3.6498787491516412e-28,0.0019119608077604363,8.360234868965535e-05
0.18706870687068708,3.652617458972279e-28,0.001913873916273863,8.372785887280996e-05
0.18711871187118712,3.655358223801317e-28,0.0019157889390441984,8.385355748136565e-05
0.18716871687168718,3.658101045180741e-28,0.001917705877986848,8.397944479820076e-05
0.18721872187218722,3.6608459246536955e-28,0.0019196247350191317,8.410552110661853e-05
0.18726872687268728,3.6635928637644893e-28,0.001921545512060296,8.423178669034748e-05
0.18731873187318732,3.666341864058578e-28,0.0019234682110314974,8.435824183354194e-05
0.18736873687368738,3.6690929270825914e-28,0.001925392833855823,8.44848868207832e-05
0.18741874187418742,3.6718460543843058e-28,0.0019273193824582784,8.461172193707922e-05
0.18746874687468748,3.674601247512667e-28,0.001929247858765799,8.473874746786633e-05
0.18751875187518752,3.6773585080177825e-28,0.0019311782647072463,8.486596369900918e-05
0.18756875687568758,3.6801178374509202e-28,0.0019331106022134135,8.49933709168016e-05
0.18761876187618762,3.682879237364512e-28,0.001935044873217022,8.512096940796715e-05
0.18766876687668768,3.685642709312162e-28,0.001936981079652735,8.524875945966004e-05
0.18771877187718772,3.6884082548486264e-28,0.001938919223457141,8.537674135946534e-05
0.18776877687768778,3.691175875529843e-28,0.0019408593065687772,8.550491539540009e-05
0.18781878187818782,3.6939455729129033e-28,0.0019428013309281092,8.563328185591347e-05
0.18786878687868788,3.696717348556079e-28,0.001944745298477554,8.576184102988794e-05
0.18791879187918792,3.6994912040188032e-28,0.001946691211161466,8.589059320663958e-05
0.18796879687968798,3.702267140861683e-28,0.0019486390709261483,8.601953867591879e-05
0.18801880188018802,3.705045160646493e-28,0.00195058887971985,8.614867772791078e-05
0.18806880688068808,3.707825264936187e-28,0.001952540639492771,8.627801065323694e-05
0.18811881188118812,3.710607455294881e-28,0.0019544943521970603,8.640753774295424e-05
0.18816881688168818,3.7133917332878734e-28,0.0019564500197868234,8.653725928855725e-05
0.18821882188218822,3.7161781004816304e-28,0.001958407644218117,8.66671755819777e-05
0.18826882688268828,3.718966558443803e-28,0.001960367227448959,8.679728691558592e-05
0.18831883188318832,3.7217571087432075e-28,0.0019623287714393236,8.692759358219094e-05
0.18836883688368838,3.7245497529498452e-28,0.001964292278151148,8.705809587504158e-05
0.18841884188418842,3.7273444926348907e-28,0.0019662577495483313,8.718879408782657e-05
0.18846884688468848,3.730141329370702e-28,0.0019682251875967403,8.731968851467603e-05
0.18851885188518852,3.732940264730813e-28,0.0019701945942642027,8.74507794501612e-05
0.18856885688568858,3.7357413002899406e-28,0.001972165971520524,8.758206718929585e-05
0.18861886188618862,3.7385444376239804e-28,0.001974139321337471,8.771355202753637e-05
0.18866886688668869,3.7413496783100155e-28,0.0019761146456887934,8.784523426078304e-05
0.18871887188718872,3.744157023926309e-28,0.001978091946550208,8.797711418538019e-05
0.18876887688768879,3.7469664760523072e-28,0.001980071225899411,8.8109192098117e-05
0.18881888188818882,3.749778036268643e-28,0.0019820524857160774,8.824146829622828e-05
0.18886888688868889,3.7525917061571383e-28,0.0019840357279818674,8.837394307739514e-05
0.18891889188918892,3.755407487300796e-28,0.0019860209546804166,8.85066167397454e-05
0.188968896889689,3.7582253812838133e-28,0.00198800816779735,8.863948958185471e-05
0.18901890189018902,3.7610453896915675e-28,0.0019899973693202773,8.877256190274669e-05
0.1890689068906891,3.763867514110635e-28,0.0019919885612387995,8.890583400189407e-05
0.18911891189118912,3.7666917561287777e-28,0.001993981745544507,8.903930617921906e-05
0.1891689168916892,3.7695181173349473e-28,0.0019959769242309804,8.91729787350943e-05
0.18921892189218922,3.7723465993192926e-28,0.0019979740992938015,8.930685197034311e-05
0.1892689268926893,3.7751772036731534e-28,0.0019999732727305443,8.944092618624076e-05
0.18931893189318932,3.77800993198906e-28,0.0020019744465407784,8.957520168451445e-05
0.1893689368936894,3.780844785860745e-28,0.002003977622726083,8.970967876734473e-05
0.18941894189418942,3.783681766883128e-28,0.002005982803290031,8.98443577373654e-05
0.1894689468946895,3.7865208766523347e-28,0.0020079899902382082,8.9979238897665e-05
0.18951895189518952,3.789362116765681e-28,0.0020099991855782005,9.011432255178674e-05
0.1895689568956896,3.792205488821686e-28,0.002012010391319608,9.024960900372978e-05
0.18961896189618963,3.7950509944200636e-28,0.0020140236094740335,9.03850985579496e-05
0.18966896689668966,3.797898635161735e-28,0.002016038842055104,9.052079151935878e-05
0.18971897189718973,3.800748412648817e-28,0.0020180560910784536,9.06566881933275e-05
0.18976897689768976,3.8036003284846263e-28,0.00202007535856173,9.079278888568451e-05
0.18981898189818983,3.8064543842736935e-28,0.0020220966465246126,9.092909390271787e-05
0.18986898689868986,3.809310581621741e-28,0.0020241199569887907,9.106560355117492e-05
0.18991899189918993,3.812168922135705e-28,0.002026145291977978,9.120231813826428e-05
0.18996899689968996,3.815029407423719e-28,0.0020281726535179155,9.133923797165494e-05
0.19001900190019003,3.817892039095131e-28,0.002030202043636372,9.14763633594785e-05
0.19006900690069006,3.820756818760494e-28,0.0020322334643631426,9.16136946103288e-05
0.19011901190119013,3.8236237480315673e-28,0.0020342669177300546,9.175123203326293e-05
0.19016901690169016,3.8264928285213213e-28,0.0020363024057709687,9.188897593780202e-05
0.19021902190219023,3.829364061843939e-28,0.0020383399305217795,9.202692663393223e-05
0.19026902690269026,3.8322374496148093e-28,0.0020403794940204198,9.216508443210432e-05
0.19031903190319033,3.8351129934505393e-28,0.0020424210983068618,9.230344964323598e-05
0.19036903690369036,3.837990694968941e-28,0.002044464745423117,9.244202257871088e-05
0.19041904190419043,3.8408705557890503e-28,0.002046510437413242,9.258080355038083e-05
0.19046904690469046,3.8437525775311114e-28,0.00204855817632334,9.271979287056546e-05
0.19051905190519053,3.8466367618165854e-28,0.002050607964201557,9.285899085205334e-05
0.19056905690569056,3.849523110268151e-28,0.0020526598030980924,9.299839780810261e-05
0.19061906190619063,3.852411624509705e-28,0.002054713695065197,9.313801405244184e-05
0.19066906690669067,3.855302306166359e-28,0.0020567696421571707,9.327783989927026e-05
0.19071907190719073,3.8581951568644506e-28,0.002058827646430375,9.341787566325934e-05
0.19076907690769077,3.8610901782315304e-28,0.002060887709943224,9.355812165955223e-05
0.19081908190819083,3.863987371896375e-28,0.002062949834756193,9.3698578203766e-05
0.19086908690869087,3.866886739488983e-28,0.0020650140229318235,9.383924561199078e-05
0.19091909190919093,3.869788282640573e-28,0.0020670802765347107,9.398012420079194e-05
0.19096909690969097,3.8726920029835893e-28,0.0020691485976315253,9.412121428720948e-05
0.19101910191019103,3.8755979021517063e-28,0.0020712189882910043,9.426251618875992e-05
0.19106910691069107,3.8785059817798128e-28,0.002073291450583948,9.440403022343594e-05
0.19111911191119113,3.881416243504036e-28,0.002075365986583238,9.454575670970813e-05
0.19116911691169117,3.8843286889617197e-28,0.002077442598363819,9.468769596652466e-05
0.19121912191219123,3.8872433197914487e-28,0.0020795212880027245,9.482984831331301e-05
0.19126912691269127,3.890160137633028e-28,0.002081602057579059,9.497221406997991e-05
0.19131913191319133,3.893079144127496e-28,0.0020836849091740066,9.511479355691247e-05
0.19136913691369137,3.8960003409171202e-28,0.0020857698448708364,9.525758709497863e-05
0.19141914191419143,3.8989237296454084e-28,0.0020878568667549034,9.54005950055285e-05
0.19146914691469147,3.9018493119570886e-28,0.002089945976913642,9.554381761039396e-05
0.19151915191519153,3.9047770894981366e-28,0.0020920371774365864,9.568725523189066e-05
0.19156915691569157,3.9077070639157504e-28,0.0020941304704153504,9.583090819281758e-05
0.19161916191619163,3.9106392368583765e-28,0.0020962258579436503,9.597477681645884e-05
0.19166916691669167,3.9135736099756884e-28,0.0020983233421172907,9.611886142658355e-05
0.19171917191719173,3.916510184918603e-28,0.002100422925034176,9.626316234744713e-05
0.19176917691769177,3.919448963339271e-28,0.0021025246087943063,9.640767990379132e-05
0.19181918191819183,3.922389946891092e-28,0.0021046283954997925,9.655241442084608e-05
0.19186918691869187,3.9253331372286938e-28,0.0021067342872548365,9.669736622432913e-05
0.19191919191919193,3.928278536007958e-28,0.002108842286165755,9.684253564044743e-05
0.19196919691969197,3.9312261448859966e-28,0.0021109523943409645,9.698792299589731e-05
0.19201920192019203,3.9341759655211763e-28,0.0021130646138909997,9.71335286178661e-05
0.19206920692069207,3.9371279995731024e-28,0.0021151789469285014,9.727935283403186e-05
0.19211921192119213,3.9400822487026234e-28,0.002117295395568225,9.74253959725648e-05
0.19216921692169217,3.94303871457184e-28,0.002119413961927044,9.757165836212781e-05
0.19221922192219223,3.9459973988440964e-28,0.0021215346481239473,9.771814033187721e-05
0.19226922692269227,3.948958303183983e-28,0.0021236574562800456,9.78648422114633e-05
0.19231923192319234,3.9519214292573475e-28,0.002125782388518575,9.801176433103157e-05
0.19236923692369237,3.9548867787312753e-28,0.002127909446964889,9.815890702122266e-05
0.19241924192419244,3.957854353274111e-28,0.0021300386337464714,9.830627061317423e-05
0.19246924692469247,3.960824154555454e-28,0.00213216995099294,9.845385543852063e-05
0.19251925192519254,3.9637961842461457e-28,0.002134303400836033,9.86016618293942e-05
0.19256925692569257,3.9667704440182883e-28,0.002136438985409629,9.874969011842584e-05
0.19261926192619264,3.9697469355452424e-28,0.002138576706849742,9.889794063874609e-05
0.19266926692669267,3.9727256605016123e-28,0.002140716567294519,9.904641372398508e-05
0.19271927192719274,3.9757066205632734e-28,0.002142858568884251,9.919510970827452e-05
0.19276927692769277,3.978689817407344e-28,0.0021450027137613634,9.934402892624701e-05
0.19281928192819284,3.9816752527122135e-28,0.0021471490040704338,9.949317171303813e-05
0.19286928692869287,3.9846629281575233e-28,0.002149297441958184,9.964253840428618e-05
0.19291929192919294,3.987652845424176e-28,0.0021514480295734767,9.979212933613362e-05
0.19296929692969297,3.9906450061943366e-28,0.0021536007690673327,9.994194484522719e-05
0.19301930193019304,3.9936394121514375e-28,0.0021557556625929246,0.0001000919852687197
0.19306930693069307,3.996636064980162e-28,0.0021579127123055727,0.00010024225094426932
0.19311931193119314,3.9996349663664693e-28,0.0021600719203627625,0.00010039274221004173
0.19316931693169317,4.0026361179975753e-28,0.002162233288924129,0.00010054345940470997
0.19321932193219324,4.005639521561968e-28,0.0021643968201514774,0.00010069440286745564
0.19326932693269328,4.0086451787493985e-28,0.0021665625162087697,0.00010084557293796948
0.19331933193319334,4.011653091250889e-28,0.0021687303792621375,0.00010099696995645239
0.19336933693369338,4.0146632607587267e-28,0.0021709004114798753,0.00010114859426361575
0.19341934193419344,4.017675688966475e-28,0.0021730726150324536,0.00010130044620068263
0.19346934693469348,4.0206903775689563e-28,0.0021752469920925045,0.00010145252610938817
0.1935193519351935,4.0237073282622785e-28,0.0021774235448348447,0.00010160483433198077
0.19356935693569358,4.0267265427438137e-28,0.002179602275436461,0.00010175737121122263
0.1936193619361936,4.029748022712211e-28,0.00218178318607652,0.00010191013709039027
0.19366936693669368,4.032771769867393e-28,0.0021839662789363726,0.0001020631323132759
0.1937193719371937,4.0357977859105532e-28,0.0021861515561995407,0.00010221635722418743
0.19376937693769378,4.0388260725441725e-28,0.0021883390200517446,0.0001023698121679503
0.1938193819381938,4.041856631471999e-28,0.0021905286726808834,0.00010252349748990704
0.19386938693869388,4.044889464399066e-28,0.0021927205162770515,0.00010267741353591887
0.1939193919391939,4.047924573031681e-28,0.0021949145530325274,0.00010283156065236617
0.19396939693969398,4.050961959077435e-28,0.0021971107851417875,0.00010298593918614965
0.19401940194019401,4.054001624245199e-28,0.0021993092148015034,0.00010314054948469023
0.19406940694069408,4.057043570245128e-28,0.0022015098442105473,0.00010329539189593101
0.19411941194119411,4.0600877987886575e-28,0.002203712675569985,0.00010345046676833703
0.19416941694169418,4.063134311588508e-28,0.0022059177110830912,0.00010360577445089658
0.19421942194219421,4.0661831103586895e-28,0.002208124952955344,0.00010376131529312203
0.19426942694269428,4.06923419681449e-28,0.0022103344033944225,0.00010391708964505023
0.19431943194319432,4.072287572672492e-28,0.0022125460646102223,0.00010407309785724372
0.19436943694369438,4.075343239650564e-28,0.0022147599388148485,0.00010422934028079124
0.19441944194419442,4.078401199467857e-28,0.0022169760282226133,0.00010438581726730855
0.19446944694469448,4.081461453844825e-28,0.002219194335050057,0.00010454252916893953
0.19451945194519452,4.0845240045031995e-28,0.0022214148615159234,0.00010469947633835635
0.19456945694569458,4.087588853166012e-28,0.002223637609841188,0.00010485665912876094
0.19461946194619462,4.090656001557585e-28,0.0022258625822490405,0.00010501407789388547
0.19466946694669468,4.093725451403535e-28,0.0022280897809649,0.00010517173298799308
0.19471947194719472,4.096797204430774e-28,0.0022303192082164117,0.00010532962476587863
0.19476947694769478,4.099871262367506e-28,0.00223255086623345,0.00010548775358286965
0.19481948194819482,4.102947626943236e-28,0.002234784757248114,0.00010564611979482762
0.19486948694869488,4.106026299888766e-28,0.0022370208834947484,0.00010580472375814748
0.19491949194919492,4.109107282936194e-28,0.0022392592472099235,0.00010596356582975962
0.19496949694969498,4.1121905778189205e-28,0.0022414998506324504,0.00010612264636713044
0.19501950195019502,4.115276186271648e-28,0.0022437426960033834,0.0001062819657282627
0.19506950695069508,4.118364110030376e-28,0.0022459877855660147,0.00010644152427169686
0.19511951195119512,4.1214543508324085e-28,0.002248235121565883,0.00010660132235651124
0.19516951695169518,4.124546910416361e-28,0.002250484706250778,0.00010676136034232399
0.19521952195219522,4.127641790522134e-28,0.002252736541870728,0.00010692163858929207
0.19526952695269528,4.1307389928909565e-28,0.002254990630678024,0.00010708215745811446
0.19531953195319532,4.133838519265347e-28,0.0022572469749272046,0.00010724291731002998
0.19536953695369538,4.13694037138914e-28,0.002259505576875065,0.00010740391850682166
0.19541954195419542,4.14004455100748e-28,0.002261766438780659,0.00010756516141081427
0.19546954695469548,4.1431510598668115e-28,0.0022640295629053017,0.00010772664638487707
0.19551955195519552,4.146259899714896e-28,0.0022662949515125687,0.00010788837379242377
0.19556955695569558,4.14937107230081e-28,0.002268562606868306,0.00010805034399741424
0.19561956195619562,4.152484579374936e-28,0.0022708325312406166,0.00010821255736435428
0.19566956695669568,4.155600422688973e-28,0.0022731047268998864,0.000108375014258297
0.19571957195719572,4.1587186039959295e-28,0.0022753791961187585,0.00010853771504484338
0.19576957695769578,4.161839125050138e-28,0.0022776559411721627,0.00010870066009014395
0.19581958195819582,4.164961987607241e-28,0.0022799349643372957,0.00010886384976089814
0.19586958695869588,4.168087193424201e-28,0.0022822162678936392,0.00010902728442435643
0.19591959195919592,4.171214744259296e-28,0.0022844998541229514,0.00010919096444832017
0.19596959695969599,4.17434464187213e-28,0.002286785725309279,0.0001093548902011435
0.19601960196019602,4.1774768880236185e-28,0.0022890738837389474,0.00010951906205173291
0.19606960696069609,4.180611484476002e-28,0.002291364331700573,0.00010968348036954918
0.19611961196119612,4.183748432992845e-28,0.0022936570714850633,0.00010984814552460751
0.19616961696169619,4.186887735339034e-28,0.002295952105385617,0.00011001305788747867
0.19621962196219622,4.19002939328078e-28,0.002298249435697727,0.00011017821782928978
0.1962696269626963,4.193173408585621e-28,0.0023005490647191834,0.00011034362572172522
0.19631963196319632,4.196319783022416e-28,0.002302850994750073,0.00011050928193702721
0.1963696369636964,4.199468518361358e-28,0.002305155228092791,0.00011067518684799683
0.19641964196419642,4.202619616373962e-28,0.0023074617670520276,0.00011084134082799479
0.1964696469646965,4.20577307883308e-28,0.002309770613934788,0.00011100774425094266
0.19651965196519652,4.208928907512881e-28,0.0023120817710503747,0.00011117439749132271
0.1965696569656966,4.212087104188882e-28,0.002314395240710414,0.00011134130092418004
0.19661966196619662,4.21524767063792e-28,0.0023167110252288337,0.00011150845492512259
0.1966696669666967,4.21841060863817e-28,0.0023190291269218834,0.00011167585987032219
0.19671967196719672,4.221575919969141e-28,0.0023213495481081282,0.00011184351613651513
0.1967696769676968,4.22474360641168e-28,0.0023236722911084574,0.00011201142410100388
0.19681968196819682,4.227913669747961e-28,0.002325997358246072,0.00011217958414165673
0.1968696869686969,4.2310861117615065e-28,0.002328324751846512,0.00011234799663690979
0.19691969196919692,4.234260934237166e-28,0.0023306544742376267,0.00011251666196576666
0.196969696969697,4.2374381389611435e-28,0.0023329865277496157,0.0001126855805078007
0.19701970197019703,4.240617727720967e-28,0.0023353209147149927,0.00011285475264315448
0.1970697069706971,4.243799702305517e-28,0.002337657637468613,0.00011302417875254179
0.19711971197119713,4.246984064505007e-28,0.0023399966983476675,0.00011319385921724722
0.1971697169716972,4.250170816111007e-28,0.002342338099691687,0.00011336379441912867
0.19721972197219723,4.2533599589164145e-28,0.0023446818438425357,0.00011353398474061678
0.19726972697269726,4.256551494715488e-28,0.002347027933144432,0.00011370443056471627
0.19731973197319733,4.259745425303824e-28,0.0023493763699439347,0.00011387513227500741
0.19736973697369736,4.262941752478367e-28,0.0023517271565899472,0.00011404609025564561
0.19741974197419743,4.266140478037411e-28,0.0023540802954337306,0.00011421730489136355
0.19746974697469746,4.2693416037806e-28,0.0023564357888288885,0.00011438877656747112
0.19751975197519753,4.272545131508925e-28,0.0023587936391313924,0.00011456050566985679
0.19756975697569756,4.275751063024734e-28,0.00236115384869956,0.00011473249258498882
0.19761976197619763,4.278959400131722e-28,0.002363516419894078,0.0001149047376999147
0.19766976697669766,4.28217014463494e-28,0.002365881355077982,0.0001150772414022639
0.19771977197719773,4.285383298340797e-28,0.00236824865661669,0.00011525000408024742
0.19776977697769776,4.2885988630570465e-28,0.0023706183268779706,0.00011542302612265888
0.19781978197819783,4.291816840592814e-28,0.0023729903682319724,0.00011559630791887618
0.19786978697869786,4.295037232758564e-28,0.0023753647830512077,0.000115769849858861
0.19791979197919793,4.298260041366137e-28,0.0023777415737105683,0.00011594365233316123
0.19796979697969797,4.301485268228724e-28,0.0023801207425873227,0.00011611771573291052
0.19801980198019803,4.304712915160878e-28,0.0023825022920611104,0.00011629204044983031
0.19806980698069807,4.30794298397851e-28,0.002384886224513961,0.00011646662687622914
0.19811981198119813,4.311175476498906e-28,0.0023872725423302863,0.00011664147540500574
0.19816981698169817,4.314410394540696e-28,0.0023896612478968775,0.00011681658642964741
0.19821982198219823,4.317647739923895e-28,0.0023920523436029217,0.0001169919603442335
0.19826982698269827,4.320887514469866e-28,0.0023944458318399886,0.00011716759754343384
0.19831983198319833,4.324129720001353e-28,0.0023968417150020487,0.00011734349842251159
0.19836983698369837,4.327374358342459e-28,0.0023992399954854645,0.00011751966337732265
0.19841984198419843,4.330621431318657e-28,0.002401640675688995,0.00011769609280431776
0.19846984698469847,4.333870940756791e-28,0.0024040437580138017,0.00011787278710054243
0.19851985198519853,4.337122888485081e-28,0.0024064492448634487,0.00011804974666363871
0.19856985698569857,4.340377276333108e-28,0.0024088571386439027,0.000118226971891845
0.19861986198619863,4.3436341061318335e-28,0.0024112674417635397,0.00011840446318399832
0.19866986698669867,4.34689337971359e-28,0.002413680156633145,0.0001185822209395336
0.19871987198719873,4.350155098912085e-28,0.002416095285665918,0.0001187602455584859
0.19876987698769877,4.353419265562407e-28,0.002418512831277468,0.00011893853744149131
0.19881988198819883,4.356685881501012e-28,0.002420932795885827,0.00011911709698978628
0.19886988698869887,4.359954948565738e-28,0.0024233551819114415,0.0001192959246052105
0.19891989198919893,4.363226468595812e-28,0.002425779991777186,0.00011947502069020684
0.19896989698969897,4.36650044343182e-28,0.0024282072279083505,0.00011965438564782161
0.19901990199019903,4.3697768749157525e-28,0.002430636892732662,0.00011983401988170752
0.19906990699069907,4.373055764890963e-28,0.0024330689886802675,0.00012001392379612189
0.19911991199119913,4.376337115202202e-28,0.0024355035181837527,0.00012019409779592995
0.19916991699169917,4.3796209276955935e-28,0.0024379404836781327,0.00012037454228660415
0.19921992199219923,4.382907204218654e-28,0.0024403798876008608,0.000120555257674226
0.19926992699269927,4.38619594662028e-28,0.002442821732391827,0.00012073624436548645
0.19931993199319933,4.3894871567507695e-28,0.0024452660204933698,0.00012091750276768731
0.19936993699369937,4.392780836461788e-28,0.0024477127543502636,0.00012109903328874134
0.19941994199419943,4.396076987606407e-28,0.0024501619364097308,0.00012128083633717408
0.19946994699469947,4.3993756120390775e-28,0.0024526135691214424,0.00012146291232212447
0.19951995199519953,4.402676711615653e-28,0.0024550676549375274,0.00012164526165334532
0.19956995699569957,4.405980288193366e-28,0.0024575241963125565,0.0001218278847412047
0.19961996199619964,4.409286343630858e-28,0.002459983195703566,0.00012201078199668703
0.19966996699669967,4.412594879788152e-28,0.0024624446555700473,0.00012219395383139339
0.19971997199719974,4.415905898526674e-28,0.002464908578373953,0.000122377400657543
0.19976997699769977,4.419219401709245e-28,0.0024673749665796974,0.00012256112288797378
0.19981998199819984,4.422535391200084e-28,0.0024698438226541638,0.00012274512093614362
0.19986998699869987,4.425853868864805e-28,0.002472315149066701,0.00012292939521613093
0.19991999199919994,4.4291748365704285e-28,0.002474788948289131,0.0001231139461426359
0.19996999699969997,4.432498296185368e-28,0.0024772652227957456,0.00012329877413098125
0.20002000200020004,4.435824249579451e-28,0.0024797439750633174,0.00012348387959711327
0.20007000700070007,4.439152698623897e-28,0.0024822252075710994,0.00012366926295760241
0.20012001200120014,4.442483645191329e-28,0.0024847089228008093,0.00012385492462964502
0.20017001700170017,4.4458170911557835e-28,0.0024871951232366667,0.00012404086503106323
0.20022002200220024,4.4491530383927e-28,0.002489683811365369,0.00012422708458030714
0.20027002700270027,4.4524914887789215e-28,0.0024921749896761017,0.0001244135836964541
0.20032003200320034,4.455832444192706e-28,0.002494668660660544,0.00012460036279921167
0.20037003700370037,4.459175906513711e-28,0.002497164826812858,0.00012478742230891658
0.20042004200420044,4.462521877623018e-28,0.002499663490629721,0.00012497476264653715
0.20047004700470047,4.465870359403104e-28,0.0025021646546102877,0.00012516238423367348
0.20052005200520054,4.469221353737873e-28,0.0025046683212562267,0.0001253502874925587
0.20057005700570057,4.472574862512631e-28,0.002507174493071702,0.00012553847284605966
0.20062006200620064,4.475930887614111e-28,0.002509683172563393,0.00012572694071767845
0.20067006700670068,4.479289430930448e-28,0.0025121943622404743,0.00012591569153155242
0.20072007200720074,4.482650494351207e-28,0.002514708064614645,0.00012610472571245607
0.20077007700770078,4.486014079767359e-28,0.0025172242822001038,0.0001262940436858015
0.20082008200820084,4.4893801890712984e-28,0.0025197430175135744,0.0001264836458776391
0.20087008700870088,4.492748824156848e-28,0.0025222642730743016,0.00012667353271465974
0.20092009200920094,4.49611998691924e-28,0.002524788051404036,0.00012686370462419404
0.20097009700970098,4.49949367925513e-28,0.0025273143550270673,0.00012705416203421445
0.20102010201020104,4.502869903062605e-28,0.0025298431864702042,0.0001272449053733362
0.20107010701070108,4.506248660241165e-28,0.0025323745482627815,0.00012743593507081731
0.2011201120112011,4.509629952691744e-28,0.002534908442936669,0.00012762725155656088
0.20117011701170118,4.513013782316706e-28,0.002537444873026269,0.00012781885526111554
0.2012201220122012,4.516400151019823e-28,0.002539983841068519,0.00012801074661567523
0.20127012701270128,4.519789060706318e-28,0.0025425253496028956,0.00012820292605208238
0.20132013201320131,4.52318051328283e-28,0.002545069401171414,0.00012839539400282717
0.20137013701370138,4.526574510657438e-28,0.002547615998318636,0.00012858815090104961
0.20142014201420141,4.5299710547396405e-28,0.0025501651435916673,0.00012878119718053894
0.20147014701470148,4.533370147440383e-28,0.0025527168395401674,0.00012897453327573663
0.20152015201520151,4.536771790672028e-28,0.0025552710887163372,0.00012916815962173565
0.20157015701570158,4.540175986348392e-28,0.0025578278936749417,0.0001293620766542829
0.20162016201620162,4.54358273638471e-28,0.0025603872569732924,0.00012955628480977867
0.20167016701670168,4.546992042697673e-28,0.0025629491811712704,0.0001297507845252793
0.20172017201720172,4.550403907205388e-28,0.002565513668831308,0.00012994557623849634
0.20177017701770178,4.5538183318274205e-28,0.0025680807225184087,0.00013014066038779905
0.20182018201820182,4.557235318484767e-28,0.0025706503448001405,0.00013033603741221468
0.20187018701870188,4.560654869099864e-28,0.002573222538246636,0.00013053170775142938
0.20192019201920192,4.564076985596595e-28,0.0025757973054306065,0.00013072767184578977
0.20197019701970198,4.567501669900291e-28,0.0025783746489273372,0.0001309239301363033
0.20202020202020202,4.570928923937714e-28,0.0025809545713146803,0.0001311204830646394
0.20207020702070208,4.574358749637089e-28,0.002583537075173082,0.00013131733107313114
0.20212021202120212,4.577791148928066e-28,0.002586122163085555,0.00013151447460477443
0.20217021702170218,4.58122612374177e-28,0.002588709837637712,0.00013171191410323182
0.20222022202220222,4.584663676010752e-28,0.0025913001014177418,0.00013190965001283044
0.20227022702270228,4.588103807669028e-28,0.002593892957016426,0.00013210768277856585
0.20232023202320232,4.591546520652052e-28,0.0025964884070271387,0.00013230601284610057
0.20237023702370238,4.594991816896744e-28,0.002599086454045852,0.00013250464066176648
0.20242024202420242,4.598439698341467e-28,0.002601687100671131,0.000132703566672566
0.20247024702470248,4.601890166926046e-28,0.002604290349504144,0.00013290279132617216
0.20252025202520252,4.60534322459175e-28,0.0026068962031486577,0.0001331023150709298
0.20257025702570258,4.608798873281322e-28,0.0026095046642110493,0.00013330213835585785
0.20262026202620262,4.61225711493895e-28,0.0026121157353003045,0.00013350226163064832
0.20267026702670268,4.615717951510282e-28,0.002614729419028012,0.00013370268534566884
0.20272027202720272,4.619181384942428e-28,0.002617345718008379,0.00013390340995196297
0.20277027702770278,4.622647417183965e-28,0.002619964634858235,0.00013410443590125185
0.20282028202820282,4.62611605018492e-28,0.0026225861721970102,0.000134305763645934
0.20287028702870288,4.629587285896791e-28,0.002625210332646777,0.00013450739363908763
0.20292029202920292,4.633061126272539e-28,0.0026278371188322154,0.00013470932633447098
0.20297029702970298,4.636537573266592e-28,0.0026304665333806362,0.00013491156218652415
0.20302030203020302,4.640016628834839e-28,0.0026330985789219824,0.00013511410165036817
0.20307030703070308,4.643498294934644e-28,0.0026357332580888276,0.00013531694518180854
0.20312031203120312,4.646982573524833e-28,0.002638370573516374,0.0001355200932373343
0.20317031703170318,4.650469466565709e-28,0.0026410105278424673,0.00013572354627412059
0.20322032203220322,4.6539589760190345e-28,0.0026436531237075903,0.00013592730475002758
0.20327032703270329,4.65745110384806e-28,0.0026462983637548687,0.00013613136912360438
0.20332033203320332,4.6609458520174925e-28,0.0026489462506300685,0.00013633573985408727
0.20337033703370339,4.664443222493525e-28,0.0026515967869816096,0.00013654041740140266
0.20342034203420342,4.667943217243824e-28,0.002654249975460558,0.00013674540222616738
0.20347034703470349,4.671445838237525e-28,0.00265690581872063,0.0001369506947896894
0.20352035203520352,4.674951087445252e-28,0.0026595643194182047,0.00013715629555396958
0.2035703570357036,4.678458966839101e-28,0.002662225480212316,0.00013736220498170224
0.20362036203620362,4.681969478392645e-28,0.0026648893037646507,0.00013756842353627628
0.2036703670367037,4.685482624080948e-28,0.0026675557927395717,0.00013777495168177656
0.20372037203720372,4.688998405880544e-28,0.002670224949804096,0.0001379817898829842
0.2037703770377038,4.692516825769461e-28,0.0026728967776279227,0.00013818893860537848
0.20382038203820382,4.6960378857271985e-28,0.002675571278883404,0.00013839639831513716
0.2038703870387039,4.69956158773476e-28,0.0026782484562455863,0.00013860416947913834
0.20392039203920392,4.703087933774615e-28,0.0026809283123921763,0.00013881225256496044
0.203970397039704,4.706616925830736e-28,0.0026836108500035683,0.0001390206480408845
0.20402040204020402,4.710148565888573e-28,0.0026862960717628356,0.00013922935637589374
0.2040704070407041,4.713682855935076e-28,0.00268898398035574,0.00013943837803967642
0.20412041204120412,4.717219797958678e-28,0.0026916745784707264,0.00013964771350262505
0.2041704170417042,4.720759393949304e-28,0.002694367868798928,0.00013985736323583883
0.20422042204220422,4.7243016458983855e-28,0.0026970638540341828,0.00014006732771112444
0.2042704270427043,4.727846555798826e-28,0.002699762536873006,0.00014027760740099613
0.20432043204320433,4.731394125645043e-28,0.002702463920014625,0.00014048820277867807
0.2043704370437044,4.7349443574329425e-28,0.0027051680061609663,0.00014069911431810467
0.20442044204420443,4.738497253159928e-28,0.0027078747980166505,0.000140910342493922
0.2044704470447045,4.7420528148249065e-28,0.002710584298289018,0.0001411218877814887
0.20452045204520453,4.745611044428277e-28,0.0027132965096881064,0.00014133375065687666
0.2045704570457046,4.7491719439719505e-28,0.002716011434926672,0.00014154593159687332
0.20462046204620463,4.752735515459325e-28,0.00271872907672018,0.00014175843107898064
0.2046704670467047,4.756301760895319e-28,0.002721449437786824,0.00014197124958141878
0.20472047204720473,4.75987068228634e-28,0.0027241725208475,0.0001421843875831249
0.2047704770477048,4.7634422816403145e-28,0.0027268983286258416,0.0001423978455637559
0.20482048204820483,4.7670165609666615e-28,0.002729626863848198,0.00014261162400368792
0.20487048704870486,4.77059352227632e-28,0.0027323581292436547,0.000142825723384019
0.20492049204920493,4.774173167581737e-28,0.0027350921275440237,0.00014304014418656946
0.20497049704970496,4.7777554988968585e-28,0.002737828861483847,0.00014325488689388217
0.20502050205020503,4.781340518237155e-28,0.0027405683338004097,0.00014346995198922545
0.20507050705070506,4.784928227619598e-28,0.0027433105472337302,0.00014368533995659202
0.20512051205120513,4.788518629062679e-28,0.0027460555045265684,0.00014390105128070236
0.20517051705170516,4.792111724586408e-28,0.002748803208424436,0.00014411708644700426
0.20522052205220523,4.795707516212299e-28,0.0027515536616755827,0.0001443334459416737
0.20527052705270527,4.799306005963393e-28,0.002754306867031014,0.00014455013025161723
0.20532053205320533,4.802907195864248e-28,0.0027570628272444875,0.0001447671398644723
0.20537053705370537,4.806511087940931e-28,0.002759821545072511,0.00014498447526860804
0.20542054205420543,4.810117684221046e-28,0.0027625830232743606,0.00014520213695312732
0.20547054705470547,4.813726986733701e-28,0.0027653472646120606,0.0001454201254078664
0.20552055205520553,4.817338997509542e-28,0.0027681142718504097,0.00014563844112339838
0.20557055705570557,4.820953718580724e-28,0.002770884047756965,0.00014585708459103114
0.20562056205620563,4.824571151980943e-28,0.002773656595102063,0.00014607605630281137
0.20567056705670567,4.828191299745404e-28,0.002776431916658798,0.0001462953567515239
0.20572057205720573,4.831814163910853e-28,0.0027792100152030526,0.000146514986430694
0.20577057705770577,4.835439746515557e-28,0.002781990893513479,0.0001467349458345866
0.20582058205820583,4.839068049599317e-28,0.0027847745543715125,0.00014695523545821043
0.20587058705870587,4.842699075203456e-28,0.0027875610005613713,0.0001471758557973154
0.20592059205920593,4.846332825370837e-28,0.0027903502348700553,0.00014739680734839723
0.20597059705970597,4.849969302145859e-28,0.002793142260087368,0.0001476180906086964
0.20602060206020603,4.853608507574439e-28,0.0027959370790058774,0.00014783970607619958
0.20607060706070607,4.857250443704047e-28,0.002798734694420975,0.0001480616542496418
0.20612061206120613,4.860895112583685e-28,0.0028015351091308315,0.0001482839356285066
0.20617061706170617,4.864542516263881e-28,0.002804338325936421,0.0001485065507130265
0.20622062206220623,4.868192656796716e-28,0.0028071443476415233,0.0001487295000041864
0.20627062706270627,4.871845536235799e-28,0.0028099531770527167,0.00014895278400372231
0.20632063206320633,4.875501156636294e-28,0.0028127648169793996,0.0001491764032141242
0.20637063706370637,4.8791595200548905e-28,0.002815579270233771,0.00014940035813863526
0.20642064206420643,4.882820628549835e-28,0.002818396539630847,0.00014962464928125572
0.20647064706470647,4.886484484180913e-28,0.0028212166279884612,0.0001498492771467414
0.20652065206520653,4.890151089009454e-28,0.0028240395381272684,0.00015007424224060614
0.20657065706570657,4.8938204450983345e-28,0.00282686527287074,0.00015029954506912268
0.20662066206620663,4.897492554511983e-28,0.002829693835045178,0.00015052518613932426
0.20667066706670667,4.901167419316372e-28,0.0028325252274797098,0.0001507511659590045
0.20672067206720673,4.904845041579026e-28,0.0028353594530062956,0.0001509774850367199
0.20677067706770677,4.908525423369027e-28,0.0028381965144597303,0.00015120414388179049
0.20682068206820683,4.912208566756997e-28,0.0028410364146776368,0.00015143114300430078
0.20687068706870687,4.9158944738151235e-28,0.0028438791565004898,0.00015165848291510075
0.20692069206920694,4.919583146617143e-28,0.0028467247427715983,0.0001518861641258082
0.20697069706970697,4.923274587238345e-28,0.002849573176337114,0.0001521141871488077
0.20702070207020704,4.9269687977555895e-28,0.0028524244600460487,0.00015234255249725438
0.20707070707070707,4.930665780247274e-28,0.0028552785967502483,0.00015257126068507273
0.20712071207120714,4.934365536793377e-28,0.0028581355893044233,0.00015280031222695973
0.20717071707170717,4.93806806947542e-28,0.0028609954405661394,0.0001530297076383838
0.20722072207220724,4.941773380376504e-28,0.0028638581533958225,0.0001532594474355885
0.20727072707270727,4.945481471581274e-28,0.002866723730656753,0.00015348953213559167
0.20732073207320734,4.9491923451759535e-28,0.002869592175215084,0.00015371996225618779
0.20737073707370737,4.952906003248324e-28,0.002872463489939834,0.00015395073831594774
0.20742074207420744,4.95662244788774e-28,0.0028753376777028924,0.00015418186083422273
0.20747074707470747,4.960341681185114e-28,0.00287821474137902,0.00015441333033114146
0.20752075207520754,4.9640637052329355e-28,0.0028810946838458587,0.00015464514732761486
0.20757075707570757,4.967788522125269e-28,0.0028839775079839295,0.00015487731234533638
0.20762076207620764,4.971516133957733e-28,0.0028868632166766293,0.0001551098259067809
0.20767076707670767,4.975246542827532e-28,0.0028897518128102435,0.00015534268853520896
0.20772077207720774,4.978979750833446e-28,0.0028926432992739523,0.0001555759007546668
0.20777077707770777,4.982715760075817e-28,0.002895537678959814,0.00015580946308998641
0.20782078207820784,4.986454572656577e-28,0.0028984349547627954,0.00015604337606678855
0.20787078707870787,4.9901961906792235e-28,0.002901335129580741,0.00015627764021148286
0.20792079207920794,4.993940616248843e-28,0.0029042382063144165,0.00015651225605126912
0.20797079707970798,4.997687851472089e-28,0.002907144187867472,0.00015674722411413846
0.20802080208020804,5.001437898457212e-28,0.0029100530771464764,0.00015698254492887525
0.20807080708070808,5.005190759314028e-28,0.0029129648770608967,0.000157218219025057
0.20812081208120814,5.008946436153948e-28,0.0029158795905231192,0.00015745424693305673
0.20817081708170818,5.012704931089961e-28,0.0029187972204484354,0.00015769062918404353
0.20822082208220824,5.016466246236646e-28,0.002921717769755066,0.00015792736630998417
0.20827082708270828,5.020230383710159e-28,0.002924641241364137,0.00015816445884364334
0.20832083208320834,5.0239973456282575e-28,0.002927567638199711,0.00015840190731858638
0.20837083708370838,5.027767134110285e-28,0.002930496963188772,0.00015863971226917948
0.20842084208420844,5.03153975127716e-28,0.002933429219261223,0.00015887787423059057
0.20847084708470848,5.035315199251412e-28,0.0029363644093499132,0.00015911639373879146
0.20852085208520854,5.039093480157158e-28,0.0029393025363906203,0.00015935527133055868
0.20857085708570858,5.042874596120099e-28,0.002942243603322055,0.00015959450754347414
0.2086208620862086,5.046658549267542e-28,0.0029451876130858765,0.0001598341029159271
0.20867086708670868,5.05044534172839e-28,0.002948134568626683,0.0001600740579871156
0.20872087208720871,5.054234975633134e-28,0.002951084472892019,0.0001603143732970461
0.20877087708770878,5.058027453113873e-28,0.0029540373288323794,0.0001605550493865366
0.20882088208820881,5.061822776304299e-28,0.0029569931394012095,0.00016079608679721646
0.20887088708870888,5.065620947339714e-28,0.0029599519075549164,0.00016103748607152854
0.20892089208920891,5.06942196835701e-28,0.0029629136362528535,0.0001612792477527299
0.20897089708970898,5.073225841494696e-28,0.0029658783284573493,0.00016152137238489354
0.20902090209020902,5.077032568892871e-28,0.002968845987133681,0.00016176386051290848
0.20907090709070908,5.080842152693256e-28,0.0029718166152501095,0.00016200671268248287
0.20912091209120912,5.084654595039162e-28,0.0029747902157778484,0.00016224992944014282
0.20917091709170918,5.088469898075525e-28,0.002977766791691104,0.00016249351133323597
0.20922092209220922,5.092288063948877e-28,0.002980746345967039,0.00016273745890993125
0.20927092709270928,5.096109094807366e-28,0.002983728881585806,0.00016298177271922062
0.20932093209320932,5.099932992800757e-28,0.0029867144015305424,0.00016322645331092033
0.20937093709370938,5.103759760080416e-28,0.0029897029087873586,0.00016347150123567145
0.20942094209420942,5.107589398799334e-28,0.0029926944063453638,0.0001637169170449427
0.20947094709470948,5.111421911112117e-28,0.0029956888971966558,0.00016396270129103016
0.20952095209520952,5.115257299174978e-28,0.00299868638433632,0.00016420885452705892
0.20957095709570958,5.119095565145759e-28,0.0030016868707624478,0.00016445537730698487
0.20962096209620962,5.1229367111839135e-28,0.0030046903594761203,0.0001647022701855951
0.20967096709670968,5.126780739450524e-28,0.0030076968534814346,0.00016494953371851018
0.20972097209720972,5.13062765210828e-28,0.0030107063557854793,0.00016519716846218375
0.20977097709770978,5.134477451321513e-28,0.003013718869398368,0.00016544517497390628
0.20982098209820982,5.138330139256158e-28,0.003016734397333207,0.0001656935538118035
0.20987098709870988,5.142185718079796e-28,0.003019752942606136,0.00016594230553484027
0.20992099209920992,5.1460441899616125e-28,0.0030227745082362944,0.0001661914307028196
0.20997099709970998,5.149905557072446e-28,0.003025799097245865,0.00016644092987638576
0.21002100210021002,5.153769821584736e-28,0.003028826712660031,0.00016669080361702372
0.21007100710071008,5.1576369856725735e-28,0.003031857357507019,0.00016694105248706245
0.21012101210121012,5.161507051511676e-28,0.0030348910348180825,0.00016719167704967454
0.21017101710171018,5.1653800212793835e-28,0.003037927747627501,0.00016744267786887793
0.21022102210221022,5.169255897154684e-28,0.003040967498972596,0.00016769405550953775
0.21027102710271028,5.173134681318191e-28,0.00304401029189373,0.0001679458105373669
0.21032103210321032,5.177016375952157e-28,0.0030470561294343025,0.00016819794351892757
0.21037103710371038,5.180900983240477e-28,0.0030501050146407643,0.00016845045502163273
0.21042104210421042,5.18478850536867e-28,0.0030531569505626013,0.00016870334561374674
0.21047104710471048,5.188678944523915e-28,0.0030562119402523726,0.0001689566158643875
0.21052105210521052,5.192572302895013e-28,0.00305926998676567,0.00016921026634352703
0.21057105710571059,5.196468582672424e-28,0.0030623310931611547,0.0001694642976219936
0.21062106210621062,5.2003677860482375e-28,0.003065395262500545,0.00016971871027147148
0.21067106710671069,5.204269915216201e-28,0.0030684624978486305,0.00016997350486450406
0.21072107210721072,5.2081749723716915e-28,0.0030715328022732475,0.0001702286819744937
0.21077107710771079,5.212082959711753e-28,0.003074606178845325,0.0001704842421757042
0.21082108210821082,5.215993879435062e-28,0.003077682630638849,0.00017074018604326088
0.2108710871087109,5.219907733741952e-28,0.0030807621607308894,0.00017099651415315267
0.21092109210921092,5.223824524834412e-28,0.003083844772201594,0.00017125322708223388
0.210971097109711,5.227744254916069e-28,0.0030869304681341862,0.00017151032540822347
0.21102110211021102,5.231666926192218e-28,0.0030900192516149848,0.00017176780970970873
0.2110711071107111,5.235592540869804e-28,0.003093111125733388,0.00017202568056614594
0.21112111211121112,5.239521101157421e-28,0.0030962060935818907,0.00017228393855785965
0.2111711171117112,5.243452609265336e-28,0.0030993041582560816,0.00017254258426604765
0.21122112211221122,5.247387067405453e-28,0.003102405322854638,0.00017280161827277866
0.2112711271127113,5.251324477791358e-28,0.003105509590479355,0.0001730610411609964
0.21132113211321132,5.255264842638278e-28,0.003108616964235113,0.00017332085351451837
0.2113711371137114,5.25920816416312e-28,0.003111727447229913,0.00017358105591804042
0.21142114211421142,5.263154444584442e-28,0.003114841042574856,0.00017384164895713458
0.2114711471147115,5.267103686122474e-28,0.0031179577533841673,0.00017410263321825285
0.21152115211521152,5.271055890999104e-28,0.0031210775827751717,0.0001743640092887274
0.2115711571157116,5.275011061437895e-28,0.0031242005338683342,0.0001746257777567717
0.21162116211621163,5.278969199664073e-28,0.0031273266097872183,0.00017488793921148323
0.2116711671167117,5.282930307904539e-28,0.0031304558136585367,0.00017515049424284297
0.21172117211721173,5.286894388387863e-28,0.003133588148612113,0.0001754134434417185
0.2117711771177118,5.290861443344283e-28,0.0031367236177809107,0.0001756767873998635
0.21182118211821183,5.294831475005715e-28,0.0031398622243010267,0.00017594052670992058
0.2118711871187119,5.298804485605753e-28,0.0031430039713116957,0.00017620466196542254
0.21192119211921193,5.302780477379656e-28,0.003146148861955293,0.000176469193760792
0.211971197119712,5.30675945256437e-28,0.0031492968993773397,0.00017673412269134505
0.21202120212021203,5.310741413398517e-28,0.003152448086726502,0.000176999449353291
0.2120712071207121,5.314726362122398e-28,0.003155602427154598,0.0001772651743437344
0.21212121212121213,5.31871430097799e-28,0.0031587599238165976,0.000177531298260676
0.2121712171217122,5.322705232208968e-28,0.003161920579870633,0.00017779782170301517
0.21222122212221223,5.326699158060668e-28,0.0031650843984779875,0.00017806474527054888
0.2122712271227123,5.330696080780134e-28,0.0031682513828031225,0.00017833206956397596
0.21232123212321233,5.334696002616073e-28,0.003171421536013643,0.00017859979518489597
0.2123712371237124,5.338698925818904e-28,0.003174594861280349,0.00017886792273581281
0.21242124212421243,5.34270485264071e-28,0.0031777713617771926,0.0001791364528201335
0.21247124712471246,5.34671378533528e-28,0.003180951040681309,0.00017940538604217248
0.21252125212521253,5.350725726158097e-28,0.0031841339011730234,0.0001796747230071503
0.21257125712571256,5.354740677366318e-28,0.0031873199464358217,0.00017994446432119634
0.21262126212621263,5.358758641218811e-28,0.003190509179656393,0.00018021461059135018
0.21267126712671267,5.3627796199761335e-28,0.0031937016040246087,0.0001804851624255628
0.21272127212721273,5.366803615900535e-28,0.003196897222733531,0.00018075612043269747
0.21277127712771277,5.370830631255968e-28,0.0032000960389794155,0.00018102748522253178
0.21282128212821283,5.374860668308085e-28,0.0032032980559617255,0.0001812992574057591
0.21287128712871287,5.378893729324228e-28,0.0032065032768831105,0.00018157143759398871
0.21292129212921293,5.3829298165734575e-28,0.0032097117049494396,0.00018184402639974937
0.21297129712971297,5.386968932326515e-28,0.0032129233433697744,0.00018211702443648786
0.21302130213021303,5.391011078855868e-28,0.003216138195356407,0.0001823904323185733
0.21307130713071307,5.395056258435673e-28,0.003219356264124827,0.00018266425066129613
0.21312131213121313,5.399104473341803e-28,0.0032225775528937463,0.00018293848008087184
0.21317131713171317,5.403155725851828e-28,0.0032258020648850967,0.0001832131211944392
0.21322132213221323,5.407210018245041e-28,0.0032290298033240405,0.00018348817462006511
0.21327132713271327,5.411267352802433e-28,0.0032322607714389585,0.00018376364097674318
0.21332133213321333,5.415327731806714e-28,0.003235494972461469,0.0001840395208843973
0.21337133713371337,5.419391157542301e-28,0.0032387324096264155,0.00018431581496388097
0.21342134213421343,5.423457632295327e-28,0.0032419730861718834,0.00018459252383698073
0.21347134713471347,5.427527158353652e-28,0.003245217005339205,0.00018486964812641646
0.21352135213521353,5.431599738006829e-28,0.003248464170372937,0.00018514718845584198
0.21357135713571357,5.435675373546148e-28,0.003251714584520903,0.0001854251454498484
0.21362136213621363,5.439754067264618e-28,0.003254968251034168,0.0001857035197339643
0.21367136713671367,5.443835821456955e-28,0.003258225173167043,0.0001859823119346571
0.21372137213721373,5.447920638419613e-28,0.0032614853541771097,0.00018626152267933494
0.21377137713771377,5.452008520450752e-28,0.003264748797325194,0.00018654115259634734
0.21382138213821383,5.456099469850274e-28,0.003268015505875397,0.00018682120231498827
0.21387138713871387,5.460193488919792e-28,0.0032712854830950775,0.00018710167246549516
0.21392139213921393,5.464290579962659e-28,0.0032745587322548725,0.0001873825636790528
0.21397139713971397,5.468390745283942e-28,0.0032778352566286795,0.00018766387658779212
0.21402140214021403,5.472493987190456e-28,0.0032811150594936867,0.00018794561182479484
0.21407140714071407,5.476600307990723e-28,0.0032843981441303405,0.00018822777002409138
0.21412141214121413,5.480709709995023e-28,0.003287684513822398,0.00018851035182066534
0.21417141714171417,5.484822195515348e-28,0.0032909741718568732,0.00018879335785045265
0.21422142214221424,5.488937766865437e-28,0.0032942671215240894,0.00018907678875034452
0.21427142714271427,5.493056426360766e-28,0.0032975633661176556,0.0001893606451581884
0.21432143214321434,5.497178176318539e-28,0.003300862908934473,0.0001896449277127887
0.21437143714371437,5.501303019057707e-28,0.0033041657532747464,0.0001899296370539095
0.21442144214421444,5.505430956898959e-28,0.0033074719024419838,0.00019021477382227486
0.21447144714471447,5.509561992164723e-28,0.00331078135974299,0.00019050033865957122
0.21452145214521454,5.513696127179173e-28,0.003314094128487889,0.0001907863322084482
0.21457145714571457,5.517833364268221e-28,0.003317410211990108,0.00019107275511251958
0.21462146214621464,5.521973705759535e-28,0.0033207296135664022,0.00019135960801636644
0.21467146714671467,5.526117153982514e-28,0.003324052336536828,0.00019164689156553658
0.21472147214721474,5.530263711268325e-28,0.003327378384224781,0.000191934606406548
0.21477147714771477,5.534413379949864e-28,0.003330707759956968,0.000192222753186888
0.21482148214821484,5.538566162361792e-28,0.0033340404670634378,0.00019251133255501738
0.21487148714871487,5.542722060840512e-28,0.003337376508877558,0.000192800345160369
0.21492149214921494,5.546881077724191e-28,0.0033407158887360407,0.00019308979165335224
0.21497149714971497,5.551043215352737e-28,0.0033440586099789354,0.00019337967268535109
0.21502150215021504,5.555208476067823e-28,0.003347404675949626,0.00019366998890872928
0.21507150715071507,5.559376862212882e-28,0.003350754089994859,0.00019396074097682893
0.21512151215121514,5.563548376133093e-28,0.003354106855464711,0.00019425192954397269
0.21517151715171517,5.567723020175406e-28,0.0033574629757126186,0.0001945435552654666
0.21522152215221524,5.5719007966885305e-28,0.0033608224540953783,0.00019483561879759983
0.21527152715271528,5.576081708022929e-28,0.003364185293973133,0.00019512812079764652
0.21532153215321534,5.580265756530842e-28,0.003367551498709405,0.00019542106192386858
0.21537153715371538,5.584452944566262e-28,0.0033709210716710634,0.00019571444283551475
0.21542154215421544,5.588643274484958e-28,0.0033742940162283636,0.00019600826419282475
0.21547154715471548,5.592836748644457e-28,0.0033776703357549184,0.00019630252665702878
0.21552155215521554,5.597033369404068e-28,0.0033810500336277295,0.00019659723089035028
0.21557155715571558,5.601233139124851e-28,0.0033844331132271642,0.00019689237755600588
0.21562156215621564,5.605436060169664e-28,0.0033878195779369867,0.0001971879673182094
0.21567156715671568,5.609642134903107e-28,0.003391209431144331,0.00019748400084217
0.21572157215721574,5.613851365691584e-28,0.003394602676239735,0.0001977804787940975
0.21577157715771578,5.618063754903251e-28,0.0033979993166171176,0.00019807740184119994
0.21582158215821584,5.622279304908056e-28,0.0034013993556738036,0.00019837477065168824
0.21587158715871588,5.626498018077723e-28,0.0034048027968105114,0.00019867258589477668
0.21592159215921594,5.6307198967857455e-28,0.003408209643431361,0.00019897084824068307
0.21597159715971598,5.634944943407409e-28,0.003411619898943882,0.0001992695583606321
0.21602160216021604,5.639173160319783e-28,0.003415033566759017,0.00019956871692685654
0.21607160716071608,5.643404549901706e-28,0.00341845065029111,0.00019986832461259745
0.21612161216121614,5.64763911453382e-28,0.003421871152957931,0.0002001683820921078
0.21617161716171618,5.6518768565985345e-28,0.003425295078180664,0.00020046889004065113
0.21622162216221621,5.656117778480063e-28,0.003428722429383925,0.00020076984913450634
0.21627162716271628,5.660361882564403e-28,0.0034321532099957507,0.00020107126005096705
0.21632163216321632,5.664609171239334e-28,0.0034355874234476046,0.00020137312346834324
0.21637163716371638,5.668859646894441e-28,0.003439025073174389,0.00020167544006596374
0.21642164216421642,5.673113311921088e-28,0.003442466162614441,0.00020197821052417693
0.21647164716471648,5.677370168712445e-28,0.00344591069520954,0.00020228143552435316
0.21652165216521652,5.68163021966347e-28,0.003449358674404905,0.0002025851157488846
0.21657165716571658,5.685893467170927e-28,0.0034528101036492113,0.00020288925188118937
0.21662166216621662,5.690159913633365e-28,0.0034562649863945703,0.0002031938446057102
0.21667166716671668,5.694429561451144e-28,0.0034597233260965634,0.00020349889460791824
0.21672167216721672,5.698702413026419e-28,0.0034631851262142176,0.0002038044025743128
0.21677167716771678,5.702978470763151e-28,0.0034666503902100266,0.00020411036919242508
0.21682168216821682,5.70725773706711e-28,0.0034701191215499535,0.0002044167951508178
0.21687168716871688,5.711540214345855e-28,0.0034735913237034163,0.00020472368113908703
0.21692169216921692,5.715825905008764e-28,0.00347706700014331,0.00020503102784786482
0.21697169716971698,5.72011481146703e-28,0.0034805461543460205,0.0002053388359688197
0.21702170217021702,5.7244069361336325e-28,0.003484028789791384,0.00020564710619465853
0.21707170717071708,5.728702281423382e-28,0.0034875149099627403,0.00020595583921912813
0.21712171217121712,5.733000849752888e-28,0.003491004518346902,0.00020626503573701677
0.21717171717171718,5.737302643540588e-28,0.0034944976184341837,0.0002065746964441564
0.21722172217221722,5.741607665206714e-28,0.0034979942137183724,0.0002068848220374224
0.21727172717271728,5.745915917173336e-28,0.0035014943076967773,0.00020719541321473768
0.21732173217321732,5.750227401864323e-28,0.0035049979038701824,0.0002075064706750719
0.21737173717371738,5.754542121705376e-28,0.0035085050057428904,0.0002078179951184449
0.21742174217421742,5.7588600791240015e-28,0.003512015616822699,0.00020812998724592635
0.21747174717471748,5.763181276549547e-28,0.003515529740620928,0.0002084424477596398
0.21752175217521752,5.7675057164131645e-28,0.0035190473806524,0.00020875537736276173
0.21757175717571758,5.771833401147842e-28,0.0035225685404354653,0.00020906877675952465
0.21762176217621762,5.776164333188391e-28,0.0035260932234919802,0.00020938264665521913
0.21767176717671768,5.780498514971442e-28,0.003529621433347339,0.00020969698775619256
0.21772177217721772,5.784835948935464e-28,0.0035331531735304507,0.00021001180076985515
0.21777177717771778,5.789176637520755e-28,0.003536688447573775,0.00021032708640467758
0.21782178217821782,5.793520583169434e-28,0.003540227259013281,0.00021064284537019464
0.21787178717871789,5.797867788325469e-28,0.003543769611388498,0.0002109590783770062
0.21792179217921792,5.8022182554346375e-28,0.003547315508242474,0.0002112757861367786
0.21797179717971799,5.8065719869445835e-28,0.003550864953121831,0.0002115929693622479
0.21802180218021802,5.810928985304756e-28,0.00355441794957671,0.00021191062876721838
0.21807180718071809,5.815289252966468e-28,0.0035579745011608322,0.00021222876506656713
0.21812181218121812,5.819652792382853e-28,0.0035615346114314466,0.00021254737897624418
0.2181718171817182,5.824019606008899e-28,0.003565098283949387,0.00021286647121327432
0.21822182218221822,5.828389696301424e-28,0.003568665522279034,0.00021318604249575857
0.2182718271827183,5.832763065719104e-28,0.003572236329988344,0.00021350609354287673
0.21832183218321832,5.837139716722442e-28,0.003575810710648833,0.0002138266250748876
0.2183718371837184,5.8415196517738005e-28,0.0035793886678355995,0.00021414763781313134
0.21842184218421842,5.845902873337393e-28,0.003582970205127319,0.00021446913248003186
0.2184718471847185,5.850289383879264e-28,0.0035865553261062444,0.00021479110979909612
0.21852185218521852,5.854679185867324e-28,0.0035901440343582116,0.00021511357049491876
0.2185718571857186,5.859072281771334e-28,0.003593736333472652,0.0002154365152931817
0.21862186218621862,5.863468674062898e-28,0.0035973322270425774,0.0002157599449206554
0.2186718671867187,5.8678683652154875e-28,0.003600931718664608,0.00021608386010520318
0.21872187218721872,5.87227135770442e-28,0.0036045348119389474,0.00021640826157577958
0.2187718771877188,5.876677654006878e-28,0.003608141510469418,0.00021673315006243442
0.21882188218821882,5.881087256601893e-28,0.003611751817863432,0.00021705852629631264
0.2188718871887189,5.885500167970371e-28,0.003615365737732029,0.00021738439100965797
0.21892189218921893,5.889916390595062e-28,0.0036189832736898426,0.00021771074493581193
0.218971897189719,5.894335926960598e-28,0.0036226044293551397,0.00021803758880921897
0.21902190219021903,5.898758779553456e-28,0.003626229208349797,0.00021836492336542394
0.2190719071907191,5.903184950861998e-28,0.0036298576142993213,0.00021869274934107808
0.21912191219121913,5.907614443376434e-28,0.003633489650832838,0.00021902106747393677
0.2191719171917192,5.912047259588856e-28,0.003637125321583115,0.00021934987850286396
0.21922192219221923,5.916483401993226e-28,0.0036407646301865565,0.0002196791831678328
0.2192719271927193,5.920922873085368e-28,0.0036444075802831905,0.00022000898220992678
0.21932193219321933,5.925365675362985e-28,0.0036480541755167005,0.00022033927637134232
0.2193719371937194,5.929811811325659e-28,0.0036517044195344115,0.00022067006639539066
0.21942194219421943,5.934261283474831e-28,0.003655358315987295,0.00022100135302649732
0.2194719471947195,5.938714094313843e-28,0.0036590158685299834,0.0002213331370102079
0.21952195219521953,5.94317024634789e-28,0.0036626770808207555,0.00022166541909318438
0.2195719571957196,5.947629742084068e-28,0.003666341956521563,0.00022199820002321218
0.21962196219621963,5.952092584031338e-28,0.0036700104992980044,0.00022233148054919786
0.2196719671967197,5.956558774700555e-28,0.003673682712819367,0.00022266526142117253
0.21972197219721973,5.961028316604454e-28,0.003677358600758595,0.00022299954339029382
0.2197719771977198,5.965501212257657e-28,0.003681038166792314,0.00022333432720884723
0.21982198219821983,5.969977464176666e-28,0.003684721414600822,0.00022366961363024605
0.2198719871987199,5.974457074879881e-28,0.0036884083478681113,0.0002240054034090365
0.21992199219921993,5.978940046887584e-28,0.003692098970281844,0.00022434169730089668
0.21997199719972,5.98342638272195e-28,0.003695793285533384,0.00022467849606263917
0.22002200220022003,5.987916084907055e-28,0.0036994912973177902,0.00022501580045221364
0.22007200720072007,5.992409155968855e-28,0.0037031930093338102,0.00022535361122870604
0.22012201220122013,5.996905598435209e-28,0.0037068984252838976,0.00022569192915234302
0.22017201720172017,6.0014054148358785e-28,0.003710607548874213,0.00022603075498449284
0.22022202220222023,6.005908607702506e-28,0.003714320383814615,0.0002263700894876656
0.22027202720272027,6.010415179568652e-28,0.0037180369338186865,0.00022670993342551723
0.22032203220322033,6.01492513296977e-28,0.003721757202603726,0.00022705028756284934
0.22037203720372037,6.019438470443213e-28,0.003725481193890736,0.00022739115266561246
0.22042204220422043,6.023955194528246e-28,0.0037292089114044653,0.0002277325295009063
0.22047204720472047,6.028475307766027e-28,0.003732940358873364,0.00022807441883698252
0.22052205220522053,6.032998812699635e-28,0.0037366755400296344,0.0002284168214432467
0.22057205720572057,6.037525711874047e-28,0.0037404144586092054,0.00022875973809025806
0.22062206220622063,6.042056007836158e-28,0.0037441571183517413,0.00022910316954973442
0.22067206720672067,6.046589703134762e-28,0.003747903523000649,0.00022944711659455037
0.22072207220722073,6.051126800320581e-28,0.0037516536763030892,0.00022979157999874252
0.22077207720772077,6.055667301946233e-28,0.0037554075820099573,0.00023013656053750818
0.22082208220822083,6.0602112105662735e-28,0.003759165243875921,0.00023048205898720938
0.22087208720872087,6.06475852873715e-28,0.0037629266656593794,0.00023082807612537288
0.22092209220922093,6.0693092590172495e-28,0.003766691851122522,0.00023117461273069328
0.22097209720972097,6.073863403966867e-28,0.003770460804031278,0.00023152166958303417
0.22102210221022103,6.078420966148219e-28,0.003774233528155358,0.00023186924746342947
0.22107210721072107,6.082981948125452e-28,0.0037780100272682394,0.00023221734715408649
0.22112211221122113,6.0875463524646315e-28,0.003781790305147184,0.0002325659694383862
0.22117211721172117,6.092114181733743e-28,0.003785574365573215,0.00023291511510088538
0.22122212221222123,6.096685438502711e-28,0.0037893622123311593,0.0002332647849273197
0.22127212721272127,6.101260125343376e-28,0.0037931538492096155,0.00023361497970460308
0.22132213221322133,6.105838244829521e-28,0.0037969492800009816,0.00023396570022083258
0.22137213721372137,6.110419799536845e-28,0.0038007485085014498,0.00023431694726528575
0.22142214221422143,6.115004792042997e-28,0.003804551538511007,0.00023466872162842845
0.22147214721472147,6.119593224927543e-28,0.0038083583738334416,0.00023502102410191003
0.22152215221522153,6.124185100772002e-28,0.0038121690182763585,0.00023537385547857067
0.22157215721572157,6.1287804221598105e-28,0.003815983475651155,0.00023572721655243926
0.22162216221622164,6.133379191676365e-28,0.0038198017497730586,0.00023608110811873835
0.22167216721672167,6.137981411908981e-28,0.003823623844461105,0.00023643553097388225
0.22172217221722174,6.142587085446929e-28,0.003827449763538153,0.00023679048591548253
0.22177217721772177,6.147196214881424e-28,0.0038312795108308914,0.00023714597374234822
0.22182218221822184,6.15180880280561e-28,0.0038351130901698245,0.00023750199525448632
0.22187218721872187,6.156424851814592e-28,0.0038389505053893066,0.00023785855125310574
0.22192219221922194,6.161044364505421e-28,0.003842791760327526,0.0002382156425406185
0.22197219721972197,6.165667343477087e-28,0.0038466368588264944,0.00023857326992064062
0.22202220222022204,6.170293791330541e-28,0.003850485804732091,0.00023893143419799487
0.22207220722072207,6.1749237106686735e-28,0.003854338601894016,0.00023929013617871218
0.22212221222122214,6.179557104096344e-28,0.003858195254165857,0.0002396493766700337
0.22217221722172217,6.184193974220347e-28,0.0038620557654050237,0.00024000915648041176
0.22222222222222224,6.188834323649456e-28,0.003865920139472808,0.0002403694764195141
0.22227222722272227,6.193478154994379e-28,0.0038697883802343504,0.000240730337298222
0.22232223222322234,6.198125470867804e-28,0.003873660491558675,0.00024109173992863572
0.22237223722372237,6.202776273884356e-28,0.003877536477318656,0.00024145368512407312
0.22242224222422244,6.207430566660649e-28,0.003881416341391067,0.00024181617369907463
0.22247224722472247,6.212088351815235e-28,0.0038853000876565348,0.00024217920646940253
0.22252225222522254,6.216749631968649e-28,0.003889187719999596,0.00024254278425204397
0.22257225722572258,6.2214144097433875e-28,0.003893079242308657,0.00024290690786521343
0.22262226222622264,6.226082687763905e-28,0.003896974658476013,0.00024327157812835238
0.22267226722672268,6.230754468656639e-28,0.003900873972397867,0.0002436367958621331
0.22272227222722274,6.235429755049994e-28,0.0039047771879743105,0.0002440025618884611
0.22277227722772278,6.240108549574339e-28,0.003908684309109339,0.00024436887703047343
0.22282228222822284,6.244790854862027e-28,0.003912595339710859,0.0002447357421125448
0.22287228722872288,6.249476673547379e-28,0.00391651028369068,0.00024510315796028666
0.22292229222922294,6.254166008266698e-28,0.00392042914496453,0.00024547112540055076
0.22297229722972298,6.25885886165826e-28,0.0039243519274520565,0.000245839645261429
0.22302230223022304,6.263555236362325e-28,0.003928278635076827,0.00024620871837225717
0.22307230723072308,6.268255135021128e-28,0.003932209271766328,0.0002465783455636163
0.22312231223122314,6.272958560278898e-28,0.0039361438414519945,0.00024694852766733385
0.22317231723172318,6.277665514781835e-28,0.003940082348069175,0.00024731926551648626
0.22322232223222324,6.282376001178135e-28,0.003944024795557168,0.00024769055994540114
0.22327232723272328,6.2870900221179705e-28,0.003947971187859206,0.0002480624117896574
0.22332233223322334,6.291807580253514e-28,0.003951921528922472,0.00024843482188608985
0.22337233723372338,6.296528678238926e-28,0.003955875822698107,0.0002488077910727891
0.22342234223422344,6.301253318730349e-28,0.003959834073141182,0.0002491813201891034
0.22347234723472348,6.305981504385924e-28,0.0039637962842107455,0.00024955541007564173
0.22352235223522354,6.310713237865797e-28,0.003967762459869808,0.00024993006157427464
0.22357235723572358,6.315448521832089e-28,0.003971732604085324,0.00025030527552813734
0.22362236223622364,6.320187358948942e-28,0.003975706720828249,0.00025068105278163
0.22367236723672368,6.324929751882472e-28,0.00397968481407348,0.0002510573941804202
0.22372237223722374,6.3296757033008215e-28,0.003983666887799919,0.0002514343005714462
0.22377237723772378,6.3344252158741125e-28,0.003987652945990429,0.0002518117728029168
0.22382238223822382,6.339178292274483e-28,0.0039916429926318674,0.0002521898117243147
0.22387238723872388,6.34393493517608e-28,0.003995637031715079,0.00025256841818639854
0.22392239223922392,6.348695147255041e-28,0.0039996350672349005,0.00025294759304120225
0.22397239723972398,6.353458931189528e-28,0.004003637103190173,0.0002533273371420407
0.22402240224022402,6.3582262896597e-28,0.00400764314358373,0.000253707651343509
0.22407240724072408,6.3629972253477395e-28,0.0040116531924224135,0.0002540885365014857
0.22412241224122412,6.3677717409378255e-28,0.004015667253717073,0.0002544699934731332
0.22417241724172418,6.37254983911617e-28,0.004019685331482578,0.00025485202311690267
0.22422242224222422,6.377331522570984e-28,0.004023707429737806,0.00025523462629253185
0.22427242724272428,6.382116793992503e-28,0.004027733552505658,0.00025561780386105067
0.22432243224322432,6.386905656072987e-28,0.004031763703813069,0.0002560015566847819
0.22437243724372438,6.391698111506703e-28,0.004035797887690994,0.0002563858856273411
0.22442244224422442,6.396494162989945e-28,0.004039836108174421,0.00025677079155364215
0.22447244724472448,6.401293813221047e-28,0.004043878369302384,0.0002571562753298973
0.22452245224522452,6.406097064900334e-28,0.00404792467511795,0.00025754233782361775
0.22457245724572458,6.410903920730186e-28,0.004051975029668239,0.0002579289799036186
0.22462246224622462,6.415714383414994e-28,0.0040560294370044015,0.00025831620244001855
0.22467246724672468,6.420528455661192e-28,0.004060087901181678,0.00025870400630424256
0.22472247224722472,6.42534614017723e-28,0.004064150426259326,0.00025909239236902447
0.22477247724772478,6.430167439673603e-28,0.004068217016300694,0.0002594813615084075
0.22482248224822482,6.434992356862832e-28,0.004072287675373181,0.00025987091459774757
0.22487248724872488,6.4398208944594795e-28,0.004076362407548267,0.0002602610525137148
0.22492249224922492,6.4446530551801365e-28,0.004080441216901492,0.0002606517761342946
0.22497249724972498,6.44948884174344e-28,0.004084524107512488,0.000261043086338792
0.22502250225022502,6.45432825687006e-28,0.0040886110834649535,0.0002614349840078306
0.22507250725072508,6.459171303282716e-28,0.00409270214884669,0.00026182747002335684
0.22512251225122512,6.464017983706171e-28,0.004096797307749583,0.00026222054526864173
0.22517251725172518,6.46886830086722e-28,0.004100896564269606,0.00026261421062828054
0.22522252225222522,6.473722257494714e-28,0.004104999922506834,0.0002630084669881983
0.22527252725272529,6.478579856319557e-28,0.004109107386565456,0.00026340331523564965
0.22532253225322532,6.483441100074684e-28,0.004113218960553747,0.0002637987562592204
0.22537253725372539,6.488305991495103e-28,0.004117334648584115,0.0002641947909488317
0.22542254225422542,6.493174533317853e-28,0.00412145445477306,0.0002645914201957391
0.22547254725472549,6.498046728282044e-28,0.004125578383241216,0.0002649886448925382
0.22552255225522552,6.502922579128829e-28,0.004129706438113341,0.0002653864659331625
0.2255725572557256,6.507802088601426e-28,0.004133838623518316,0.00026578488421288924
0.22562256225622562,6.512685259445104e-28,0.004137974943589146,0.0002661839006283386
0.2256725672567257,6.517572094407204e-28,0.004142115402462992,0.00026658351607747755
0.22572257225722572,6.522462596237113e-28,0.004146260004281126,0.00026698373145962067
0.2257725772577258,6.527356767686294e-28,0.004150408753188992,0.0002673845476754331
0.22582258225822582,6.532254611508262e-28,0.004154561653336155,0.00026778596562693154
0.2258725872587259,6.537156130458612e-28,0.004158718708876358,0.0002681879862174875
0.22592259225922592,6.542061327295002e-28,0.0041628799239674915,0.0002685906103518283
0.225972597259726,6.546970204777147e-28,0.0041670453027715885,0.0002689938389360396
0.22602260226022602,6.551882765666852e-28,0.004171214849454872,0.0002693976728775673
0.2260726072607261,6.556799012727986e-28,0.004175388568187723,0.0002698021130852203
0.22612261226122612,6.561718948726486e-28,0.004179566463144693,0.0002702071604691704
0.2261726172617262,6.566642576430374e-28,0.004183748538504513,0.0002706128159409574
0.22622262226222623,6.5715698986097385e-28,0.004187934798450094,0.00027101908041348804
0.2262726272627263,6.576500918036761e-28,0.0041921252471685344,0.00027142595480104156
0.22632263226322633,6.581435637485687e-28,0.004196319888851124,0.0002718334400192672
0.2263726372637264,6.58637405973286e-28,0.004200518727693347,0.0002722415369851915
0.22642264226422643,6.591316187556687e-28,0.00420472176789487,0.00027265024661721557
0.2264726472647265,6.596262023737685e-28,0.004208929013659587,0.0002730595698351212
0.22652265226522653,6.601211571058431e-28,0.004213140469195577,0.0002734695075600689
0.2265726572657266,6.606164832303611e-28,0.004217356138715147,0.000273880060714604
0.22662266226622663,6.611121810259984e-28,0.004221576026434797,0.0002742912302226557
0.2266726672667267,6.616082507716414e-28,0.004225800136575271,0.00027470301700954075
0.22672267226722673,6.621046927463853e-28,0.004230028473361525,0.000275115422001965
0.2267726772677268,6.626015072295339e-28,0.0042342610410227325,0.00027552844612802513
0.22682268226822683,6.630986945006015e-28,0.004238497843792314,0.0002759420903172117
0.2268726872687269,6.635962548393128e-28,0.00424273888590792,0.0002763563555004112
0.22692269226922693,6.640941885256e-28,0.004246984171611438,0.0002767712426099056
0.226972697269727,6.645924958396082e-28,0.004251233705149011,0.0002771867525793788
0.22702270227022703,6.650911770616903e-28,0.0042554874907710155,0.00027760288634391477
0.2270727072707271,6.6559023247241105e-28,0.004259745532732091,0.0002780196448400024
0.22712271227122713,6.660896623525452e-28,0.004264007835291131,0.0002784370290055354
0.2271727172717272,6.665894669830787e-28,0.004268274402711293,0.0002788550397798172
0.22722272227222723,6.670896466452071e-28,0.004272545239259992,0.00027927367810355965
0.2272727272727273,6.675902016203386e-28,0.004276820349208931,0.0002796929449188878
0.22732273227322733,6.6809113219009065e-28,0.004281099736834061,0.0002801128411693404
0.2273727372737274,6.6859243863629455e-28,0.004285383406415639,0.0002805333677998739
0.22742274227422743,6.6909412124099e-28,0.004289671362238179,0.0002809545257568622
0.2274727472747275,6.6959618028643075e-28,0.004293963608590506,0.00028137631598810017
0.22752275227522753,6.7009861605508185e-28,0.004298260149765723,0.0002817987394428066
0.2275727572757276,6.706014288296193e-28,0.0043025609900612235,0.00028222179707162407
0.22762276227622763,6.7110461889293195e-28,0.004306866133778715,0.0002826454898266229
0.22767276727672767,6.716081865281216e-28,0.004311175585224211,0.00028306981866130264
0.22772277227722773,6.721121320185005e-28,0.004315489348708006,0.0002834947845305943
0.22777277727772777,6.726164556475955e-28,0.004319807428544737,0.0002839203883908627
0.22782278227822783,6.731211576991456e-28,0.004324129829053354,0.00028434663119990814
0.22787278727872787,6.736262384571018e-28,0.004328456554557109,0.000284773513916969
0.22792279227922793,6.741316982056296e-28,0.004332787609383606,0.0002852010375027238
0.22797279727972797,6.746375372291064e-28,0.004337122997864763,0.0002856292029192928
0.22802280228022803,6.751437558121239e-28,0.004341462724336829,0.0002860580111302418
0.22807280728072807,6.756503542394866e-28,0.004345806793140405,0.00028648746310058147
0.22812281228122813,6.761573327962139e-28,0.004350155208620433,0.00028691755979677304
0.22817281728172817,6.766646917675375e-28,0.0043545079751261895,0.0002873483021867272
0.22822282228222823,6.771724314389046e-28,0.004358865097011317,0.00028777969123980915
0.22827282728272827,6.776805520959753e-28,0.004363226578633807,0.0002882117279268379
0.22832283228322833,6.781890540246251e-28,0.00436759242435602,0.00028864441322009086
0.22837283728372837,6.786979375109431e-28,0.004371962638544669,0.00028907774809330453
0.22842284228422843,6.792072028412336e-28,0.004376337225570841,0.00028951173352167786
0.22847284728472847,6.797168503020166e-28,0.004380716189810006,0.00028994637048187436
0.22852285228522853,6.802268801800249e-28,0.004385099535641996,0.0002903816599520218
0.22857285728572857,6.807372927622085e-28,0.004389487267451044,0.0002908176029117179
0.22862286228622863,6.812480883357319e-28,0.004393879389625754,0.0002912542003420311
0.22867286728672867,6.817592671879744e-28,0.0043982759065591265,0.00029169145322550195
0.22872287228722873,6.822708296065324e-28,0.004402676822648561,0.00029212936254614677
0.22877287728772877,6.827827758792169e-28,0.004407082142295848,0.00029256792928945824
0.22882288228822883,6.832951062940556e-28,0.004411491869907201,0.00029300715444240957
0.22887288728872887,6.838078211392915e-28,0.004415906009893216,0.00029344703899345474
0.22892289228922894,6.843209207033853e-28,0.004420324566668928,0.0002938875839325331
0.22897289728972897,6.848344052750122e-28,0.004424747544653767,0.0002943287902510679
0.22902290229022904,6.853482751430658e-28,0.004429174948271605,0.0002947706589419733
0.22907290729072907,6.858625305966553e-28,0.004433606781950727,0.0002952131909996521
0.22912291229122914,6.863771719251079e-28,0.004438043050123857,0.00029565638742000145
0.22917291729172917,6.868921994179664e-28,0.004442483757228147,0.0002961002492004123
0.22922292229222924,6.874076133649919e-28,0.0044469289077051916,0.00029654477733977375
0.22927292729272927,6.879234140561638e-28,0.004451378506001043,0.0002969899728384752
0.22932293229322934,6.884396017816767e-28,0.004455832556566174,0.0002974358366984056
0.22937293729372937,6.889561768319445e-28,0.00446029106385553,0.0002978823699229606
0.22942294229422944,6.894731394976e-28,0.004464754032328518,0.0002983295735170415
0.22947294729472947,6.899904900694915e-28,0.004469221466448996,0.0002987774484870563
0.22952295229522954,6.905082288386877e-28,0.004473693370685292,0.00029922599584092694
0.22957295729572957,6.910263560964743e-28,0.0044781697495102,0.00029967521658808596
0.22962296229622964,6.915448721343569e-28,0.004482650607401006,0.00030012511173948295
0.22967296729672967,6.920637772440586e-28,0.004487135948839452,0.00030057568230758475
0.22972297229722974,6.925830717175224e-28,0.004491625778311787,0.00030102692930637797
0.22977297729772977,6.9310275584690915e-28,0.004496120100308734,0.0003014788537513712
0.22982298229822984,6.936228299246006e-28,0.004500618919325515,0.00030193145665959894
0.22987298729872988,6.941432942431961e-28,0.004505122239861847,0.0003023847390496207
0.22992299229922994,6.946641490955159e-28,0.004509630066421958,0.00030283870194152687
0.22997299729972998,6.9518539477459925e-28,0.004514142403514567,0.0003032933463569381
0.23002300230023004,6.957070315737054e-28,0.004518659255652921,0.0003037486733190085
0.23007300730073008,6.962290597863145e-28,0.004523180627354782,0.0003042046838524301
0.23012301230123014,6.967514797061251e-28,0.004527706523142409,0.0003046613789834311
0.23017301730173018,6.972742916270574e-28,0.004532236947542615,0.0003051187597397815
0.23022302230223024,6.977974958432531e-28,0.004536771905086736,0.00030557682715079453
0.23027302730273028,6.983210926490722e-28,0.0045413114003106285,0.0003060355822473275
0.23032303230323034,6.988450823390974e-28,0.004545855437754698,0.0003064950260617866
0.23037303730373038,6.993694652081316e-28,0.004550404021963893,0.0003069551596281268
0.23042304230423044,6.998942415511995e-28,0.004554957157487703,0.00030741598398185683
0.23047304730473048,7.004194116635461e-28,0.00455951484888018,0.00030787750016003786
0.23052305230523054,7.0094497584064e-28,0.004564077100699931,0.0003083397092012903
0.23057305730573058,7.014709343781688e-28,0.0045686439175101085,0.00030880261214579196
0.23062306230623064,7.019972875720446e-28,0.004573215303878456,0.0003092662100352837
0.23067306730673068,7.025240357183991e-28,0.004577791264377264,0.00030973050391306853
0.23072307230723074,7.030511791135886e-28,0.004582371803583418,0.0003101954948240183
0.23077307730773078,7.035787180541893e-28,0.004586956926078361,0.0003106611838145707
0.23082308230823084,7.041066528370023e-28,0.004591546636448147,0.00031112757193273627
0.23087308730873088,7.046349837590502e-28,0.004596140939283401,0.00031159466022809875
0.23092309230923094,7.0516371111757805e-28,0.004600739839179341,0.0003120624497518167
0.23097309730973098,7.056928352100549e-28,0.004605343340735791,0.00031253094155662725
0.23102310231023104,7.0622235633417285e-28,0.004609951448557172,0.0003130001366968489
0.23107310731073108,7.0675227478784635e-28,0.0046145641672525155,0.0003134700362283807
0.23112311231123114,7.07282590869215e-28,0.0046191815014354634,0.0003139406412087093
0.23117311731173118,7.078133048766405e-28,0.004623803455724266,0.0003144119526969078
0.23122312231223124,7.083444171087102e-28,0.004628430034741816,0.00031488397175363916
0.23127312731273128,7.0887592786423325e-28,0.004633061243115609,0.0003153566994411585
0.23132313231323134,7.094078374422456e-28,0.004637697085477786,0.0003158301368233169
0.23137313731373138,7.099401461420049e-28,0.004642337566465109,0.00031630428496556086
0.23142314231423142,7.104728542629956e-28,0.0046469826907189924,0.00031677914493493796
0.23147314731473148,7.110059621049261e-28,0.004651632462885493,0.0003172547178000971
0.23152315231523152,7.115394699677287e-28,0.004656286887615305,0.00031773100463129087
0.23157315731573158,7.120733781515626e-28,0.004660945969563797,0.00031820800650038
0.23162316231623162,7.126076869568104e-28,0.004665609713390974,0.00031868572448083245
0.23167316731673168,7.131423966840816e-28,0.004670278123761514,0.00031916415964773056
0.23172317231723172,7.136775076342099e-28,0.004674951205344761,0.00031964331307776693
0.23177317731773178,7.142130201082559e-28,0.004679628962814736,0.00032012318584925435
0.23182318231823182,7.1474893440750615e-28,0.00468431140085013,0.00032060377904212235
0.23187318731873188,7.152852508334715e-28,0.0046889985241343165,0.0003210850937379212
0.23192319231923192,7.15821969687891e-28,0.0046936903373553576,0.0003215671310198263
0.23197319731973198,7.163590912727299e-28,0.004698386845206014,0.0003220498919726394
0.23202320232023202,7.168966158901785e-28,0.0047030880523837165,0.00032253337768278924
0.23207320732073208,7.174345438426561e-28,0.00470779396359063,0.00032301758923833693
0.23212321232123212,7.179728754328063e-28,0.004712504583533591,0.0003235025277289765
0.23217321732173218,7.185116109635024e-28,0.004717219916924177,0.0003239881942460382
0.23222322232223222,7.19050750737843e-28,0.0047219399684786546,0.00032447458988248975
0.23227322732273228,7.195902950591557e-28,0.004726664742918032,0.00032496171573294125
0.23232323232323232,7.201302442309937e-28,0.004731394244968014,0.0003254495728936447
0.23237323732373238,7.206705985571404e-28,0.004736128479359058,0.00032593816246249925
0.23242324232423242,7.212113583416052e-28,0.004740867450826341,0.00032642748553905076
0.23247324732473248,7.217525238886268e-28,0.004745611164109791,0.00032691754322449715
0.23252325232523252,7.22294095502671e-28,0.004750359623954063,0.0003274083366216882
0.23257325732573259,7.228360734884334e-28,0.004755112835108569,0.0003278998668351309
0.23262326232623262,7.233784581508377e-28,0.00475987080232747,0.00032839213497098995
0.23267326732673269,7.239212497950358e-28,0.004764633530369691,0.0003288851421370892
0.23272327232723272,7.244644487264092e-28,0.004769401023998902,0.00032937888944291766
0.23277327732773279,7.250080552505692e-28,0.004774173287983569,0.0003298733779996298
0.23282328232823282,7.255520696733544e-28,0.004778950327096891,0.00033036860892004616
0.2328732873287329,7.2609649230083555e-28,0.004783732146116878,0.00033086458331866095
0.23292329232923292,7.266413234393101e-28,0.004788518749826293,0.0003313613023116385
0.232973297329733,7.271865633953083e-28,0.004793310143012714,0.0003318587670168216
0.23302330233023302,7.277322124755879e-28,0.004798106330468475,0.00033235697855372927
0.2330733073307331,7.282782709871388e-28,0.004802907316990738,0.00033285593804356227
0.23312331233123312,7.288247392371794e-28,0.004807713107381436,0.0003333556466092035
0.2331733173317332,7.293716175331605e-28,0.0048125237064473355,0.0003338561053752231
0.23322332233223322,7.299189061827622e-28,0.004817339118999988,0.0003343573154678784
0.2332733273327333,7.304666054938962e-28,0.0048221593498557775,0.000334859278015118
0.23332333233323332,7.310147157747047e-28,0.004826984403835894,0.00033536199414658347
0.2333733373337334,7.315632373335615e-28,0.004831814285766356,0.00033586546499361303
0.23342334233423342,7.321121704790721e-28,0.004836649000478017,0.0003363696916892432
0.2334733473347335,7.3266151552007275e-28,0.004841488552806556,0.0003368746753682098
0.23352335233523352,7.332112727656318e-28,0.0048463329475924915,0.00033738041716695503
0.2335733573357336,7.337614425250501e-28,0.004851182189681193,0.00033788691822362547
0.23362336233623363,7.343120251078596e-28,0.0048560362839228715,0.000338394179678076
0.2336733673367337,7.3486302082382515e-28,0.004860895235172593,0.00033890220267187427
0.23372337233723373,7.354144299829435e-28,0.004865759048290278,0.00033941098834829964
0.2337733773377338,7.359662528954449e-28,0.004870627728140715,0.00033992053785235083
0.23382338233823383,7.365184898717915e-28,0.0048755012795935575,0.0003404308523307423
0.2338733873387339,7.370711412226792e-28,0.004880379707523334,0.0003409419329319125
0.23392339233923393,7.376242072590359e-28,0.004885263016809447,0.000341453780806022
0.233973397339734,7.3817768829202395e-28,0.004890151212336183,0.0003419663971049602
0.23402340234023403,7.387315846330384e-28,0.004895044298992713,0.0003424797829823437
0.2340734073407341,7.392858965937086e-28,0.004899942281673109,0.0003429939395935231
0.23412341234123413,7.39840624485897e-28,0.004904845165276328,0.00034350886809558106
0.2341734173417342,7.403957686217007e-28,0.004909752954706237,0.0003440245696473398
0.23422342234223423,7.409513293134512e-28,0.004914665654871612,0.0003445410454093596
0.2342734273427343,7.415073068737133e-28,0.00491958327068613,0.00034505829654394384
0.23432343234323433,7.420637016152871e-28,0.004924505807068391,0.0003455763242151398
0.2343734373437344,7.426205138512076e-28,0.004929433268941922,0.0003460951295887447
0.23442344234423443,7.431777438947438e-28,0.0049343656612351626,0.00034661471383230324
0.2344734473447345,7.437353920594009e-28,0.0049393029888815075,0.0003471350781151138
0.23452345234523453,7.442934586589181e-28,0.004944245256819251,0.0003476562236082311
0.2345734573457346,7.448519440072713e-28,0.004949192469991667,0.00034817815148446715
0.23462346234623463,7.4541084841867085e-28,0.004954144633346946,0.0003487008629183945
0.2346734673467347,7.45970172207564e-28,0.00495910175183826,0.00034922435908634955
0.23472347234723473,7.465299156886322e-28,0.004964063830423698,0.0003497486411664344
0.2347734773477348,7.470900791767956e-28,0.004969030874066347,0.0003502737103385202
0.23482348234823483,7.476506629872079e-28,0.004974002887734233,0.00035079956778424876
0.2348734873487349,7.482116674352615e-28,0.004978979876400381,0.00035132621468703644
0.23492349234923493,7.487730928365843e-28,0.004983961845042762,0.00035185365223207576
0.234973497349735,7.493349395070405e-28,0.004988948798644341,0.00035238188160633874
0.23502350235023503,7.498972077627336e-28,0.00499394074219308,0.0003529109039985803
0.2350735073507351,7.504598979200015e-28,0.004998937680681912,0.00035344072059933807
0.23512351235123513,7.5102301029542115e-28,0.005003939619108779,0.0003539713326009388
0.23517351735173517,7.515865452058068e-28,0.005008946562476623,0.00035450274119749805
0.23522352235223523,7.5215050296821e-28,0.005013958515793381,0.0003550349475849249
0.23527352735273527,7.527148838999207e-28,0.005018975484072019,0.00035556795296092327
0.23532353235323533,7.532796883184667e-28,0.005023997472330506,0.0003561017585249957
0.23537353735373537,7.538449165416138e-28,0.005029024485591832,0.0003566363654784448
0.23542354235423543,7.544105688873668e-28,0.005034056528884027,0.0003571717750243772
0.23547354735473547,7.549766456739683e-28,0.00503909360724012,0.0003577079883677057
0.23552355235523553,7.555431472199009e-28,0.00504413572569822,0.00035824500671515153
0.23557355735573557,7.5611007384388485e-28,0.005049182889301442,0.00035878283127524816
0.23562356235623563,7.566774258648804e-28,0.005054235103097961,0.0003593214632583431
0.23567356735673567,7.572452036020868e-28,0.005059292372141004,0.00035986090387660067
0.23572357235723573,7.578134073749438e-28,0.005064354701488852,0.00036040115434400627
0.23577357735773577,7.583820375031283e-28,0.005069422096204844,0.0003609422158763652
0.23582358235823583,7.589510943065605e-28,0.005074494561357396,0.00036148408969131137
0.23587358735873587,7.595205781053972e-28,0.005079572102019977,0.0003620267770083035
0.23592359235923593,7.600904892200382e-28,0.0050846547232711505,0.000362570279048633
0.23597359735973597,7.606608279711231e-28,0.005089742430194561,0.0003631145970354252
0.23602360236023603,7.612315946795302e-28,0.0050948352278789195,0.0003636597321936397
0.23607360736073607,7.618027896663813e-28,0.005099933121418058,0.0003642056857500764
0.23612361236123613,7.623744132530374e-28,0.005105036115910881,0.0003647524589333774
0.23617361736173617,7.629464657611006e-28,0.005110144216461402,0.00036530005297402766
0.23622362236223624,7.635189475124158e-28,0.00511525742817875,0.00036584846910436153
0.23627362736273627,7.640918588290674e-28,0.005120375756177156,0.00036639770855856113
0.23632363236323634,7.646652000333835e-28,0.005125499205575979,0.000366947772572664
0.23637363736373637,7.65238971447932e-28,0.005130627781499686,0.00036749866238456046
0.23642364236423644,7.658131733955248e-28,0.005135761489077885,0.0003680503792340024
0.23647364736473647,7.663878061992145e-28,0.0051409003334452995,0.00036860292436260013
0.23652365236523654,7.669628701822974e-28,0.005146044319741814,0.0003691562990138299
0.23657365736573657,7.675383656683105e-28,0.005151193453112438,0.00036971050443303276
0.23662366236623664,7.681142929810363e-28,0.005156347738707345,0.0003702655418674217
0.23667366736673667,7.686906524444976e-28,0.005161507181681839,0.00037082141256608044
0.23672367236723674,7.692674443829616e-28,0.0051666717871963995,0.0003713781177799685
0.23677367736773677,7.698446691209394e-28,0.005171841560416672,0.000371935658761924
0.23682368236823684,7.704223269831842e-28,0.005177016506513459,0.0003724940367666643
0.23687368736873687,7.710004182946937e-28,0.005182196630662737,0.0003730532530507922
0.23692369236923694,7.7157894338070955e-28,0.005187381938045682,0.00037361330887279606
0.23697369736973697,7.721579025667171e-28,0.005192572433848624,0.0003741742054930539
0.23702370237023704,7.727372961784462e-28,0.005197768123263107,0.00037473594417383586
0.23707370737073707,7.733171245418702e-28,0.005202969011485853,0.0003752985261793062
0.23712371237123714,7.738973879832089e-28,0.005208175103718794,0.00037586195277552917
0.23717371737173717,7.744780868289248e-28,0.005213386405169062,0.00037642622523046754
0.23722372237223724,7.750592214057275e-28,0.005218602921049007,0.0003769913448139892
0.23727372737273728,7.7564079204056915e-28,0.005223824656576184,0.00037755731279786627
0.23732373237323734,7.7622279906064995e-28,0.005229051616973376,0.0003781241304557837
0.23737373737373738,7.768052427934137e-28,0.005234283807468588,0.0003786917990633351
0.23742374237423744,7.77388123566551e-28,0.00523952123329506,0.0003792603198980313
0.23747374737473748,7.7797144170799715e-28,0.0052447638996912585,0.0003798296942392998
0.23752375237523754,7.785551975459345e-28,0.005250011811900899,0.0003803999233684902
0.23757375737573758,7.791393914087923e-28,0.00525526497517296,0.00038097100856887415
0.23762376237623764,7.797240236252442e-28,0.005260523394761638,0.00038154295112565075
0.23767376737673768,7.803090945242121e-28,0.005265787075926415,0.0003821157523259482
0.23772377237723774,7.808946044348645e-28,0.0052710560239320236,0.00038268941345882807
0.23777377737773778,7.814805536866158e-28,0.0052763302440484595,0.00038326393581528546
0.23782378237823784,7.820669426091295e-28,0.005281609741551011,0.00038383932068825516
0.23787378737873788,7.826537715323143e-28,0.005286894521720221,0.0003844155693726116
0.23792379237923794,7.832410407863286e-28,0.005292184589841936,0.00038499268316517457
0.23797379737973798,7.838287507015762e-28,0.005297479951207268,0.00038557066336470996
0.23802380238023804,7.844169016087112e-28,0.005302780611112656,0.00038614951127193345
0.23807380738073808,7.8500549383863365e-28,0.005308086574859808,0.00038672922818951323
0.23812381238123814,7.85594527722494e-28,0.005313397847755756,0.00038730981542207466
0.23817381738173818,7.86184003591689e-28,0.005318714435112831,0.00038789127427619894
0.23822382238223824,7.867739217778663e-28,0.00532403634224869,0.00038847360606043206
0.23827382738273828,7.873642826129203e-28,0.005329363574486298,0.00038905681208528165
0.23832383238323834,7.879550864289958e-28,0.005334696137153962,0.0003896408936632242
0.23837383738373838,7.885463335584867e-28,0.005340034035585304,0.0003902258521087074
0.23842384238423844,7.891380243340357e-28,0.005345377275119299,0.0003908116887381499
0.23847384738473848,7.897301590885349e-28,0.005350725861100241,0.00039139840486994865
0.23852385238523854,7.9032273815512855e-28,0.0053560797988778065,0.0003919860018244796
0.23857385738573858,7.909157618672072e-28,0.005361439093806985,0.00039257448092410016
0.23862386238623864,7.915092305584144e-28,0.00536680375124816,0.00039316384349315366
0.23867386738673868,7.921031445626427e-28,0.0053721737765670486,0.00039375409085797117
0.23872387238723874,7.926975042140357e-28,0.005377549175134767,0.000394345224346875
0.23877387738773878,7.932923098469876e-28,0.005382929952327772,0.000394937245290182
0.23882388238823885,7.938875617961438e-28,0.005388316113527931,0.00039553015502020636
0.23887388738873888,7.9448326039639955e-28,0.0053937076641224725,0.0003961239548712613
0.23892389238923895,7.950794059829036e-28,0.005399104609504035,0.0003967186461796648
0.23897389738973898,7.956759988910538e-28,0.005404506955070638,0.0003973142302837393
0.23902390239023902,7.962730394565013e-28,0.005409914706225708,0.0003979107085238179
0.23907390739073908,7.9687052801514925e-28,0.005415327868378085,0.0003985080822422459
0.23912391239123912,7.974684649031512e-28,0.0054207464469420066,0.00039910635278338197
0.23917391739173918,7.980668504569148e-28,0.005426170447337143,0.0003997055214936058
0.23922392239223922,7.9866568501309835e-28,0.0054315998749885725,0.00040030558972131545
0.23927392739273928,7.99264968908614e-28,0.005437034735326814,0.00040090655881693546
0.23932393239323932,7.998647024806271e-28,0.005442475033787814,0.0004015084301329176
0.23937393739373938,8.004648860665543e-28,0.00544792077581296,0.00040211120502374237
0.23942394239423942,8.010655200040666e-28,0.005453371966849078,0.0004027148848459254
0.23947394739473948,8.016666046310891e-28,0.005458828612348462,0.0004033194709580185
0.23952395239523952,8.0226814028579835e-28,0.00546429071776884,0.00040392496472061216
0.23957395739573958,8.028701273066269e-28,0.005469758288573418,0.0004045313674963407
0.23962396239623962,8.034725660322594e-28,0.005475231330230854,0.0004051386806498831
0.23967396739673968,8.04075456801636e-28,0.005480709848215289,0.00040574690554796784
0.23972397239723972,8.046787999539498e-28,0.00548619384800633,0.00040635604355937456
0.23977397739773978,8.052825958286504e-28,0.0054916833350890865,0.0004069660960549389
0.23982398239823982,8.058868447654395e-28,0.00549717831495413,0.00040757706440755286
0.23987398739873989,8.064915471042766e-28,0.005502678793097556,0.0004081889499921711
0.23992399239923992,8.070967031853735e-28,0.005508184775020927,0.0004088017541858117
0.23997399739973999,8.077023133491998e-28,0.005513696266231338,0.00040941547836756046
0.24002400240024002,8.083083779364784e-28,0.00551921327224138,0.0004100301239185721
0.24007400740074009,8.089148972881891e-28,0.0055247357985691555,0.00041064569222207736
0.24012401240124012,8.09521871745568e-28,0.0055302638507383145,0.000411262184663382
0.2401740174017402,8.101293016501055e-28,0.005535797434277996,0.00041187960262987084
0.24022402240224022,8.107371873435497e-28,0.0055413365547229,0.000412497947511013
0.2402740274027403,8.113455291679055e-28,0.0055468812176132564,0.00041311722069836416
0.24032403240324032,8.119543274654321e-28,0.005552431428494832,0.0004137374235855658
0.2403740374037404,8.125635825786488e-28,0.005557987192918961,0.00041435855756835534
0.24042404240424042,8.131732948503284e-28,0.005563548516442502,0.0004149806240445632
0.2404740474047405,8.137834646235043e-28,0.005569115404627905,0.0004156036244141204
0.24052405240524052,8.14394092241464e-28,0.005574687863043161,0.0004162275600790567
0.2405740574057406,8.150051780477559e-28,0.0055802658972618525,0.0004168524324435106
0.24062406240624062,8.156167223861832e-28,0.0055858495128631265,0.0004174782429137238
0.2406740674067407,8.162287256008094e-28,0.005591438715431719,0.0004181049928980543
0.24072407240724072,8.168411880359546e-28,0.005597033510557946,0.0004187326838069697
0.2407740774077408,8.174541100361984e-28,0.0056026339038377304,0.0004193613170530589
0.24082408240824082,8.180674919463775e-28,0.005608239900872573,0.00041999089405102914
0.2408740874087409,8.186813341115887e-28,0.005613851507269601,0.00042062141621771246
0.24092409240924093,8.192956368771882e-28,0.005619468728641546,0.00042125288497206844
0.240974097409741,8.19910400588789e-28,0.005625091570606749,0.000421885301735185
0.24102410241024103,8.205256255922654e-28,0.005630720038789178,0.00042251866793028523
0.2410741074107411,8.211413122337515e-28,0.005636354138818431,0.0004231529849827294
0.24112411241124113,8.217574608596385e-28,0.005641993876329728,0.0004237882543200146
0.2411741174117412,8.223740718165819e-28,0.005647639256963949,0.0004244244773717852
0.24122412241224123,8.229911454514925e-28,0.005653290286367585,0.00042506165556982826
0.2412741274127413,8.23608682111545e-28,0.005658946970192813,0.0004256997903480829
0.24132413241324133,8.242266821441723e-28,0.005664609314097436,0.000426338883142638
0.2413741374137414,8.2484514589707e-28,0.005670277323744948,0.0004269789353917422
0.24142414241424143,8.254640737181922e-28,0.005675951004804467,0.0004276199485358001
0.2414741474147415,8.260834659557572e-28,0.005681630362950839,0.0004282619240173811
0.24152415241524153,8.267033229582415e-28,0.005687315403864535,0.00042890486328121797
0.2415741574157416,8.27323645074385e-28,0.00569300613323175,0.0004295487677742151
0.24162416241624163,8.279444326531882e-28,0.005698702556744337,0.0004301936389454458
0.2416741674167417,8.285656860439142e-28,0.005704404680099864,0.00043083947824616275
0.24172417241724173,8.291874055960887e-28,0.005710112509001608,0.0004314862871297945
0.2417741774177418,8.298095916594979e-28,0.00571582604915853,0.00043213406705195175
0.24182418241824183,8.304322445841916e-28,0.005721545306285307,0.0004327828194704321
0.2418741874187419,8.31055364720483e-28,0.005727270286102357,0.0004334325458452207
0.24192419241924193,8.316789524189463e-28,0.005733000994335785,0.000434083247638494
0.241974197419742,8.32303008030421e-28,0.005738737436717473,0.00043473492631462466
0.24202420242024203,8.329275319060066e-28,0.005744479618984982,0.00043538758334018255
0.2420742074207421,8.335525243970706e-28,0.005750227546881669,0.0004360412201839415
0.24212421242124213,8.341779858552392e-28,0.005755981226156591,0.00043669583831687666
0.2421742174217422,8.348039166324068e-28,0.0057617406625645965,0.0004373514392121761
0.24222422242224223,8.354303170807285e-28,0.0057675058618662615,0.00043800802434523474
0.2422742274227423,8.360571875526258e-28,0.005773276829827942,0.00043866559519366776
0.24232423242324233,8.366845284007833e-28,0.0057790535722217614,0.0004393241532373027
0.2423742374237424,8.37312339978152e-28,0.005784836094825622,0.0004399836999581948
0.24242424242424243,8.379406226379451e-28,0.005790624403423197,0.0004406442368406188
0.2424742474247425,8.385693767336429e-28,0.005796418503803956,0.0004413057653710812
0.24252425242524253,8.39198602618991e-28,0.005802218401763166,0.00044196828703831986
0.2425742574257426,8.398283006479988e-28,0.00580802410310187,0.0004426318033333064
0.24262426242624263,8.404584711749424e-28,0.005813835613626944,0.0004432963157492509
0.2426742674267427,8.410891145543648e-28,0.005819652939151065,0.00044396182578160714
0.24272427242724273,8.417202311410727e-28,0.005825476085492707,0.00044462833492807087
0.24277427742774277,8.423518212901402e-28,0.005831305058476193,0.0004452958446885886
0.24282428242824283,8.42983885356909e-28,0.005837139863931664,0.00044596435656535827
0.24287428742874287,8.436164236969847e-28,0.005842980507695082,0.00044663387206283226
0.24292429242924293,8.442494366662427e-28,0.0058488269956082665,0.000447304392687723
0.24297429742974297,8.448829246208226e-28,0.005854679333518878,0.00044797591994900226
0.24302430243024303,8.455168879171345e-28,0.005860537527280424,0.0004486484553579109
0.24307430743074307,8.461513269118524e-28,0.005866401582752266,0.00044932200042795465
0.24312431243124313,8.467862419619208e-28,0.005872271505799644,0.0004499965566749147
0.24317431743174317,8.474216334245497e-28,0.005878147302293636,0.00045067212561684586
0.24322432243224323,8.480575016572196e-28,0.005884028978111235,0.00045134870877408306
0.24327432743274327,8.486938470176767e-28,0.005889916539135279,0.0004520263076692421
0.24332433243324333,8.493306698639383e-28,0.0058958099912545196,0.0004527049238272275
0.24337433743374337,8.499679705542875e-28,0.005901709340363578,0.0004533845587752293
0.24342434243424343,8.506057494472782e-28,0.005907614592362983,0.00045406521404273387
0.24347434743474347,8.512440069017336e-28,0.005913525753159178,0.00045474689116152236
0.24352435243524354,8.518827432767442e-28,0.005919442828664502,0.00045542959166567347
0.24357435743574357,8.525219589316714e-28,0.005925365824797214,0.0004561133170915724
0.24362436243624364,8.531616542261465e-28,0.005931294747481496,0.0004567980689779098
0.24367436743674367,8.538018295200692e-28,0.005937229602647453,0.0004574838488656843
0.24372437243724374,8.544424851736112e-28,0.00594317039623114,0.00045817065829821123
0.24377437743774377,8.550836215472122e-28,0.00594911713417452,0.00045885849882111975
0.24382438243824384,8.557252390015852e-28,0.0059550698224255455,0.0004595473719823623
0.24387438743874387,8.563673378977104e-28,0.005961028466938072,0.0004602372793322124
0.24392439243924394,8.570099185968422e-28,0.005966993073671951,0.0004609282224232736
0.24397439743974397,8.576529814605031e-28,0.005972963648592976,0.0004616202028104782
0.24402440244024404,8.582965268504899e-28,0.0059789401976729235,0.0004623132220510948
0.24407440744074407,8.589405551288679e-28,0.005984922726889531,0.0004630072817047273
0.24412441244124414,8.595850666579767e-28,0.005990911242226535,0.00046370238333332464
0.24417441744174417,8.602300618004255e-28,0.005996905749673635,0.0004643985285011767
0.24422442244224424,8.60875540919097e-28,0.0060029062552265445,0.0004650957187749247
0.24427442744274427,8.615215043771466e-28,0.00600891276488698,0.0004657939557235608
0.24432443244324434,8.621679525380003e-28,0.006014925284662634,0.00046649324091843283
0.24437443744374437,8.628148857653587e-28,0.006020943820567243,0.000467193575933247
0.24442444244424444,8.634623044231946e-28,0.006026968378620549,0.0004678949623440733
0.24447444744474447,8.64110208875753e-28,0.0060329989648483014,0.0004685974017293463
0.24452445244524454,8.647585994875545e-28,0.006039035585282315,0.0004693008956698714
0.24457445744574458,8.654074766233904e-28,0.006045078245960397,0.0004700054457488268
0.24462446244624464,8.660568406483281e-28,0.006051126952926433,0.00047071105355176807
0.24467446744674468,8.66706691927707e-28,0.006057181712230323,0.0004714177206666297
0.24472447244724474,8.673570308271427e-28,0.006063242529928054,0.0004721254486837325
0.24477447744774478,8.680078577125228e-28,0.006069309412081651,0.00047283423919578123
0.24482448244824484,8.686591729500119e-28,0.006075382364759213,0.00047354409379787637
0.24487448744874488,8.693109769060468e-28,0.006081461394034899,0.00047425501408750783
0.24492449244924494,8.699632699473418e-28,0.006087546505988963,0.00047496700166456906
0.24497449744974498,8.706160524408843e-28,0.0060936377067077295,0.00047568005813135105
0.24502450245024504,8.712693247539383e-28,0.006099735002283622,0.0004763941850925524
0.24507450745074508,8.719230872540433e-28,0.00610583839881516,0.00047710938415528183
0.24512451245124514,8.72577340309014e-28,0.006111947902406957,0.00047782565692905757
0.24517451745174518,8.732320842869405e-28,0.006118063519169729,0.0004785430050258171
0.24522452245224524,8.738873195561918e-28,0.0061241852552203395,0.00047926143005991675
0.24527452745274528,8.745430464854095e-28,0.006130313116681723,0.0004799809336481362
0.24532453245324534,8.751992654435161e-28,0.006136447109682998,0.00048070151740968296
0.24537453745374538,8.75855976799706e-28,0.00614258724035935,0.00048142318296619463
0.24542454245424544,8.76513180923455e-28,0.006148733514852167,0.0004821459319417442
0.24547454745474548,8.771708781845142e-28,0.006154885939308942,0.0004828697659628423
0.24552455245524554,8.778290689529118e-28,0.006161044519883327,0.0004835946866584418
0.24557455745574558,8.784877535989544e-28,0.006167209262735144,0.0004843206956599401
0.24562456245624564,8.791469324932267e-28,0.006173380174030362,0.00048504779460118607
0.24567456745674568,8.798066060065897e-28,0.00617955725994113,0.0004857759851184776
0.24572457245724574,8.80466774510186e-28,0.006185740526645776,0.00048650526885057367
0.24577457745774578,8.811274383754326e-28,0.006191929980328788,0.0004872356474386894
0.24582458245824584,8.81788597974028e-28,0.0061981256271808685,0.0004879671225265065
0.24587458745874588,8.824502536779503e-28,0.006204327473398912,0.000488699695760174
0.24592459245924594,8.83112405859453e-28,0.006210535525185988,0.0004894333687883105
0.24597459745974598,8.837750548910727e-28,0.006216749788751406,0.0004901681432620115
0.24602460246024604,8.844382011456242e-28,0.006222970270310669,0.0004909040208348508
0.24607460746074608,8.851018449962008e-28,0.006229196976085502,0.0004916410031628834
0.24612461246124615,8.85765986816178e-28,0.00623542991230386,0.0004923790919046532
0.24617461746174618,8.864306269792091e-28,0.006241669085199911,0.0004931182887211908
0.24622462246224625,8.870957658592305e-28,0.006247914501014105,0.0004938585952760233
0.24627462746274628,8.877614038304559e-28,0.0062541661659930746,0.0004946000132351727
0.24632463246324635,8.884275412673834e-28,0.006260424086389764,0.0004953425442671645
0.24637463746374638,8.890941785447888e-28,0.006266688268463328,0.0004960861900430269
0.24642464246424645,8.897613160377316e-28,0.006272958718479214,0.0004968309522362993
0.24647464746474648,8.904289541215507e-28,0.006279235442709119,0.0004975768325230304
0.24652465246524655,8.910970931718691e-28,0.006285518447431029,0.0004983238325817885
0.24657465746574658,8.917657335645885e-28,0.006291807738929194,0.0004990719540936596
0.24662466246624662,8.924348756758955e-28,0.006298103323494177,0.0004998211987422536
0.24667466746674668,8.931045198822579e-28,0.00630440520742282,0.0005005715682137098
0.24672467246724672,8.937746665604252e-28,0.006310713397018261,0.000501323064196696
0.24677467746774678,8.944453160874309e-28,0.006317027898589961,0.0005020756883824175
0.24682468246824682,8.951164688405912e-28,0.006323348718453685,0.0005028294424646185
0.24687468746874688,8.957881251975037e-28,0.00632967586293151,0.0005035843281395833
0.24692469246924692,8.964602855360517e-28,0.006336009338351848,0.0005043403471061464
0.24697469746974698,8.971329502344016e-28,0.0063423491510494505,0.0005050975010656911
0.24702470247024702,8.978061196710016e-28,0.006348695307365387,0.0005058557917221538
0.24707470747074708,8.984797942245866e-28,0.006355047813647098,0.0005066152207820311
0.24712471247124712,8.991539742741727e-28,0.00636140667624834,0.0005073757899543793
0.24717471747174719,8.998286601990642e-28,0.006367771901529274,0.000508137500950823
0.24722472247224722,9.005038523788457e-28,0.00637414349585638,0.0005089003554855538
0.24727472747274729,9.011795511933905e-28,0.006380521465602532,0.0005096643552753399
0.24732473247324732,9.018557570228538e-28,0.006386905817146981,0.0005104295020395223
0.24737473747374739,9.025324702476791e-28,0.006393296556875354,0.0005111957975000287
0.24742474247424742,9.032096912485922e-28,0.006399693691179662,0.0005119632433813672
0.2474747474747475,9.038874204066072e-28,0.006406097226458327,0.0005127318414106381
0.24752475247524752,9.045656581030223e-28,0.006412507169116167,0.0005135015933175318
0.2475747574757476,9.052444047194226e-28,0.006418923525564395,0.0005142725008343376
0.24762476247624762,9.059236606376805e-28,0.006425346302220676,0.0005150445656959451
0.2476747674767477,9.066034262399523e-28,0.006431775505509045,0.0005158177896398467
0.24772477247724772,9.072837019086834e-28,0.006438211141860001,0.0005165921744061465
0.2477747774777478,9.079644880266063e-28,0.006444653217710484,0.0005173677217375581
0.24782478247824782,9.086457849767382e-28,0.006451101739503839,0.0005181444333794114
0.2478747874787479,9.09327593142387e-28,0.006457556713689892,0.0005189223110796595
0.24792479247924792,9.10009912907145e-28,0.00646401814672489,0.0005197013565888761
0.247974797479748,9.106927446548946e-28,0.00647048604507158,0.0005204815716602654
0.24802480248024802,9.113760887698052e-28,0.00647696041519914,0.0005212629580496618
0.2480748074807481,9.120599456363356e-28,0.00648344126358325,0.0005220455175155381
0.24812481248124812,9.127443156392308e-28,0.006489928596706039,0.0005228292518190042
0.2481748174817482,9.134291991635275e-28,0.006496422421056152,0.0005236141627238168
0.24822482248224823,9.141145965945484e-28,0.006502922743128701,0.0005244002519963774
0.2482748274827483,9.148005083179078e-28,0.006509429569425322,0.0005251875214057426
0.24832483248324833,9.154869347195075e-28,0.0065159429064541325,0.0005259759727236215
0.2483748374837484,9.161738761855395e-28,0.00652246276072977,0.0005267656077243859
0.24842484248424843,9.168613331024868e-28,0.006528989138773413,0.0005275564281850708
0.2484748474847485,9.175493058571199e-28,0.00653552204711272,0.0005283484358853773
0.24852485248524853,9.182377948365016e-28,0.006542061492281926,0.0005291416326076795
0.2485748574857486,9.189268004279849e-28,0.006548607480821781,0.0005299360201370289
0.24862486248624863,9.196163230192119e-28,0.006555160019279578,0.0005307316002611533
0.2486748674867487,9.203063629981178e-28,0.00656171911420917,0.0005315283747704684
0.24872487248724873,9.209969207529266e-28,0.00656828477217096,0.000532326345458074
0.2487748774877488,9.216879966721558e-28,0.0065748569997319305,0.0005331255141197647
0.24882488248824883,9.223795911446123e-28,0.006581435803465614,0.0005339258825540291
0.2488748874887489,9.230717045593972e-28,0.00658802118995214,0.000534727452562058
0.24892489248924893,9.237643373059005e-28,0.006594613165778193,0.0005355302259477436
0.248974897489749,9.244574897738078e-28,0.006601211737537098,0.0005363342045176886
0.24902490249024903,9.251511623530939e-28,0.0066078169118287235,0.0005371393900812067
0.2490749074907491,9.258453554340286e-28,0.006614428695259569,0.0005379457844503288
0.24912491249124913,9.265400694071732e-28,0.00662104709444275,0.0005387533894398036
0.2491749174917492,9.272353046633827e-28,0.0066276721159979875,0.0005395622068671077
0.24922492249224923,9.279310615938058e-28,0.006634303766551625,0.0005403722385524456
0.2492749274927493,9.286273405898827e-28,0.006640942052736641,0.0005411834863187508
0.24932493249324933,9.293241420433493e-28,0.006647586981192647,0.0005419959519916983
0.2493749374937494,9.300214663462356e-28,0.006654238558565912,0.000542809637399702
0.24942494249424943,9.307193138908641e-28,0.006660896791509337,0.000543624544373919
0.2494749474947495,9.31417685069853e-28,0.006667561686682486,0.0005444406747482586
0.24952495249524953,9.321165802761141e-28,0.00667423325075159,0.0005452580303593802
0.2495749574957496,9.328159999028557e-28,0.006680911490389551,0.0005460766130467047
0.24962496249624963,9.33515944343579e-28,0.006687596412275943,0.0005468964246524089
0.2496749674967497,9.34216413992082e-28,0.006694288023097021,0.0005477174670214408
0.24972497249724973,9.349174092424573e-28,0.00670098632954574,0.000548539742001514
0.2497749774977498,9.356189304890947e-28,0.0067076913383217465,0.0005493632514431185
0.24982498249824983,9.363209781266771e-28,0.0067144030561313815,0.0005501879971995206
0.2498749874987499,9.370235525501871e-28,0.006721121489687726,0.0005510139811267708
0.24992499249924993,9.377266541549009e-28,0.006727846645710543,0.0005518412050837042
0.24997499749975,9.384302833363918e-28,0.006734578530926333,0.0005526696709319473
0.25002500250025006,9.391344404905322e-28,0.006741317152068337,0.0005534993805359232
0.25007500750075007,9.398391260134876e-28,0.006748062515876517,0.0005543303357628502
0.25012501250125013,9.40544340301724e-28,0.006754814629097592,0.0005551625384827522
0.2501750175017502,9.412500837520048e-28,0.0067615734984850335,0.0005559959905684618
0.25022502250225026,9.419563567613888e-28,0.00676833913079905,0.0005568306938956201
0.25027502750275027,9.426631597272331e-28,0.006775111532806624,0.0005576666503426854
0.25032503250325033,9.43370493047196e-28,0.006781890711281529,0.0005585038617909379
0.2503750375037504,9.440783571192316e-28,0.006788676673004293,0.0005593423301244797
0.2504250425042504,9.447867523415913e-28,0.006795469424762221,0.0005601820572302405
0.25047504750475047,9.454956791128297e-28,0.006802268973349454,0.0005610230449979881
0.25052505250525053,9.462051378317973e-28,0.006809075325566886,0.0005618652953203217
0.2505750575057506,9.469151288976436e-28,0.006815888488222232,0.0005627088100926842
0.2506250625062506,9.476256527098176e-28,0.006822708468129998,0.0005635535912133627
0.25067506750675067,9.483367096680715e-28,0.00682953527211157,0.0005643996405834974
0.25072507250725073,9.490483001724533e-28,0.006836368906995083,0.00056524696010708
0.2507750775077508,9.497604246233124e-28,0.0068432093796155545,0.0005660955516909596
0.2508250825082508,9.504730834212993e-28,0.006850056696814816,0.0005669454172448508
0.25087508750875087,9.511862769673657e-28,0.006856910865441569,0.000567796558681335
0.25092509250925094,9.51900005662762e-28,0.006863771892351351,0.0005686489779158612
0.250975097509751,9.526142699090418e-28,0.006870639784406554,0.0005695026768667593
0.251025102510251,9.533290701080583e-28,0.006877514548476449,0.0005703576574552339
0.25107510751075107,9.540444066619673e-28,0.006884396191437167,0.000571213921605379
0.25112511251125114,9.547602799732272e-28,0.006891284720171753,0.0005720714712441735
0.2511751175117512,9.554766904445962e-28,0.006898180141570088,0.0005729303083014909
0.2512251225122512,9.561936384791348e-28,0.006905082462528974,0.0005737904347100995
0.2512751275127513,9.569111244802097e-28,0.006911991689952131,0.0005746518524056746
0.25132513251325134,9.576291488514855e-28,0.006918907830750163,0.0005755145633267918
0.2513751375137514,9.583477119969328e-28,0.006925830891840596,0.00057637856941494
0.2514251425142514,9.59066814320822e-28,0.006932760880147852,0.0005772438726145204
0.2514751475147515,9.597864562277323e-28,0.0069396978026033465,0.0005781104748728581
0.25152515251525154,9.605066381225416e-28,0.00694664166614536,0.0005789783781401971
0.2515751575157516,9.612273604104326e-28,0.0069535924777191565,0.0005798475843697094
0.2516251625162516,9.619486234968938e-28,0.0069605502442769375,0.000580718095517502
0.2516751675167517,9.62670427787717e-28,0.006967514972777867,0.0005815899135426182
0.25172517251725174,9.633927736889972e-28,0.00697448667018805,0.000582463040407039
0.2517751775177518,9.641156616071365e-28,0.006981465343480604,0.0005833374780756943
0.2518251825182518,9.6483909194884e-28,0.0069884509996355855,0.0005842132285164626
0.2518751875187519,9.655630651211184e-28,0.006995443645640041,0.000585090293700177
0.25192519251925194,9.662875815312893e-28,0.0070024432884880266,0.0005859686756006303
0.251975197519752,9.670126415869741e-28,0.00700944993518059,0.0005868483761945763
0.252025202520252,9.677382456960992e-28,0.007016463592725759,0.0005877293974617362
0.2520752075207521,9.684643942669011e-28,0.007023484268138624,0.0005886117413848074
0.25212521252125214,9.691910877079189e-28,0.007030511968441244,0.0005894954099494608
0.2521752175217522,9.699183264279995e-28,0.007037546700662736,0.0005903804051443475
0.2522252225222522,9.706461108362951e-28,0.0070445884718392205,0.0005912667289611055
0.2522752275227523,9.713744413422694e-28,0.0070516372890139095,0.000592154383394364
0.25232523252325234,9.72103318355688e-28,0.007058693159237014,0.0005930433704417442
0.2523752375237524,9.728327422866266e-28,0.007065756089565805,0.0005939336921038675
0.2524252425242524,9.735627135454685e-28,0.007072826087064646,0.0005948253503843588
0.2524752475247525,9.742932325429053e-28,0.0070799031588049425,0.0005957183472898517
0.25252525252525254,9.75024299689935e-28,0.007086987311865174,0.0005966126848299903
0.2525752575257526,9.75755915397866e-28,0.007094078553330927,0.0005975083650174383
0.2526252625262526,9.764880800783137e-28,0.007101176890294848,0.0005984053898678774
0.2526752675267527,9.772207941432037e-28,0.007108282329856699,0.0005993037614000202
0.25272527252725274,9.779540580047703e-28,0.00711539487912335,0.000600203481635606
0.2527752775277528,9.786878720755569e-28,0.00712251454520876,0.0006011045525994119
0.2528252825282528,9.794222367684151e-28,0.007129641335234014,0.0006020069763192503
0.2528752875287529,9.8015715249651e-28,0.007136775256327357,0.0006029107548259848
0.25292529252925294,9.808926196733132e-28,0.00714391631562412,0.0006038158901535228
0.252975297529753,9.81628638712608e-28,0.007151064520266793,0.0006047223843388264
0.253025302530253,9.823652100284863e-28,0.007158219877404991,0.0006056302394219143
0.2530753075307531,9.83102334035355e-28,0.0071653823941955335,0.0006065394574458726
0.25312531253125314,9.838400111479283e-28,0.007172552077802367,0.0006074500404568497
0.2531753175317532,9.845782417812318e-28,0.007179728935396591,0.0006083619905040672
0.2532253225322532,9.853170263506038e-28,0.00718691297415651,0.0006092753096398237
0.2532753275327533,9.86056365271695e-28,0.0071941042012676135,0.0006101899999195003
0.25332533253325334,9.867962589604647e-28,0.007201302623922543,0.0006111060634015595
0.2533753375337534,9.875367078331879e-28,0.007208508249321177,0.0006120235021475595
0.2534253425342534,9.88277712306449e-28,0.007215721084670572,0.0006129423182221487
0.2534753475347535,9.890192727971475e-28,0.00722294113718502,0.000613862513693078
0.25352535253525355,9.897613897224952e-28,0.007230168414086013,0.0006147840906312026
0.2535753575357536,9.905040635000152e-28,0.007237402922602276,0.000615707051110485
0.2536253625362536,9.912472945475447e-28,0.007244644669969756,0.000616631397208
0.2536753675367537,9.919910832832363e-28,0.007251893663431659,0.0006175571310039466
0.25372537253725375,9.927354301255547e-28,0.0072591499102384344,0.0006184842545816409
0.2537753775377538,9.93480335493278e-28,0.007266413417647766,0.0006194127700275288
0.2538253825382538,9.94225799805498e-28,0.007273684192924609,0.0006203426794311871
0.2538753875387539,9.949718234816252e-28,0.007280962243341223,0.0006212739848853328
0.25392539253925395,9.957184069413808e-28,0.007288247576177099,0.0006222066884858222
0.253975397539754,9.964655506048007e-28,0.00729554019871902,0.0006231407923316573
0.254025402540254,9.972132548922386e-28,0.007302840118261077,0.000624076298524994
0.2540754075407541,9.979615202243623e-28,0.007310147342104646,0.0006250132091711431
0.25412541254125415,9.987103470221547e-28,0.00731746187755842,0.0006259515263785737
0.25417541754175416,9.994597357069149e-28,0.007324783731938384,0.0006268912522589234
0.2542254225422542,1.0002096867002597e-27,0.007332112912567876,0.0006278323889269992
0.2542754275427543,1.0009602004241198e-27,0.00733944942677753,0.0006287749385007815
0.25432543254325435,1.0017112773007445e-27,0.0073467932819053445,0.0006297189031014319
0.25437543754375436,1.0024629177526975e-27,0.007354144485296614,0.0006306642848532967
0.2544254425442544,1.0032151222028628e-27,0.00736150304430404,0.0006316110858839094
0.2544754475447545,1.0039678910744398e-27,0.0073688689662876556,0.0006325593083239998
0.25452545254525455,1.004721224790945e-27,0.007376242258614833,0.0006335089543074962
0.25457545754575456,1.0054751237762127e-27,0.007383622928660352,0.0006344600259715267
0.2546254625462546,1.0062295884543983e-27,0.0073910109838063644,0.0006354125254564353
0.2546754675467547,1.0069846192499718e-27,0.007398406431442412,0.0006363664549057726
0.25472547254725475,1.0077402165877231e-27,0.007405809278965409,0.00063732181646631
0.25477547754775476,1.0084963808927593e-27,0.007413219533779669,0.0006382786122880396
0.2548254825482548,1.0092531125905103e-27,0.0074206372032969625,0.0006392368445241865
0.2548754875487549,1.0100104121067218e-27,0.007428062294936425,0.0006401965153312032
0.25492549254925495,1.010768279867459e-27,0.0074354948161246305,0.0006411576268687801
0.25497549754975496,1.0115267162991094e-27,0.007442934774295604,0.0006421201812998519
0.255025502550255,1.0122857218283784e-27,0.0074503821768907765,0.0006430841807906014
0.2550755075507551,1.0130452968822911e-27,0.007457837031359045,0.0006440496275104593
0.25512551255125515,1.0138054418881958e-27,0.007465299345156766,0.000645016523632118
0.25517551755175516,1.0145661572737577e-27,0.007472769125747731,0.0006459848713315268
0.2552255225522552,1.0153274434669655e-27,0.007480246380603221,0.0006469546727879057
0.2552755275527553,1.0160893008961294e-27,0.007487731117201998,0.0006479259301837454
0.25532553255325535,1.0168517299898792e-27,0.00749522334303029,0.0006488986457048122
0.25537553755375536,1.0176147311771651e-27,0.007502723065581796,0.0006498728215401522
0.2554255425542554,1.0183783048872647e-27,0.007510230292357788,0.0006508484598821025
0.2554755475547555,1.0191424515497723e-27,0.007517745030866962,0.0006518255629262888
0.25552555255525555,1.0199071715946063e-27,0.00752526728862557,0.0006528041328716322
0.25557555755575556,1.0206724654520067e-27,0.007532797073157357,0.0006537841719203541
0.2556255625562556,1.0214383335525402e-27,0.007540334391993648,0.0006547656822779878
0.2556755675567557,1.0222047763270924e-27,0.007547879252673254,0.0006557486661533711
0.25572557255725575,1.022971794206873e-27,0.0075554316627425375,0.0006567331257586608
0.25577557755775576,1.0237393876234162e-27,0.007562991629755423,0.000657719063309335
0.2558255825582558,1.0245075570085807e-27,0.007570559161273405,0.0006587064810241976
0.2558755875587559,1.025276302794546e-27,0.007578134264865502,0.0006596953811253821
0.25592559255925595,1.026045625413821e-27,0.007585716948108368,0.000660685765838361
0.25597559755975596,1.0268155252992342e-27,0.007593307218586173,0.0006616776373919442
0.256025602560256,1.0275860028839413e-27,0.007600905083890724,0.0006626709980182902
0.2560756075607561,1.0283570586014236e-27,0.0076085105516214,0.0006636658499529095
0.25612561256125616,1.0291286928854859e-27,0.0076161236293852,0.000664662195434665
0.25617561756175616,1.029900906170258e-27,0.007623744324796701,0.0006656600367057823
0.25622562256225623,1.0306736988902001e-27,0.007631372645478152,0.000666659376011857
0.2562756275627563,1.0314470714800928e-27,0.007639008599059389,0.0006676602156018508
0.25632563256325636,1.0322210243750458e-27,0.007646652193177897,0.0006686625577281032
0.25637563756375636,1.0329955580104928e-27,0.007654303435478774,0.0006696664046463344
0.25642564256425643,1.0337706728221996e-27,0.007661962333614833,0.0006706717586156558
0.2564756475647565,1.0345463692462536e-27,0.0076696288952464884,0.0006716786218985643
0.25652565256525656,1.035322647719071e-27,0.007677303128041823,0.0006726869967609557
0.25657565756575657,1.0360995086773962e-27,0.007684985039676622,0.0006736968854721279
0.25662566256625663,1.0368769525583019e-27,0.007692674637834333,0.0006747082903047875
0.2566756675667567,1.0376549797991858e-27,0.007700371930206081,0.0006757212135350476
0.25672567256725676,1.038433590837778e-27,0.007708076924490717,0.0006767356574424448
0.25677567756775677,1.039212786112133e-27,0.007715789628394757,0.0006777516243099328
0.25682568256825683,1.0399925660606364e-27,0.007723510049632461,0.0006787691164238949
0.2568756875687569,1.040772931122003e-27,0.007731238195925791,0.0006797881360741491
0.25692569256925696,1.0415538817352756e-27,0.007738974075004451,0.0006808086855539459
0.25697569756975697,1.042335418339825e-27,0.007746717694605836,0.0006818307671599817
0.25702570257025703,1.0431175413753564e-27,0.007754469062475157,0.0006828543831924025
0.2570757075707571,1.043900251281901e-27,0.007762228186365317,0.0006838795359548043
0.25712571257125716,1.0446835484998204e-27,0.007769995074036976,0.0006849062277542428
0.25717571757175717,1.0454674334698066e-27,0.007777769733258585,0.0006859344609012345
0.25722572257225723,1.0462519066328863e-27,0.00778555217180638,0.0006869642377097719
0.2572757275727573,1.0470369684304117e-27,0.007793342397464334,0.000687995560497314
0.25732573257325736,1.0478226193040678e-27,0.0078011404180242305,0.0006890284315848014
0.25737573757375737,1.0486088596958732e-27,0.007808946241285658,0.0006900628532966595
0.25742574257425743,1.0493956900481766e-27,0.007816759875056008,0.0006910988279608052
0.2574757475747575,1.0501831108036569e-27,0.007824581327150464,0.0006921363579086449
0.25752575257525756,1.0509711224053295e-27,0.007832410605392063,0.0006931754454750918
0.25757575757575757,1.0517597252965367e-27,0.007840247717611621,0.0006942160929985582
0.25762576257625763,1.0525489199209581e-27,0.00784809267164784,0.0006952583028209704
0.2576757675767577,1.0533387067226053e-27,0.007855945475347246,0.0006963020772877724
0.25772577257725776,1.0541290861458207e-27,0.007863806136564202,0.0006973474187479243
0.25777577757775777,1.054920058635281e-27,0.007871674663160943,0.0006983943295539144
0.25782578257825783,1.0557116246359998e-27,0.007879551063007582,0.0006994428120617673
0.2578757875787579,1.056503784593321e-27,0.00788743534398209,0.0007004928686310391
0.2579257925792579,1.0572965389529216e-27,0.00789532751397031,0.0007015445016248283
0.25797579757975797,1.0580898881608186e-27,0.007903227580866016,0.0007025977134097865
0.25802580258025803,1.0588838326633583e-27,0.007911135552570843,0.0007036525063561127
0.2580758075807581,1.0596783729072244e-27,0.007919051436994347,0.0007047088828375664
0.2581258125812581,1.0604735093394332e-27,0.007926975242053987,0.0007057668452314683
0.25817581758175817,1.0612692424073416e-27,0.007934906975675171,0.0007068263959187146
0.25822582258225824,1.0620655725586377e-27,0.007942846645791214,0.0007078875372837694
0.2582758275827583,1.0628625002413463e-27,0.007950794260343374,0.0007089502717146782
0.2583258325832583,1.0636600259038288e-27,0.007958749827280839,0.0007100146016030738
0.25837583758375837,1.0644581499947845e-27,0.007966713354560805,0.0007110805293441766
0.25842584258425844,1.0652568729632463e-27,0.007974684850148354,0.000712148057336805
0.2584758475847585,1.0660561952585876e-27,0.007982664322016607,0.0007132171879833781
0.2585258525852585,1.066856117330515e-27,0.00799065177814661,0.0007142879236899204
0.2585758575857586,1.0676566396290763e-27,0.007998647226527426,0.0007153602668660702
0.25862586258625864,1.0684577626046553e-27,0.008006650675156109,0.0007164342199250843
0.2586758675867587,1.069259486707974e-27,0.008014662132037716,0.000717509785283838
0.2587258725872587,1.07006181239009e-27,0.008022681605185277,0.0007185869653628381
0.2587758775877588,1.0708647401024055e-27,0.008030709102619904,0.0007196657625862281
0.25882588258825884,1.0716682702966558e-27,0.008038744632370679,0.0007207461793817861
0.2588758875887589,1.072472403424917e-27,0.00804678820247475,0.0007218282181809361
0.2589258925892589,1.0732771399396033e-27,0.008054839820977284,0.0007229118814187509
0.258975897589759,1.0740824802934723e-27,0.00806289949593153,0.0007239971715339653
0.25902590259025904,1.0748884249396172e-27,0.008070967235398767,0.0007250840909689685
0.2590759075907591,1.0756949743314718e-27,0.00807904304744834,0.0007261726421698186
0.2591259125912591,1.0765021289228123e-27,0.008087126940157686,0.0007272628275862469
0.2591759175917592,1.0773098891677537e-27,0.008095218921612322,0.000728354649671662
0.25922592259225924,1.0781182555207507e-27,0.008103318999905833,0.0007294481108831543
0.2592759275927593,1.0789272284366021e-27,0.008111427183139933,0.0007305432136815066
0.2593259325932593,1.0797368083704451e-27,0.008119543479424418,0.0007316399605311895
0.2593759375937594,1.0805469957777599e-27,0.008127667896877208,0.0007327383539003804
0.25942594259425944,1.0813577911143688e-27,0.00813580044362436,0.0007338383962609592
0.2594759475947595,1.0821691948364347e-27,0.008143941127800034,0.0007349400900885167
0.2595259525952595,1.0829812074004617e-27,0.008152089957546533,0.0007360434378623574
0.2595759575957596,1.0837938292633018e-27,0.008160246941014346,0.000737148442065515
0.25962596259625964,1.0846070608821447e-27,0.008168412086362077,0.0007382551051847452
0.2596759675967597,1.0854209027145244e-27,0.008176585401756501,0.0007393634297105385
0.2597259725972597,1.0862353552183173e-27,0.008184766895372559,0.0007404734181371216
0.2597759775977598,1.0870504188517472e-27,0.008192956575393408,0.0007415850729624732
0.25982598259825984,1.087866094073378e-27,0.008201154450010347,0.0007426983966883154
0.2598759875987599,1.0886823813421184e-27,0.008209360527422896,0.0007438133918201272
0.2599259925992599,1.0894992811172219e-27,0.008217574815838777,0.0007449300608671502
0.25997599759976,1.0903167938582873e-27,0.008225797323473918,0.000746048406342395
0.26002600260026004,1.0911349200252568e-27,0.008234028058552473,0.0007471684307626401
0.2600760076007601,1.0919536600784189e-27,0.008242267029306834,0.0007482901366484463
0.2601260126012601,1.0927730144784062e-27,0.008250514243977599,0.0007494135265241564
0.2601760176017602,1.0935929836861986e-27,0.008258769710813657,0.0007505386029179038
0.26022602260226024,1.0944135681631216e-27,0.008267033438072112,0.0007516653683616189
0.2602760276027603,1.0952347683708455e-27,0.008275305434018363,0.0007527938253910297
0.2603260326032603,1.0960565847713862e-27,0.00828358570692602,0.0007539239765456716
0.2603760376037604,1.096879017827111e-27,0.008291874265077052,0.000755055824368898
0.26042604260426044,1.09770206800073e-27,0.008300171116761675,0.0007561893714078735
0.2604760476047605,1.0985257357553011e-27,0.008308476270278387,0.0007573246202135906
0.2605260526052605,1.099350021554229e-27,0.008316789733933991,0.0007584615733408676
0.2605760576057606,1.1001749258612694e-27,0.00832511151604364,0.000759600233348366
0.26062606260626064,1.101000449140523e-27,0.008333441624930776,0.0007607406027985807
0.2606760676067607,1.101826591856439e-27,0.008341780068927161,0.0007618826842578572
0.2607260726072607,1.102653354473816e-27,0.00835012685637292,0.000763026480296393
0.2607760776077608,1.1034807374578016e-27,0.008358481995616509,0.000764171993488246
0.26082608260826085,1.1043087412738908e-27,0.008366845495014737,0.0007653192264113349
0.2608760876087609,1.10513736638793e-27,0.008375217362932784,0.0007664681816474523
0.2609260926092609,1.1059666132661128e-27,0.00838359760774417,0.0007676188617822638
0.260976097609761,1.1067964823749849e-27,0.008391986237830839,0.0007687712694053186
0.26102610261026105,1.1076269741814413e-27,0.008400383261583105,0.0007699254071100535
0.2610761076107611,1.1084580891527273e-27,0.008408788687399662,0.0007710812774937983
0.2611261126112611,1.1092898277564355e-27,0.008417202523687602,0.0007722388831577785
0.2611761176117612,1.1101221904605168e-27,0.008425624778862476,0.0007733982267071343
0.26122612261226125,1.110955177733267e-27,0.008434055461348202,0.000774559310750908
0.2612761276127613,1.111788790043335e-27,0.008442494579577164,0.0007757221379020611
0.2613261326132613,1.1126230278597206e-27,0.008450942141990148,0.0007768867107774775
0.2613761376137614,1.113457891651779e-27,0.008459398157036427,0.0007780530319979749
0.26142614261426145,1.1142933818892135e-27,0.008467862633173713,0.0007792211041882986
0.2614761476147615,1.1151294990420805e-27,0.008476335578868142,0.000780390929977137
0.2615261526152615,1.1159662435807915e-27,0.00848481700259439,0.000781562511997126
0.2615761576157616,1.1168036159761098e-27,0.008493306912835572,0.0007827358528848531
0.26162616261626165,1.1176416166991496e-27,0.008501805318083281,0.0007839109552808631
0.2616761676167617,1.1184802462213828e-27,0.008510312226837643,0.0007850878218296665
0.2617261726172617,1.1193195050146313e-27,0.008518827647607247,0.0007862664551797426
0.2617761776177618,1.1201593935510727e-27,0.008527351588909233,0.0007874468579835472
0.26182618261826185,1.1209999123032405e-27,0.008535884059269255,0.00078862903289752
0.26187618761876186,1.121841061744019e-27,0.008544425067221468,0.0007898129825820848
0.2619261926192619,1.1226828423466507e-27,0.008552974621308601,0.0007909987097016631
0.261976197619762,1.1235252545847323e-27,0.008561532730081933,0.0007921862169246761
0.26202620262026205,1.1243682989322142e-27,0.008570099402101265,0.0007933755069235485
0.26207620762076206,1.1252119758634034e-27,0.008578674645934987,0.0007945665823747167
0.2621262126212621,1.1260562858529657e-27,0.008587258470160071,0.0007957594459586417
0.2621762176217622,1.1269012293759184e-27,0.008595850883362045,0.0007969541003598008
0.26222622262226225,1.1277468069076381e-27,0.008604451894135058,0.0007981505482667059
0.26227622762276226,1.1285930189238554e-27,0.008613061511081809,0.0007993487923719005
0.2623262326232623,1.1294398659006628e-27,0.008621679742813675,0.0008005488353719788
0.2623762376237624,1.1302873483145054e-27,0.008630306597950605,0.0008017506799675746
0.26242624262426245,1.1311354666421872e-27,0.008638942085121153,0.0008029543288633804
0.26247624762476246,1.1319842213608704e-27,0.008647586212962565,0.0008041597847681483
0.2625262526252625,1.1328336129480762e-27,0.008656238990120687,0.0008053670503946995
0.2625762576257626,1.1336836418816814e-27,0.008664900425250024,0.0008065761284599214
0.26262626262626265,1.1345343086399241e-27,0.008673570527013752,0.000807787021684788
0.26267626762676266,1.135385613701399e-27,0.008682249304083704,0.0008089997327943515
0.2627262726272627,1.1362375575450616e-27,0.008690936765140392,0.00081021426451776
0.2627762776277628,1.137090140650227e-27,0.008699632918873022,0.0008114306195882576
0.26282628262826285,1.1379433634965683e-27,0.008708337773979488,0.000812648800743191
0.26287628762876286,1.1387972265641178e-27,0.008717051339166365,0.0008138688107240128
0.2629262926292629,1.1396517303332729e-27,0.008725773623148995,0.0008150906522763011
0.262976297629763,1.140506875284786e-27,0.00873450463465139,0.0008163143281497464
0.26302630263026305,1.1413626618997733e-27,0.008743244382406317,0.0008175398410981707
0.26307630763076306,1.1422190906597092e-27,0.008751992875155249,0.0008187671938795293
0.2631263126312631,1.1430761620464338e-27,0.008760750121648462,0.0008199963892559216
0.2631763176317632,1.143933876542145e-27,0.008769516130644936,0.00082122742999359
0.26322632263226325,1.144792234629403e-27,0.00877829091091243,0.000822460318862929
0.26327632763276326,1.1456512367911322e-27,0.008787074471227495,0.0008236950586384953
0.2633263326332633,1.1465108835106176e-27,0.008795866820375444,0.0008249316520990105
0.2633763376337634,1.1473711752715062e-27,0.008804667967150378,0.0008261701020273655
0.26342634263426346,1.1482321125578113e-27,0.008813477920355224,0.0008274104112106315
0.26347634763476346,1.149093695853904e-27,0.008822296688801674,0.0008286525824400613
0.2635263526352635,1.1499559256445238e-27,0.00883112428131027,0.0008298966185111019
0.2635763576357636,1.1508188024147718e-27,0.008839960706710384,0.0008311425222233942
0.26362636263626366,1.1516823266501132e-27,0.008848805973840194,0.0008323902963807822
0.26367636763676366,1.1525464988363762e-27,0.008857660091546732,0.0008336399437913186
0.26372637263726373,1.1534113194597572e-27,0.008866523068685909,0.0008348914672672768
0.2637763776377638,1.1542767890068147e-27,0.008875394914122474,0.0008361448696251455
0.26382638263826386,1.1551429079644716e-27,0.008884275636730023,0.0008374001536856465
0.26387638763876387,1.1560096768200163e-27,0.008893165245391063,0.0008386573222737308
0.26392639263926393,1.1568770960611069e-27,0.00890206374899701,0.0008399163782185978
0.263976397639764,1.1577451661757628e-27,0.008910971156448117,0.000841177324353691
0.26402640264026406,1.1586138876523705e-27,0.008919887476653586,0.0008424401635167036
0.26407640764076407,1.1594832609796838e-27,0.008928812718531524,0.0008437048985495939
0.26412641264126413,1.1603532866468245e-27,0.00893774689100896,0.0008449715322985879
0.2641764176417642,1.161223965143278e-27,0.008946690003021835,0.0008462400676141796
0.26422642264226426,1.1620952969589005e-27,0.008955642063515078,0.0008475105073511465
0.26427642764276427,1.1629672825839126e-27,0.008964603081442521,0.0008487828543685489
0.26432643264326433,1.1638399225089057e-27,0.008973573065766982,0.0008500571115297409
0.2643764376437644,1.1647132172248381e-27,0.008982552025460248,0.0008513332817023776
0.26442644264426446,1.1655871672230357e-27,0.008991539969503061,0.0008526113677584142
0.26447644764476447,1.1664617729951926e-27,0.009000536906885166,0.0008538913725741195
0.26452645264526453,1.1673370350333754e-27,0.009009542846605323,0.000855173299030082
0.2645764576457646,1.1682129538300166e-27,0.009018557797671247,0.0008564571500112166
0.26462646264626466,1.1690895298779186e-27,0.00902758176909971,0.0008577429284067624
0.26467646764676467,1.169966763670253e-27,0.009036614769916462,0.0008590306371102998
0.26472647264726473,1.1708446557005652e-27,0.009045656809156349,0.0008603202790197567
0.2647764776477648,1.1717232064627666e-27,0.0090547078958632,0.0008616118570374062
0.26482648264826486,1.1726024164511408e-27,0.009063768039089912,0.0008629053740698808
0.26487648764876487,1.1734822861603428e-27,0.00907283724789844,0.0008642008330281768
0.26492649264926493,1.174362816085399e-27,0.009081915531359817,0.0008654982368276624
0.264976497649765,1.1752440067217049e-27,0.009091002898554131,0.0008667975883880766
0.26502650265026506,1.1761258585650316e-27,0.009100099358570592,0.0008680988906335497
0.26507650765076507,1.1770083721115173e-27,0.009109204920507439,0.0008694021464925948
0.26512651265126513,1.177891547857677e-27,0.009118319593472089,0.0008707073588981262
0.2651765176517652,1.1787753863003969e-27,0.00912744338658104,0.0008720145307874608
0.26522652265226526,1.1796598879369348e-27,0.009136576308959901,0.0008733236651023229
0.26527652765276527,1.1805450532649211e-27,0.009145718369743414,0.0008746347647888523
0.26532653265326533,1.1814308827823635e-27,0.009154869578075481,0.0008759478327976184
0.2653765376537654,1.1823173769876398e-27,0.009164029943109138,0.0008772628720836144
0.26542654265426546,1.1832045363795022e-27,0.009173199474006586,0.0008785798856062705
0.26547654765476547,1.1840923614570766e-27,0.009182378179939173,0.0008798988763294568
0.26552655265526554,1.1849808527198677e-27,0.00919156607008747,0.0008812198472215037
0.2655765576557656,1.1858700106677496e-27,0.009200763153641194,0.0008825428012551865
0.2656265626562656,1.1867598358009732e-27,0.00920996943979925,0.0008838677414077468
0.26567656765676567,1.1876503286201671e-27,0.009219184937769805,0.0008851946706608994
0.26572657265726574,1.1885414896263334e-27,0.009228409656770175,0.0008865235920008325
0.2657765776577658,1.189433319320849e-27,0.009237643606026925,0.0008878545084182162
0.2658265826582658,1.1903258182054692e-27,0.009246886794775852,0.0008891874229082131
0.2658765876587659,1.1912189867823264e-27,0.00925613923226201,0.0008905223384704829
0.26592659265926594,1.1921128255539265e-27,0.009265400927739672,0.0008918592581091834
0.265976597659766,1.1930073350231561e-27,0.009274671890472399,0.0008931981848329885
0.266026602660266,1.1939025156932754e-27,0.009283952129732992,0.0008945391216550859
0.2660766076607661,1.1947983680679258e-27,0.009293241654803563,0.0008958820715931869
0.26612661266126614,1.1956948926511253e-27,0.009302540474975491,0.0008972270376695357
0.2661766176617662,1.1965920899472696e-27,0.009311848599549461,0.000898574022910912
0.2662266226622662,1.197489960461131e-27,0.009321166037835442,0.0008999230303486337
0.2662766276627663,1.1983885046978663e-27,0.009330492799152764,0.000901274063018583
0.26632663266326634,1.1992877231630063e-27,0.00933982889283004,0.0009026271239611889
0.2663766376637664,1.2001876163624615e-27,0.009349174328205236,0.0009039822162214467
0.2664266426642664,1.2010881848025232e-27,0.009358529114625636,0.0009053393428489247
0.2664766476647665,1.2019894289898644e-27,0.009367893261447942,0.0009066985068977707
0.26652665266526654,1.2028913494315353e-27,0.009377266778038138,0.000908059711426717
0.2665766576657666,1.2037939466349668e-27,0.00938664967377163,0.0009094229594990832
0.2666266626662666,1.2046972211079719e-27,0.009396041958033188,0.0009107882541827935
0.2666766676667667,1.2056011733587454e-27,0.009405443640216978,0.0009121555985503783
0.26672667266726674,1.2065058038958605e-27,0.009414854729726564,0.0009135249956789758
0.2667766776677668,1.2074111132282755e-27,0.009424275235974923,0.0009148964486503472
0.2668266826682668,1.2083171018653262e-27,0.00943370516838443,0.0009162699605508789
0.2668766876687669,1.2092237703167353e-27,0.009443144536386927,0.0009176455344715906
0.26692669266926694,1.2101311190926055e-27,0.009452593349423657,0.0009190231735081472
0.266976697669767,1.2110391487034222e-27,0.009462051616945332,0.0009204028807608535
0.267026702670267,1.2119478596600528e-27,0.009471519348412083,0.0009217846593346714
0.2670767076707671,1.212857252473753e-27,0.00948099655329359,0.0009231685123392297
0.26712671267126714,1.213767327656156e-27,0.009490483241068912,0.0009245544428888185
0.2671767176717672,1.2146780857192828e-27,0.009499979421226655,0.000925942454102406
0.2672267226722672,1.2155895271755349e-27,0.009509485103264876,0.0009273325491036397
0.2672767276727673,1.2165016525377039e-27,0.00951900029669119,0.0009287247310208648
0.26732673267326734,1.2174144623189613e-27,0.00952852501102268,0.000930119002987116
0.2673767376737674,1.2183279570328648e-27,0.00953805925578595,0.0009315153681401323
0.2674267426742674,1.219242137193359e-27,0.009547603040517182,0.0009329138296223638
0.2674767476747675,1.2201570033147735e-27,0.009557156374762057,0.0009343143905809816
0.26752675267526754,1.2210725559118222e-27,0.009566719268075822,0.000935717054167875
0.2675767576757676,1.2219887954996075e-27,0.009576291730023286,0.0009371218235396733
0.2676267626762676,1.2229057225936164e-27,0.009585873770178813,0.0009385287018577371
0.2676767676767677,1.223823337709724e-27,0.009595465398126377,0.0009399376922881765
0.26772677267726774,1.2247416413641926e-27,0.009605066623459528,0.0009413487980018571
0.2677767776777678,1.2256606340736713e-27,0.009614677455781397,0.000942762022174402
0.2678267826782678,1.226580316355195e-27,0.009624297904704742,0.0009441773679861974
0.2678767876787679,1.2275006887261908e-27,0.00963392797985195,0.0009455948386224159
0.26792679267926794,1.2284217517044714e-27,0.009643567690855016,0.0009470144372730025
0.267976797679768,1.229343505808238e-27,0.009653217047355583,0.0009484361671326922
0.268026802680268,1.2302659515560795e-27,0.009662876059004923,0.0009498600314010155
0.2680768076807681,1.2311890894669784e-27,0.009672544735464004,0.0009512860332823151
0.26812681268126815,1.2321129200603018e-27,0.009682223086403425,0.0009527141759857336
0.2681768176817682,1.2330374438558079e-27,0.009691911121503461,0.0009541444627252348
0.2682268226822682,1.2339626613736467e-27,0.009701608850454114,0.0009555768967196096
0.2682768276827683,1.2348885731343575e-27,0.009711316282955037,0.0009570114811924802
0.26832683268326835,1.235815179658868e-27,0.009721033428715602,0.0009584482193723052
0.2683768376837684,1.2367424814685002e-27,0.00973076029745491,0.0009598871144923974
0.2684268426842684,1.237670479084965e-27,0.009740496898901769,0.0009613281697909139
0.2684768476847685,1.2385991730303655e-27,0.009750243242794722,0.0009627713885108812
0.26852685268526855,1.2395285638271976e-27,0.009759999338882086,0.0009642167739001921
0.2685768576857686,1.2404586519983476e-27,0.009769765196921895,0.0009656643292116139
0.2686268626862686,1.2413894380670928e-27,0.009779540826681938,0.0009671140577027961
0.2686768676867687,1.2423209225571087e-27,0.009789326237939846,0.000968565962636285
0.26872687268726875,1.243253105992458e-27,0.009799121440482967,0.0009700200472795191
0.2687768776877688,1.2441859888976e-27,0.009808926444108473,0.000971476314904843
0.2688268826882688,1.2451195717973832e-27,0.00981874125862329,0.0009729347687895132
0.2688768876887689,1.2460538552170572e-27,0.00982856589384425,0.0009743954122157128
0.26892689268926895,1.2469888396822593e-27,0.00983840035959793,0.0009758582484705434
0.268976897689769,1.2479245257190236e-27,0.009848244665720757,0.0009773232808460474
0.269026902690269,1.2488609138537792e-27,0.009858098822059024,0.000978790512639206
0.2690769076907691,1.2497980046133502e-27,0.009867962838468847,0.0009802599471519552
0.26912691269126915,1.2507357985249545e-27,0.009877836724816215,0.0009817315876911807
0.2691769176917692,1.2516742961162079e-27,0.009887720490977005,0.00098320543756874
0.2692269226922692,1.2526134979151196e-27,0.00989761414683693,0.0009846815001014562
0.2692769276927693,1.2535534044500973e-27,0.009907517702291663,0.0009861597786111362
0.26932693269326935,1.2544940162499444e-27,0.009917431167246728,0.0009876402764245733
0.26937693769376936,1.25543533384386e-27,0.009927354551617563,0.0009891229968735532
0.2694269426942694,1.2563773577614416e-27,0.009937287865329544,0.000990607943294866
0.2694769476947695,1.2573200885326848e-27,0.009947231118317986,0.0009920951190303105
0.26952695269526955,1.2582635266879802e-27,0.009957184320528115,0.000993584527426702
0.26957695769576956,1.2592076727581173e-27,0.009967147481915122,0.0009950761718358768
0.2696269626962696,1.2601525272742867e-27,0.00997712061244418,0.0009965700556147118
0.2696769676967697,1.2610980907680752e-27,0.009987103722090407,0.000998066182125117
0.26972697269726975,1.2620443637714671e-27,0.009997096820838911,0.0009995645547340494
0.26977697769776976,1.262991346816847e-27,0.010007099918684774,0.001001065176813521
0.2698269826982698,1.2639390404370022e-27,0.010017113025633122,0.001002568051740614
0.2698769876987699,1.2648874451651151e-27,0.010027136151699048,0.0010040731828974692
0.26992699269926995,1.2658365615347697e-27,0.010037169306907689,0.0010055805736713078
0.26997699769976996,1.266786390079952e-27,0.010047212501294218,0.0010070902274544411
0.27002700270027,1.2677369313350474e-27,0.010057265744903825,0.0010086021476442717
0.2700770077007701,1.2686881858348413e-27,0.010067329047791762,0.0010101163376432982
0.27012701270127015,1.2696401541145226e-27,0.010077402420023366,0.0010116328008591316
0.27017701770177016,1.2705928367096794e-27,0.010087485871674007,0.001013151540704496
0.2702270227022702,1.2715462341563035e-27,0.010097579412829153,0.0010146725605972415
0.2702770277027703,1.272500346990789e-27,0.010107683053584384,0.0010161958639603491
0.27032703270327035,1.2734551757499312e-27,0.01011779680404536,0.0010177214542219353
0.27037703770377036,1.2744107209709267e-27,0.010127920674327825,0.0010192493348152641
0.2704270427042704,1.2753669831913807e-27,0.010138054674557704,0.001020779509178761
0.2704770477047705,1.276323962949297e-27,0.010148198814871029,0.0010223119807560035
0.27052705270527055,1.2772816607830842e-27,0.010158353105413954,0.0010238467529957434
0.27057705770577056,1.278240077231553e-27,0.010168517556342793,0.001025383829351907
0.2706270627062706,1.2791992128339239e-27,0.01017869217782406,0.0010269232132836135
0.2706770677067707,1.2801590681298178e-27,0.010188876980034392,0.0010284649082551703
0.27072707270727076,1.28111964365926e-27,0.010199071973160627,0.0010300089177360805
0.27077707770777076,1.2820809399626829e-27,0.01020927716739982,0.0010315552452010636
0.2708270827082708,1.2830429575809249e-27,0.010219492572959182,0.0010331038941300556
0.2708770877087709,1.2840056970552274e-27,0.010229718200056177,0.0010346548680082088
0.27092709270927096,1.2849691589272418e-27,0.01023995405891848,0.0010362081703259188
0.27097709770977096,1.2859333437390216e-27,0.010250200159783993,0.001037763804578811
0.27102710271027103,1.2868982520330308e-27,0.010260456512900858,0.0010393217742677666
0.2710771077107711,1.287863884352139e-27,0.010270723128527504,0.0010408820828989175
0.27112711271127116,1.2888302412396225e-27,0.010281000016932587,0.0010424447339836623
0.27117711771177117,1.2897973232391643e-27,0.010291287188395028,0.0010440097310386671
0.27122712271227123,1.2907651308948605e-27,0.01030158465320412,0.0010455770775858837
0.2712771277127713,1.2917336647512087e-27,0.010311892421659327,0.0010471467771525462
0.27132713271327136,1.2927029253531201e-27,0.01032221050407051,0.0010487188332711879
0.27137713771377137,1.2936729132459102e-27,0.010332538910757794,0.0010502932494796376
0.27142714271427143,1.2946436289753096e-27,0.01034287765205168,0.001051870029321047
0.2714771477147715,1.295615073087454e-27,0.010353226738292975,0.001053449176343879
0.27152715271527156,1.2965872461288888e-27,0.010363586179832815,0.0010550306941019248
0.27157715771577157,1.2975601486465717e-27,0.01037395598703273,0.0010566145861543117
0.27162716271627163,1.2985337811878706e-27,0.010384336170264607,0.0010582008560655132
0.2716771677167717,1.2995081443005617e-27,0.010394726739910683,0.001059789507405348
0.27172717271727176,1.3004832385328356e-27,0.010405127706363638,0.0010613805437489994
0.27177717771777177,1.3014590644332916e-27,0.010415539080026496,0.0010629739686770136
0.27182718271827183,1.3024356225509415e-27,0.010425960871312725,0.0010645697857753172
0.2718771877187719,1.3034129134352097e-27,0.0104363930906462,0.0010661679986352162
0.27192719271927196,1.3043909376359325e-27,0.010446835748461235,0.0010677686108534106
0.27197719771977197,1.3053696957033565e-27,0.010457288855202548,0.0010693716260319957
0.27202720272027203,1.3063491881881463e-27,0.010467752421325378,0.0010709770477784816
0.2720772077207721,1.3073294156413758e-27,0.010478226457295363,0.0010725848797057908
0.27212721272127216,1.308310378614532e-27,0.010488710973588644,0.0010741951254322661
0.27217721772177217,1.3092920776595166e-27,0.01049920598069181,0.0010758077885816857
0.27222722272227223,1.3102745133286482e-27,0.01050971148910201,0.0010774228727832708
0.2722772277227723,1.3112576861746557e-27,0.010520227509326829,0.001079040381671688
0.27232723272327236,1.3122415967506851e-27,0.010530754051884392,0.0010806603188870602
0.27237723772377237,1.313226245610296e-27,0.01054129112730334,0.001082282688074975
0.27242724272427243,1.3142116333074656e-27,0.010551838746122888,0.0010839074928864958
0.2724772477247725,1.315197760396584e-27,0.010562396918892731,0.0010855347369781658
0.27252725272527256,1.3161846274324594e-27,0.010572965656173178,0.0010871644240120148
0.27257725772577257,1.3171722349703156e-27,0.010583544968535075,0.0010887965576555736
0.27262726272627263,1.3181605835657922e-27,0.010594134866559836,0.0010904311415818784
0.2726772677267727,1.3191496737749478e-27,0.010604735360839501,0.001092068179469481
0.27272727272727276,1.320139506154257e-27,0.010615346461976686,0.0010937076750024532
0.27277727772777277,1.3211300812606087e-27,0.010625968180584583,0.0010953496318703941
0.27282728272827284,1.322121399651318e-27,0.010636600527287082,0.001096994053768454
0.2728772877287729,1.3231134618841098e-27,0.01064724351271862,0.00109864094439732
0.27292729272927296,1.3241062685171313e-27,0.010657897147524336,0.001100290307463236
0.27297729772977297,1.325099820108947e-27,0.01066856144235997,0.001101942146678011
0.27302730273027304,1.3260941172185439e-27,0.010679236407891986,0.0011035964657590321
0.2730773077307731,1.3270891604053245e-27,0.010689922054797461,0.0011052532684292596
0.2731273127312731,1.3280849502291111e-27,0.01070061839376418,0.001106912558417242
0.2731773177317732,1.3290814872501513e-27,0.01071132543549064,0.001108574339457138
0.27322732273227324,1.330078772029107e-27,0.010722043190686023,0.0011102386152886984
0.2732773277327733,1.331076805127063e-27,0.010732771670070203,0.0011119053896572935
0.2733273327332733,1.3320755871055246e-27,0.010743510884373829,0.0011135746663139157
0.2733773377337734,1.3330751185264212e-27,0.010754260844338266,0.0011152464490151925
0.27342734273427344,1.3340753999521002e-27,0.010765021560715616,0.0011169207415233852
0.2734773477347735,1.3350764319453337e-27,0.010775793044268749,0.0011185975476064097
0.2735273527352735,1.3360782150693123e-27,0.010786575305771302,0.0011202768710378303
0.2735773577357736,1.3370807498876545e-27,0.010797368356007697,0.0011219587155968846
0.27362736273627364,1.3380840369643986e-27,0.010808172205773159,0.0011236430850684815
0.2736773677367737,1.3390880768640058e-27,0.010818986865873697,0.0011253299832432071
0.2737273727372737,1.3400928701513591e-27,0.010829812347126084,0.001127019413917344
0.2737773777377738,1.3410984173917729e-27,0.010840648660358035,0.001128711380892875
0.27382738273827384,1.3421047191509777e-27,0.010851495816408012,0.001130405887977485
0.2738773877387739,1.3431117759951321e-27,0.010862353826125335,0.001132102938984579
0.2739273927392739,1.3441195884908165e-27,0.010873222700370161,0.0011338025377332836
0.273977397739774,1.3451281572050432e-27,0.010884102450013592,0.0011355046880484668
0.27402740274027404,1.3461374827052432e-27,0.010894993085937521,0.001137209393760732
0.2740774077407741,1.3471475655592746e-27,0.010905894619034757,0.0011389166587064312
0.2741274127412741,1.3481584063354247e-27,0.010916807060209038,0.0011406264867276836
0.2741774177417742,1.3491700056024049e-27,0.010927730420374971,0.0011423388816723728
0.27422742274227424,1.350182363929353e-27,0.010938664710458122,0.0011440538473941563
0.2742774277427743,1.3511954818858347e-27,0.01094960994139494,0.0011457713877524819
0.2743274327432743,1.352209360041843e-27,0.010960566124132879,0.001147491506612586
0.2743774377437744,1.3532239989677975e-27,0.010971533269630282,0.0011492142078455136
0.27442744274427444,1.3542393992345492e-27,0.01098251138885651,0.0011509394953281209
0.2744774477447745,1.3552555614133731e-27,0.01099350049279189,0.0011526673729430762
0.2745274527452745,1.3562724860759736e-27,0.011004500592427684,0.001154397844578883
0.2745774577457746,1.3572901737944884e-27,0.01101551169876624,0.001156130914129887
0.27462746274627464,1.35830862514148e-27,0.011026533822820834,0.001157866585496274
0.2746774677467747,1.3593278406899416e-27,0.011037566975615821,0.001159604862584084
0.2747274727472747,1.3603478210132951e-27,0.01104861116818652,0.0011613457493052227
0.2747774777477748,1.3613685666853977e-27,0.011059666411579386,0.001163089249577474
0.27482748274827484,1.3623900782805314e-27,0.011070732716851852,0.0011648353673244956
0.2748774877487749,1.3634123563734113e-27,0.01108181009507242,0.0011665841064758392
0.2749274927492749,1.3644354015391849e-27,0.011092898557320712,0.0011683354709669553
0.274977497749775,1.3654592143534306e-27,0.011103998114687404,0.0011700894647392063
0.27502750275027504,1.3664837953921567e-27,0.011115108778274254,0.0011718460917398653
0.2750775077507751,1.3675091452318066e-27,0.011126230559194171,0.0011736053559221354
0.2751275127512751,1.3685352644492543e-27,0.011137363468571164,0.0011753672612451512
0.2751775177517752,1.3695621536218077e-27,0.011148507517540348,0.0011771318116739963
0.27522752275227524,1.3705898133272087e-27,0.01115966271724803,0.0011788990111797064
0.2752775277527753,1.3716182441436294e-27,0.011170829078851611,0.0011806688637392725
0.2753275327532753,1.3726474466496777e-27,0.011182006613519693,0.0011824413733356577
0.2753775377537754,1.373677421424398e-27,0.011193195332432081,0.001184216543957811
0.27542754275427545,1.374708169047267e-27,0.011204395246779715,0.001185994379600668
0.2754775477547755,1.3757396900981946e-27,0.011215606367764731,0.0011877748842651571
0.2755275527552755,1.3767719851575269e-27,0.011226828706600498,0.0011895580619582127
0.2755775577557756,1.3778050548060487e-27,0.01123806227451163,0.001191343916692794
0.27562756275627565,1.3788388996249762e-27,0.011249307082733917,0.001193132452487876
0.2756775677567757,1.379873520195963e-27,0.011260563142514418,0.0011949236733684674
0.2757275727572757,1.3809089171011004e-27,0.01127183046511145,0.001196717583365626
0.2757775777577758,1.3819450909229163e-27,0.01128310906179459,0.0011985141865164565
0.27582758275827585,1.3829820422443739e-27,0.011294398943844697,0.0012003134868641227
0.2758775877587759,1.384019771648877e-27,0.01130570012255391,0.0012021154884578672
0.2759275927592759,1.3850582797202618e-27,0.01131701260922566,0.0012039201953529968
0.275977597759776,1.3860975670428084e-27,0.01132833641517471,0.00120572761161092
0.27602760276027605,1.387137634201233e-27,0.011339671551727132,0.001207537741299139
0.2760776077607761,1.3881784817806905e-27,0.011351018030220332,0.001209350588491259
0.2761276127612761,1.3892201103667718e-27,0.011362375862003025,0.0012111661572669998
0.2761776177617762,1.3902625205455143e-27,0.011373745058435364,0.0012129844517122157
0.27622762276227625,1.3913057129033895e-27,0.0113851256308888,0.001214805475918885
0.2762776277627763,1.3923496880273103e-27,0.011396517590746185,0.0012166292339851313
0.2763276327632763,1.3933944465046279e-27,0.011407920949401741,0.001218455730015229
0.2763776377637764,1.394439988923141e-27,0.011419335718261136,0.0012202849681196253
0.27642764276427645,1.3954863158710827e-27,0.011430761908741411,0.0012221169524149252
0.2764776477647765,1.396533427937129e-27,0.011442199532271031,0.0012239516870239185
0.2765276527652765,1.3975813257103988e-27,0.01145364860028993,0.0012257891760755841
0.2765776577657766,1.3986300097804534e-27,0.011465109124249463,0.0012276294237051027
0.27662766276627665,1.3996794807372938e-27,0.011476581115612432,0.0012294724340538557
0.2766776677667767,1.400729739171368e-27,0.011488064585853145,0.0012313182112694537
0.2767276727672767,1.4017807856735614e-27,0.011499559546457342,0.00123316675950572
0.2767776777677768,1.4028326208352082e-27,0.011511066008922308,0.0012350180829227247
0.27682768276827685,1.4038852452480842e-27,0.011522583984756803,0.0012368721856867802
0.2768776877687769,1.4049386595044092e-27,0.011534113485481116,0.0012387290719704516
0.2769276927692769,1.4059928641968447e-27,0.011545654522627027,0.0012405887459525657
0.276977697769777,1.4070478599185026e-27,0.011557207107737912,0.0012424512118182351
0.27702770277027705,1.4081036472629359e-27,0.011568771252368664,0.0012443164737588406
0.27707770777077706,1.4091602268241413e-27,0.011580346968085704,0.0012461845359720617
0.2771277127712771,1.410217599196567e-27,0.011591934266467112,0.001248055402661884
0.2771777177717772,1.4112757649751037e-27,0.011603533159102501,0.0012499290780385987
0.27722772277227725,1.4123347247550868e-27,0.01161514365759306,0.0012518055663188192
0.27727772777277726,1.4133944791323004e-27,0.011626765773551614,0.0012536848717254862
0.2773277327732773,1.4144550287029778e-27,0.011638399518602625,0.0012555669984878886
0.2773777377737774,1.4155163740637965e-27,0.011650044904382158,0.001257451950841658
0.27742774277427745,1.4165785158118813e-27,0.011661701942537909,0.001259339733028785
0.27747774777477746,1.4176414545448077e-27,0.011673370644729267,0.0012612303492976298
0.2775277527752775,1.4187051908605992e-27,0.011685051022627279,0.0012631238039029328
0.2775777577757776,1.4197697253577256e-27,0.011696743087914638,0.0012650201011058181
0.27762776277627765,1.4208350586351083e-27,0.011708446852285765,0.0012669192451738099
0.27767776777677766,1.4219011912921165e-27,0.011720162327446765,0.0012688212403808362
0.2777277727772777,1.4229681239285699e-27,0.011731889525115438,0.0012707260910072443
0.2777777777777778,1.4240358571447396e-27,0.011743628457021362,0.0012726338013398068
0.27782778277827785,1.4251043915413447e-27,0.011755379134905803,0.0012745443756717312
0.27787778777877786,1.4261737277195538e-27,0.01176714157052176,0.0012764578183026665
0.2779277927792779,1.4272438662809931e-27,0.011778915775634079,0.0012783741335387268
0.277977797779778,1.4283148078277338e-27,0.01179070176201928,0.0012802933256924826
0.27802780278027805,1.429386552962301e-27,0.01180249954146573,0.001282215399082979
0.27807780778077806,1.4304591022876699e-27,0.011814309125773529,0.0012841403580357456
0.2781278127812781,1.4315324564072745e-27,0.011826130526754686,0.0012860682068828126
0.2781778177817782,1.432606615924995e-27,0.011837963756232927,0.001287998949962705
0.27822782278227826,1.4336815814451663e-27,0.011849808826043856,0.0012899325916204633
0.27827782778277826,1.4347573535725789e-27,0.011861665748034919,0.001291869136207654
0.27832783278327833,1.4358339329124753e-27,0.011873534534065413,0.0012938085880823758
0.2783778377837784,1.4369113200705517e-27,0.01188541519600648,0.0012957509516092669
0.27842784278427846,1.4379895156529614e-27,0.01189730774574119,0.0012976962311595241
0.27847784778477847,1.4390685202663085e-27,0.011909212195164443,0.0012996444311108972
0.27852785278527853,1.440148334517656e-27,0.011921128556183082,0.0013015955558477168
0.2785778577857786,1.4412289590145214e-27,0.011933056840715873,0.0013035496097608935
0.27862786278627866,1.4423103943648772e-27,0.011944997060693466,0.0013055065972479279
0.27867786778677867,1.4433926411771495e-27,0.011956949228058442,0.0013074665227129204
0.27872787278727873,1.4444757000602292e-27,0.01196891335476543,0.0013094293905665908
0.2787778777877788,1.4455595716234557e-27,0.0119808894527809,0.0013113952052262756
0.27882788278827886,1.4466442564766297e-27,0.011992877534083363,0.0013133639711159421
0.27887788778877887,1.4477297552300057e-27,0.012004877610663267,0.0013153356926661956
0.27892789278927893,1.4488160684943036e-27,0.012016889694523152,0.0013173103743143078
0.278977897789779,1.4499031968806936e-27,0.012028913797677458,0.0013192880205041963
0.27902790279027906,1.4509911410008084e-27,0.012040949932152706,0.0013212686356864538
0.27907790779077907,1.452079901466739e-27,0.012052998109987433,0.0013232522243183597
0.27912791279127913,1.4531694788910371e-27,0.01206505834323226,0.001325238790863883
0.2791779177917792,1.4542598738867103e-27,0.01207713064394979,0.0013272283397936908
0.27922792279227926,1.4553510870672312e-27,0.012089215024214773,0.0013292208755851674
0.27927792779277927,1.4564431190465273e-27,0.012101311496113992,0.0013312164027224115
0.27932793279327933,1.4575359704389902e-27,0.012113420071746322,0.0013332149256962617
0.2793779377937794,1.4586296418594744e-27,0.012125540763222812,0.0013352164490042957
0.27942794279427946,1.4597241339232901e-27,0.012137673582666531,0.0013372209771508417
0.27947794779477947,1.4608194472462118e-27,0.012149818542212731,0.0013392285146469857
0.27952795279527953,1.4619155824444798e-27,0.012161975654008835,0.0013412390660106006
0.2795779577957796,1.4630125401347912e-27,0.01217414493021436,0.0013432526357663275
0.27962796279627966,1.4641103209343095e-27,0.012186326383001033,0.0013452692284456071
0.27967796779677967,1.4652089254606564e-27,0.01219852002455271,0.001347288848586676
0.27972797279727973,1.4663083543319254e-27,0.012210725867065519,0.0013493115007345987
0.2797779777977798,1.4674086081666668e-27,0.012222943922747725,0.0013513371894412472
0.27982798279827986,1.4685096875838964e-27,0.01223517420381982,0.0013533659192653334
0.27987798779877987,1.4696115932030959e-27,0.012247416722514547,0.0013553976947724153
0.27992799279927993,1.4707143256442124e-27,0.012259671491076868,0.0013574325205349045
0.27997799779978,1.4718178855276554e-27,0.012271938521764,0.0013594704011320735
0.28002800280028006,1.472922273474303e-27,0.012284217826845436,0.001361511341150074
0.28007800780078007,1.4740274901054954e-27,0.012296509418602927,0.0013635553451819364
0.28012801280128014,1.475133536043044e-27,0.01230881330933054,0.0013656024178275918
0.2801780178017802,1.476240411909223e-27,0.012321129511334622,0.0013676525636938809
0.28022802280228026,1.4773481183267749e-27,0.012333458036933849,0.00136970578739455
0.28027802780278027,1.4784566559189069e-27,0.012345798898459166,0.0013717620935502755
0.28032803280328034,1.4795660253093003e-27,0.012358152108253974,0.00137382148678868
0.2803780378037804,1.480676227122098e-27,0.012370517678673925,0.0013758839717443216
0.28042804280428046,1.4817872619819137e-27,0.012382895622087048,0.001377949553058721
0.2804780478047805,1.4828991305138274e-27,0.012395285950873764,0.0013800182353803634
0.28052805280528054,1.4840118333433943e-27,0.012407688677426917,0.0013820900233647224
0.2805780578057806,1.4851253710966326e-27,0.01242010381415168,0.0013841649216742513
0.28062806280628066,1.4862397444000324e-27,0.012432531373465684,0.0013862429349784044
0.2806780678067807,1.4873549538805545e-27,0.012444971367798976,0.0013883240679536484
0.28072807280728074,1.488471000165631e-27,0.012457423809594045,0.001390408325283473
0.2807780778077808,1.4895878838831614e-27,0.012469888711305823,0.0013924957116583912
0.2808280828082808,1.4907056056615199e-27,0.012482366085401696,0.0013945862317759669
0.2808780878087809,1.4918241661295505e-27,0.012494855944361557,0.001396679890340811
0.28092809280928094,1.492943565916569e-27,0.012507358300677729,0.001398776692064597
0.280978097809781,1.4940638056523655e-27,0.012519873166855117,0.0014008766416660765
0.281028102810281,1.4951848859671976e-27,0.012532400555411044,0.001402979743871078
0.2810781078107811,1.4963068074918018e-27,0.012544940478875426,0.001405086003412532
0.28112811281128114,1.497429570857385e-27,0.012557492949790718,0.0014071954250304702
0.2811781178117812,1.4985531766956273e-27,0.012570057980711872,0.0014093080134720422
0.2812281228122812,1.4996776256386819e-27,0.012582635584206437,0.0014114237734915195
0.2812781278127813,1.5008029183191812e-27,0.012595225772854539,0.0014135427098503233
0.28132813281328134,1.5019290553702279e-27,0.012607828559248909,0.0014156648273170088
0.2813781378137814,1.5030560374253997e-27,0.012620443955994827,0.0014177901306672992
0.2814281428142814,1.5041838651187493e-27,0.012633071975710194,0.0014199186246840795
0.2814781478147815,1.5053125390848112e-27,0.0126457126310256,0.0014220503141574284
0.28152815281528154,1.5064420599585886e-27,0.012658365934584217,0.001424185203884601
0.2815781578157816,1.5075724283755637e-27,0.01267103189904187,0.0014263232986700615
0.2816281628162816,1.508703644971697e-27,0.012683710537067062,0.0014284646033254878
0.2816781678167817,1.5098357103834258e-27,0.01269640186134098,0.001430609122669783
0.28172817281728174,1.5109686252476633e-27,0.01270910588455748,0.0014327568615290758
0.2817781778177818,1.5121023902018022e-27,0.012721822619423132,0.0014349078247367516
0.2818281828182818,1.5132370058837113e-27,0.012734552078657192,0.0014370620171334407
0.2818781878187819,1.5143724729317413e-27,0.012747294274991695,0.00143921944356705
0.28192819281928194,1.5155087919847205e-27,0.012760049221171375,0.0014413801088927643
0.281978197819782,1.5166459636819555e-27,0.012772816929953738,0.00144354401797305
0.282028202820282,1.5177839886632312e-27,0.012785597414109028,0.0014457111756776718
0.2820782078207821,1.5189228675688196e-27,0.01279839068642032,0.0014478815868837224
0.28212821282128214,1.5200626010394647e-27,0.012811196759683419,0.001450055256475598
0.2821782178217822,1.521203189716396e-27,0.01282401564670698,0.001452232189345035
0.2822282228222822,1.5223446342413208e-27,0.012836847360312419,0.0014544123903911107
0.2822782278227823,1.5234869352564337e-27,0.012849691913334054,0.001456595864520267
0.28232823282328234,1.5246300934044059e-27,0.012862549318619012,0.0014587826166462985
0.2823782378237824,1.525774109328392e-27,0.012875419589027248,0.0014609726516903816
0.2824282428242824,1.5269189836720292e-27,0.012888302737431597,0.001463165974581085
0.2824782478247825,1.5280647170794405e-27,0.012901198776717833,0.0014653625902543727
0.28252825282528254,1.5292113101952279e-27,0.012914107719784535,0.0014675625036536179
0.2825782578257826,1.5303587636644803e-27,0.012927029579543255,0.0014697657197296188
0.2826282628262826,1.5315070781327683e-27,0.012939964368918406,0.0014719722434406027
0.2826782678267827,1.5326562542461482e-27,0.0129529121008474,0.0014741820797522416
0.28272827282728275,1.5338062926511627e-27,0.01296587278828055,0.0014763952336376666
0.2827782778277828,1.5349571939948356e-27,0.012978846444181123,0.0014786117100774661
0.2828282828282828,1.5361089589246775e-27,0.012991833081525373,0.0014808315140597097
0.2828782878287829,1.5372615880886895e-27,0.013004832713302552,0.0014830546505799635
0.28292829282928295,1.5384150821353537e-27,0.0130178453525149,0.0014852811246412803
0.282978297829783,1.5395694417136392e-27,0.013030871012177633,0.0014875109412542322
0.283028302830283,1.5407246674730022e-27,0.013043909705319016,0.001489744105436906
0.2830783078307831,1.5418807600633907e-27,0.013056961444980381,0.0014919806222149353
0.28312831283128315,1.5430377201352351e-27,0.013070026244216075,0.001494220496621486
0.2831783178317832,1.5441955483394548e-27,0.013083104116093482,0.0014964637336972828
0.2832283228322832,1.5453542453274582e-27,0.013096195073693098,0.0014987103384906224
0.2832783278327833,1.5465138117511456e-27,0.01310929913010854,0.001500960316057378
0.28332833283328335,1.5476742482629008e-27,0.01312241629844644,0.0015032136714610083
0.2833783378337834,1.5488355555156024e-27,0.013135546591826617,0.001505470409772587
0.2834283428342834,1.5499977341626128e-27,0.013148690023381975,0.0015077305360707814
0.2834783478347835,1.551160784857791e-27,0.013161846606258581,0.0015099940554419004
0.28352835283528355,1.5523247082554844e-27,0.013175016353615678,0.0015122609729798819
0.2835783578357836,1.5534895050105304e-27,0.01318819927862562,0.0015145312937863103
0.2836283628362836,1.554655175778255e-27,0.013201395394473951,0.0015168050229704265
0.2836783678367837,1.5558217212144843e-27,0.013214604714359476,0.0015190821656491528
0.28372837283728375,1.5569891419755288e-27,0.013227827251494137,0.0015213627269470833
0.2837783778377838,1.5581574387181948e-27,0.013241063019103114,0.0015236467119965076
0.2838283828382838,1.5593266120997777e-27,0.013254312030424799,0.0015259341259374162
0.2838783878387839,1.5604966627780737e-27,0.0132675742987109,0.00152822497391753
0.28392839283928395,1.5616675914113655e-27,0.013280849837226319,0.0015305192610922838
0.283978397839784,1.5628393986584321e-27,0.013294138659249251,0.0015328169926248556
0.284028402840284,1.5640120851785474e-27,0.013307440778071165,0.0015351181736861805
0.2840784078407841,1.5651856516314809e-27,0.013320756206996864,0.0015374228094549524
0.28412841284128415,1.5663600986774929e-27,0.013334084959344421,0.001539730905117636
0.2841784178417842,1.5675354269773448e-27,0.013347427048445278,0.0015420424658684902
0.2842284228422842,1.5687116371922894e-27,0.01336078248764418,0.0015443574969095648
0.2842784278427843,1.5698887299840772e-27,0.013374151290299232,0.0015466760034507244
0.28432843284328435,1.5710667060149578e-27,0.013387533469781936,0.0015489979907096572
0.2843784378437844,1.5722455659476729e-27,0.013400929039477132,0.001551323463911873
0.2844284428442844,1.5734253104454627e-27,0.013414338012783049,0.0015536524282907366
0.2844784478447845,1.57460594017207e-27,0.013427760403111395,0.0015559848890874704
0.28452845284528455,1.5757874557917298e-27,0.01344119622388721,0.001558320851551161
0.28457845784578456,1.5769698579691756e-27,0.013454645488548994,0.0015606603209387688
0.2846284628462846,1.5781531473696458e-27,0.01346810821054874,0.0015630033025151651
0.2846784678467847,1.5793373246588722e-27,0.013481584403351853,0.0015653498015531083
0.28472847284728475,1.5805223905030879e-27,0.01349507408043721,0.0015676998233332805
0.28477847784778476,1.5817083455690224e-27,0.013508577255297164,0.001570053373144282
0.2848284828482848,1.582895190523915e-27,0.013522093941437658,0.0015724104562826694
0.2848784878487849,1.5840829260354957e-27,0.013535624152378035,0.0015747710780529382
0.28492849284928495,1.5852715527719993e-27,0.013549167901651215,0.0015771352437675499
0.28497849784978496,1.5864610714021627e-27,0.013562725202803655,0.0015795029587469416
0.285028502850285,1.5876514825952255e-27,0.013576296069395408,0.0015818742283195426
0.2850785078507851,1.5888427870209256e-27,0.013589880515000005,0.0015842490578217732
0.28512851285128515,1.590034985349508e-27,0.01360347855320465,0.0015866274525980725
0.28517851785178516,1.5912280782517166e-27,0.01361709019761008,0.001589009418000899
0.2852285228522852,1.5924220663988009e-27,0.013630715461830669,0.001591394959390746
0.2852785278527853,1.593616950462515e-27,0.013644354359494414,0.0015937840821361607
0.28532853285328535,1.5948127311151147e-27,0.013658006904242941,0.001596176791613744
0.28537853785378536,1.5960094090293592e-27,0.013671673109731495,0.001598573093208167
0.2854285428542854,1.597206984878518e-27,0.013685352989629062,0.001600972992312193
0.2854785478547855,1.5984054593363605e-27,0.013699046557618246,0.001603376494326672
0.28552855285528556,1.5996048330771644e-27,0.013712753827395353,0.0016057836046605705
0.28557855785578556,1.600805106775709e-27,0.013726474812670366,0.0016081943287309611
0.28562856285628563,1.6020062811072885e-27,0.01374020952716707,0.0016106086719630726
0.2856785678567857,1.6032083567476958e-27,0.013753957984622901,0.0016130266397902564
0.28572857285728576,1.6044113343732326e-27,0.013767720198789045,0.00161544823765403
0.28577857785778576,1.605615214660711e-27,0.013781496183430506,0.00161787347100408
0.28582858285828583,1.6068199982874502e-27,0.013795285952326012,0.001620302345298279
0.2858785878587859,1.608025685931274e-27,0.013809089519268096,0.0016227348660026802
0.28592859285928596,1.6092322782705195e-27,0.013822906898063082,0.0016251710385915587
0.28597859785978597,1.6104397759840285e-27,0.013836738102531103,0.0016276108685473927
0.28602860286028603,1.6116481797511559e-27,0.013850583146506137,0.0016300543613609042
0.2860786078607861,1.6128574902517656e-27,0.013864442043836031,0.0016325015225310522
0.28612861286128616,1.61406770816623e-27,0.01387831480838242,0.0016349523575650518
0.28617861786178617,1.6152788341754302e-27,0.013892201454020836,0.0016374068719783798
0.28622862286228623,1.6164908689607658e-27,0.01390610199464074,0.00163986507129481
0.2862786278627863,1.61770381320414e-27,0.013920016444145441,0.0016423269610463921
0.28632863286328636,1.6189176675879707e-27,0.013933944816452161,0.001644792546773487
0.28637863786378637,1.6201324327951857e-27,0.013947887125492043,0.0016472618340247695
0.28642864286428643,1.621348109509231e-27,0.013961843385210233,0.0016497348283572586
0.2864786478647865,1.62256469841406e-27,0.013975813609565759,0.0016522115353362987
0.28652865286528656,1.62378220019414e-27,0.013989797812531641,0.001654691960535595
0.28657865786578657,1.625000615534453e-27,0.014003796008094867,0.0016571761095372252
0.28662866286628663,1.6262199451204955e-27,0.014017808210256461,0.001659663987931643
0.2866786678667867,1.627440189638277e-27,0.014031834433031416,0.0016621556013176931
0.28672867286728676,1.628661349774323e-27,0.014045874690448759,0.0016646509553026319
0.28677867786778677,1.629883426215673e-27,0.014059928996551556,0.0016671500555021266
0.28682868286828683,1.6311064196498817e-27,0.014073997365396936,0.0016696529075402799
0.2868786878687869,1.6323303307650227e-27,0.014088079811056073,0.001672159517049638
0.28692869286928696,1.6335551602496826e-27,0.014102176347614246,0.0016746698896712004
0.28697869786978697,1.634780908792964e-27,0.01411628698917077,0.0016771840310544322
0.28702870287028703,1.6360075770844917e-27,0.014130411749839169,0.0016797019468572903
0.2870787078707871,1.637235165814404e-27,0.014144550643746999,0.001682223642746219
0.28712871287128716,1.6384636756733557e-27,0.014158703685035988,0.0016847491243961658
0.28717871787178717,1.6396931073525216e-27,0.014172870887861984,0.0016872783974906016
0.28722872287228723,1.6409234615435986e-27,0.014187052266395073,0.0016898114677215365
0.2872787278727873,1.642154738938798e-27,0.014201247834819446,0.001692348340789517
0.28732873287328736,1.6433869402308498e-27,0.01421545760733351,0.0016948890224036453
0.28737873787378737,1.6446200661130082e-27,0.014229681598149873,0.001697433518281607
0.28742874287428744,1.645854117279045e-27,0.014243919821495397,0.0016999818341496605
0.2874787478747875,1.6470890944232523e-27,0.014258172291611132,0.0017025339757426646
0.28752875287528756,1.648324998240445e-27,0.014272439022752426,0.001705089948804089
0.28757875787578757,1.6495618294259557e-27,0.014286720029188831,0.0017076497590860216
0.28762876287628764,1.6507995886756422e-27,0.014301015325204227,0.001710213412349189
0.2876787678767877,1.652038276685885e-27,0.014315324925096788,0.0017127809143629717
0.28772877287728776,1.6532778941535844e-27,0.014329648843178975,0.0017153522709053995
0.2877787778777878,1.6545184417761623e-27,0.014343987093777514,0.001717927487763183
0.28782878287828784,1.6557599202515708e-27,0.014358339691233606,0.0017205065707317255
0.2878787878787879,1.6570023302782786e-27,0.014372706649902674,0.0017230895256151232
0.28792879287928796,1.6582456725552825e-27,0.014387087984154568,0.0017256763582261876
0.287978797879788,1.659489947782099e-27,0.01440148370837348,0.0017282670743864516
0.28802880288028804,1.6607351566587777e-27,0.014415893836958042,0.0017308616799262054
0.2880788078807881,1.6619812998858864e-27,0.01443031838432126,0.0017334601806844715
0.28812881288128817,1.6632283781645197e-27,0.014444757364890544,0.0017360625825090506
0.2881788178817882,1.6644763921963013e-27,0.01445921079310779,0.0017386688912565148
0.28822882288228824,1.6657253426833802e-27,0.014473678683429326,0.0017412791127922407
0.2882788278827883,1.6669752303284297e-27,0.014488161050325908,0.0017438932529903976
0.2883288328832883,1.6682260558346524e-27,0.0145026579082828,0.0017465113177339777
0.2883788378837884,1.6694778199057802e-27,0.014517169271799791,0.0017491333129148112
0.28842884288428844,1.6707305232460693e-27,0.014531695155391135,0.0017517592444335605
0.2884788478847885,1.6719841665603088e-27,0.01454623557358563,0.0017543891181997634
0.2885288528852885,1.673238750553811e-27,0.014560790540926587,0.0017570229401318136
0.2885788578857886,1.6744942759324218e-27,0.014575360071971877,0.001759660716156999
0.28862886288628864,1.6757507434025172e-27,0.014589944181293986,0.001762302452211508
0.2886788678867887,1.6770081536710002e-27,0.014604542883479918,0.001764948154240431
0.2887288728872887,1.6782665074453034e-27,0.014619156193131278,0.0017675978281977889
0.2887788778877888,1.6795258054333973e-27,0.014633784124864345,0.001770251480046548
0.28882888288828884,1.6807860483437748e-27,0.014648426693309936,0.0017729091157586184
0.2888788878887889,1.682047236885467e-27,0.014663083913113576,0.0017755707413148775
0.2889288928892889,1.68330937176803e-27,0.014677755798935389,0.0017782363627051728
0.288978897889789,1.6845724537015622e-27,0.01469244236545024,0.0017809059859283669
0.28902890289028904,1.685836483396687e-27,0.01470714362734761,0.0017835796169923092
0.2890789078907891,1.687101461564562e-27,0.014721859599331685,0.001786257261913873
0.2891289128912891,1.6883673889168812e-27,0.014736590296121413,0.001788938926718964
0.2891789178917892,1.689634266165872e-27,0.01475133573245043,0.0017916246174425397
0.28922892289228924,1.690902094024293e-27,0.014766095923067097,0.0017943143401286143
0.2892789278927893,1.692170873205443e-27,0.014780870882734606,0.0017970081008302741
0.2893289328932893,1.6934406044231504e-27,0.014795660626230837,0.001799705905609691
0.2893789378937894,1.694711288391783e-27,0.01481046516834849,0.0018024077605381464
0.28942894289428944,1.695982925826245e-27,0.014825284523895104,0.0018051136716960299
0.2894789478947895,1.697255517441974e-27,0.014840118707692975,0.0018078236451728594
0.2895289528952895,1.698529063954944e-27,0.014854967734579236,0.0018105376870672922
0.2895789578957896,1.699803566081673e-27,0.014869831619405947,0.001813255803487152
0.28962896289628964,1.7010790245392093e-27,0.014884710377039916,0.001815978000549426
0.2896789678967897,1.702355440045141e-27,0.014899604022362897,0.0018187042843802771
0.2897289728972897,1.7036328133175954e-27,0.01491451257027149,0.0018214346611150724
0.2897789778977898,1.7049111450752412e-27,0.01492943603567725,0.0018241691368983976
0.28982898289828984,1.7061904360372824e-27,0.01494437443350665,0.001826907717884048
0.2898789878987899,1.7074706869234633e-27,0.014959327778701029,0.0018296504102350657
0.2899289928992899,1.7087518984540693e-27,0.01497429608621675,0.0018323972201237434
0.28997899789979,1.7100340713499284e-27,0.014989279371025127,0.0018351481537316463
0.29002900290029004,1.7113172063324037e-27,0.015004277648112414,0.0018379032172496075
0.2900790079007901,1.712601304123407e-27,0.015019290932479928,0.0018406624168777655
0.2901290129012901,1.7138863654453833e-27,0.015034319239143924,0.0018434257588255574
0.2901790179017902,1.715172391021327e-27,0.015049362583135713,0.0018461932493117508
0.29022902290229025,1.7164593815747727e-27,0.015064420979501678,0.0018489648945644508
0.2902790279027903,1.7177473378297967e-27,0.01507949444330323,0.0018517407008211003
0.2903290329032903,1.7190362605110165e-27,0.015094582989616788,0.0018545206743285133
0.2903790379037904,1.7203261503436012e-27,0.015109686633534004,0.001857304821342889
0.29042904290429045,1.721617008053257e-27,0.015124805390161507,0.0018600931481298104
0.2904790479047905,1.7229088343662354e-27,0.015139939274621062,0.0018628856609642674
0.2905290529052905,1.7242016300093336e-27,0.015155088302049584,0.001865682366130667
0.2905790579057906,1.7254953957098974e-27,0.015170252487599154,0.0018684832699228666
0.29062906290629065,1.7267901321958146e-27,0.015185431846437001,0.0018712883786441545
0.2906790679067907,1.728085840195518e-27,0.015200626393745467,0.0018740976986072872
0.2907290729072907,1.7293825204379916e-27,0.015215836144722193,0.0018769112361345043
0.2907790779077908,1.730680173652764e-27,0.01523106111457996,0.0018797289975575348
0.29082908290829085,1.7319788005699096e-27,0.015246301318546774,0.0018825509892176045
0.2908790879087909,1.7332784019200545e-27,0.015261556771865904,0.0018853772174654729
0.2909290929092909,1.7345789784343676e-27,0.015276827489795837,0.0018882076886614185
0.290979097909791,1.735880530844571e-27,0.015292113487610347,0.0018910424091752851
0.29102910291029105,1.7371830598829367e-27,0.015307414780598527,0.0018938813853864671
0.2910791079107911,1.7384865662822806e-27,0.015322731384064706,0.0018967246236839394
0.2911291129112911,1.7397910507759718e-27,0.015338063313328513,0.0018995721304662671
0.2911791179117912,1.7410965140979324e-27,0.015353410583725021,0.0019024239121416295
0.29122912291229125,1.742402956982631e-27,0.01536877321060454,0.001905279975127816
0.2912791279127913,1.743710380165089e-27,0.01538415120933276,0.0019081403258522547
0.2913291329132913,1.7450187843808758e-27,0.01539954459529074,0.0019110049707520209
0.2913791379137914,1.7463281703661217e-27,0.015414953383874988,0.0019138739162738625
0.29142914291429145,1.7476385388575006e-27,0.015430377590497368,0.0019167471688741962
0.2914791479147915,1.7489498905922413e-27,0.015445817230585147,0.0019196247350191321
0.2915291529152915,1.7502622263081283e-27,0.01546127231958107,0.0019225066211844921
0.2915791579157916,1.7515755467434986e-27,0.01547674287294333,0.0019253928338558216
0.29162916291629165,1.7528898526372415e-27,0.015492228906145563,0.0019282833795283949
0.2916791679167917,1.7542051447288025e-27,0.015507730434676903,0.0019311782647072463
0.2917291729172917,1.755521423758181e-27,0.01552324747404198,0.001934077495907166
0.2917791779177918,1.7568386904659327e-27,0.015538780039760947,0.0019369810796527327
0.29182918291829185,1.7581569455931686e-27,0.015554328147369467,0.0019398890224783206
0.2918791879187919,1.7594761898815552e-27,0.015569891812418779,0.0019428013309281103
0.2919291929192919,1.760796424073314e-27,0.015585471050475613,0.0019457180115560995
0.291979197919792,1.7621176489112283e-27,0.015601065877122377,0.001948639070926146
0.29202920292029205,1.763439865138636e-27,0.015616676307957015,0.0019515645156119436
0.29207920792079206,1.764763073499428e-27,0.015632302358593034,0.0019544943521970556
0.2921292129212921,1.7660872747380632e-27,0.01564794404465967,0.0019574285872749455
0.2921792179217922,1.767412469599552e-27,0.015663601381801714,0.001960367227448957
0.29222922292229225,1.7687386588294655e-27,0.015679274385679634,0.001963310279332356
0.29227922792279226,1.770065843173931e-27,0.015694963071969548,0.001966257749548328
0.2923292329232923,1.7713940233796455e-27,0.015710667456363327,0.001969209644730021
0.2923792379237924,1.7727232001938564e-27,0.01572638755456849,0.001972165971520523
0.29242924292429245,1.774053374364374e-27,0.015742123382308234,0.0019751267365728975
0.29247924792479246,1.775384546639573e-27,0.01575787495532159,0.0019780919465502054
0.2925292529252925,1.776716717768387e-27,0.015773642289363267,0.0019810616081255036
0.2925792579257926,1.7780498885003122e-27,0.01578942540020374,0.0019840357279818643
0.29262926292629265,1.779384059585408e-27,0.015805224303629302,0.0019870143128124036
0.29267926792679266,1.780719231774294e-27,0.015821039015441993,0.0019899973693202756
0.2927292729272927,1.7820554058181553e-27,0.015836869551459694,0.001992984904218698
0.2927792779277928,1.7833925824687424e-27,0.015852715927516133,0.0019959769242309795
0.29282928292829286,1.7847307624783653e-27,0.015868578159460828,0.001998973436090506
0.29287928792879286,1.7860699465998997e-27,0.015884456263159187,0.002001974446540773
0.29292929292929293,1.7874101355867916e-27,0.015900350254492518,0.002004979962335422
0.292979297929793,1.788751330193046e-27,0.015916260149357986,0.002007989990238208
0.29302930293029306,1.7900935311732346e-27,0.015932185963668653,0.0020110045370230487
0.29307930793079306,1.7914367392824957e-27,0.015948127713353508,0.0020140236094740305
0.29312931293129313,1.792780955276539e-27,0.015964085414357523,0.0020170472143854353
0.2931793179317932,1.794126179911635e-27,0.015980059082641582,0.0020200753585617316
0.29322932293229326,1.795472413944623e-27,0.015996048734182537,0.002023108048817605
0.29327932793279327,1.7968196581329118e-27,0.016012054384973256,0.002026145291977976
0.29332933293329333,1.7981679132344795e-27,0.016028076051022595,0.0020291870948780143
0.2933793379337934,1.7995171800078692e-27,0.0160441137483554,0.0020322334643631413
0.29342934293429346,1.800867459212197e-27,0.016060167493012614,0.0020352844072890645
0.29347934793479347,1.8022187516071448e-27,0.016076237301051153,0.002038339930521777
0.29352935293529353,1.8035710579529684e-27,0.01609232318854407,0.0020414000409375837
0.2935793579357936,1.804924379010493e-27,0.016108425171580475,0.0020444647454231158
0.29362936293629366,1.806278715541113e-27,0.01612454326626558,0.002047534050875333
0.29367936793679367,1.8076340683067918e-27,0.016140677488720643,0.0020506079642015527
0.29372937293729373,1.808990438070074e-27,0.016156827855083183,0.0020536864923194763
0.2937793779377938,1.8103478255940676e-27,0.016172994381506788,0.0020567696421571694
0.29382938293829386,1.8117062316424554e-27,0.016189177084161205,0.0020598574206531135
0.29387938793879387,1.8130656569794902e-27,0.016205375979232342,0.002062949834756189
0.29392939293929393,1.8144261023700092e-27,0.016221591082922406,0.002066046891425739
0.293979397939794,1.8157875685794114e-27,0.016237822411449693,0.0020691485976315266
0.29402940294029406,1.8171500563736752e-27,0.01625406998104881,0.0020722549603537847
0.29407940794079407,1.818513566519353e-27,0.016270333807970546,0.0020753659865832344
0.29412941294129413,1.8198780997835745e-27,0.01628661390848202,0.002078481683321085
0.2941794179417942,1.8212436569340413e-27,0.016302910298866564,0.0020816020575790566
0.29422942294229426,1.8226102387390354e-27,0.016319222995423842,0.0020847271163794
0.29427942794279427,1.82397784596741e-27,0.0163355520144698,0.002087856866754901
0.29432943294329433,1.8253464793885985e-27,0.016351897372336728,0.0020909913157489074
0.2943794379437944,1.826716139772614e-27,0.01636825908537329,0.002094130470415351
0.29442944294429446,1.8280868278900425e-27,0.016384637169944434,0.0020972743378187336
0.29447944794479447,1.829458544512048e-27,0.016401031642431514,0.002100422925034171
0.29452945294529453,1.830831290410381e-27,0.016417442519232325,0.002103576239147415
0.2945794579457946,1.8322050663573614e-27,0.016433869816760996,0.002106734287254835
0.29462946294629466,1.8335798731258948e-27,0.016450313551448135,0.002109897076463464
0.29467946794679467,1.8349557114894608e-27,0.016466773739740707,0.0021130646138909966
0.29472947294729473,1.83633258222213e-27,0.016483250398102296,0.002116236906665827
0.2947794779477948,1.8377104860985428e-27,0.016499743543012778,0.002119413961927044
0.29482948294829486,1.8390894238939246e-27,0.016516253190968614,0.0021225957868244443
0.29487948794879487,1.8404693963840846e-27,0.016532779358482765,0.0021257823885185716
0.29492949294929494,1.841850404345414e-27,0.01654932206208473,0.00212897377418072
0.294979497949795,1.8432324485548823e-27,0.016565881318320475,0.0021321699509929378
0.29502950295029506,1.8446155297900468e-27,0.016582457143752602,0.0021353709261480664
0.2950795079507951,1.8459996488290458e-27,0.016599049554960235,0.0021385767068497386
0.29512951295129514,1.8473848064506017e-27,0.016615658568539114,0.0021417873003124117
0.2951795179517952,1.848771003434023e-27,0.016632284201101587,0.002145002713761362
0.29522952295229526,1.8501582405592e-27,0.01664892646927661,0.0021482229544327208
0.2952795279527953,1.851546518606608e-27,0.01666558538970974,0.002151448029573473
0.29532953295329534,1.8529358383573147e-27,0.016682260979063297,0.002154677946441504
0.2953795379537954,1.8543262005929657e-27,0.016698953254016182,0.002157912712305572
0.29542954295429547,1.8557176060957965e-27,0.016715662231263997,0.002161152334445362
0.2954795479547955,1.8571100556486266e-27,0.016732387927519056,0.002164396820151473
0.29552955295529554,1.85850355003487e-27,0.016749130359510426,0.002167646176725475
0.2955795579557956,1.859898090038523e-27,0.016765889543983892,0.0021709004114798757
0.29562956295629567,1.8612936764441693e-27,0.016782665497701965,0.0021741595317381675
0.2956795679567957,1.862690310036985e-27,0.016799458237443964,0.002177423544834843
0.29572957295729574,1.8640879916027344e-27,0.01681626778000602,0.0021806924581154025
0.2957795779577958,1.8654867219277684e-27,0.016833094142201008,0.002183966278936369
0.29582958295829587,1.8668865017990326e-27,0.016849937340858677,0.0021872450146653197
0.2958795879587959,1.868287332004058e-27,0.016866797392825563,0.0021905286726808825
0.29592959295929594,1.869689213330971e-27,0.016883674314965107,0.00219381726037277
0.295979597959796,1.8710921465684888e-27,0.016900568124157647,0.0021971107851417866
0.296029602960296,1.8724961325059166e-27,0.016917478837300312,0.002200409254399841
0.2960796079607961,1.8739011719331554e-27,0.016934406471307225,0.002203712675569982
0.29612961296129614,1.8753072656407e-27,0.016951351043109436,0.002207021056086394
0.2961796179617962,1.8767144144196337e-27,0.016968312569654875,0.002210334403394422
0.2962296229622962,1.8781226190616366e-27,0.016985291067908453,0.0022136527249505857
0.2962796279627963,1.8795318803589837e-27,0.01700228655485211,0.0022169760282226107
0.29632963296329634,1.8809421991045424e-27,0.0170192990474847,0.0022203043206894266
0.2963796379637964,1.8823535760917754e-27,0.017036328562822115,0.002223637609841188
0.2964296429642964,1.883766012114739e-27,0.017053375117897278,0.0022269759031792913
0.2964796479647965,1.8851795079680917e-27,0.017070438729760197,0.002230319208216409
0.29652965296529654,1.886594064447082e-27,0.01708751941547786,0.002233667532476484
0.2965796579657966,1.8880096823475555e-27,0.017104617192134366,0.0022370208834947454
0.2966296629662966,1.8894263624659585e-27,0.017121732076830924,0.0022403792688177526
0.2966796679667967,1.8908441055993337e-27,0.017138864086685867,0.0022437426960033825
0.29672967296729674,1.8922629125453192e-27,0.017156013238834613,0.0022471111726208577
0.2967796779677968,1.893682784102155e-27,0.01717317955042973,0.002250484706250776
0.2968296829682968,1.8951037210686774e-27,0.017190363038640986,0.0022538633044850986
0.2968796879687969,1.8965257242443234e-27,0.01720756372065529,0.0022572469749272002
0.29692969296929694,1.897948794429132e-27,0.017224781613676795,0.002260635725191863
0.296979697969797,1.8993729324237387e-27,0.017242016734926827,0.0022640295629053012
0.297029702970297,1.9007981390293794e-27,0.017259269101643927,0.0022674284957051715
0.2970797079707971,1.9022244150478977e-27,0.017276538731083965,0.0022708325312406144
0.29712971297129714,1.9036517612817318e-27,0.017293825640520004,0.0022742416771722404
0.2971797179717972,1.9050801785339245e-27,0.017311129847242396,0.0022776559411721614
0.2972297229722972,1.9065096676081198e-27,0.017328451368558807,0.0022810753309240057
0.2972797279727973,1.9079402293085698e-27,0.017345790221794267,0.002284499854122951
0.29732973297329734,1.9093718644401248e-27,0.01736314642429106,0.00228792951847571
0.2973797379737974,1.910804573808239e-27,0.01738051999340888,0.002291364331700571
0.2974297429742974,1.9122383582189746e-27,0.017397910946524764,0.0022948043015274143
0.2974797479747975,1.9136732184789973e-27,0.017415319301033155,0.0022982494356977253
0.29752975297529755,1.9151091553955753e-27,0.017432745074345883,0.002301699741964601
0.2975797579757976,1.9165461697765863e-27,0.01745018828389222,0.0023051552280927887
0.2976297629762976,1.917984262430512e-27,0.017467648947118834,0.0023086159018586875
0.2976797679767977,1.919423434166441e-27,0.017485127081489922,0.0023120817710503712
0.29772977297729775,1.920863685794071e-27,0.017502622704487103,0.0023155528434676124
0.2977797779777978,1.922305018123705e-27,0.017520135833609493,0.0023190291269218847
0.2978297829782978,1.923747431966251e-27,0.017537666486373706,0.0023225106292363833
0.2978797879787979,1.925190928133235e-27,0.01755521468031396,0.0023259973582460697
0.29792979297929795,1.9266355074367837e-27,0.01757278043298193,0.00232948932179765
0.297979797979798,1.9280811706896344e-27,0.017590363761946868,0.002332986527749615
0.298029802980298,1.929527918705134e-27,0.017607964684795602,0.0023364889839722516
0.2980798079807981,1.9309757522972462e-27,0.017625583219132657,0.0023399966983476666
0.29812981298129815,1.932424672280537e-27,0.017643219382580042,0.0023435096787697987
0.2981798179817982,1.9338746794701863e-27,0.01766087319277744,0.0023470279331444313
0.2982298229822982,1.935325774681987e-27,0.017678544667382206,0.002350551469389226
0.2982798279827983,1.9367779587323448e-27,0.01769623382406936,0.002354080295433727
0.29832983298329835,1.9382312324382746e-27,0.01771394068053158,0.00235761441921938
0.2983798379837984,1.9396855966174096e-27,0.0177316652544793,0.0023611538486995615
0.2984298429842984,1.941141052087989e-27,0.017749407563640587,0.0023646985918395723
0.2984798479847985,1.9425975996688728e-27,0.017767167625761335,0.0023682486566166867
0.29852985298529855,1.944055240179534e-27,0.017784945458605192,0.002371804051020152
0.2985798579857986,1.9455139744400583e-27,0.017802741079953492,0.002375364783051209
0.2986298629862986,1.9469738032711448e-27,0.01782055450760541,0.002378930860723096
0.2986798679867987,1.9484347274941173e-27,0.017838385759378003,0.0023825022920611096
0.29872987298729875,1.949896747930907e-27,0.017856234853106057,0.00238607908510257
0.2987798779877988,1.9513598654040653e-27,0.017874101806642236,0.002389661247896879
0.2988298829882988,1.9528240807367572e-27,0.01789198663785703,0.002393248788505506
0.2988798879887989,1.954289394752775e-27,0.017909889364638925,0.002396841715002048
0.29892989298929895,1.955755808276519e-27,0.017927810004894188,0.0024004400354721987
0.298979897989799,1.9572233221330108e-27,0.017945748576547033,0.0024040437580138004
0.299029902990299,1.958691937147894e-27,0.017963705097539643,0.002407652890736856
0.2990799079907991,1.9601616541474307e-27,0.01798167958583215,0.0024112674417635376
0.29912991299129915,1.9616324739584993e-27,0.017999672059402585,0.002414887419228214
0.2991799179917992,1.9631043974086045e-27,0.018017682536247078,0.0024185128312774677
0.2992299229922992,1.9645774253258658e-27,0.018035711034379676,0.0024221436860701016
0.2992799279927993,1.9660515585390292e-27,0.018053757571832498,0.002425779991777182
0.29932993299329935,1.967526797877461e-27,0.01807182216665569,0.002429421756582035
0.2993799379937994,1.9690031441711485e-27,0.018089904836917477,0.0024330689886802688
0.2994299429942994,1.9704805982507004e-27,0.018108005600704087,0.0024367216962797927
0.2994799479947995,1.9719591609473556e-27,0.018126124476119998,0.0024403798876008586
0.29952995299529955,1.9734388330929693e-27,0.018144261481287657,0.0024440435708760347
0.2995799579957996,1.974919615520024e-27,0.01816241663434771,0.0024477127543502623
0.2996299629962996,1.976401509061624e-27,0.01818058995345891,0.002451387446280852
0.2996799679967997,1.9778845145515056e-27,0.018198781456798267,0.002455067654937525
0.29972997299729975,1.9793686328240245e-27,0.018216991162560914,0.0024587533886024034
0.29977997799779976,1.9808538647141612e-27,0.018235219088960142,0.0024624446555700443
0.2998299829982998,1.9823402110575317e-27,0.018253465254227618,0.0024661414641474703
0.2998799879987999,1.9838276726903687e-27,0.01827172967661308,0.002469843822654163
0.29992999299929995,1.985316250449538e-27,0.018290012374384653,0.0024735517394220913
0.29997999799979996,1.9868059451725317e-27,0.018308313365828655,0.002477265222795744
0.3000300030003,1.988296757697472e-27,0.01832663266924979,0.0024809842811321305
0.3000800080008001,1.989788688863107e-27,0.018344970302970977,0.002484708922800806
0.30013001300130016,1.9912817395088178e-27,0.018363326285333544,0.002488439156183897
0.30018001800180016,1.9927759104746115e-27,0.018381700634697136,0.002492174989676101
0.30023002300230023,1.994271202601128e-27,0.01840009336943981,0.0024959164316847296
0.3002800280028003,1.9957676167296396e-27,0.018418504507957945,0.0024996634906297188
0.30033003300330036,1.997265153702045e-27,0.018436934068666387,0.0025034161749436326
0.30038003800380036,1.998763814360876e-27,0.018455382069998343,0.0025071744930716972
0.30043004300430043,2.0002635995493025e-27,0.018473848530405568,0.002510938453471834
0.3004800480048005,2.00176451011112e-27,0.018492333468358196,0.0025147080646146427
0.30053005300530056,2.003266546890759e-27,0.018510836902344837,0.0025184833349834452
0.30058005800580057,2.004769710733283e-27,0.018529358850872635,0.0025222642730742964
0.30063006300630063,2.006274002484395e-27,0.018547899332467286,0.0025260508873960227
0.3006800680068007,2.0077794229904257e-27,0.01856645836567294,0.0025298431864702042
0.30073007300730076,2.0092859730983425e-27,0.01858503596905234,0.0025336411788312195
0.30078007800780077,2.010793653655751e-27,0.018603632161186826,0.0025374448730262674
0.30083008300830083,2.0123024655108924e-27,0.018622246960676332,0.002541254277615375
0.3008800880088009,2.0138124095126397e-27,0.01864088038613933,0.002545069401171412
0.30093009300930096,2.01532348651051e-27,0.018659532456213036,0.002548890252280131
0.30098009800980097,2.016835697354651e-27,0.0186782031895532,0.0025527168395401635
0.30103010301030103,2.0183490428958535e-27,0.018696892604834304,0.002556549171563058
0.3010801080108011,2.0198635239855452e-27,0.01871560072074953,0.0025603872569732898
0.30113011301130116,2.0213791414757914e-27,0.01873432755601071,0.002564231104408279
0.30118011801180117,2.022895896219294e-27,0.018753073129348413,0.002568080722518403
0.30123012301230123,2.0244137890694054e-27,0.01877183745951203,0.0025719361199670566
0.3012801280128013,2.0259328208801067e-27,0.018790620565269582,0.002575797305430609
0.30133013301330136,2.0274529925060243e-27,0.018809422465407958,0.002579664287598467
0.30138013801380137,2.0289743048024243e-27,0.0188282431787328,0.0025835370751730764
0.30143014301430143,2.0304967586252203e-27,0.018847082724068615,0.0025874156768699716
0.3014801480148015,2.0320203548309625e-27,0.018865941120258724,0.002591300101417742
0.30153015301530156,2.033545094276842e-27,0.01888481838616525,0.0025951903575580893
0.30158015801580157,2.0350709778207e-27,0.018903714540669282,0.0025990864540458474
0.30163016301630163,2.036598006321017e-27,0.018922629602670743,0.0026029883996489954
0.3016801680168017,2.0381261806369168e-27,0.01894156359108847,0.002606896203148654
0.30173017301730176,2.039655501628172e-27,0.018960516524860263,0.0026108098733391544
0.30178017801780177,2.041185970155195e-27,0.01897948842294281,0.00261472941902801
0.30183018301830183,2.042717587079048e-27,0.018998479304311842,0.002618654849035965
0.3018801880188019,2.044250353261439e-27,0.01901748918796203,0.002622586172197012
0.30193019301930196,2.0457842695647202e-27,0.019036518092907077,0.002626523397358391
0.30198019801980197,2.0473193368518898e-27,0.01905556603817963,0.0026304665333806315
0.30203020302030203,2.048855555986601e-27,0.019074633042831548,0.002634415589137575
0.3020802080208021,2.050392927833148e-27,0.01909371912593358,0.0026383705735163725
0.30213021302130216,2.0519314532564738e-27,0.019112824306575644,0.0026423314954175186
0.30218021802180217,2.0534711331221708e-27,0.01913194860386673,0.0026462983637548627
0.30223022302230224,2.0550119682964867e-27,0.019151092036934998,0.0026502711874556635
0.3022802280228023,2.056553959646313e-27,0.019170254624927694,0.0026542499754605565
0.30233023302330236,2.0580971080391915e-27,0.01918943638701122,0.0026582347367236025
0.3023802380238024,2.059641414343318e-27,0.019208637342371198,0.0026622254802123116
0.30243024302430244,2.06118687942754e-27,0.019227857510212443,0.0026662222149076613
0.3024802480248025,2.0627335041613535e-27,0.01924709690975893,0.002670224949804095
0.30253025302530256,2.064281289414911e-27,0.019266355560253953,0.002674233693909578
0.3025802580258026,2.0658302360590136e-27,0.01928563348095997,0.0026782484562455832
0.30263026302630264,2.067380344965119e-27,0.019304930691158784,0.002682269245847137
0.3026802680268027,2.06893161700534e-27,0.01932424721015148,0.0026862960717628347
0.30273027302730277,2.0704840530524392e-27,0.019343583057258407,0.002690328943054841
0.3027802780278028,2.0720376539798347e-27,0.019362938251819284,0.0026943678687989265
0.30283028302830284,2.0735924206616066e-27,0.01938231281319323,0.0026984128580845065
0.3028802880288029,2.0751483539724848e-27,0.01940170676075865,0.002702463920014627
0.30293029302930297,2.076705454787856e-27,0.019421120113913372,0.002706521063705996
0.302980298029803,2.0782637239837625e-27,0.019440552892074598,0.0027105842982890135
0.30303030303030304,2.07982316243691e-27,0.019460005114679074,0.0027146536329077987
0.3030803080308031,2.0813837710246566e-27,0.01947947680118284,0.002718729076720183
0.30313031303130317,2.0829455506250193e-27,0.019498967971061525,0.0027228106388977433
0.3031803180318032,2.084508502116675e-27,0.019518478643810178,0.0027268983286258376
0.30323032303230324,2.086072626378962e-27,0.019538008838943393,0.0027309921551036164
0.3032803280328033,2.0876379242918734e-27,0.019557558575995258,0.002735092127544021
0.30333033303330337,2.089204396736069e-27,0.019577127874519446,0.0027391982551738473
0.3033803380338034,2.090772044592862e-27,0.019596716754089135,0.0027433105472337276
0.30343034303430344,2.0923408687442314e-27,0.019616325234297134,0.0027474290129781698
0.3034803480348035,2.09391087007282e-27,0.019635953334755867,0.002751553661675584
0.3035303530353035,2.0954820494619276e-27,0.019655601075097347,0.002755684502608278
0.3035803580358036,2.0970544077955204e-27,0.01967526847497326,0.0027598215450725084
0.30363036303630364,2.0986279459582276e-27,0.01969495555405493,0.0027639647983784925
0.3036803680368037,2.1002026648353414e-27,0.01971466233203339,0.0027681142718504075
0.3037303730373037,2.101778565312816e-27,0.019734388828619307,0.0027722699748264387
0.3037803780378038,2.1033556482772756e-27,0.019754135063543198,0.0027764319166587955
0.30383038303830384,2.104933914616007e-27,0.019773901056555233,0.002780600106713719
0.3038803880388039,2.1065133652169606e-27,0.019793686827425338,0.002784774554371513
0.3039303930393039,2.1080940009687537e-27,0.019813492395943225,0.0027889552690265585
0.303980398039804,2.1096758227606768e-27,0.019833317781918477,0.002793142260087362
0.30403040304030404,2.1112588314826804e-27,0.019853163005180443,0.002797335536976533
0.3040804080408041,2.112843028025383e-27,0.019873028085578247,0.0028015351091308315
0.3041304130413041,2.114428413280075e-27,0.01989291304298103,0.0028057409860011823
0.3041804180418042,2.1160149881387156e-27,0.019912817897277682,0.0028099531770527184
0.30423042304230424,2.1176027534939292e-27,0.019932742668377065,0.0028141716917647478
0.3042804280428043,2.1191917102390137e-27,0.019952687376207912,0.002818396539630845
0.3043304330433043,2.120781859267936e-27,0.019972652040718932,0.0028226277301588126
0.3043804380438044,2.1223732014753332e-27,0.019992636681878787,0.002826865272870735
0.30443044304430444,2.1239657377565163e-27,0.020012641319676134,0.0028311091773029983
0.3044804480448045,2.1255594690074647e-27,0.0200326659741196,0.0028353594530062982
0.3045304530453045,2.1271543961248297e-27,0.020052710665237807,0.002839616109545656
0.3045804580458046,2.1287505200059424e-27,0.02007277541307954,0.0028438791565004876
0.30463046304630464,2.1303478415487983e-27,0.0200928602377135,0.0028481486034645574
0.3046804680468047,2.1319463616520715e-27,0.020112965159228554,0.002852424460046048
0.3047304730473047,2.1335460812151063e-27,0.0201330901977336,0.0028567067358675527
0.3047804780478048,2.135147001137932e-27,0.02015323537335779,0.002860995440566138
0.30483048304830485,2.1367491223212405e-27,0.020173400706250275,0.0028652905837933114
0.3048804880488049,2.1383524456664068e-27,0.020193586216580437,0.00286959217521508
0.3049304930493049,2.1399569720754804e-27,0.020213791924537792,0.002873900224511964
0.304980498049805,2.1415627024511896e-27,0.020234017850332152,0.0028782147413790177
0.30503050305030505,2.1431696376969378e-27,0.02025426401419346,0.002882535735525842
0.3050805080508051,2.144777778716806e-27,0.020274530436371924,0.0028868632166766262
0.3051305130513051,2.1463871264155544e-27,0.02029481713713802,0.002891197194570148
0.3051805180518052,2.1479976816986224e-27,0.020315124136782527,0.002895537678959809
0.30523052305230525,2.1496094454721304e-27,0.020335451455616497,0.002899884679613664
0.3052805280528053,2.1512224186428753e-27,0.020355799113971323,0.002904238206314415
0.3053305330533053,2.152836602118334e-27,0.0203761671321987,0.0029085982688594504
0.3053805380538054,2.1544519968066713e-27,0.020396555530670803,0.0029129648770608915
0.30543054305430545,2.156068603616726e-27,0.02041696432978005,0.002917338040745566
0.3054805480548055,2.1576864234580214e-27,0.02043739354993932,0.0029217177697550656
0.3055305530553055,2.1593054572407595e-27,0.020457843211581898,0.002926104073945741
0.3055805580558056,2.160925705875836e-27,0.020478313335161633,0.0029304969631887686
0.30563056305630565,2.1625471702748192e-27,0.020498803941152673,0.002934896447370122
0.3056805680568057,2.164169851349965e-27,0.02051931505004973,0.00293930253639062
0.3057305730573057,2.1657937500142142e-27,0.020539846682368038,0.0029437152401659457
0.3057805780578058,2.1674188671811955e-27,0.020560398858643317,0.0029481345686266825
0.30583058305830585,2.1690452037652156e-27,0.02058097159943185,0.0029525605317182973
0.3058805880588059,2.1706727606812763e-27,0.020601564925310553,0.002956993139401211
0.3059305930593059,2.172301538845058e-27,0.020622178856876786,0.002961432401650779
0.305980598059806,2.1739315391729333e-27,0.02064281341474867,0.002965878328457345
0.30603060306030605,2.1755627625819615e-27,0.020663468619564872,0.00297033092982625
0.3060806080608061,2.177195209989889e-27,0.020684144491984746,0.00297479021577785
0.3061306130613061,2.178828882315148e-27,0.020704841052688244,0.00297925619634754
0.3061806180618062,2.180463780476868e-27,0.020725558322376134,0.002983728881585805
0.30623062306230625,2.1820999053948615e-27,0.02074629632176982,0.0029882082815581904
0.3062806280628063,2.1837372579896326e-27,0.020767055071611425,0.002992694406345369
0.3063306330633063,2.185375839182373e-27,0.020787834592663847,0.0029971872660431264
0.3063806380638064,2.1870156498949754e-27,0.020808634905710832,0.0030016868707624443
0.30643064306430645,2.1886566910500143e-27,0.020829456031556788,0.0030061932306294503
0.3064806480648065,2.19029896357076e-27,0.020850297991027007,0.003010706355785482
0.3065306530653065,2.1919424683811752e-27,0.02087116080496766,0.0030152262563871
0.3065806580658066,2.1935872064059186e-27,0.020892044494245716,0.0030197529426061317
0.30663066306630665,2.195233178570338e-27,0.020912949079749023,0.003024286424629648
0.3066806680668067,2.1968803858004798e-27,0.020933874582386405,0.003028826712660029
0.3067306730673067,2.198528829023082e-27,0.020954821023087503,0.003033373816914967
0.3067806780678068,2.2001785091655794e-27,0.020975788422802937,0.003037927747627497
0.30683068306830685,2.201829427156106e-27,0.020996776802504377,0.003042488515046016
0.3068806880688069,2.2034815839234858e-27,0.02101778618318434,0.0030470561294343055
0.3069306930693069,2.2051349803972405e-27,0.021038816585856386,0.0030516306010715437
0.306980698069807,2.2067896175075978e-27,0.02105986803155522,0.0030562119402523695
0.30703070307030705,2.208445496185474e-27,0.02108094054133643,0.003060800157286854
0.3070807080708071,2.210102617362488e-27,0.021102034136276766,0.003065395262500549
0.3071307130713071,2.211760981970954e-27,0.021123148837474015,0.003069997266234507
0.3071807180718072,2.213420590943892e-27,0.021144284666047133,0.0030746061788453224
0.30723072307230725,2.21508144521502e-27,0.0211654416431362,0.0030792220107051173
0.30728072807280726,2.2167435457187495e-27,0.021186619789902345,0.003083844772201587
0.3073307330733073,2.218406893390206e-27,0.021207819127528036,0.0030884744737380418
0.3073807380738074,2.2200714891652066e-27,0.021229039677216822,0.0030931111257333885
0.30743074307430746,2.221737333980273e-27,0.021250281460193497,0.0030977547386221776
0.30748074807480746,2.2234044287726315e-27,0.021271544497704103,0.0031024053228546344
0.30753075307530753,2.225072774480211e-27,0.021292828811015928,0.0031070628888966753
0.3075807580758076,2.2267423720416426e-27,0.021314134421417538,0.0031117274472299084
0.30763076307630766,2.2284132223962637e-27,0.02133546135021882,0.0031163990083517036
0.30768076807680766,2.2300853264841143e-27,0.021356809618750954,0.003121077582775167
0.30773077307730773,2.2317586852459423e-27,0.02137817924836648,0.003125763181029209
0.3077807780778078,2.2334332996232013e-27,0.021399570260439336,0.0031304558136585336
0.30783078307830786,2.2351091705580494e-27,0.021420982676364796,0.003135155491223677
0.30788078807880787,2.236786298993348e-27,0.02144241651755952,0.00313986222430102
0.30793079307930793,2.2384646858726804e-27,0.021463871805461717,0.0031445760234828516
0.307980798079808,2.240144332140321e-27,0.021485348561530917,0.003149296899377337
0.30803080308030806,2.2418252387412624e-27,0.0215068468072482,0.0031540248626085693
0.30808080808080807,2.2435074066212003e-27,0.021528366564116053,0.0031587599238165937
0.30813081308130813,2.245190836726548e-27,0.021549907853658595,0.0031635020936574398
0.3081808180818082,2.2468755300044224e-27,0.021571470697421446,0.0031682513828031203
0.30823082308230826,2.2485614874026527e-27,0.02159305511697171,0.003173007801941671
0.30828082808280827,2.2502487098697792e-27,0.02161466113389814,0.003177771361777187
0.30833083308330833,2.251937198355057e-27,0.021636288769811125,0.0031825420730298205
0.3083808380838084,2.2536269538084478e-27,0.021657938046342553,0.0031873199464358187
0.30843084308430846,2.255317977180632e-27,0.0216796089851461,0.003192104992747554
0.30848084808480847,2.2570102694229984e-27,0.02170130160789699,0.0031968972227335297
0.30853085308530853,2.2587038314876516e-27,0.021723015936292212,0.003201696647178424
0.3085808580858086,2.260398664327414e-27,0.02174475199205044,0.0032065032768831096
0.30863086308630866,2.2620947688958174e-27,0.02176650979691209,0.003211317122664663
0.30868086808680867,2.263792146147109e-27,0.02178828937263926,0.003216138195356402
0.30873087308730873,2.2654907970362606e-27,0.021810090741015982,0.0032209665058079246
0.3087808780878088,2.267190722518951e-27,0.021831913923847927,0.0032258020648850963
0.30883088308830886,2.2688919235515797e-27,0.02185375894296265,0.003230644883470105
0.30888088808880887,2.2705944010912607e-27,0.02187562582020951,0.0032354949724614623
0.30893089308930893,2.2722981560958355e-27,0.021897514577459833,0.0032403523427740753
0.308980898089809,2.2740031895238557e-27,0.021919425236606737,0.0032452170053392025
0.30903090309030906,2.2757095023345908e-27,0.021941357819565202,0.0032500889711045257
0.30908090809080907,2.2774170954880374e-27,0.021963312348272257,0.003254968251034164
0.30913091309130913,2.2791259699449103e-27,0.02198528884468683,0.0032598548561087017
0.3091809180918092,2.2808361266666396e-27,0.02200728733078977,0.0032647487973251925
0.30923092309230926,2.2825475666153848e-27,0.022029307828584033,0.0032696500856972143
0.30928092809280927,2.2842602907540187e-27,0.022051350360094448,0.003274558732254871
0.30933093309330933,2.2859743000461458e-27,0.02207341494736801,0.003279474748044826
0.3093809380938094,2.2876895954560883e-27,0.022095501612473718,0.003284398144130338
0.30943094309430946,2.2894061779488926e-27,0.022117610377502633,0.003289328931591264
0.30948094809480947,2.2911240484903256e-27,0.022139741264567928,0.003294267121524083
0.30953095309530954,2.2928432080468896e-27,0.022161894295804972,0.0032992127250419693
0.3095809580958096,2.2945636575858028e-27,0.022184069493371202,0.0033041657532747477
0.30963096309630966,2.2962853980750113e-27,0.02220626687944627,0.003309126217368962
0.3096809680968097,2.2980084304831833e-27,0.02222848647623193,0.0033140941284878836
0.30973097309730974,2.299732755779727e-27,0.022250728305952334,0.0033190694978115698
0.3097809780978098,2.3014583749347647e-27,0.022272992390853712,0.00332405233653683
0.30983098309830986,2.3031852889191505e-27,0.022295278753204594,0.003329042655877294
0.3098809880988099,2.3049134987044696e-27,0.02231758741529581,0.0033340404670634334
0.30993099309930994,2.3066430052630352e-27,0.022339918399440502,0.003339045781342577
0.30998099809981,2.308373809567887e-27,0.022362271727974094,0.00334405860997893
0.31003100310031007,2.3101059125928004e-27,0.022384647423254408,0.0033490789642536233
0.3100810081008101,2.3118393153122745e-27,0.022407045507661615,0.0033541068554647085
0.31013101310131014,2.3135740187015455e-27,0.022429466003598252,0.0033591422949272092
0.3101810181018102,2.315310023736581e-27,0.022451908933489383,0.0033641852939731336
0.31023102310231027,2.3170473313940773e-27,0.022474374319782348,0.0033692358639515
0.3102810281028103,2.3187859426514624e-27,0.02249686218494703,0.0033742940162283567
0.31033103310331034,2.320525858486907e-27,0.022519372551475843,0.003379359762186845
0.3103810381038104,2.3222670798793065e-27,0.022541905441883666,0.003384433113227163
0.31043104310431047,2.324009607808294e-27,0.022564460878707837,0.0033895140807666388
0.3104810481048105,2.325753443254234e-27,0.0225870388845083,0.0033946026762397283
0.31053105310531054,2.327498587198237e-27,0.022609639481867654,0.0033996989110980816
0.3105810581058106,2.3292450406221397e-27,0.022632262693391008,0.00340480279681051
0.31063106310631067,2.3309928045085175e-27,0.022654908541706036,0.0034099143448630587
0.3106810681068107,2.3327418798406843e-27,0.02267757704946314,0.003415033566759012
0.31073107310731074,2.3344922676026956e-27,0.022700268239335426,0.0034201604740189354
0.3107810781078108,2.3362439687793363e-27,0.02272298213401855,0.003425295078180664
0.31083108310831087,2.33799698435614e-27,0.022745718756231,0.0034304373907993817
0.3108810881088109,2.339751315319371e-27,0.02276847812871392,0.003435587423447602
0.31093109310931094,2.341506962656041e-27,0.02279126027423121,0.003440745187715223
0.310981098109811,2.3432639273538993e-27,0.022814065215569675,0.0034459106952095353
0.311031103110311,2.345022210401434e-27,0.0228368929755387,0.0034510839575552614
0.3110811081108111,2.346781812787878e-27,0.022859743576970692,0.003456264986394564
0.31113111311131114,2.3485427355032085e-27,0.022882617042720807,0.003461453793387105
0.3111811181118112,2.3503049795381397e-27,0.02290551339566708,0.003466650390210028
0.3112311231123112,2.35206854588413e-27,0.022928432658710415,0.0034718547885580105
0.3112811281128113,2.35383343553339e-27,0.02295137485477475,0.0034770670001433076
0.31133113311331134,2.3555996494788656e-27,0.022974340006806798,0.0034822870366957408
0.3113811381138114,2.3573671887142504e-27,0.022997328137776316,0.003487514909962742
0.3114311431143114,2.3591360542339823e-27,0.023020339270676028,0.003492750631709367
0.3114811481148115,2.3609062470332522e-27,0.023043373428521724,0.0034979942137183706
0.31153115311531154,2.3626777681079902e-27,0.02306643063435212,0.0035032456677901672
0.3115811581158116,2.364450618454874e-27,0.023089510911229027,0.003508505005742884
0.3116311631163116,2.366224799071335e-27,0.02311261428223739,0.003513772239412412
0.3116811681168117,2.368000310955548e-27,0.02313574077048518,0.0035190473806523985
0.31173117311731174,2.369777155106438e-27,0.023158890399103495,0.0035243304413342808
0.3117811781178118,2.371555332523682e-27,0.023182063191246653,0.003529621433347336
0.3118311831183118,2.3733348442077013e-27,0.02320525917009201,0.003534920368598669
0.3118811881188119,2.3751156911596728e-27,0.023228478358840215,0.003540227259013278
0.31193119311931194,2.3768978743815255e-27,0.023251720780715114,0.0035455421165340585
0.311981198119812,2.3786813948759368e-27,0.023274986458963812,0.003550864953121828
0.312031203120312,2.3804662536463337e-27,0.02329827541685653,0.0035561957807553634
0.3120812081208121,2.382252451696907e-27,0.02332158767768703,0.003561534611431443
0.31213121312131215,2.3840399900325905e-27,0.02334492326477213,0.003566881457164833
0.3121812181218122,2.3858288696590768e-27,0.023368282201452147,0.0035722363299883443
0.3122312231223122,2.3876190915828065e-27,0.023391664511090628,0.0035775992419528418
0.3122812281228123,2.3894106568109902e-27,0.023415070217074667,0.003582970205127315
0.31233123312331235,2.3912035663515805e-27,0.023438499342814563,0.003588349231598844
0.3123812381238124,2.3929978212132893e-27,0.023461951911744165,0.0035937363334726503
0.3124312431243124,2.394793422405587e-27,0.02348542794732071,0.0035991315228721464
0.3124812481248125,2.3965903709387045e-27,0.023508927473024965,0.003604534811938946
0.31253125312531255,2.3983886678236256e-27,0.023532450512361143,0.0036099462128328747
0.3125812581258126,2.4001883140720946e-27,0.023555997088857007,0.003615365737732026
0.3126312631263126,2.4019893106966145e-27,0.023579567226063802,0.0036207933988327695
0.3126812681268127,2.4037916587104497e-27,0.02360316094755641,0.0036262292083497905
0.31273127312731275,2.4055953591276248e-27,0.0236267782769333,0.0036316731785161122
0.3127812781278128,2.4074004129629226e-27,0.023650419237816495,0.0036371253215831184
0.3128312831283128,2.4092068212318864e-27,0.023674083853851655,0.0036425856498205726
0.3128812881288129,2.4110145849508298e-27,0.0236977721487082,0.0036480541755166984
0.31293129312931295,2.4128237051368215e-27,0.023721484146079153,0.003653530910978126
0.312981298129813,2.414634182807694e-27,0.02374521986968123,0.003659015868529984
0.313031303130313,2.4164460189820425e-27,0.02376897934325488,0.0036645090605158834
0.3130813081308131,2.4182592146792335e-27,0.023792762590564377,0.0036700104992980036
0.31313131313131315,2.4200737709193923e-27,0.023816569635397737,0.003675520197257046
0.3131813181318132,2.4218896887234084e-27,0.023840400501566737,0.0036810381667923098
0.3132313231323132,2.423706969112942e-27,0.023864255212907,0.00368656442032172
0.3132813281328133,2.4255256131104187e-27,0.023888133793278067,0.0036920989702818405
0.31333133313331335,2.427345621739028e-27,0.02391203626656322,0.003697641829127893
0.3133813381338134,2.4291669960227324e-27,0.023935962656669803,0.0037031930093338102
0.3134313431343134,2.4309897369862568e-27,0.023959912987528923,0.0037087525233922437
0.3134813481348135,2.4328138456550996e-27,0.023983887283095716,0.003714320383814613
0.31353135313531355,2.4346393230555296e-27,0.02400788556734933,0.003719896603131109
0.3135813581358136,2.4364661702145802e-27,0.024031907864292792,0.003725481193890739
0.3136313631363136,2.4382943881600572e-27,0.024055954197953186,0.0037310741686613362
0.3136813681368137,2.440123977920544e-27,0.024080024592381753,0.0037366755400296326
0.31373137313731375,2.4419549405253873e-27,0.024104119071653628,0.003742285320601225
0.3137813781378138,2.4437872770047112e-27,0.024128237659868147,0.0037479035230006527
0.3138313831383138,2.4456209883894055e-27,0.02415238038114865,0.0037535301598713867
0.3138813881388139,2.4474560757111487e-27,0.024176547259642803,0.0037591652438759174
0.31393139313931395,2.4492925400023787e-27,0.024200738319522262,0.003764808787695709
0.313981398139814,2.4511303822963115e-27,0.0242249535849829,0.003770460804031278
0.314031403140314,2.452969603626943e-27,0.024249193080244872,0.003776121305602209
0.3140814081408141,2.4548102050290435e-27,0.02427345682955255,0.0037817903051471802
0.31413141314131415,2.4566521875381544e-27,0.024297744857174442,0.003787467815423997
0.3141814181418142,2.4584955521906025e-27,0.02432205718740355,0.0037931538492096155
0.3142314231423142,2.460340300023484e-27,0.024346393844556974,0.003798848419300166
0.3142814281428143,2.462186432074679e-27,0.02437075485297628,0.0038045515385110003
0.31433143314331435,2.4640339493828464e-27,0.024395140237027393,0.0038102632196767156
0.3143814381438144,2.4658828529874207e-27,0.024419550021100522,0.003815983475651155
0.3144314431443144,2.4677331439286155e-27,0.024443984229610315,0.003821712319307467
0.3144814481448145,2.4695848232474326e-27,0.02446844288699593,0.0038274497635381495
0.31453145314531455,2.4714378919856487e-27,0.024492926017720917,0.003833195821255025
0.3145814581458146,2.4732923511858224e-27,0.024517433646273273,0.0038389505053893144
0.3146314631463146,2.475148201891293e-27,0.024541965797165506,0.003844713828891636
0.3146814681468147,2.4770054451461914e-27,0.024566522494934736,0.0038504858047320872
0.31473147314731476,2.4788640819954225e-27,0.02459110376414257,0.0038562664459002
0.3147814781478148,2.4807241134846786e-27,0.024615709629375142,0.0038620557654050224
0.31483148314831483,2.4825855406604367e-27,0.024640340115243287,0.0038678537762751337
0.3148814881488149,2.4844483645699613e-27,0.02466499524638243,0.003873660491558671
0.31493149314931496,2.4863125862612972e-27,0.02468967504745259,0.0038794759243233534
0.31498149814981496,2.4881782067832807e-27,0.02471437954313854,0.0038853000876565296
0.31503150315031503,2.4900452271855345e-27,0.024739108758149712,0.003891132994665194
0.3150815081508151,2.4919136485184655e-27,0.02476386271722026,0.0038969746584760086
0.31513151315131516,2.4937834718332733e-27,0.024788641445109113,0.003902825092235359
0.31518151815181517,2.49565469818194e-27,0.02481344496659995,0.003908684309109336
0.31523152315231523,2.4975273286172446e-27,0.024838273306501256,0.003914552322283832
0.3152815281528153,2.4994013641927526e-27,0.024863126489646333,0.0039204291449645295
0.31533153315331536,2.501276805962819e-27,0.024888004540893377,0.003926314790376908
0.31538153815381537,2.5031536549825865e-27,0.02491290748512533,0.00393220927176632
0.31543154315431543,2.5050319123080025e-27,0.024937835347250203,0.003938112602398025
0.3154815481548155,2.5069115789957924e-27,0.02496278815220082,0.003944024795557164
0.31553155315531556,2.5087926561034824e-27,0.024987765924934992,0.003949945864548833
0.31558155815581557,2.510675144689385e-27,0.025012768690435432,0.003955875822698097
0.31563156315631563,2.51255904581262e-27,0.025037796473709982,0.003961814683350054
0.3156815681568157,2.5144443605330897e-27,0.02506284929979141,0.003967762459869806
0.31573157315731576,2.5163310899114947e-27,0.025087927193737532,0.003973719165642521
0.31578157815781577,2.5182192350093333e-27,0.025113030180631265,0.003979684814073478
0.31583158315831583,2.5201087968889017e-27,0.025138158285580654,0.003985659418588079
0.3158815881588159,2.5219997766132884e-27,0.025163311533718796,0.003991642992631864
0.31593159315931596,2.523892175246385e-27,0.025188489950204014,0.003997635549670579
0.31598159815981597,2.5257859938528754e-27,0.025213693560219706,0.00400363710319017
0.31603160316031603,2.527681233498248e-27,0.02523892238897456,0.0040096476666968426
0.3160816081608161,2.5295778952487887e-27,0.025264176461702457,0.00401566725371707
0.31613161316131616,2.5314759801715826e-27,0.02528945580366253,0.00402169587779764
0.31618161816181617,2.5333754893345137e-27,0.02531476044013911,0.0040277335525056536
0.31623162316231623,2.5352764238062737e-27,0.025340090396442003,0.0040337802914286215
0.3162816281628163,2.5371787846563517e-27,0.025365445697906195,0.004039836108174422
0.31633163316331636,2.5390825729550378e-27,0.025390826369892025,0.00404590101637137
0.31638163816381637,2.5409877897734243e-27,0.025416232437785246,0.004051975029668231
0.31643164316431643,2.5428944361834168e-27,0.025441663926997073,0.004058058161734288
0.3164816481648165,2.5448025132577156e-27,0.025467120862964033,0.004064150426259326
0.31653165316531656,2.5467120220698275e-27,0.02549260327114815,0.004070251836953676
0.31658165816581657,2.5486229636940656e-27,0.025518111177036937,0.004076362407548264
0.31663166316631663,2.5505353392055538e-27,0.025543644606143466,0.00408248215179463
0.3166816681668167,2.552449149680214e-27,0.02556920358400619,0.004088611083464951
0.31673167316731676,2.554364396194783e-27,0.025594788136189258,0.00409474921635209
0.31678167816781677,2.5562810798267995e-27,0.0256203982882823,0.004100896564269601
0.31683168316831684,2.5581992016546162e-27,0.025646034065900613,0.0041070531410517955
0.3168816881688169,2.5601187627573936e-27,0.025671695494685128,0.004113218960553746
0.31693169316931696,2.5620397642150994e-27,0.025697382600302396,0.00411939403665132
0.31698169816981697,2.5639622071085095e-27,0.025723095408444613,0.004125578383241212
0.31703170317031704,2.5658860925192203e-27,0.025748833944829803,0.004131772014241002
0.3170817081708171,2.567811421529632e-27,0.025774598235201625,0.004137974943589149
0.31713171317131716,2.5697381952229576e-27,0.025800388305329523,0.004144187185245029
0.3171817181718172,2.5716664146832214e-27,0.025826204181008686,0.004150408753188984
0.31723172317231724,2.5735960809952714e-27,0.025852045888060265,0.004156639661422355
0.3172817281728173,2.575527195244757e-27,0.025877913452331043,0.00416287992396749
0.31733173317331737,2.5774597585181462e-27,0.025903806899693772,0.00416912955486778
0.3173817381738174,2.5793937719027268e-27,0.025929726256047128,0.0041753885681877195
0.31743174317431744,2.581329236486598e-27,0.025955671547315616,0.004181656978012909
0.3174817481748175,2.5832661533586746e-27,0.025981642799449714,0.004187934798450091
0.31753175317531757,2.5852045236086927e-27,0.026007640038425903,0.004194222043627193
0.3175817581758176,2.5871443483272013e-27,0.026033663290246593,0.004200518727693341
0.31763176317631764,2.589085628605572e-27,0.026059712580940253,0.004206824864818917
0.3176817681768177,2.5910283655359942e-27,0.02608578793656142,0.004213140469195574
0.31773177317731777,2.5929725602114748e-27,0.026111889383190638,0.004219465555036264
0.3177817781778178,2.594918213725839e-27,0.02613801694693453,0.004225800136575264
0.31783178317831784,2.5968653271737415e-27,0.02616417065392597,0.004232144228068263
0.3178817881788179,2.5988139016506507e-27,0.026190350530323883,0.004238497843792313
0.31793179317931797,2.6007639382528587e-27,0.026216556602313344,0.004244860998045912
0.317981798179818,2.6027154380774774e-27,0.026242788896105658,0.004251233705149006
0.31803180318031804,2.6046684022224502e-27,0.026269047437938443,0.004257615979443086
0.3180818081808181,2.6066228317865385e-27,0.02629533225407547,0.0042640078352911325
0.31813181318131817,2.6085787278693245e-27,0.026321643370806756,0.004270409287077693
0.3181818181818182,2.6105360915712243e-27,0.026347980814448727,0.004276820349208925
0.31823182318231824,2.6124949239934753e-27,0.026374344611344136,0.004283241036112609
0.3182818281828183,2.6144552262381372e-27,0.02640073478786197,0.004289671362238178
0.31833183318331837,2.6164169994081044e-27,0.02642715137039776,0.004296111342056766
0.3183818381838184,2.6183802446070932e-27,0.026453594385373338,0.004302560990061222
0.31843184318431844,2.6203449629396507e-27,0.02648006385923701,0.004309020320766166
0.3184818481848185,2.6223111555111532e-27,0.02650655981846358,0.004315489348708003
0.31853185318531857,2.624278823427804e-27,0.026533082289554272,0.0043219680884449595
0.3185818581858186,2.6262479677966347e-27,0.026559631299036848,0.004328456554557107
0.31863186318631864,2.628218589725517e-27,0.026586206873465704,0.004334954761646435
0.3186818681868187,2.6301906903231448e-27,0.026612809039421693,0.004341462724336829
0.3187318731873187,2.6321642706990427e-27,0.026639437823512233,0.004347980457274128
0.3187818781878188,2.6341393319635783e-27,0.026666093252371573,0.004354507975126187
0.31883188318831884,2.636115875227943e-27,0.026692775352660406,0.004361045292582845
0.3188818881888189,2.6380939016041646e-27,0.026719484151066165,0.004367592424356021
0.3189318931893189,2.640073412205101e-27,0.02674621967430296,0.00437414938517969
0.318981898189819,2.642054408144459e-27,0.02677298194911175,0.00438071618981
0.31903190319031904,2.6440368905367664e-27,0.026799771002260116,0.004387292853025205
0.3190819081908191,2.6460208604973915e-27,0.026826586860542463,0.004393879389625751
0.3191319131913191,2.6480063191425427e-27,0.026853429550780024,0.004400475814434322
0.3191819181918192,2.649993267589265e-27,0.026880299099820874,0.0044070821422958475
0.31923192319231924,2.6519817069554383e-27,0.026907195534539928,0.004413698388077534
0.3192819281928193,2.6539716383597852e-27,0.02693411888183902,0.004420324566668923
0.3193319331933193,2.6559630629218634e-27,0.02696106916864685,0.004426960692981893
0.3193819381938194,2.6579559817620758e-27,0.026988046421919123,0.004433606781950723
0.31943194319431945,2.6599503960016653e-27,0.027015050668638508,0.004440262848532109
0.3194819481948195,2.6619463067627115e-27,0.02704208193581464,0.004446928907705195
0.3195319531953195,2.663943715168135e-27,0.02706914025048414,0.0044536049744716075
0.3195819581958196,2.665942622341712e-27,0.027096225639710828,0.004460291063855528
0.31963196319631965,2.6679430294080468e-27,0.02712333813058548,0.004466987190903654
0.3196819681968197,2.6699449374925955e-27,0.027150477750226,0.004473693370685295
0.3197319731973197,2.671948347721652e-27,0.0271776445257774,0.004480409618292358
0.3197819781978198,2.673953261222368e-27,0.027204838484411988,0.004487135948839454
0.31983198319831985,2.6759596791227268e-27,0.027232059653329088,0.004493872377463837
0.3198819881988199,2.677967602551567e-27,0.02725930805975534,0.004500618919325514
0.3199319931993199,2.6799770326385696e-27,0.027286583730944607,0.0045073755896072355
0.31998199819982,2.6819879705142683e-27,0.027313886694178034,0.004514142403514565
0.32003200320032005,2.6840004173100386e-27,0.027341216976763998,0.004520919376275871
0.3200820082008201,2.686014374158111e-27,0.027368574606038313,0.004527706523142409
0.3201320132013201,2.6880298421915598e-27,0.02739595960936401,0.0045345038593883015
0.3201820182018202,2.6900468225443152e-27,0.02742337201413163,0.004541311400310624
0.32023202320232025,2.692065316351156e-27,0.027450811847759073,0.004548129161229417
0.3202820282028203,2.6940853247477116e-27,0.027478279137691648,0.004554957157487703
0.3203320332033203,2.6961068488704593e-27,0.027505773911402055,0.004561795404451547
0.3203820382038204,2.6981298898567426e-27,0.02753329619639072,0.0045686439175101025
0.32043204320432045,2.700154448844745e-27,0.027560846020185353,0.0045755027120756
0.3204820482048205,2.7021805269735084e-27,0.027588423410341293,0.004582371803583414
0.3205320532053205,2.704208125382927e-27,0.02761602839444141,0.0045892512074920885
0.3205820582058206,2.7062372452137606e-27,0.027643661000096326,0.004596140939283395
0.32063206320632065,2.708267887607613e-27,0.02767132125494409,0.0046030410144623345
0.3206820682068207,2.7103000537069477e-27,0.02769900918665048,0.004609951448557168
0.3207320732073207,2.7123337446550893e-27,0.02772672482290901,0.004616872257119499
0.3207820782078208,2.714368961596218e-27,0.027754468191440878,0.0046238034557242675
0.32083208320832085,2.716405705675371e-27,0.027782239319994947,0.00463074505996978
0.3208820882088209,2.7184439780384467e-27,0.027810038236347975,0.0046376970854777825
0.3209320932093209,2.7204837798322015e-27,0.027837864968304343,0.004644659547893459
0.320982098209821,2.7225251122042547e-27,0.027865719543696436,0.004651632462885487
0.32103210321032105,2.7245679763030868e-27,0.02789360199038439,0.004658615846146073
0.3210821082108211,2.7266123732780376e-27,0.02792151233625621,0.004665609713390975
0.3211321132113211,2.728658304279307e-27,0.027949450609227794,0.004672614080359525
0.3211821182118212,2.730705770457968e-27,0.0279774168372431,0.004679628962814734
0.32123212321232125,2.7327547729659462e-27,0.028005411048273872,0.00468665437654323
0.3212821282128213,2.734805312956039e-27,0.028033433270319985,0.004693690337355365
0.3213321332133213,2.7368573915819e-27,0.02806148353140915,0.004700736861085207
0.3213821382138214,2.738911009998062e-27,0.028089561859597406,0.004707793963590626
0.32143214321432145,2.740966169359913e-27,0.0281176682829686,0.004714861660753278
0.3214821482148215,2.7430228708237103e-27,0.028145802829634775,0.004721939968478659
0.3215321532153215,2.7450811155465807e-27,0.028173965527736128,0.00472902890269615
0.3215821582158216,2.7471409046865208e-27,0.02820215640544104,0.004736128479359057
0.32163216321632165,2.74920223940239e-27,0.028230375490945953,0.004743238714444613
0.3216821682168217,2.7512651208539247e-27,0.028258622812475646,0.004750359623954063
0.3217321732173217,2.753329550201725e-27,0.028286898398283057,0.004757491223912648
0.3217821782178218,2.755395528607266e-27,0.028315202276649458,0.004764633530369685
0.32183218321832185,2.7574630572328946e-27,0.02834353447588441,0.00477178655939859
0.3218821882188219,2.759532137241827e-27,0.028371895024325765,0.004778950327096894
0.3219321932193219,2.7616027697981488e-27,0.028400283950339666,0.004786124849586292
0.321982198219822,2.7636749560668328e-27,0.028428701282320883,0.004793310143012706
0.32203220322032206,2.7657486972137124e-27,0.028457147048692313,0.0048005062235462834
0.3220822082208221,2.7678239944055e-27,0.028485621277905444,0.004807713107381443
0.32213221322132213,2.7699008488097815e-27,0.028514123998440177,0.0048149308107369
0.3221822182218222,2.7719792615950277e-27,0.028542655238805004,0.004822159349855777
0.32223222322232226,2.7740592339305753e-27,0.02857121502753684,0.004829398741005517
0.3222822282228223,2.7761407669866428e-27,0.028599803393201177,0.0048366490004780145
0.32233223322332233,2.7782238619343276e-27,0.02862842036439209,0.004843910144589623
0.3223822382238224,2.7803085199456065e-27,0.028657065969732325,0.004851182189681195
0.32243224322432246,2.782394742193332e-27,0.028685740237873174,0.004858465152118095
0.32248224822482247,2.7844825298512384e-27,0.02871444319749466,0.004865759048290273
0.32253225322532253,2.7865718840939448e-27,0.02874317487730551,0.004873063894612289
0.3225822582258226,2.7886628060969437e-27,0.02877193530604309,0.004880379707523328
0.32263226322632266,2.7907552970366188e-27,0.028800724512473674,0.004887706503487273
0.32268226822682267,2.792849358090227e-27,0.028829542525392146,0.004895044298992708
0.32273227322732273,2.7949449904359155e-27,0.02885838937362232,0.004902393110552981
0.3227822782278228,2.797042195252715e-27,0.028887265086016863,0.004909752954706233
0.32283228322832286,2.799140973720537e-27,0.028916169691457175,0.004917123848015429
0.32288228822882287,2.801241327020179e-27,0.02894510321885368,0.004924505807068382
0.32293229322932293,2.8033432563333308e-27,0.028974065697145737,0.004931898848477853
0.322982298229823,2.8054467628425623e-27,0.029003057155301597,0.0049393029888815
0.32303230323032306,2.807551847731332e-27,0.029032077622318516,0.004946718244941979
0.32308230823082307,2.8096585121839828e-27,0.02906112712722269,0.004954144633346941
0.32313231323132313,2.8117667573857588e-27,0.02909020569906959,0.004961582170809127
0.3231823182318232,2.8138765845227815e-27,0.029119313366943515,0.004969030874066344
0.32323232323232326,2.8159879947820637e-27,0.02914845015995794,0.004976490759881518
0.32328232823282327,2.818100989351513e-27,0.029177616107255524,0.004983961845042753
0.32333233323332333,2.8202155694199295e-27,0.029206811238008078,0.0049914441463633705
0.3233823382338234,2.822331736176998e-27,0.02923603558141651,0.0049989376806819094
0.32343234323432346,2.824449490813305e-27,0.029265289166711086,0.0050064424648622
0.32348234823482347,2.8265688345203197e-27,0.029294572023151163,0.005013958515793379
0.32353235323532353,2.8286897684904163e-27,0.02932388418002551,0.005021485850389957
0.3235823582358236,2.8308122939168602e-27,0.02935322566665215,0.005029024485591835
0.32363236323632366,2.832936411993807e-27,0.029382596512378446,0.0050365744383643225
0.32368236823682367,2.83506212391631e-27,0.02941199674658104,0.00504413572569821
0.32373237323732373,2.837189430880329e-27,0.02944142639866616,0.005051708364609827
0.3237823782378238,2.839318334082709e-27,0.02947088549806932,0.005059292372141002
0.32383238323832386,2.841448834721198e-27,0.029500374074255497,0.0050668877653591736
0.32388238823882387,2.843580933994439e-27,0.029529892156719098,0.0050744945613573865
0.32393239323932393,2.8457146331019853e-27,0.029559439774984254,0.005082112777254379
0.323982398239824,2.8478499332442776e-27,0.029589016958604393,0.00508974243019456
0.32403240324032406,2.8499868356226622e-27,0.029618623737162654,0.005097383537348078
0.32408240824082407,2.852125341439389e-27,0.02964826014027172,0.005105036115910875
0.32413241324132414,2.85426545189761e-27,0.02967792619757397,0.005112700183104705
0.3241824182418242,2.8564071682013734e-27,0.02970762193874134,0.0051203757561771555
0.32423242324232426,2.8585504915556407e-27,0.029737347393475565,0.005128062852401744
0.32428242824282427,2.860695423166268e-27,0.029767102591508002,0.005135761489077877
0.32433243324332434,2.8628419642400227e-27,0.029796887562599843,0.005143471683530968
0.3243824382438244,2.8649901159845775e-27,0.029826702336541996,0.005151193453112438
0.32443244324432446,2.867139879608508e-27,0.029856546943155222,0.005158926815199735
0.3244824482448245,2.8692912563212945e-27,0.02988642141229004,0.005166671787196393
0.32453245324532454,2.871444247333335e-27,0.02991632577382697,0.005174428386532119
0.3245824582458246,2.8735988538559276e-27,0.029946260057676356,0.005182196630662742
0.32463246324632467,2.8757550771012793e-27,0.029976224293778442,0.005189976537070307
0.3246824682468247,2.877912918282505e-27,0.030006218512103416,0.005197768123263099
0.32473247324732474,2.8800723786136395e-27,0.03003624274265158,0.00520557140677572
0.3247824782478248,2.882233459309621e-27,0.030066297015453144,0.005213386405169067
0.32483248324832487,2.8843961615862975e-27,0.03009638136056841,0.005221213136030386
0.3248824882488249,2.8865604866604338e-27,0.030126495808087673,0.005229051616973371
0.32493249324932494,2.888726435749708e-27,0.03015664038813151,0.00523690186563813
0.324982498249825,2.890894010072708e-27,0.03018681513085045,0.00524476389969125
0.32503250325032507,2.8930632108489408e-27,0.03021702006642532,0.005252637736825864
0.3250825082508251,2.8952340392988223e-27,0.030247255225067066,0.005260523394761637
0.32513251325132514,2.897406496643691e-27,0.03027752063701693,0.0052684208912448585
0.3251825182518252,2.8995805841057986e-27,0.030307816332546388,0.005276330244048459
0.32523252325232527,2.9017563029083127e-27,0.030338142341957173,0.005284251470972044
0.3252825282528253,2.903933654275317e-27,0.03036849869558132,0.005292184589841921
0.32533253325332534,2.906112639431824e-27,0.03039888542378135,0.005300129618511218
0.3253825382538254,2.9082932596037544e-27,0.030429302556950043,0.005308086574859806
0.32543254325432547,2.9104755160179512e-27,0.030459750125510596,0.0053160554767944235
0.3254825482548255,2.9126594099021765e-27,0.030490228159916602,0.005324036342248682
0.32553255325532554,2.914844942485124e-27,0.030520736690652354,0.005332029189183145
0.3255825582558256,2.9170321149963973e-27,0.030551275748232385,0.005340034035585306
0.32563256325632567,2.919220928666526e-27,0.030581845363201875,0.005348050899469668
0.3256825682568257,2.921411384726967e-27,0.030612445566136546,0.005356079798877801
0.32573257325732574,2.9236034844100978e-27,0.030643076387642788,0.00536412075187834
0.3257825782578258,2.9257972289492182e-27,0.030673737858357464,0.0053721737765670486
0.32583258325832587,2.9279926195785607e-27,0.030704430008948257,0.005380238891066865
0.3258825882588259,2.9301896575332764e-27,0.0307351528701134,0.005388316113527927
0.32593259325932594,2.9323883440494467e-27,0.030765906472581938,0.005396405462127618
0.325982598259826,2.9345886803640833e-27,0.030796690847113624,0.005404506955070635
0.32603260326032607,2.936790667715121e-27,0.030827506024499005,0.005412620610588974
0.3260826082608261,2.9389943073414208e-27,0.030858352035559318,0.005420746446942
0.32613261326132614,2.9411996004827865e-27,0.03088922891114693,0.005428884482416534
0.3261826182618262,2.9434065483799398e-27,0.030920136682144786,0.005437034735326812
0.3262326232623262,2.945615152274533e-27,0.030951075379466793,0.00544519722401456
0.3262826282628263,2.9478254134091635e-27,0.030982045034057975,0.005453371966849077
0.32633263326332634,2.9500373330273457e-27,0.031013045676894117,0.005461558982227202
0.3263826382638264,2.9522509123735353e-27,0.03104407733898204,0.005469758288573423
0.3264326432643264,2.9544661526931138e-27,0.03107514005135959,0.005477969904339839
0.3264826482648265,2.956683055232413e-27,0.0311062338450958,0.0054861938480063235
0.32653265326532654,2.958901621238686e-27,0.031137358751290627,0.005494430138080446
0.3265826582658266,2.9611218519601232e-27,0.031168514801075183,0.00550267879309755
0.3266326632663266,2.9633437486458562e-27,0.03119970202561176,0.005510939831620839
0.3266826682668267,2.9655673125459546e-27,0.031230920456093887,0.005519213272241376
0.32673267326732675,2.9677925449114186e-27,0.031262170123746165,0.005527499133578117
0.3267826782678268,2.970019446994196e-27,0.031293451059824555,0.005535797434277997
0.3268326832683268,2.9722480200471665e-27,0.03132476329561624,0.005544108193015916
0.3268826882688269,2.9744782653241538e-27,0.031356106862439705,0.005552431428494829
0.32693269326932695,2.9767101840799252e-27,0.031387481791644835,0.005560767159445779
0.326982698269827,2.978943777570184e-27,0.03141888811461284,0.005569115404627902
0.327032703270327,2.9811790470515733e-27,0.03145032586275621,0.0055774761828285
0.3270827082708271,2.983415993781693e-27,0.03148179506751915,0.005585849512863121
0.32713271327132715,2.9856546190190722e-27,0.031513295760377084,0.005594235413575511
0.3271827182718272,2.9878949240231897e-27,0.031544827972836996,0.005602633903837728
0.3272327232723272,2.9901369100544657e-27,0.031576391736437386,0.005611045002550142
0.3272827282728273,2.9923805783742767e-27,0.031607987082748416,0.00561946872864154
0.32733273327332735,2.9946259302449363e-27,0.03163961404337171,0.005627905101069093
0.3273827382738274,2.996872966929704e-27,0.031671272649940546,0.005636354138818428
0.3274327432743274,2.999121689692794e-27,0.03170296293411985,0.005644815860903693
0.3274827482748275,3.0013720997993657e-27,0.0317346849276063,0.005653290286367584
0.32753275327532755,3.0036241985155276e-27,0.0317664386621282,0.005661777434281361
0.3275827582758276,3.00587798710834e-27,0.03179822416944569,0.005670277323744942
0.3276327632763276,3.008133466845809e-27,0.031830041481350546,0.005678789973886896
0.3276827682768277,3.0103906389968987e-27,0.03186189062966651,0.005687315403864526
0.32773277327732775,3.0126495048315245e-27,0.031893771646249125,0.0056958536328639
0.3277827782778278,3.0149100656205494e-27,0.03192568456298577,0.005704404680099866
0.3278327832783278,3.0171723226357904e-27,0.03195762941179567,0.005712968564816125
0.3278827882788279,3.019436277150029e-27,0.031989606224630165,0.0057215453062853016
0.32793279327932795,3.0217019304369913e-27,0.032021615033472464,0.005730134923808916
0.327982798279828,3.023969283771361e-27,0.03205365587033772,0.0057387374367174745
0.328032803280328,3.0262383384287763e-27,0.03208572876727318,0.005747352864370487
0.3280828082808281,3.0285090956858434e-27,0.032117833756358224,0.005755981226156591
0.32813281328132815,3.030781556820116e-27,0.032149970869704246,0.0057646225414934565
0.3281828182818282,3.033055723110106e-27,0.03218214013945475,0.005773276829827939
0.3282328232823282,3.035331595835289e-27,0.03221434159778547,0.005781944110636085
0.3282828282828283,3.037609176276104e-27,0.03224657527690434,0.005790624403423193
0.32833283328332835,3.0398884657139406e-27,0.03227884120905142,0.00579931772772382
0.3283828382838284,3.0421694654311605e-27,0.03231113942649917,0.0058080241031018736
0.3284328432843284,3.0444521767110778e-27,0.0323434699615522,0.005816743549150603
0.3284828482848285,3.0467366008379783e-27,0.032375832846547575,0.005825476085492701
0.32853285328532855,3.0490227390971076e-27,0.03240822811385464,0.00583422173178032
0.3285828582858286,3.0513105927746747e-27,0.032440655795875156,0.005842980507695084
0.3286328632863286,3.05360016315785e-27,0.03247311592504321,0.005851752432948179
0.3286828682868287,3.055891451534784e-27,0.03250560853382556,0.005860537527280421
0.32873287328732875,3.058184459194579e-27,0.03253813365472123,0.005869335810462209
0.3287828782878288,3.0604791874273104e-27,0.032570691320261885,0.0058781473022936435
0.3288328832883288,3.0627756375240173e-27,0.03260328156301163,0.005886972022604532
0.3288828882888289,3.065073810776719e-27,0.032635904415567345,0.0058958099912545135
0.32893289328932895,3.067373708478392e-27,0.03266855991055836,0.005904661228132973
0.328982898289829,3.0696753319229862e-27,0.032701248080646665,0.0059135257531591785
0.329032903290329,3.0719786824054266e-27,0.03273396895852702,0.005922403586282306
0.3290829082908291,3.0742837612216087e-27,0.032766722576926866,0.005931294747481496
0.32913291329132915,3.0765905696683936e-27,0.03279950896860632,0.005940199256765841
0.3291829182918292,3.0788991090436256e-27,0.03283232816635838,0.005949117134174524
0.3292329232923292,3.0812093806461134e-27,0.03286518020300875,0.005958048399776769
0.3292829282928293,3.0835213857756477e-27,0.03289806511141613,0.005966993073671942
0.32933293329332936,3.085835125732993e-27,0.032930982924471976,0.005975951175989614
0.3293829382938294,3.0881506018198872e-27,0.032963933675100664,0.005984922726889536
0.32943294329432943,3.09046781533904e-27,0.032996917396259505,0.0059939077465617175
0.3294829482948295,3.092786767594155e-27,0.03302993412093891,0.006002906255226543
0.32953295329532956,3.095107459889898e-27,0.033062983882162174,0.006011918273134685
0.3295829582958296,3.097429893531922e-27,0.03309606671298567,0.006020943820567251
0.32963296329632963,3.099754069826852e-27,0.0331291826464988,0.00602998291783577
0.3296829682968297,3.102079990082306e-27,0.03316233171582421,0.006039035585282312
0.32973297329732976,3.104407655606873e-27,0.03319551395411755,0.006048101843279443
0.3297829782978298,3.1067370677101244e-27,0.0332287293945677,0.006057181712230323
0.32983298329832983,3.1090682277026176e-27,0.03326197807039675,0.006066275212568749
0.3298829882988299,3.1114011368958966e-27,0.033295260014860065,0.006075382364759207
0.32993299329932996,3.1137357966024814e-27,0.03332857526124621,0.006084503189296874
0.32998299829983,3.1160722081358815e-27,0.03336192384287713,0.0060936377067077295
0.33003300330033003,3.11841037281059e-27,0.033395305793108,0.006102785937548537
0.3300830083008301,3.1207502919420905e-27,0.03342872114532754,0.006111947902406949
0.33013301330133016,3.1230919668468503e-27,0.03346216993295778,0.006121123621901512
0.33018301830183017,3.1254353988423236e-27,0.03349565218945416,0.006130313116681723
0.33023302330233023,3.127780589246955e-27,0.03352916794830566,0.006139516407428085
0.3302830283028303,3.13012753938018e-27,0.03356271724303476,0.006148733514852164
0.33033303330333036,3.1324762505624214e-27,0.03359630010719746,0.006157964459696589
0.33038303830383037,3.1348267241150884e-27,0.03362991657438328,0.006167209262735129
0.33043304330433043,3.1371789613605953e-27,0.03366356667821552,0.0061764679447727944
0.3304830483048305,3.1395329636223366e-27,0.033697250452350974,0.0061857405266457655
0.33053305330533056,3.1418887322247026e-27,0.033730967930480145,0.006195027029221537
0.33058305830583057,3.1442462684930756e-27,0.03376471914632723,0.0062043274733989
0.33063306330633063,3.1466055737538416e-27,0.033798504133650244,0.006213641880108082
0.3306830683068307,3.1489666493343723e-27,0.033832322926240964,0.006222970270310669
0.33073307330733076,3.1513294965630366e-27,0.03386617555792487,0.006232312664999743
0.33078307830783077,3.1536941167692027e-27,0.03390006206256139,0.00624166908519991
0.33083308330833083,3.1560605112832396e-27,0.033933982474043896,0.006251039551967325
0.3308830883088309,3.1584286814365046e-27,0.03396793682629945,0.006260424086389756
0.33093309330933096,3.1607986285613654e-27,0.034001925153289314,0.006269822709586647
0.33098309830983097,3.1631703539911788e-27,0.034035947489008546,0.006279235442709113
0.33103310331033103,3.16554385906031e-27,0.03407000386748631,0.006288662306940054
0.3310831083108311,3.1679191451041245e-27,0.03410409432278586,0.006298103323494171
0.33113311331133116,3.1702962134589856e-27,0.03413821888900438,0.006307558513617999
0.33118311831183117,3.1726750654622583e-27,0.034172377600273245,0.006317027898589953
0.33123312331233123,3.175055702452324e-27,0.034206570490758155,0.006326511499720446
0.3312831283128313,3.1774381257685523e-27,0.03424079759465872,0.006336009338351852
0.33133313331333136,3.1798223367513257e-27,0.03427505894620893,0.006345521435858567
0.33138313831383137,3.1822083367420267e-27,0.034309354579676925,0.006355047813647091
0.33143314331433144,3.1845961270830575e-27,0.03434368452936532,0.006364588493156089
0.3314831483148315,3.186985709117815e-27,0.034378048829610874,0.006374143495856383
0.33153315331533156,3.1893770841907047e-27,0.034412447514784734,0.006383712843251016
0.33158315831583157,3.191770253647147e-27,0.034446880619292485,0.0063932965568753415
0.33163316331633164,3.194165218833572e-27,0.03448134817757418,0.006402894658297042
0.3316831683168317,3.1965619810974124e-27,0.034515850224104194,0.006412507169116158
0.33173317331733176,3.1989605417871205e-27,0.03455038679339157,0.006422134110965173
0.3317831783178318,3.2013609022521524e-27,0.03458495791997968,0.006431775505509036
0.33183318331833184,3.2037630638429837e-27,0.03461956363844663,0.00644143137444524
0.3318831883188319,3.206167027911103e-27,0.034654203983405095,0.0064511017395038365
0.33193319331933197,3.2085727958090065e-27,0.034688878989502285,0.0064607866224474985
0.331983198319832,3.2109803688902082e-27,0.03472358869142012,0.00647048604507157
0.33203320332033204,3.213389748509245e-27,0.034758333123875385,0.006480200029204138
0.3320832083208321,3.2158009360216608e-27,0.03479311232161937,0.00648992859670604
0.33213321332133217,3.2182139327840195e-27,0.03482792631943824,0.0064996717694709195
0.3321832183218322,3.220628740153901e-27,0.03486277515215292,0.0065094295694253105
0.33223322332233224,3.2230453594899107e-27,0.034897658854619276,0.006519202018528672
0.3322832283228323,3.2254637921516684e-27,0.03493257746172801,0.0065289891387734075
0.33233323332333237,3.2278840394998116e-27,0.03496753100840465,0.006538790952184945
0.3323832383238324,3.230306102896003e-27,0.03500251952960976,0.006548607480821772
0.33243324332433244,3.232729983702928e-27,0.035037543060338905,0.006558438746775524
0.3324832483248325,3.23515568328429e-27,0.03507260163562257,0.006568284772170952
0.33253325332533257,3.23758320300482e-27,0.03510769529052638,0.006578145579166077
0.3325832583258326,3.240012544230268e-27,0.035142824060150964,0.006588021189952132
0.33263326332633264,3.242443708327414e-27,0.03517798797963219,0.0065979116267536895
0.3326832683268327,3.244876696664063e-27,0.03521318708414098,0.006607816911828718
0.33273327332733277,3.247311510609042e-27,0.0352484214088835,0.00661773706746854
0.3327832783278328,3.249748151532206e-27,0.03528369098910106,0.006627672115997977
0.33283328332833284,3.252186620804446e-27,0.03531899586007039,0.006637622079775382
0.3328832883288329,3.254626919797672e-27,0.03535433605710339,0.006647586981192648
0.33293329332933297,3.2570690498848265e-27,0.03538971161554731,0.006657566842675292
0.332983298329833,3.259513012439878e-27,0.03542512257078474,0.0066675616866824754
0.33303330333033304,3.261958808837841e-27,0.03546056895823388,0.006677571535707145
0.3330833083308331,3.2644064404547444e-27,0.03549605081334808,0.006687596412275941
0.33313331333133317,3.266855908667655e-27,0.035531568171616276,0.006697636338949349
0.3331833183318332,3.269307214854677e-27,0.03556712106856301,0.006707691338321734
0.33323332333233324,3.271760360394948e-27,0.0356027095397483,0.006717761433021386
0.3332833283328333,3.274215346668634e-27,0.035638333620767675,0.006727846645710531
0.33333333333333337,3.276672175056946e-27,0.03567399334725241,0.0067379469990854705
0.3333833383338334,3.279130846942122e-27,0.0357096887548693,0.006748062515876519
0.33343334333433344,3.2815913637074416e-27,0.035745419879320936,0.006758193218848152
0.3334833483348335,3.284053726737228e-27,0.035781186756345625,0.006768339130799042
0.33353335333533357,3.286517937416834e-27,0.03581698942171737,0.006778500274562038
0.3335833583358336,3.2889839971326514e-27,0.035852827911245916,0.006788676673004283
0.33363336333633364,3.291451907272122e-27,0.035888702260777054,0.006798868349027278
0.3336833683368337,3.2939216692237235e-27,0.035924612506192284,0.0068090753255668855
0.33373337333733377,3.296393284376972e-27,0.035960558683409,0.006819297625593394
0.3337833783378338,3.298866754122425e-27,0.03599654082838056,0.006829535272111557
0.33383338333833384,3.3013420798516966e-27,0.036032558977096354,0.006839788288160741
0.3338833883388339,3.303819262957433e-27,0.03606861316558177,0.006850056696814824
0.3339333933393339,3.3062983048333215e-27,0.03610470342989806,0.006860340521182334
0.333983398339834,3.3087792068741145e-27,0.036140829806142895,0.0068706397844065506
0.33403340334033405,3.31126197047559e-27,0.036176992330449784,0.006880954509665431
0.3340834083408341,3.313746597034583e-27,0.0362131910389885,0.006891284720171746
0.3341334133413341,3.316233087948976e-27,0.03624942596796496,0.006901630439173137
0.3341834183418342,3.318721444617704e-27,0.036285697153621434,0.006911991689952138
0.33423342334233425,3.321211668440741e-27,0.03632200463223629,0.006922368495826209
0.3342834283428343,3.323703760819124e-27,0.036358348440124325,0.006932760880147858
0.3343334333433343,3.326197723154931e-27,0.03639472861363655,0.006943168866304616
0.3343834383438344,3.328693556851298e-27,0.036431145189160484,0.006953592477719146
0.33443344334433445,3.331191263312416e-27,0.03646759820311999,0.006964031737849284
0.3344834483448345,3.333690843943521e-27,0.03650408769197533,0.006974486670188058
0.3345334533453345,3.336192300150906e-27,0.03654061369222327,0.006984957298263754
0.3345834583458346,3.338695633341931e-27,0.03657717624039725,0.006995443645640032
0.33463346334633465,3.341200844924997e-27,0.036613775373067016,0.00700594573591589
0.3346834683468347,3.343707936309568e-27,0.036650411126839075,0.00701646359272577
0.3347334733473347,3.346216908906161e-27,0.036687083538356445,0.007026997239739551
0.3347834783478348,3.348727764126363e-27,0.036723792644298994,0.007037546700662729
0.33483348334833485,3.3512405033828094e-27,0.0367605384813831,0.007048111999236324
0.3348834883488349,3.353755128089196e-27,0.03679732108636193,0.007058693159237008
0.3349334933493349,3.3562716396602845e-27,0.03683414049602548,0.007069290204477167
0.334983498349835,3.3587900395118994e-27,0.03687099674720059,0.007079903158804939
0.33503350335033505,3.361310329060918e-27,0.03690788987675075,0.007090532046104233
0.3350835083508351,3.363832509725291e-27,0.03694481992157661,0.0071011768902948524
0.3351335133513351,3.366356582924025e-27,0.036981786918615506,0.007111837715332459
0.3351835183518352,3.368882550077198e-27,0.03701879090484187,0.0071225145452087435
0.33523352335233525,3.371410412605954e-27,0.03705583191726713,0.007133207403951385
0.3352835283528353,3.3739401719324955e-27,0.03709290999293967,0.007143916315624121
0.3353335333533353,3.376471829480093e-27,0.03713002516894492,0.0071546413043268005
0.3353835383538354,3.3790053866730986e-27,0.03716717748240561,0.00716538239419553
0.33543354335433545,3.381540844936919e-27,0.03720436697048147,0.007176139609402573
0.3354835483548355,3.384078205698034e-27,0.037241593670369375,0.00718691297415652
0.3355335533553355,3.3866174703839896e-27,0.03727885761930339,0.007197702512702262
0.3355835583558356,3.389158640423419e-27,0.03731615885455514,0.007208508249321172
0.33563356335633565,3.3917017172460095e-27,0.03735349741343317,0.007219330208330994
0.3356835683568357,3.394246702282527e-27,0.03739087333328353,0.00723016841408601
0.3357335733573357,3.396793596964815e-27,0.037428286651489624,0.007241022890977076
0.3357835783578358,3.399342402725788e-27,0.03746573740547231,0.007251893663431658
0.33583358335833585,3.401893120999435e-27,0.03750322563268979,0.007262780755913875
0.3358835883588359,3.404445753220825e-27,0.0375407513706378,0.007273684192924616
0.3359335933593359,3.4070003008260954e-27,0.03757831465684956,0.007284603999001493
0.335983598359836,3.40955676525247e-27,0.0376159155288959,0.007295540198719009
0.33603360336033605,3.41211514793825e-27,0.03765355402438527,0.007306492816688546
0.3360836083608361,3.4146754503228115e-27,0.03769123018096361,0.007317461877558417
0.3361336133613361,3.417237673846608e-27,0.03772894403631459,0.007328447406013939
0.3361836183618362,3.419801819951187e-27,0.03776669562815976,0.007339449426777527
0.33623362336233625,3.422367890079167e-27,0.03780448499425817,0.007350467964608675
0.3362836283628363,3.424935885674249e-27,0.03784231217240676,0.0073615030443040545
0.3363336333633363,3.427505808181215e-27,0.03788017720044021,0.007372554690697537
0.3363836383638364,3.430077659045945e-27,0.03791808011623126,0.007383622928660351
0.33643364336433645,3.4326514397153904e-27,0.037956020957690316,0.007394707783101007
0.3364836483648365,3.43522715163759e-27,0.037993999762765816,0.0074058092789654
0.3365336533653365,3.437804796261675e-27,0.038032016569444195,0.007416927441236908
0.3365836583658366,3.440384375037861e-27,0.03807007141574989,0.007428062294936422
0.33663366336633666,3.4429658894174485e-27,0.038108164339745294,0.00743921386512235
0.3366836683668367,3.445549340852833e-27,0.038146295379531035,0.007450382176890777
0.3367336733673367,3.448134730797493e-27,0.03818446457324568,0.007461567255375408
0.3367836783678368,3.450722060706004e-27,0.038222671959066146,0.007472769125747726
0.33683368336833686,3.4533113320340305e-27,0.038260917575207457,0.007483987813216987
0.3368836883688369,3.45590254623833e-27,0.038299201459922876,0.00749522334303029
0.33693369336933693,3.458495704776745e-27,0.03833752365150388,0.007506475740472608
0.336983698369837,3.461090809108229e-27,0.03837588418828041,0.007517745030866958
0.33703370337033706,3.463687860692815e-27,0.038414283108620696,0.00752903123957429
0.3370837083708371,3.4662868609916365e-27,0.03845272045093129,0.007540334391993654
0.33713371337133713,3.4688878114669215e-27,0.03849119625365717,0.007551654513562234
0.3371837183718372,3.4714907135820046e-27,0.03852971055528197,0.007562991629755422
0.33723372337233726,3.474095568801306e-27,0.03856826339432765,0.007574345766086827
0.3372837283728373,3.4767023785903496e-27,0.0386068548093547,0.007585716948108362
0.33733373337333733,3.4793111444157604e-27,0.03864548483896234,0.007597105201410316
0.3373837383738374,3.481921867745265e-27,0.03868415352178827,0.007608510551621402
0.33743374337433746,3.4845345500476846e-27,0.03872286089650894,0.007619933024408767
0.3374837483748375,3.487149192792952e-27,0.038761607001839504,0.0076313726454781535
0.33753375337533753,3.489765797452093e-27,0.03880039187653375,0.0076428294405738294
0.3375837583758376,3.4923843654972454e-27,0.03883921555938435,0.007654303435478767
0.33763376337633766,3.49500489840165e-27,0.0388780780892228,0.007665794656014633
0.33768376837683767,3.497627397639646e-27,0.038916979504919305,0.007677303128041815
0.33773377337733773,3.5002518646866874e-27,0.038955919845383116,0.007688828877459591
0.3377837783778378,3.502878301019336e-27,0.038994899149562466,0.007700371930206074
0.33783378337833786,3.5055067081152534e-27,0.03903391745644432,0.0077119323122583515
0.33788378837883787,3.508137087453211e-27,0.039072974805054776,0.007723510049632448
0.33793379337933793,3.5107694405131016e-27,0.039112071234459124,0.007735105168383537
0.337983798379838,3.513403768775916e-27,0.039151206783761563,0.0077467176946058435
0.33803380338033806,3.51604007372376e-27,0.03919038149210548,0.007758347654432768
0.33808380838083807,3.5186783568398484e-27,0.03922959539867331,0.007769995074036964
0.33813381338133813,3.5213186196085186e-27,0.03926884854268698,0.007781659979630387
0.3381838183818382,3.523960863515215e-27,0.03930814096340744,0.0077933423974643245
0.33823382338233826,3.526605090046492e-27,0.03934747270013488,0.007805042353829465
0.33828382838283827,3.5292513006900275e-27,0.03938684379220899,0.007816759875055992
0.33833383338333833,3.5318994969346174e-27,0.03942625427900878,0.007828494987513623
0.3383838383838384,3.5345496802701614e-27,0.03946570419995251,0.007840247717611614
0.33843384338433846,3.537201852187693e-27,0.0395051935944981,0.007852018091798928
0.33848384838483847,3.539856014179352e-27,0.039544722502142755,0.007863806136564195
0.33853385338533853,3.542512167738407e-27,0.03958429096242338,0.007875611878435823
0.3385838583858386,3.545170314359244e-27,0.0396238990149163,0.007887435343982082
0.33863386338633866,3.547830455537368e-27,0.03966354669923752,0.007899276559811064
0.33868386838683867,3.550492592769402e-27,0.03970323405504257,0.007911135552570824
0.33873387338733874,3.553156727553109e-27,0.03974296112202691,0.007923012348949493
0.3387838783878388,3.555822861387358e-27,0.03978272793992546,0.00793490697567517
0.33883388338833886,3.558490995772152e-27,0.039822534548513006,0.007946819459516141
0.33888388838883887,3.561161132208611e-27,0.03986238098760408,0.00795874982728083
0.33893389338933894,3.5638332721989946e-27,0.03990226729705315,0.007970698105817995
0.338983898389839,3.5665074172466796e-27,0.03994219351675454,0.007982664322016605
0.33903390339033906,3.569183568856171e-27,0.03998215968664237,0.007994648502806035
0.3390839083908391,3.5718617285331066e-27,0.04002216584669084,0.008006650675156102
0.33913391339133914,3.574541897784258e-27,0.04006221203691418,0.008018670866077118
0.3391839183918392,3.577224078117513e-27,0.0401022982973665,0.008030709102619892
0.33923392339233926,3.579908271041907e-27,0.04014242466814213,0.008042765411875916
0.3392839283928393,3.582594478067597e-27,0.04018259118937544,0.008054839820977287
0.33933393339333934,3.585282700705877e-27,0.040222797901241066,0.008066932357096865
0.3393839383938394,3.587972940469177e-27,0.04026304484395368,0.00807904304744834
0.33943394339433947,3.5906651988710594e-27,0.04030333205776835,0.008091171919286185
0.3394839483948395,3.5933594774262155e-27,0.040343659582980224,0.008103318999905818
0.33953395339533954,3.5960557776504915e-27,0.04038402745992506,0.008115484316643693
0.3395839583958396,3.598754101060854e-27,0.04042443572897877,0.008127667896877204
0.33963396339633967,3.601454449175414e-27,0.04046488443055763,0.008139869768024926
0.3396839683968397,3.6041568235134166e-27,0.040505373605118446,0.008152089957546526
0.33973397339733974,3.60686122559526e-27,0.040545903293158575,0.008164328492942989
0.3397839783978398,3.6095676569424706e-27,0.040586473535215814,0.0081765854017565
0.33983398339833987,3.6122761190777206e-27,0.04062708437186844,0.008188860711570623
0.3398839883988399,3.614986613524822e-27,0.040667735843735446,0.008201154450010337
0.33993399339933994,3.6176991418087386e-27,0.04070842799147649,0.008213466644742115
0.33998399839984,3.620413705455569e-27,0.040749160855791805,0.008225797323473907
0.34003400340034007,3.623130305992564e-27,0.04078993447742247,0.00823814651395533
0.3400840084008401,3.625848944948112e-27,0.04083074889715017,0.008250514243977596
0.34013401340134014,3.628569623851757e-27,0.040871604155797533,0.008262900541373687
0.3401840184018402,3.6312923442341875e-27,0.040912500294228035,0.008275305434018351
0.34023402340234027,3.634017107627242e-27,0.04095343735334603,0.008287728949828176
0.3402840284028403,3.636743915563896e-27,0.04099441537409657,0.008300171116761663
0.34033403340334034,3.639472769578299e-27,0.041035434397466125,0.008312631962819318
0.3403840384038404,3.6422036712057336e-27,0.041076494464481805,0.008325111516043641
0.34043404340434047,3.644936621982638e-27,0.041117595616211915,0.00833760980451925
0.3404840484048405,3.6476716234466014e-27,0.04115873789376575,0.008350126856372911
0.34053405340534054,3.650408677136378e-27,0.041199921338293935,0.008362662699773657
0.3405840584058406,3.6531477845918646e-27,0.04124114599098814,0.00837521736293278
0.34063406340634067,3.655888947354113e-27,0.041282411893081176,0.0083877908741039
0.3406840684068407,3.658632166965344e-27,0.04132371908584732,0.0084003832615831
0.34073407340734074,3.661377444968922e-27,0.04136506761060197,0.008412994553708933
0.3407840784078408,3.664124782909375e-27,0.04140645750870192,0.008425624778862469
0.34083408340834087,3.666874182332393e-27,0.04144788882154538,0.008438273965467424
0.3408840884088409,3.6696256447848194e-27,0.04148936159057193,0.008450942141990145
0.34093409340934094,3.672379171814661e-27,0.04153087585726262,0.00846362933693974
0.340984098409841,3.675134764971091e-27,0.04157243166314011,0.008476335578868137
0.34103410341034107,3.6778924258044386e-27,0.04161402904976845,0.008489060896370087
0.3410841084108411,3.680652155866193e-27,0.041655668058753294,0.008501805318083266
0.34113411341134114,3.683413956709022e-27,0.04169734873174214,0.008514568872688404
0.3411841184118412,3.686177829886745e-27,0.0417390711104239,0.008527351588909236
0.3412341234123413,3.688943776954352e-27,0.04178083523652931,0.008540153495512622
0.3412841284128413,3.6917117994679936e-27,0.04182264115183078,0.008552974621308596
0.34133413341334135,3.6944818989850055e-27,0.04186448889814276,0.00856581499515052
0.3413841384138414,3.697254077063875e-27,0.041906378517321305,0.008578674645934994
0.3414341434143414,3.700028335264257e-27,0.04194831005126429,0.008591553602601996
0.3414841484148415,3.702804675146998e-27,0.0419902835419118,0.008604451894135048
0.34153415341534155,3.705583098274093e-27,0.04203229903124572,0.008617369549561058
0.3415841584158416,3.708363606208717e-27,0.04207435656128981,0.00863030659795059
0.3416341634163416,3.711146200515221e-27,0.042116456174110126,0.008643263068417825
0.3416841684168417,3.713930882759129e-27,0.04215859791181472,0.00865623899012068
0.34173417341734175,3.716717654507135e-27,0.042200781816553665,0.008669234392260793
0.3417841784178418,3.7195065173271155e-27,0.04224300793051946,0.008682249304083699
0.3418341834183418,3.722297472788114e-27,0.042285276295946486,0.008695283754878791
0.3418841884188419,3.7250905224603616e-27,0.04232758695511168,0.008708337773979467
0.34193419341934195,3.727885667915263e-27,0.04236993995033418,0.00872141139076316
0.341984198419842,3.7306829107254035e-27,0.04241233532397541,0.008734504634651396
0.342034203420342,3.7334822524645365e-27,0.04245477311843917,0.008747617535109825
0.3420842084208421,3.736283694707621e-27,0.042497253376171884,0.008760750121648451
0.34213421342134215,3.739087239030777e-27,0.04253977613966226,0.00877390242382147
0.3421842184218422,3.7418928870113156e-27,0.04258234145144155,0.008787074471227506
0.3422342234223422,3.744700640227721e-27,0.0426249493540835,0.00880026629350955
0.3422842284228423,3.7475105002596836e-27,0.04266759989020472,0.008813477920355212
0.34233423342334235,3.750322468688059e-27,0.042710293102464186,0.008826709381496581
0.3423842384238424,3.753136547094894e-27,0.04275302903356362,0.008839960706710372
0.3424342434243424,3.755952737063426e-27,0.04279580772624751,0.008853231925818075
0.3424842484248425,3.7587710401780846e-27,0.042838629223303205,0.00886652306868591
0.34253425342534255,3.761591458024473e-27,0.042881493567560644,0.008879834165224912
0.3425842584258426,3.764413992189402e-27,0.042924400801892866,0.008893165245391072
0.3426342634263426,3.767238644260857e-27,0.04296735096921562,0.00890651633918529
0.3426842684268427,3.770065415828029e-27,0.04301034411248766,0.008919887476653574
0.34273427342734275,3.7728943084812945e-27,0.0430533802747108,0.008933278687887009
0.3427842784278428,3.775725323812221e-27,0.04309645949892974,0.00894669000302184
0.3428342834283428,3.778558463413571e-27,0.04313958182823234,0.008960121452239539
0.3428842884288429,3.7813937288793124e-27,0.04318274730574962,0.00897357306576697
0.34293429342934295,3.784231121804597e-27,0.043225955974655644,0.008987044873876308
0.342984298429843,3.787070643785777e-27,0.043269207878167744,0.009000536906885176
0.343034303430343,3.789912296420399e-27,0.043312503059546405,0.009014049195156708
0.3430843084308431,3.792756081307221e-27,0.04335584156209559,0.009027581769099699
0.34313431343134315,3.7956020000461876e-27,0.04339922342916243,0.009041134659168486
0.3431843184318432,3.798450054238446e-27,0.043442648704137415,0.009054707895863188
0.3432343234323432,3.801300245486351e-27,0.04348611743045458,0.009068301509729704
0.3432843284328433,3.804152575393457e-27,0.043529629651591364,0.009081915531359808
0.34333433343334335,3.807007045564516e-27,0.043573185411068624,0.009095549991391156
0.3433843384338434,3.809863657605492e-27,0.043616784752450885,0.009109204920507444
0.3434343434343434,3.812722413123549e-27,0.043660427719346175,0.009122880349438393
0.3434843484348435,3.815583313727059e-27,0.04370411435540624,0.009136576308959882
0.34353435343534355,3.818446361025604e-27,0.04374784470432646,0.009150292829894022
0.3435843584358436,3.821311556629967e-27,0.0437916188098459,0.009164029943109135
0.3436343634363436,3.824178902152139e-27,0.04383543671574738,0.0091777876795199
0.3436843684368437,3.827048399205334e-27,0.043879298465857725,0.00919156607008746
0.34373437343734375,3.829920049403961e-27,0.04392320410404733,0.00920536514581939
0.3437843784378438,3.832793854363648e-27,0.04396715367423068,0.00921918493776981
0.3438343834383438,3.835669815701229e-27,0.04401114722036604,0.00923302547703947
0.3438843884388439,3.8385479350347644e-27,0.04405518478645592,0.009246886794775854
0.34393439343934396,3.8414282139835145e-27,0.0440992664165466,0.009260768922173146
0.343984398439844,3.844310654167961e-27,0.04414339215472852,0.009274671890472388
0.344034403440344,3.847195257209802e-27,0.04418756204513629,0.009288595730961533
0.3440844084408441,3.850082024731954e-27,0.044231776131948675,0.009302540474975491
0.34413441344134416,3.8529709583585414e-27,0.04427603445938849,0.009316506153896205
0.3441844184418442,3.855862059714922e-27,0.044320337071723045,0.009330492799152771
0.34423442344234423,3.858755330427661e-27,0.04436468401326373,0.009344500442221404
0.3442844284428443,3.861650772124549e-27,0.04440907532836643,0.00935852911462563
0.34433443344334436,3.8645483864346014e-27,0.04445351106143129,0.009372578847936302
0.3443844384438444,3.86744817498805e-27,0.04449799125690298,0.009386649673771627
0.34443444344434443,3.870350139416348e-27,0.044542515959270466,0.009400741623797289
0.3444844484448445,3.873254281352187e-27,0.044587085213067576,0.009414854729726559
0.34453445344534456,3.876160602429467e-27,0.044631699062872364,0.00942898902332027
0.3445844584458446,3.879069104283321e-27,0.04467635755330759,0.009443144536386937
0.34463446344634463,3.881979788550104e-27,0.04472106072904065,0.00945732130078282
0.3446844684468447,3.8848926568674135e-27,0.04476580863478377,0.00947151934841209
0.34473447344734476,3.8878077108740635e-27,0.0448106013152938,0.009485738711226715
0.3447844784478448,3.8907249522100934e-27,0.04485543881537231,0.009499979421226653
0.34483448344834483,3.893644382516782e-27,0.04490032117986577,0.009514241510459919
0.3448844884488449,3.896566003436643e-27,0.04494524845366561,0.009528525011022672
0.34493449344934496,3.899489816613412e-27,0.04499022068170806,0.009542829955059184
0.344984498449845,3.902415823692065e-27,0.045035237908974304,0.00955715637476206
0.34503450345034503,3.905344026318809e-27,0.04508030018049064,0.009571504302372164
0.3450845084508451,3.9082744261410855e-27,0.04512540754132827,0.009585873770178808
0.34513451345134516,3.91120702480758e-27,0.0451705600366037,0.009600264810519784
0.34518451845184517,3.914141823968203e-27,0.04521575771147838,0.009614677455781383
0.34523452345234523,3.917078825274112e-27,0.04526100061115903,0.009629111738398576
0.3452845284528453,3.9200180303777056e-27,0.04530628878089766,0.009643567690855007
0.34533453345334536,3.922959440932611e-27,0.04535162226599148,0.009658045345683068
0.34538453845384537,3.925903058593701e-27,0.045397001111782936,0.009672544735463985
0.34543454345434543,3.928848885017099e-27,0.045442425363660124,0.009687065892827954
0.3454845484548455,3.931796921860159e-27,0.04548789506705632,0.009701608850454107
0.34553455345534556,3.934747170781487e-27,0.04553341026745033,0.009716173641070648
0.34558455845584557,3.937699633440922e-27,0.04557897101036635,0.009730760297454892
0.34563456345634563,3.940654311499567e-27,0.04562457734137442,0.009745368852433439
0.3456845684568457,3.943611206619758e-27,0.04567022930608996,0.009759999338882084
0.34573457345734576,3.9465703204650754e-27,0.04571592695017398,0.009774651789726
0.34578457845784577,3.949531654700359e-27,0.04576167031933329,0.00978932623793984
0.34583458345834583,3.952495210991694e-27,0.0458074594593205,0.00980402271654771
0.3458845884588459,3.955460991006409e-27,0.04585329441593381,0.009818741258623292
0.34593459345934596,3.958428996413093e-27,0.045899175235017436,0.009833481897289949
0.34598459845984597,3.9613992288815814e-27,0.04594510196246129,0.009848244665720747
0.34603460346034604,3.964371690082964e-27,0.04599107464420133,0.009863029597138579
0.3460846084608461,3.967346381689587e-27,0.04603709332621949,0.009877836724816196
0.34613461346134616,3.970323305375051e-27,0.04608315805454362,0.00989266608207633
0.34618461846184617,3.9733024628142e-27,0.04612926887524758,0.009907517702291648
0.34623462346234624,3.976283855683157e-27,0.04617542583445157,0.009922391618885062
0.3462846284628463,3.979267485659288e-27,0.046221628978321695,0.009937287865329549
0.34633463346334636,3.982253354421219e-27,0.046267878353070405,0.009952206475148375
0.3463846384638464,3.9852414636488326e-27,0.04631417400495621,0.009967147481915106
0.34643464346434644,3.988231815023288e-27,0.04636051598028415,0.009982110919253806
0.3464846484648465,3.991224410226987e-27,0.04640690432540545,0.009997096820838913
0.34653465346534656,3.9942192509435994e-27,0.046453339086717685,0.01001210522039543
0.3465846584658466,3.997216338858061e-27,0.04649982031066493,0.010027136151699029
0.34663466346634664,4.000215675656579e-27,0.04654634804373778,0.010042189648576127
0.3466846684668467,4.003217263026607e-27,0.04659292233247315,0.010057265744903815
0.34673467346734677,4.006221102656884e-27,0.04663954322345478,0.01007236447461013
0.3467846784678468,4.009227196237401e-27,0.04668621076331277,0.010087485871673997
0.34683468346834684,4.0122355454594275e-27,0.04673292499872406,0.01010262997012539
0.3468846884688469,4.0152461520155015e-27,0.04677968597641229,0.010117796804045351
0.34693469346934697,4.018259017599425e-27,0.046826493743147735,0.010132986407566073
0.346984698469847,4.02127414390627e-27,0.04687334834574747,0.010148198814871012
0.34703470347034704,4.024291532632391e-27,0.04692024983107556,0.010163434060194956
0.3470847084708471,4.027311185475406e-27,0.04696719824604286,0.010178692177824052
0.34713471347134717,4.0303331041342105e-27,0.047014193637607206,0.010193973202095953
0.3471847184718472,4.0333572903089675e-27,0.047061236052773264,0.010209277167399803
0.34723472347234724,4.0363837457011326e-27,0.04710832553859304,0.01022460410817648
0.3472847284728473,4.039412472013423e-27,0.04715546214216536,0.010239954058918487
0.34733473347334737,4.042443470949835e-27,0.047202645910636214,0.0102553270541701
0.3473847384738474,4.045476744215648e-27,0.04724987689119886,0.010270723128527495
0.34743474347434744,4.048512293517424e-27,0.04729715513109377,0.010286142316638802
0.3474847484748475,4.051550120562994e-27,0.04734448067760855,0.010301584653204103
0.34753475347534757,4.054590227061486e-27,0.04739185357807832,0.010317050172975654
0.3475847584758476,4.057632614723294e-27,0.04743927387988539,0.010332538910757794
0.34763476347634764,4.060677285260107e-27,0.047486741630459565,0.010348050901407186
0.3476847684768477,4.063724240384898e-27,0.047534256877278164,0.010363586179832804
0.34773477347734777,4.066773481811918e-27,0.04758181966786582,0.01037914478099603
0.3477847784778478,4.069825011256705e-27,0.04762943004979486,0.010394726739910667
0.34783478347834784,4.072878830436099e-27,0.04767708807068532,0.01041033209164323
0.3478847884788479,4.075934941068207e-27,0.047724793778204676,0.010425960871312725
0.34793479347934797,4.078993344872439e-27,0.04777254722006817,0.010441613114090973
0.347984798479848,4.082054043569486e-27,0.04782034844403873,0.010457288855202541
0.34803480348034804,4.0851170388813454e-27,0.047868197497927305,0.010472988129924948
0.3480848084808481,4.0881823325312925e-27,0.04791609442959243,0.010488710973588646
0.34813481348134817,4.0912499262438956e-27,0.04796403928694064,0.010504457421577053
0.3481848184818482,4.094319821745024e-27,0.04801203211792631,0.010520227509326819
0.34823482348234824,4.0973920207618435e-27,0.04806007297055204,0.010536021272327736
0.3482848284828483,4.100466525022806e-27,0.048108161892868165,0.01055183874612287
0.34833483348334837,4.1035433362576725e-27,0.0481562989329733,0.010567679966308703
0.3483848384838484,4.106622456197486e-27,0.04820448413901403,0.01058354496853506
0.34843484348434844,4.109703886574606e-27,0.048252717559185275,0.010599433788505381
0.3484848484848485,4.112787629122685e-27,0.04830099924173015,0.010615346461976673
0.3485348534853486,4.11587368557667e-27,0.04834932923493994,0.010631283024759604
0.3485848584858486,4.118962057672813e-27,0.048397707587154205,0.010647243512718606
0.34863486348634865,4.1220527471486785e-27,0.04844613434676118,0.010663227961771991
0.3486848684868487,4.125145755743126e-27,0.048494609562197234,0.010679236407891979
0.3487348734873488,4.128241085196317e-27,0.04854313328194725,0.010695268887104767
0.3487848784878488,4.131338737249717e-27,0.04859170555454458,0.01071132543549063
0.34883488348834885,4.134438713646119e-27,0.04864032642857142,0.010727406089184094
0.3488848884888489,4.1375410161296e-27,0.0486889959526583,0.010743510884373832
0.348934893489349,4.140645646445553e-27,0.04873771417548436,0.0107596398573029
0.348984898489849,4.143752606340683e-27,0.04878648114577769,0.010775793044268742
0.34903490349034905,4.146861897563007e-27,0.04883529691231502,0.01079197048162333
0.3490849084908491,4.149973521861848e-27,0.04888416152392183,0.01080817220577315
0.3491349134913491,4.153087480987846e-27,0.04893307502947251,0.010824398253179419
0.3491849184918492,4.156203776692958e-27,0.048982037477890455,0.01084064866035804
0.34923492349234925,4.159322410730444e-27,0.049031048918147795,0.010856923463879738
0.3492849284928493,4.1624433848548906e-27,0.049080109399265825,0.010873222700370163
0.3493349334933493,4.165566700822197e-27,0.04912921897031487,0.010889546406509935
0.3493849384938494,4.1686923603895764e-27,0.04917837768041423,0.010905894619034748
0.34943494349434945,4.1718203653155695e-27,0.0492275855787326,0.010922267374735442
0.3494849484948495,4.17495071736003e-27,0.049276842714487644,0.010938664710458118
0.3495349534953495,4.1780834182841256e-27,0.04932614913694625,0.010955086663104114
0.3495849584958496,4.181218469850363e-27,0.04937550489542492,0.010971533269630277
0.34963496349634965,4.1843558738225574e-27,0.0494249100392892,0.010988004567048848
0.3496849684968497,4.1874956319658535e-27,0.04947436461795406,0.011004500592427694
0.3497349734973497,4.190637746046712e-27,0.04952386868088397,0.011021021382890251
0.3497849784978498,4.193782217832935e-27,0.04957342227759302,0.011037566975615802
0.34983498349834985,4.196929049093638e-27,0.04962302545764466,0.011054137407839358
0.3498849884988499,4.2000782415992625e-27,0.049672678270651915,0.011070732716851836
0.3499349934993499,4.20322979712159e-27,0.049722380766277656,0.011087352940000182
0.34998499849985,4.206383717433728e-27,0.04977213299423432,0.011103998114687395
0.35003500350035005,4.209540004310102e-27,0.04982193500428396,0.01112066827837259
0.3500850085008501,4.212698659526486e-27,0.04987178684623871,0.011137363468571157
0.3501350135013501,4.215859684859977e-27,0.04992168856996027,0.011154083722854794
0.3501850185018502,4.219023082089005e-27,0.049971640225360416,0.011170829078851599
0.35023502350235025,4.222188852993342e-27,0.05002164186240079,0.011187599574246185
0.3502850285028503,4.225356999354089e-27,0.05007169353109305,0.011204395246779707
0.3503350335033503,4.228527522953677e-27,0.05012179528149877,0.011221216134249977
0.3503850385038504,4.231700425575894e-27,0.05017194716372988,0.011238062274511617
0.35043504350435045,4.2348757090058506e-27,0.050222149227948244,0.011254933705475997
0.3504850485048505,4.2380533750300004e-27,0.05027240152436596,0.011271830465111458
0.3505350535053505,4.241233425436132e-27,0.05032270410324527,0.011288752591443274
0.3505850585058506,4.244415862013393e-27,0.050373057014899046,0.011305700122553903
0.35063506350635065,4.2476006865522574e-27,0.05042346030969016,0.011322673096582917
0.3506850685068507,4.250787900844543e-27,0.050473914038031926,0.01133967155172713
0.3507350735073507,4.2539775066834215e-27,0.050524418250388246,0.011356695526240735
0.3507850785078508,4.257169505863406e-27,0.05057497299727348,0.011373745058435367
0.35083508350835085,4.26036390018035e-27,0.050625578329252414,0.011390820186680101
0.3508850885088509,4.263560691431468e-27,0.05067623429694053,0.011407920949401738
0.3509350935093509,4.266759881415305e-27,0.050726940951003906,0.011425047385084644
0.350985098509851,4.269961471931771e-27,0.05077769834215938,0.01144219953227102
0.35103510351035105,4.2731654647821226e-27,0.05082850652117452,0.011459377429560956
0.3510851085108511,4.276371861768965e-27,0.05087936553886768,0.011476581115612432
0.3511351135113511,4.279580664696251e-27,0.0509302754461079,0.011493810629141477
0.3511851185118512,4.282791875369303e-27,0.05098123629381549,0.011511066008922294
0.35123512351235125,4.286005495594786e-27,0.05103224813296142,0.01152834729378726
0.3512851285128513,4.2892215271807195e-27,0.0510833110145677,0.011545654522627036
0.3513351335133513,4.2924399719364806e-27,0.051134424989707376,0.011562987734390646
0.3513851385138514,4.295660831672816e-27,0.051185590109504776,0.011580346968085707
0.35143514351435146,4.298884108201818e-27,0.05123680642513526,0.011597732262778255
0.3514851485148515,4.302109803336938e-27,0.05128807398782527,0.01161514365759305
0.35153515351535153,4.305337918892996e-27,0.0513393928488527,0.01163258119171357
0.3515851585158516,4.3085684566861724e-27,0.0513907630595467,0.01165004490438215
0.35163516351635166,4.3118014185340015e-27,0.05144218467128767,0.011667534834899958
0.3516851685168517,4.315036806255399e-27,0.0514936577355077,0.011685051022627279
0.35173517351735173,4.318274621670623e-27,0.051545182303689936,0.011702593506983371
0.3517851785178518,4.321514866601316e-27,0.051596758427369396,0.011720162327446751
0.35183518351835186,4.324757542870481e-27,0.05164838615813249,0.011737757523555197
0.3518851885188519,4.328002652302485e-27,0.0517000655476173,0.0117553791349058
0.35193519351935193,4.331250196723063e-27,0.05175179664751343,0.0117730272011551
0.351985198519852,4.334500177959337e-27,0.05180357950956255,0.011790701762019268
0.35203520352035206,4.337752597839779e-27,0.051855414185557724,0.01180840285727399
0.3520852085208521,4.341007458194242e-27,0.05190730072734406,0.011826130526754696
0.35213521352135213,4.344264760853946e-27,0.05195923918681841,0.011843884810356609
0.3521852185218522,4.3475245076515004e-27,0.05201122961592973,0.011861665748034912
0.35223522352235226,4.350786700420875e-27,0.05206327206667886,0.01187947337980471
0.3522852285228523,4.354051340997419e-27,0.05211536659111852,0.011897307745741189
0.35233523352335233,4.35731843121786e-27,0.052167513241353776,0.011915168885979684
0.3523852385238524,4.360587972920309e-27,0.052219712069541735,0.01193305684071587
0.35243524352435246,4.363859967944244e-27,0.052271963127891584,0.011950971650205635
0.3524852485248525,4.367134418130538e-27,0.05232426646866491,0.01196891335476543
0.35253525352535253,4.370411325321428e-27,0.05237662214417543,0.011986881994772115
0.3525852585258526,4.373690691360551e-27,0.0524290302067894,0.012004877610663262
0.35263526352635266,4.37697251809292e-27,0.05248149070892534,0.012022900242937114
0.3526852685268527,4.3802568073649295e-27,0.05253400370305426,0.01204094993215271
0.35273527352735273,4.383543561024355e-27,0.05258656924169952,0.012059026718929946
0.3527852785278528,4.386832780920378e-27,0.05263918737743741,0.012077130643949786
0.35283528352835286,4.390124468903548e-27,0.05269185816289648,0.012095261747954202
0.35288528852885287,4.393418626825806e-27,0.052744581650757946,0.012113420071746307
0.35293529352935293,4.3967152565404955e-27,0.052797357893756086,0.012131605656190567
0.352985298529853,4.40001435990234e-27,0.05285018694467755,0.012149818542212733
0.35303530353035306,4.403315938767452e-27,0.05290306885636201,0.012168058770799971
0.35308530853085307,4.406619994993338e-27,0.052956003681701835,0.012186326383001003
0.35313531353135313,4.4099265304389116e-27,0.05300899147364264,0.012204621419926233
0.3531853185318532,4.413235546964466e-27,0.05306203228518273,0.012222943922747712
0.35323532353235326,4.416547046431693e-27,0.05311512616937346,0.012241293932699317
0.35328532853285327,4.419861030703686e-27,0.05316827317931942,0.01225967149107685
0.35333533353335334,4.423177501644937e-27,0.05322147336817829,0.012278076639238097
0.3533853385338534,4.4264964611213304e-27,0.053274726789160835,0.012296509418602915
0.35343534353435346,4.429817911000156e-27,0.05332803349553114,0.012314969870653393
0.35348534853485347,4.433141853150101e-27,0.05338139354060657,0.012333458036933831
0.35353535353535354,4.436468289441258e-27,0.0534348069777579,0.012351973959050936
0.3535853585358536,4.439797221745126e-27,0.05348827386040927,0.01237051767867391
0.35363536353635366,4.443128651934601e-27,0.05354179424203819,0.012389089237534455
0.3536853685368537,4.446462581883979e-27,0.05359536817617572,0.01240768867742688
0.35373537353735374,4.4497990134689856e-27,0.05364899571640664,0.012426316040208413
0.3537853785378538,4.453137948566732e-27,0.05370267691636918,0.012444971367798971
0.35383538353835386,4.4564793890557454e-27,0.05375641182975523,0.012463654702181429
0.3538853885388539,4.459823336815957e-27,0.05381020051031045,0.012482366085401686
0.35393539353935394,4.4631697937287225e-27,0.05386404301183435,0.012501105559568829
0.353985398539854,4.4665187616767974e-27,0.05391793938818021,0.012519873166855109
0.35403540354035407,4.4698702425443485e-27,0.05397188969325508,0.01253866894949607
0.3540854085408541,4.4732242382169674e-27,0.05402589398102019,0.012557492949790708
0.35413541354135414,4.476580750581653e-27,0.05407995230549062,0.012576345210101508
0.3541854185418542,4.479939781526816e-27,0.054134064720735425,0.01259522577285453
0.35423542354235427,4.4833013329422966e-27,0.05418823128087792,0.012614134680539586
0.3542854285428543,4.48666540671934e-27,0.05424245204009546,0.012633071975710187
0.35433543354335434,4.4900320047506185e-27,0.0542967270526197,0.012652037700983795
0.3543854385438544,4.493401128930223e-27,0.05435105637273648,0.012671031899041861
0.35443544354435447,4.496772781153667e-27,0.054405440054786085,0.012690054612629864
0.3544854485448545,4.5001469633178764e-27,0.05445987815316287,0.012709105884557459
0.35453545354535454,4.503523677321219e-27,0.054514370722316054,0.01272818575769864
0.3545854585458546,4.506902925063469e-27,0.05456891781674899,0.012747294274991685
0.35463546354635467,4.5102847084458396e-27,0.054623519491019755,0.012766431479439382
0.3546854685468547,4.513669029370953e-27,0.054678175799740755,0.012785597414109024
0.35473547354735474,4.517055889742884e-27,0.05473288679757953,0.012804792122132638
0.3547854785478548,4.5204452914671195e-27,0.0547876525392579,0.01282401564670697
0.35483548354835487,4.523837236450571e-27,0.05484247307955248,0.012843268031093567
0.3548854885488549,4.527231726601596e-27,0.05489734847329483,0.012862549318618988
0.35493549354935494,4.5306287638299815e-27,0.05495227877537141,0.012881859552674856
0.354985498549855,4.534028350046933e-27,0.05500726404072342,0.012901198776717814
0.35503550355035507,4.537430487165111e-27,0.0550623043243472,0.012920567034269916
0.3550855085508551,4.540835177098591e-27,0.055117399681293935,0.0129399643689184
0.35513551355135514,4.544242421762898e-27,0.055172550166670116,0.01295939082431603
0.3551855185518552,4.547652223074996e-27,0.05522775583563726,0.01297884644418112
0.35523552355235527,4.551064582953275e-27,0.05528301674341204,0.01299833127229753
0.3552855285528553,4.554479503317568e-27,0.05533833294526635,0.01301784535251488
0.35533553355335534,4.5578969860891646e-27,0.05539370449652766,0.013037388728748702
0.3553855385538554,4.561317033190775e-27,0.055449131452578466,0.013056961444980385
0.35543554355435547,4.564739646546563e-27,0.05550461386885683,0.013076563545257337
0.3554855485548555,4.568164828082126e-27,0.055560151800856196,0.013096195073693088
0.35553555355535554,4.571592579724528e-27,0.05561574530412579,0.013115856074467492
0.3555855585558556,4.575022903402258e-27,0.05567139443427017,0.013135546591826619
0.35563556355635567,4.578455801045256e-27,0.05572709924694945,0.013155266670082986
0.3556855685568557,4.581891274584915e-27,0.05578285979787977,0.013175016353615662
0.35573557355735574,4.585329325954081e-27,0.05583867614283282,0.013194795686870372
0.3557855785578558,4.588769957087039e-27,0.05589454833763607,0.013214604714359469
0.3558355835583559,4.5922131699195334e-27,0.055950476438172886,0.013234443480662236
0.3558855885588559,4.595658966388757e-27,0.056006460500382535,0.013254312030424794
0.35593559355935595,4.599107348433359e-27,0.05606250058026039,0.013274210408360349
0.355985598559856,4.6025583179934466e-27,0.05611859673385765,0.013294138659249242
0.3560356035603561,4.6060118770105745e-27,0.056174749017281776,0.01331409682793897
0.3560856085608561,4.609468027427753e-27,0.05623095748669614,0.013334084959344407
0.35613561356135615,4.6129267711894686e-27,0.05628722219832064,0.013354103098447891
0.3561856185618562,4.6163881102416455e-27,0.05634354320843118,0.013374151290299232
0.3562356235623563,4.619852046531678e-27,0.056399920573360025,0.0133942295800159
0.3562856285628563,4.6233185820084135e-27,0.05645635434949569,0.01341433801278304
0.35633563356335635,4.626787718622181e-27,0.05651284459328352,0.013434476633853758
0.3563856385638564,4.6302594583247536e-27,0.05656939136122486,0.013454645488549006
0.3564356435643565,4.633733803069373e-27,0.05662599470987785,0.013474844622257755
0.3564856485648565,4.637210754810753e-27,0.056682654695857156,0.013495074080437187
0.35653565356535655,4.640690315505072e-27,0.056739371375834166,0.013515333908612709
0.3565856585658566,4.644172487109968e-27,0.05679614480653678,0.01353562415237802
0.3566356635663566,4.64765727158456e-27,0.05685297504474993,0.013555944857395334
0.3566856685668567,4.651144670889432e-27,0.05690986214731519,0.0135762960693954
0.35673567356735675,4.654634686986632e-27,0.05696680617113094,0.013596677834177577
0.3567856785678568,4.6581273218396946e-27,0.05702380717315274,0.013617090197610072
0.3568356835683568,4.661622577413616e-27,0.057080865210392934,0.013637533205629859
0.3568856885688569,4.665120455674869e-27,0.057137980339920943,0.013658006904242905
0.35693569356935695,4.66862095859141e-27,0.05719515261886342,0.01367851133952431
0.356985698569857,4.672124088132662e-27,0.05725238210440404,0.013699046557618246
0.357035703570357,4.675629846269523e-27,0.05730966885378365,0.013719612604738177
0.3570857085708571,4.679138234974389e-27,0.05736701292430059,0.013740209527167056
0.35713571357135715,4.682649256221118e-27,0.05742441437331043,0.01376083737125718
0.3571857185718572,4.686162911985055e-27,0.05748187325822595,0.013781496183430511
0.3572357235723572,4.689679204243019e-27,0.0575393896365176,0.013802186010178638
0.3572857285728573,4.6931981349733334e-27,0.05759696356571335,0.013822906898063066
0.35733573357335735,4.696719706155787e-27,0.057654595103398605,0.013843658893715088
0.3573857385738574,4.700243919771655e-27,0.05771228430721632,0.01386444204383602
0.3574357435743574,4.703770777803709e-27,0.05777003123486738,0.013885256395197342
0.3574857485748575,4.707300282236208e-27,0.057827835944110305,0.013906101994640737
0.35753575357535755,4.710832435054886e-27,0.0578856984927612,0.01392697888907815
0.3575857585758576,4.714367238246985e-27,0.057943618938694375,0.013947887125492045
0.3576357635763576,4.717904693801223e-27,0.05800159733984172,0.013968826750935333
0.3576857685768577,4.7214448037078186e-27,0.05805963375419328,0.01398979781253162
0.35773577357735775,4.7249875699584864e-27,0.05811772823979718,0.014010800357475253
0.3577857785778578,4.728532994546428e-27,0.058175880854759464,0.014031834433031418
0.3578357835783578,4.7320810794663365e-27,0.05823409165724424,0.014052900086536214
0.3578857885788579,4.735631826714424e-27,0.05829236070547423,0.01407399736539693
0.35793579357935795,4.7391852382883765e-27,0.05835068805772996,0.014095126317091906
0.357985798579858,4.742741316187389e-27,0.05840907377235056,0.014116286989170793
0.358035803580358,4.746300062412149e-27,0.05846751790773324,0.014137479429254614
0.3580858085808581,4.749861478964864e-27,0.05852602052233406,0.01415870368503597
0.35813581358135815,4.7534255678492264e-27,0.05858458167466725,0.014179959804278967
0.3581858185818582,4.7569923310704336e-27,0.05864320142330558,0.014201247834819443
0.3582358235823582,4.760561770635193e-27,0.058701879826880646,0.014222567824565043
0.3582858285828583,4.7641338885517216e-27,0.058760616944082626,0.014243919821495398
0.35833583358335835,4.767708686829731e-27,0.058819412833660316,0.014265303873662052
0.3583858385838584,4.7712861674804525e-27,0.05887826755442139,0.014286720029188826
0.3584358435843584,4.774866332516618e-27,0.05893718116523234,0.014308168336271661
0.3584858485848585,4.778449183952472e-27,0.05899615372501852,0.014329648843178939
0.35853585358535855,4.782034723803779e-27,0.059055185292764434,0.014351161598251479
0.3585858585858586,4.785622954087803e-27,0.05911427592751338,0.014372706649902667
0.3586358635863586,4.7892138768233216e-27,0.059173425688367656,0.01439428404661854
0.3586858685868587,4.792807494030648e-27,0.059232634634489204,0.014415893836958031
0.35873587358735876,4.7964038077315865e-27,0.05929190282509856,0.014437536069552859
0.3587858785878588,4.80000281994947e-27,0.05935123031947587,0.014459210793107798
0.35883588358835883,4.8036045327091416e-27,0.05941061717696036,0.01448091805640072
0.3588858885888589,4.807208948036982e-27,0.059470063456950994,0.014502657908282798
0.35893589358935896,4.810816067960874e-27,0.05952956921890584,0.014524430397678473
0.358985898589859,4.8144258945102264e-27,0.059589134522342505,0.014546235573585614
0.35903590359035903,4.818038429715976e-27,0.05964875942683829,0.014568073485075737
0.3590859085908591,4.821653675610584e-27,0.05970844399203004,0.014589944181293992
0.35913591359135916,4.825271634228024e-27,0.059768188277614195,0.014611847711459243
0.3591859185918592,4.828892307603815e-27,0.059827992343347125,0.014633784124864341
0.35923592359235923,4.8325156977749835e-27,0.05988785624904471,0.014655753470876078
0.3592859285928593,4.8361418067801014e-27,0.05994778005458295,0.014677755798935379
0.35933593359335936,4.8397706366592624e-27,0.06000776381989756,0.01469979115855744
0.3593859385938594,4.843402189454089e-27,0.0600678076049844,0.014721859599331685
0.35943594359435943,4.847036467207735e-27,0.060127911469899105,0.01474396117092206
0.3594859485948595,4.8506734719649e-27,0.06018807547475777,0.014766095923067086
0.35953595359535956,4.854313205771804e-27,0.06024829967973636,0.014788263905579926
0.3595859585958596,4.857955670676207e-27,0.06030858414507114,0.014810465168348504
0.35963596359635963,4.861600868727398e-27,0.060368928931058476,0.014832699761335638
0.3596859685968597,4.865248801976223e-27,0.060429334098055475,0.014854967734579245
0.35973597359735976,4.868899472475053e-27,0.06048979970647934,0.014877269138192262
0.3597859785978598,4.872552882277793e-27,0.06055032581680763,0.014899604022362874
0.35983598359835983,4.8762090334399034e-27,0.06061091248957867,0.014921972437354662
0.3598859885988599,4.8798679280183816e-27,0.06067155978539132,0.014944374433506644
0.35993599359935996,4.8835295680717626e-27,0.06073226776490488,0.014966810061233363
0.35998599859986,4.887193955660139e-27,0.06079303648883964,0.014989279371025139
0.36003600360036003,4.890861092845131e-27,0.06085386601797633,0.015011782413447963
0.3600860086008601,4.8945309816899216e-27,0.06091475641315665,0.015034319239143907
0.36013601360136016,4.8982036242592386e-27,0.06097570773528333,0.015056889898830942
0.3601860186018602,4.901879022619353e-27,0.0610367200453198,0.015079494443303225
0.36023602360236023,4.905557178838086e-27,0.06109779340429045,0.015102132923431117
0.3602860286028603,4.9092380949848274e-27,0.06115892787328115,0.015124805390161493
0.36033603360336036,4.9129217731304974e-27,0.061220123513438404,0.01514751189451755
0.36038603860386037,4.916608215347574e-27,0.061281380385970044,0.015170252487599123
0.36043604360436043,4.9202974237101104e-27,0.06134269855214539,0.015193027220582887
0.3604860486048605,4.9239894002936926e-27,0.061404078073294795,0.015215836144722184
0.36053605360536056,4.927684147175475e-27,0.06146551901081002,0.015238679311347387
0.36058605860586057,4.931381666434162e-27,0.06152702142614427,0.015261556771865869
0.36063606360636064,4.935081960150035e-27,0.06158858538081237,0.015284468577762304
0.3606860686068607,4.938785030404923e-27,0.061650210936390615,0.015307414780598525
0.36073607360736076,4.942490879282212e-27,0.061711898154516734,0.015330395432013812
0.36078607860786077,4.9461995088668656e-27,0.061773647096890386,0.015353410583725004
0.36083608360836084,4.949910921245407e-27,0.06183545782527291,0.015376460287526587
0.3608860886088609,4.953625118505919e-27,0.06189733040148736,0.01539954459529072
0.36093609360936096,4.957342102738059e-27,0.06195926488741866,0.015422663558967565
0.360986098609861,4.961061876033045e-27,0.06202126134501375,0.015445817230585137
0.36103610361036104,4.96478444048367e-27,0.062083319836281445,0.015469005662249648
0.3610861086108611,4.9685097981842984e-27,0.06214544042329271,0.015492228906145562
0.36113611361136116,4.97223795123086e-27,0.06220762316818057,0.015515487014535577
0.3611861186118612,4.975968901720855e-27,0.06226986813314003,0.015538780039760914
0.36123612361236124,4.9797026517533775e-27,0.06233217538042883,0.01556210803424143
0.3612861286128613,4.983439203429071e-27,0.06239454497236643,0.01558547105047561
0.36133613361336137,4.98717855885017e-27,0.06245697697133502,0.015608869141040732
0.3613861386138614,4.990920720120475e-27,0.06251947143977897,0.015632302358593007
0.36143614361436144,4.9946656893453856e-27,0.0625820284402054,0.01565577075586784
0.3614861486148615,4.9984134686318644e-27,0.06264464803518385,0.015679274385679624
0.36153615361536157,5.002164060088451e-27,0.06270733028734625,0.015702813300922092
0.3615861586158616,5.005917465825283e-27,0.06277007525938755,0.015726387554568448
0.36163616361636164,5.009673687954075e-27,0.06283288301406527,0.01574999719967141
0.3616861686168617,5.013432728588117e-27,0.06289575361419963,0.015773642289363243
0.36173617361736177,5.0171945898423006e-27,0.06295868712267393,0.015797322876856125
0.3617861786178618,5.0209592738330894e-27,0.06302168360243421,0.01582103901544198
0.36183618361836184,5.024726782678545e-27,0.06308474311648961,0.01584479075849281
0.3618861886188619,5.028497118498318e-27,0.06314786572791217,0.01586857815946082
0.36193619361936197,5.032270283413644e-27,0.06321105149983731,0.015892401271878288
0.361986198619862,5.036046279547345e-27,0.06327430049546316,0.015916260149357948
0.36203620362036204,5.0398251090238586e-27,0.0633376127780517,0.015940154845593087
0.3620862086208621,5.043606773969194e-27,0.06340098841092766,0.01596408541435752
0.36213621362136217,5.047391276510963e-27,0.06346442745747939,0.015988051909505776
0.3621862186218622,5.05117861877837e-27,0.06352792998115862,0.01601205438497323
0.36223622362236224,5.054968802902232e-27,0.06359149604548073,0.016036092894776362
0.3622862286228623,5.058761831014947e-27,0.06365512571402432,0.016060167493012607
0.36233623362336237,5.062557705250521e-27,0.06371881905043188,0.016084278233860626
0.3623862386238624,5.0663564277445575e-27,0.06378257611840944,0.01610842517158046
0.36243624362436244,5.070158000634274e-27,0.06384639698172694,0.01613260836051364
0.3624862486248625,5.0739624260584746e-27,0.06391028170421788,0.01615682785508318
0.36253625362536257,5.0777697061575835e-27,0.06397423034977984,0.016181083709793896
0.3625862586258626,5.081579843073617e-27,0.06403824298237426,0.016205375979232335
0.36263626362636264,5.08539283895021e-27,0.06410231966602656,0.016229704718067086
0.3626862686268627,5.089208695932606e-27,0.0641664604648263,0.016254069981048797
0.36273627362736277,5.093027416167648e-27,0.06423066544292705,0.016278471823010243
0.3627862786278628,5.09684900180379e-27,0.06429493466454654,0.016302910298866536
0.36283628362836284,5.100673454991121e-27,0.06435926819396715,0.01632738546361533
0.3628862886288629,5.1045007778813154e-27,0.06442366609553504,0.01635189737233674
0.36293629362936297,5.108330972627674e-27,0.06448812843366106,0.0163764460801936
0.362986298629863,5.112164041385107e-27,0.06455265527282039,0.016401031642431493
0.36303630363036304,5.115999986310159e-27,0.0646172466775529,0.016425654114379136
0.3630863086308631,5.119838809560975e-27,0.06468190271246292,0.01645031355144812
0.3631363136313632,5.123680513297321e-27,0.06474662344221928,0.016475010009133265
0.3631863186318632,5.127525099680592e-27,0.06481140893155575,0.01649974354301275
0.36323632363236324,5.131372570873803e-27,0.06487625924527085,0.016524514208748186
0.3632863286328633,5.135222929041583e-27,0.0649411744482277,0.01654932206208471
0.3633363336333634,5.1390761763501984e-27,0.0650061546053547,0.01657416715885118
0.3633863386338634,5.1429323149675286e-27,0.06507119978164481,0.01659904955496022
0.36343634363436345,5.146791347063087e-27,0.06513631004215635,0.01662396930640845
0.3634863486348635,5.150653274808019e-27,0.0652014854520126,0.01664892646927659
0.3635363536353636,5.15451810037509e-27,0.06526672607640203,0.016673921099729445
0.3635863586358636,5.158385825938691e-27,0.06533203198057813,0.01669895325401615
0.36363636363636365,5.162256453674868e-27,0.06539740322986021,0.01672402298847042
0.3636863686368637,5.166129985761277e-27,0.06546283988963232,0.01674913035951042
0.3637363736373638,5.170006424377217e-27,0.06552834202534441,0.016774275423639042
0.3637863786378638,5.173885771703611e-27,0.06559390970251143,0.016799458237443946
0.36383638363836385,5.177768029923046e-27,0.0656595429867145,0.016824678857597915
0.3638863886388639,5.1816532012197215e-27,0.06572524194359994,0.016849937340858663
0.363936393639364,5.185541287779479e-27,0.06579100663887975,0.016875233744069115
0.363986398639864,5.189432291789809e-27,0.06585683713833185,0.01690056812415762
0.36403640364036405,5.1933262154398396e-27,0.06592273350779995,0.016925940538137948
0.3640864086408641,5.197223060920339e-27,0.06598869581319355,0.016951351043109426
0.3641364136413641,5.201122830423721e-27,0.06605472412048818,0.01697679969625716
0.3641864186418642,5.205025526144051e-27,0.06612081849572544,0.0170022865548521
0.36423642364236425,5.208931150277027e-27,0.0661869790050128,0.017027811676251114
0.3642864286428643,5.212839705020007e-27,0.06625320571452407,0.01705337511789728
0.3643364336433643,5.216751192571989e-27,0.06631949869049922,0.01707897693731981
0.3643864386438644,5.220665615133626e-27,0.06638585799924446,0.017104617192134335
0.36443644364436445,5.224582974907226e-27,0.0664522837071324,0.017130295940043037
0.3644864486448645,5.228503274096741e-27,0.0665187758806021,0.017156013238834613
0.3645364536453645,5.232426514907774e-27,0.06658533458615883,0.017181769146384526
0.3645864586458646,5.236352699547602e-27,0.0666519598903749,0.01720756372065528
0.36463646364636465,5.240281830225139e-27,0.06671865185988878,0.01723339701969623
0.3646864686468647,5.244213909150966e-27,0.06678541056140587,0.01725926910164394
0.3647364736473647,5.24814893853731e-27,0.066852236061698,0.017285180024722204
0.3647864786478648,5.252086920598083e-27,0.06691912842760435,0.017311129847242375
0.36483648364836485,5.256027857548835e-27,0.06698608772603054,0.01733711862760317
0.3648864886488649,5.259971751606784e-27,0.06705311402394923,0.017363146424291046
0.3649364936493649,5.263918604990817e-27,0.06712020738840013,0.0173892132958803
0.364986498649865,5.2678684199214884e-27,0.06718736788649017,0.017415319301033145
0.36503650365036505,5.2718211986210055e-27,0.06725459558539311,0.017441464498499818
0.3650865086508651,5.2757769433132576e-27,0.06732189055235023,0.01746764894711883
0.3651365136513651,5.27973565622379e-27,0.06738925285466986,0.017493872705816947
0.3651865186518652,5.283697339579828e-27,0.06745668255972782,0.017520135833609465
0.36523652365236525,5.287661995610267e-27,0.06752417973496738,0.017546438389600256
0.3652865286528653,5.291629626545671e-27,0.0675917444478992,0.01757278043298192
0.3653365336533653,5.2956002346182685e-27,0.06765937676610137,0.017599162023035866
0.3653865386538654,5.299573822061989e-27,0.06772707675721995,0.017625583219132636
0.36543654365436545,5.303550391112417e-27,0.06779484448896836,0.0176520440807318
0.3654865486548655,5.307529944006817e-27,0.06786268002912789,0.01767854466738222
0.3655365536553655,5.311512482984132e-27,0.06793058344554762,0.01770508503872208
0.3655865586558656,5.315498010284999e-27,0.06799855480614472,0.01773166525447928
0.36563656365636565,5.319486528151722e-27,0.06806659417890408,0.017758285374471224
0.3656865686568657,5.323478038828284e-27,0.06813470163187853,0.017784945458605175
0.3657365736573657,5.327472544560366e-27,0.06820287723318928,0.017811645566878344
0.3657865786578658,5.3314700475953266e-27,0.06827112105102567,0.017838385759377996
0.36583658365836585,5.335470550182209e-27,0.06833943315364499,0.017865166096281616
0.3658865886588659,5.3394740545717486e-27,0.06840781360937315,0.01789198663785703
0.3659365936593659,5.343480563016365e-27,0.06847626248660423,0.01791884744446252
0.365986598659866,5.3474900777701684e-27,0.06854477985380075,0.017945748576547006
0.36603660366036606,5.351502601088968e-27,0.06861336577949392,0.01797269009465019
0.3660866086608661,5.3555181352302574e-27,0.06868202033228335,0.0179996720594026
0.36613661366136613,5.3595366824532165e-27,0.06875074358083716,0.018026694531525743
0.3661866186618662,5.363558245018748e-27,0.06881953559389264,0.018053757571832477
0.36623662366236626,5.367582825189423e-27,0.06888839644025538,0.01808086124122678
0.3662866286628663,5.371610425229526e-27,0.0689573261888001,0.01810800560070412
0.36633663366336633,5.37564104740502e-27,0.06902632490847016,0.018135190711351463
0.3663866386638664,5.379674693983605e-27,0.06909539266827829,0.018162416634347693
0.36643664366436646,5.383711367234651e-27,0.06916452953730605,0.01818968343096331
0.3664866486648665,5.3877510694292385e-27,0.06923373558470403,0.018216991162560897
0.36653665366536653,5.391793802840157e-27,0.06930301087969218,0.018244339890595155
0.3665866586658666,5.3958395697419034e-27,0.06937235549155973,0.01827172967661307
0.36663666366636666,5.399888372410669e-27,0.06944176948966509,0.018299160582253962
0.3666866686668667,5.40394021312437e-27,0.06951125294343617,0.018326632669249773
0.36673667366736673,5.4079950941626126e-27,0.06958080592237026,0.018354145999425035
0.3667866786678668,5.4120530178067295e-27,0.06965042849603434,0.018381700634697132
0.36683668366836686,5.416113986339763e-27,0.06972012073406497,0.018409296637076435
0.3668866886688669,5.420178002046461e-27,0.06978988270616825,0.018436934068666387
0.36693669366936693,5.424245067213283e-27,0.06985971448211999,0.01846461299166359
0.366986698669867,5.428315184128423e-27,0.06992961613176624,0.018492333468358168
0.36703670367036706,5.4323883550817745e-27,0.06999958772502242,0.018520095561133664
0.3670867086708671,5.4364645823649556e-27,0.07006962933187422,0.01854789933246728
0.36713671367136713,5.440543868271294e-27,0.07013974102237706,0.01857574484492999
0.3671867186718672,5.444626215095862e-27,0.070209922866657,0.018603632161186812
0.36723672367236726,5.4487116251354314e-27,0.07028017493490968,0.018631561343996756
0.3672867286728673,5.4528001006885044e-27,0.07035049729740131,0.01865953245621303
0.36733673367336733,5.456891644055307e-27,0.07042089002446827,0.01868754556078323
0.3673867386738674,5.4609862575378e-27,0.07049135318651746,0.018715600720749525
0.36743674367436746,5.465083943439656e-27,0.07056188685402606,0.018743697999248594
0.3674867486748675,5.469184704066295e-27,0.07063249109754201,0.018771837459512018
0.36753675367536753,5.473288541724845e-27,0.07070316598768342,0.01880001916486624
0.3675867586758676,5.477395458724179e-27,0.07077391159513949,0.018828243178732777
0.36763676367636766,5.4815054573749084e-27,0.07084472799067004,0.018856509564628428
0.3676867686768677,5.485618539989363e-27,0.07091561524510552,0.01888481838616525
0.36773677367736773,5.48973470888161e-27,0.07098657342934733,0.018913169707050814
0.3677867786778678,5.4938539663674686e-27,0.07105760261436803,0.01894156359108845
0.36783678367836786,5.49797631476448e-27,0.07112870287121088,0.01897000010217716
0.3678867886788679,5.502101756391931e-27,0.07119987427099048,0.01899847930431186
0.36793679367936794,5.506230293570835e-27,0.07127111688489227,0.019027001261583572
0.367986798679868,5.510361928623975e-27,0.07134243078417332,0.019055566038179636
0.36803680368036806,5.514496663875854e-27,0.07141381604016174,0.019084173698383618
0.36808680868086807,5.518634501652718e-27,0.07148527272425695,0.019112824306575602
0.36813681368136814,5.522775444282585e-27,0.07155680090793018,0.019141517927232447
0.3681868186818682,5.526919494095187e-27,0.07162840066272379,0.019170254624927677
0.36823682368236826,5.53106665342202e-27,0.07170007206025175,0.019199034464331795
0.3682868286828683,5.535216924596328e-27,0.07177181517219998,0.019227857510212415
0.36833683368336834,5.5393703099531134e-27,0.07184363007032593,0.01925672382743441
0.3683868386838684,5.543526811829111e-27,0.07191551682645872,0.019285633480959942
0.36843684368436846,5.5476864325628334e-27,0.07198747551249972,0.01931458653584882
0.3684868486848685,5.551849174494523e-27,0.07205950620042181,0.019343583057258366
0.36853685368536854,5.556015039966197e-27,0.07213160896227011,0.01937262311044392
0.3685868586858686,5.560184031321627e-27,0.07220378387016199,0.019401706760758638
0.36863686368636867,5.564356150906335e-27,0.07227603099628666,0.019430834073653827
0.3686868686868687,5.568531401067602e-27,0.0723483504129056,0.019460005114679036
0.36873687368736874,5.57270978415449e-27,0.07242074219235298,0.019489219949482318
0.3687868786878688,5.5768913025178016e-27,0.07249320640703485,0.019518478643810188
0.36883688368836887,5.581075958510114e-27,0.07256574312943008,0.019547781263507855
0.3688868886888689,5.585263754485757e-27,0.07263835243208965,0.019577127874519398
0.36893689368936894,5.589454692800853e-27,0.07271103438763762,0.019606518542888026
0.368986898689869,5.5936487758132686e-27,0.07278378906877048,0.01963595333475587
0.36903690369036907,5.597846005882645e-27,0.07285661654825733,0.019665432316364504
0.3690869086908691,5.6020463853704e-27,0.07292951689894035,0.019694955554054913
0.36913691369136914,5.606249916639721e-27,0.07300249019373445,0.019724523114267725
0.3691869186918692,5.610456602055565e-27,0.07307553650562752,0.01975413506354319
0.36923692369236927,5.614666443984669e-27,0.0731486559076805,0.019783791468521637
0.3692869286928693,5.618879444795535e-27,0.07322184847302737,0.019813492395943214
0.36933693369336934,5.623095606858459e-27,0.07329511427487542,0.019843237912648477
0.3693869386938694,5.627314932545507e-27,0.07336845338650508,0.019873028085578268
0.36943694369436947,5.631537424230519e-27,0.07344186588127019,0.019902862981773795
0.3694869486948695,5.635763084289118e-27,0.07351535183259776,0.01993274266837703
0.36953695369536954,5.639991915098724e-27,0.07358891131398862,0.01996266721263081
0.3695869586958696,5.644223919038526e-27,0.07366254439901695,0.019992636681878798
0.36963696369636967,5.648459098489504e-27,0.07373625116133058,0.020022651143565783
0.3696869686968697,5.65269745583441e-27,0.07381003167465079,0.0200527106652378
0.36973697369736974,5.6569389934578186e-27,0.07388388601277325,0.020082815314542393
0.3697869786978698,5.66118371374606e-27,0.07395781424956682,0.020112965159228544
0.36983698369836987,5.665431619087263e-27,0.07403181645897453,0.02014316026714695
0.3698869886988699,5.66968271187136e-27,0.07410589271501343,0.020173400706250257
0.36993699369936994,5.67393699449007e-27,0.07418004309177478,0.020203686544593074
0.36998699869987,5.678194469336899e-27,0.07425426766342345,0.02023401785033214
0.37003700370037007,5.682455138807163e-27,0.0743285665041992,0.02026439469172661
0.3700870087008701,5.686719005297962e-27,0.07440293968841553,0.02029481713713801
0.37013701370137014,5.690986071208202e-27,0.07447738729046052,0.020325285255030575
0.3701870187018702,5.6952563389385936e-27,0.07455190938479687,0.020355799113971305
0.37023702370237027,5.699529810891638e-27,0.07462650604596137,0.020386358782630124
0.3702870287028703,5.7038064894716376e-27,0.07470117734856557,0.020416964329780005
0.37033703370337034,5.708086377084719e-27,0.07477592336729594,0.02044761582429729
0.3703870387038704,5.7123694761387956e-27,0.07485074417691337,0.020478313335161633
0.37043704370437047,5.7166557890435906e-27,0.07492563985225356,0.020509056931456247
0.3704870487048705,5.720945318210631e-27,0.07500061046822716,0.020539846682368017
0.37053705370537054,5.7252380660532734e-27,0.07507565609981995,0.020570682657187853
0.3705870587058706,5.729534034986664e-27,0.0751507768220925,0.020601564925310546
0.3706370637063707,5.7338332274277684e-27,0.07522597271018043,0.020632493556235098
0.3706870687068707,5.738135645795366e-27,0.07530124383929487,0.02066346861956485
0.37073707370737075,5.742441292510056e-27,0.07537659028472193,0.02069449018500771
0.3707870787078708,5.746750169994243e-27,0.07545201212182309,0.020725558322376127
0.3708370837083709,5.751062280672164e-27,0.07552750942603546,0.02075667310158743
0.3708870887088709,5.755377626969855e-27,0.07560308227287114,0.020787834592663854
0.37093709370937095,5.75969621131519e-27,0.07567873073791838,0.0208190428657328
0.370987098709871,5.764018036137863e-27,0.07575445489684068,0.020850297991026986
0.3710371037103711,5.768343103869384e-27,0.07583025482537742,0.02088160003888451
0.3710871087108711,5.77267141694308e-27,0.07590613059934347,0.020912949079748996
0.37113711371137115,5.777002977794132e-27,0.07598208229463006,0.020944345184170036
0.3711871187118712,5.781337788859523e-27,0.07605810998720404,0.020975788422802955
0.3712371237123713,5.7856758525780684e-27,0.0761342137531082,0.021007278866409185
0.3712871287128713,5.790017171390412e-27,0.07621039366846144,0.02103881658585638
0.37133713371337135,5.794361747739052e-27,0.07628664980945929,0.021070401652118712
0.3713871387138714,5.798709584068289e-27,0.0763629822523728,0.021102034136276752
0.3714371437143715,5.803060682824268e-27,0.07643939107354979,0.02113371410951783
0.3714871487148715,5.8074150464549786e-27,0.07651587634941445,0.02116544164313616
0.37153715371537155,5.811772677410241e-27,0.07659243815646734,0.02119721680853303
0.3715871587158716,5.8161335781417075e-27,0.07666907657128548,0.021229039677216816
0.3716371637163717,5.820497751102881e-27,0.07674579167052278,0.02126091032080336
0.3716871687168717,5.824865198749094e-27,0.07682258353090958,0.021292828811015917
0.37173717371737175,5.82923592353753e-27,0.0768994522292531,0.02132479521968549
0.3717871787178718,5.833609927927219e-27,0.0769763978424375,0.02135680961875095
0.3718371837183718,5.837987214379021e-27,0.0770534204474237,0.021388872080259032
0.3718871887188719,5.84236778535566e-27,0.0771305201212498,0.021420982676364764
0.37193719371937195,5.846751643321697e-27,0.07720769694103093,0.021453141479331465
0.371987198719872,5.851138790743548e-27,0.07728495098395922,0.021485348561530917
0.372037203720372,5.8555292300894675e-27,0.0773622823273042,0.021517603995443495
0.3720872087208721,5.8599229638295855e-27,0.07743969104841283,0.021549907853658585
0.37213721372137215,5.864319994435867e-27,0.07751717722470922,0.021582260208874333
0.3721872187218722,5.868720324382133e-27,0.07759474093369507,0.021614661133898157
0.3722372237223722,5.873123956144061e-27,0.07767238225294945,0.021647110701646665
0.3722872287228723,5.877530892199202e-27,0.07775010126012956,0.021679608985146075
0.37233723372337235,5.8819411350269456e-27,0.07782789803296968,0.02171215605753217
0.3723872387238724,5.886354687108547e-27,0.0779057726492822,0.021744751992050445
0.3724372437243724,5.8907715509271295e-27,0.0779837251869574,0.021777396862056462
0.3724872487248725,5.89519172896768e-27,0.07806175572396343,0.021810090741015968
0.37253725372537255,5.8996152237170366e-27,0.07813986433834624,0.021842833702504828
0.3725872587258726,5.9040420376639245e-27,0.07821805110823035,0.02187562582020953
0.3726372637263726,5.908472173298915e-27,0.07829631611181798,0.021908467167927017
0.3726872687268727,5.912905633114459e-27,0.07837465942738985,0.021941357819565167
0.37273727372737275,5.917342419604885e-27,0.07845308113330499,0.02197429784914281
0.3727872787278728,5.921782535266381e-27,0.07853158130800089,0.022007287330789785
0.3728372837283728,5.926225982596998e-27,0.07861016002999306,0.02204032633874725
0.3728872887288729,5.930672764096697e-27,0.07868881737787642,0.022073414947367993
0.37293729372937295,5.935122882267283e-27,0.0787675534303238,0.022106553231116204
0.372987298729873,5.9395763396124476e-27,0.07884636826608704,0.02213974126456794
0.373037303730373,5.944033138637755e-27,0.07892526196399662,0.0221729791224112
0.3730873087308731,5.948493281850671e-27,0.07900423460296234,0.02220626687944623
0.37313731373137315,5.952956771760523e-27,0.07908328626197247,0.022239604610585453
0.3731873187318732,5.957423610878518e-27,0.07916241702009442,0.02227299239085369
0.3732373237323732,5.961893801717763e-27,0.07924162695647481,0.022306430295388573
0.3732873287328733,5.9663673467932454e-27,0.07932091615033954,0.02233991839944048
0.37333733373337336,5.970844248621832e-27,0.07940028468099357,0.02237345677837264
0.3733873387338734,5.975324509722288e-27,0.07947973262782133,0.022407045507661594
0.37343734373437343,5.979808132615263e-27,0.07955926007028663,0.02244068466289706
0.3734873487348735,5.984295119823297e-27,0.07963886708793289,0.0224743743197823
0.37353735373537356,5.988785473870833e-27,0.07971855376038314,0.022508114554134255
0.3735873587358736,5.993279197284196e-27,0.07979832016733986,0.022541905441883652
0.37363736373637363,5.9977762925916015e-27,0.07987816638858534,0.0225757470590751
0.3736873687368737,6.002276762323191e-27,0.07995809250398206,0.02260963948186764
0.37373737373737376,6.006780609010971e-27,0.08003809859347188,0.022643582786534423
0.3737873787378738,6.011287835188869e-27,0.08011818473707705,0.022677577049463177
0.37383738373837383,6.0157984433926975e-27,0.08019835101489955,0.02271162234715623
0.3738873887388739,6.020312436160193e-27,0.08027859750712192,0.022745718756230975
0.37393739373937396,6.0248298160309826e-27,0.08035892429400669,0.022779866353419647
0.373987398739874,6.02935058554659e-27,0.08043933145589649,0.022814065215569654
0.37403740374037403,6.0338747472504675e-27,0.08051981907321482,0.0228483154196439
0.3740874087408741,6.038402303687963e-27,0.0806003872264653,0.022882617042720804
0.37413741374137416,6.042933257406336e-27,0.0806810359962322,0.022916970161994416
0.3741874187418742,6.047467610954758e-27,0.08076176546318052,0.022951374854774748
0.37423742374237423,6.052005366884311e-27,0.08084257570805571,0.022985831198487856
0.3742874287428743,6.056546527747994e-27,0.08092346681168434,0.023020339270676017
0.37433743374337436,6.0610910961007274e-27,0.08100443885497373,0.02305489914899799
0.3743874387438744,6.065639074499335e-27,0.08108549191891194,0.02308951091122905
0.37443744374437443,6.070190465502563e-27,0.08116662608456833,0.02312417463526117
0.3744874487448745,6.0747452716710964e-27,0.08124784143309347,0.02315889039910349
0.37453745374537456,6.079303495567513e-27,0.08132913804571873,0.023193658280882046
0.3745874587458746,6.083865139756333e-27,0.08141051600375714,0.023228478358840243
0.37463746374637463,6.088430206803984e-27,0.08149197538860274,0.023263350711338872
0.3746874687468747,6.092998699278844e-27,0.08157351628173154,0.023298275416856525
0.37473747374737476,6.097570619751201e-27,0.08165513876470054,0.02333325255398953
0.3747874787478748,6.1021459707932644e-27,0.08173684291914847,0.02336828220145213
0.37483748374837483,6.106724754979195e-27,0.08181862882679602,0.023403364438076855
0.3748874887488749,6.111306974885075e-27,0.08190049656944548,0.023438499342814553
0.37493749374937496,6.115892633088908e-27,0.08198244622898075,0.02347368699473454
0.374987498749875,6.1204817321706555e-27,0.08206447788736816,0.023508927473024976
0.37503750375037503,6.125074274712192e-27,0.08214659162665552,0.0235442208569927
0.3750875087508751,6.1296702632973436e-27,0.08222878752897324,0.023579567226063778
0.37513751375137516,6.134269700511875e-27,0.0823110656765336,0.023614966659783482
0.3751875187518752,6.138872588943486e-27,0.08239342615163123,0.02365041923781648
0.37523752375237523,6.1434789311818074e-27,0.08247586903664281,0.023685925039946976
0.3752875287528753,6.1480887298184416e-27,0.0825583944140281,0.023721484146079115
0.37533753375337536,6.152701987446914e-27,0.08264100236632888,0.023757096636236902
0.3753875387538754,6.157318706662698e-27,0.08272369297616959,0.023792762590564395
0.37543754375437544,6.161938890063212e-27,0.0828064663262572,0.023828482089326076
0.3754875487548755,6.1665625402478434e-27,0.08288932249938204,0.02386425521290698
0.37553755375537556,6.171189659817909e-27,0.08297226157841658,0.02390008204181274
0.3755875587558756,6.175820251376677e-27,0.08305528364631641,0.023935962656669765
0.37563756375637564,6.180454317529391e-27,0.08313838878612059,0.023971897138225694
0.3756875687568757,6.1850918608832264e-27,0.08322157708095054,0.024007885567349337
0.37573757375737576,6.18973288404732e-27,0.08330484861401127,0.024043928025030737
0.3757875787578758,6.1943773896327756e-27,0.08338820346859116,0.024080024592381715
0.37583758375837584,6.19902538025265e-27,0.08347164172806158,0.024116175350635875
0.3758875887588759,6.203676858521954e-27,0.08355516347587744,0.02415238038114863
0.37593759375937597,6.208331827057681e-27,0.08363876879557736,0.024188639765397684
0.375987598759876,6.212990288478759e-27,0.08372245777078322,0.02422495358498289
0.37603760376037604,6.2176522454061064e-27,0.08380623048520094,0.024261321921626746
0.3760876087608761,6.2223177004625995e-27,0.0838900870226199,0.024297744857174418
0.37613761376137617,6.226986656273079e-27,0.08397402746691333,0.024334222473593934
0.3761876187618762,6.231659115464352e-27,0.08405805190203852,0.024370754852976257
0.37623762376237624,6.236335080665213e-27,0.08414216041203676,0.02440734207753583
0.3762876287628763,6.241014554506418e-27,0.08422635308103352,0.02444398422961032
0.37633763376337637,6.245697539620691e-27,0.08431062999323811,0.0244806813916611
0.3763876387638764,6.250384038642736e-27,0.08439499123294429,0.024517433646273228
0.37643764376437644,6.255074054209249e-27,0.08447943688453044,0.024554241076155957
0.3764876487648765,6.259767588958882e-27,0.08456396703245884,0.024591103764142558
0.37653765376537657,6.264464645532275e-27,0.0846485817612766,0.02462802179319063
0.3765876587658766,6.2691652265720544e-27,0.08473328115561544,0.0246649952463824
0.37663766376637664,6.273869334722831e-27,0.08481806530019184,0.02470202420692483
0.3766876687668767,6.278576972631185e-27,0.08490293427980668,0.024739108758149695
0.37673767376737677,6.283288142945702e-27,0.08498788817934601,0.02477624898351401
0.3767876787678768,6.288002848316936e-27,0.08507292708378072,0.024813444966599936
0.37683768376837684,6.2927210913974456e-27,0.08515805107816674,0.02485069679111523
0.3768876887688769,6.297442874841777e-27,0.08524326024764516,0.02488800454089335
0.37693769376937697,6.30216820130646e-27,0.08532855467744216,0.02492536829989345
0.376987698769877,6.306897073450013e-27,0.08541393445286898,0.02496278815220078
0.37703770377037704,6.3116294939329795e-27,0.08549939965932303,0.025000264182026992
0.3770877087708771,6.3163654654178635e-27,0.0855849503822862,0.025037796473709968
0.37713771377137717,6.32110499056919e-27,0.08567058670732647,0.025075385111714282
0.3771877187718772,6.325848072053461e-27,0.08575630872009717,0.025113030180631234
0.37723772377237724,6.330594712539214e-27,0.08584211650633762,0.02515073176517932
0.3772877287728773,6.3353449146969565e-27,0.08592801015187282,0.025188489950204004
0.37733773377337737,6.340098681199211e-27,0.08601398974261348,0.0252263048206782
0.3773877387738774,6.3448560147205094e-27,0.08610005536455637,0.025264176461702422
0.37743774377437744,6.349616917937391e-27,0.08618620710378447,0.02530210495850499
0.3774877487748775,6.35438139352839e-27,0.08627244504646661,0.025340090396441993
0.37753775377537757,6.359149444174073e-27,0.08635876927885816,0.02537813286099788
0.3775877587758776,6.3639210725569895e-27,0.08644517988730044,0.025416232437785232
0.37763776377637764,6.368696281361728e-27,0.08653167695822143,0.02545438921254534
0.3776877687768777,6.3734750732748815e-27,0.08661826057813563,0.025492603271148138
0.37773777377737777,6.378257450985055e-27,0.08670493083364385,0.025530874699592435
0.3777877787778778,6.383043417182869e-27,0.08679168781143361,0.02556920358400616
0.37783778377837784,6.38783297456098e-27,0.08687853159827948,0.02560759001064666
0.3778877887788779,6.392626125814046e-27,0.08696546228104249,0.025646034065900637
0.377937793779378,6.397422873638756e-27,0.08705247994667077,0.025684535836284512
0.377987798779878,6.40222322073381e-27,0.08713958468219918,0.02572309540844459
0.37803780378037805,6.407027169799963e-27,0.0872267765747503,0.025761712869157388
0.3780878087808781,6.411834723539965e-27,0.08731405571153317,0.025800388305329502
0.3781378137813782,6.416645884658604e-27,0.08740142217984435,0.025839121803998104
0.3781878187818782,6.4214606558627005e-27,0.08748887606706797,0.025877913452330994
0.37823782378237825,6.426279039861116e-27,0.08757641746067535,0.02591676333762694
0.3782878287828783,6.431101039364721e-27,0.08766404644822544,0.025955671547315574
0.3783378337833784,6.435926657086441e-27,0.08775176311736473,0.025994638168958
0.3783878387838784,6.440755895741223e-27,0.08783956755582738,0.02603366329024659
0.37843784378437845,6.445588758046058e-27,0.08792745985143544,0.026072746999005438
0.3784878487848785,6.450425246719982e-27,0.08801544009209887,0.026111889383190614
0.3785378537853786,6.4552653644840576e-27,0.08810350836581547,0.02615109053089001
0.3785878587858786,6.4601091140613916e-27,0.088191664760671,0.026190350530323838
0.37863786378637865,6.46495649817715e-27,0.08827990936483975,0.026229669469844882
0.3786878687868787,6.469807519558529e-27,0.08836824226658394,0.02626904743793844
0.3787378737873788,6.474662180934766e-27,0.08845666355425393,0.02630848452322266
0.3787878787878788,6.479520485037155e-27,0.08854517331628874,0.0263479808144487
0.37883788378837885,6.48438243459905e-27,0.08863377164121608,0.026387536400501135
0.3788878887888789,6.489248032355841e-27,0.08872245861765193,0.026427151370397757
0.378937893789379,6.494117281044962e-27,0.08881123433430077,0.026466825813290098
0.378987898789879,6.498990183405926e-27,0.08890009887995637,0.02650655981846354
0.37903790379037905,6.50386674218029e-27,0.08898905234350092,0.026546353475337556
0.3790879087908791,6.508746960111656e-27,0.08907809481390566,0.026586206873465683
0.3791379137913792,6.513630839945709e-27,0.08916722638023106,0.02662612010253614
0.3791879187918792,6.51851838443017e-27,0.08925644713162628,0.026666093252371566
0.37923792379237925,6.523409596314837e-27,0.08934575715733006,0.02670612641292961
0.3792879287928793,6.528304478351574e-27,0.08943515654667038,0.02674621967430296
0.3793379337933793,6.533203033294292e-27,0.08952464538906425,0.026786373126719436
0.3793879387938794,6.53810526389898e-27,0.08961422377401868,0.026826586860542404
0.37943794379437945,6.543011172923709e-27,0.08970389179112993,0.026866860966270976
0.3794879487948795,6.547920763128592e-27,0.08979364953008392,0.02690719553453995
0.3795379537953795,6.552834037275817e-27,0.0898834970806562,0.02694759065612019
0.3795879587958796,6.557750998129678e-27,0.08997343453271262,0.026988046421919102
0.37963796379637965,6.562671648456504e-27,0.09006346197620843,0.027028562922980316
0.3796879687968797,6.567595991024716e-27,0.09015357950118907,0.02706914025048416
0.3797379737973797,6.572524028604805e-27,0.09024378719779007,0.02710977849574789
0.3797879787978798,6.577455763969361e-27,0.09033408515623739,0.02715047775022596
0.37983798379837985,6.582391199893032e-27,0.09042447346684696,0.02719123810550998
0.3798879887988799,6.587330339152554e-27,0.09051495222002505,0.027232059653329067
0.3799379937993799,6.59227318452675e-27,0.09060552150626858,0.027272942485550126
0.37998799879988,6.597219738796532e-27,0.09069618141616506,0.027313886694178
0.38003800380038005,6.602170004744888e-27,0.09078693204039245,0.02735489237135552
0.3800880088008801,6.607123985156902e-27,0.09087777346971954,0.02739595960936402
0.3801380138013801,6.612081682819743e-27,0.09096870579500599,0.02743708850062317
0.3801880188018802,6.617043100522675e-27,0.09105972910720228,0.027478279137691585
0.38023802380238025,6.622008241057059e-27,0.0911508434973499,0.027519531613266774
0.3802880288028803,6.62697710721634e-27,0.09124204905658163,0.027560846020185357
0.3803380338033803,6.631949701796057e-27,0.091333345876121,0.027602222451423283
0.3803880388038804,6.636926027593873e-27,0.09142473404728342,0.027643661000096284
0.38043804380438045,6.641906087409519e-27,0.09151621366147521,0.027685161759459752
0.3804880488048805,6.646889884044842e-27,0.09160778481019426,0.027726724822909037
0.3805380538053805,6.65187742030378e-27,0.09169944758502994,0.027768350283979705
0.3805880588058806,6.656868698992397e-27,0.09179120207766356,0.02781003823634794
0.38063806380638066,6.661863722918844e-27,0.09188304837986805,0.02785178877383032
0.3806880688068807,6.666862494893377e-27,0.09197498658350771,0.027893601990384376
0.38073807380738073,6.671865017728375e-27,0.09206701678053948,0.02793547798010865
0.3807880788078808,6.676871294238323e-27,0.09215913906301196,0.027977416837243075
0.38083808380838086,6.681881327239807e-27,0.09225135352306564,0.02801941865616888
0.3808880888088809,6.686895119551541e-27,0.09234366025293364,0.02806148353140917
0.38093809380938093,6.691912673994344e-27,0.09243605934494112,0.028103611557628753
0.380988098809881,6.696933993391153e-27,0.0925285508915055,0.028145802829634747
0.38103810381038106,6.701959080567033e-27,0.09262113498513715,0.028188057442376502
0.3810881088108811,6.706987938349155e-27,0.09271381171843844,0.02823037549094595
0.38113811381138113,6.712020569566812e-27,0.09280658118410462,0.028272757070577668
0.3811881188118812,6.717056977051438e-27,0.09289944347492397,0.02831520227664943
0.38123812381238126,6.722097163636575e-27,0.09299239868377718,0.028357711204682043
0.3812881288128813,6.727141132157893e-27,0.09308544690363818,0.028400283950339687
0.38133813381338133,6.732188885453183e-27,0.09317858822757351,0.028442920609430197
0.3813881388138814,6.737240426362395e-27,0.09327182274874347,0.028485621277905406
0.38143814381438146,6.742295757727572e-27,0.09336515056040114,0.02852838605186095
0.3814881488148815,6.747354882392913e-27,0.09345857175589294,0.02857121502753682
0.38153815381538153,6.752417803204745e-27,0.0935520864286588,0.028614108301317543
0.3815881588158816,6.757484523011533e-27,0.09364569467223224,0.02865706596973229
0.38163816381638166,6.762555044663867e-27,0.09373939658023989,0.0287000881294552
0.3816881688168817,6.767629371014503e-27,0.0938331922464028,0.028743174877305502
0.38173817381738173,6.772707504918306e-27,0.09392708176453518,0.02878632631024775
0.3817881788178818,6.777789449232301e-27,0.09402106522854532,0.02882954252539212
0.38183818381838186,6.78287520681566e-27,0.09411514273243567,0.02887282361999462
0.3818881888188819,6.787964780529692e-27,0.09420931437030246,0.028916169691457168
0.38193819381938193,6.793058173237841e-27,0.09430358023633599,0.02895958083732788
0.381988198819882,6.798155387805736e-27,0.09439794042482128,0.029003057155301572
0.38203820382038206,6.803256427101126e-27,0.09449239503013741,0.0290465987432194
0.3820882088208821,6.808361293993912e-27,0.09458694414675764,0.02909020569906961
0.38213821382138213,6.813469991356155e-27,0.09468158786925,0.0291338781209874
0.3821882188218822,6.818582522062083e-27,0.09477632629227743,0.029177616107255517
0.38223822382238226,6.823698888988069e-27,0.09487115951059724,0.02922141975630411
0.3822882288228823,6.828819095012639e-27,0.09496608761906142,0.02926528916671107
0.38233823382338233,6.833943143016482e-27,0.09506111071261722,0.029309224437202328
0.3823882388238824,6.839071035882466e-27,0.09515622888630675,0.029353225666652147
0.38243824382438246,6.844202776495592e-27,0.09525144223526716,0.02939729295408298
0.3824882488248825,6.849338367743053e-27,0.09534675085473097,0.02944142639866617
0.38253825382538253,6.85447781251419e-27,0.09544215484002577,0.029485626099721777
0.3825882588258826,6.859621113700519e-27,0.09553765428657451,0.02952989215671908
0.38263826382638266,6.864768274195736e-27,0.09563324928989607,0.029574224669276682
0.3826882688268827,6.86991929689569e-27,0.09572893994560445,0.029618623737162657
0.38273827382738274,6.875074184698403e-27,0.09582472634940924,0.02966308946029485
0.3827882788278828,6.880232940504097e-27,0.0959206085971164,0.029707621938741307
0.38283828382838286,6.885395567215141e-27,0.096016586784627,0.029752221272720127
0.38288828882888293,6.890562067736098e-27,0.09611266100793867,0.029796887562599857
0.38293829382938294,6.895732444973696e-27,0.09620883136314466,0.02984162090889972
0.382988298829883,6.90090670183687e-27,0.09630509794643476,0.029886421412290035
0.38303830383038306,6.906084841236717e-27,0.09640146085409482,0.029931289173592057
0.38308830883088313,6.911266866086516e-27,0.09649792018250687,0.029976224293778417
0.38313831383138314,6.916452779301741e-27,0.09659447602814955,0.030021226873973402
0.3831883188318832,6.92164258380006e-27,0.09669112848759824,0.03006629701545315
0.38323832383238327,6.926836282501312e-27,0.09678787765752453,0.03011143481964568
0.3832883288328833,6.932033878327543e-27,0.09688472363469704,0.030156640388131463
0.38333833383338334,6.937235374202985e-27,0.09698166651598111,0.0302019138226434
0.3833883388338834,6.942440773054064e-27,0.09707870639833904,0.03024725522506704
0.38343834383438347,6.947650077809405e-27,0.09717584337883019,0.030292664697441043
0.3834883488348835,6.952863291399822e-27,0.09727307755461083,0.030338142341957128
0.38353835383538354,6.958080416758338e-27,0.09737040902293465,0.03038368826096048
0.3835883588358836,6.963301456820178e-27,0.09746783788115261,0.03042930255694999
0.38363836383638367,6.96852641452276e-27,0.09756536422671322,0.030474985332578346
0.3836883688368837,6.973755292805702e-27,0.09766298815716187,0.030520736690652295
0.38373837383738374,6.978988094610853e-27,0.09776070977014258,0.03056655673413313
0.3837883788378838,6.984224822882246e-27,0.09785852916339624,0.030612445566136546
0.38383838383838387,6.989465480566131e-27,0.09795644643476195,0.030658403289933068
0.3838883888388839,6.994710070610956e-27,0.09805446168217632,0.030704430008948184
0.38393839383938394,6.999958595967413e-27,0.0981525750036745,0.030750525826762947
0.383988398839884,7.005211059588377e-27,0.09825078649738934,0.030796690847113607
0.38403840384038407,7.010467464428948e-27,0.09834909626155193,0.03084292517389223
0.3840884088408841,7.015727813446446e-27,0.09844750439449168,0.030889228911146895
0.38413841384138414,7.020992109600417e-27,0.09854601099463665,0.030935602163081905
0.3841884188418842,7.026260355852612e-27,0.09864461616051284,0.03098204503405796
0.38423842384238427,7.03153255516702e-27,0.09874331999074537,0.03102855762859244
0.3842884288428843,7.036808710509835e-27,0.0988421225840577,0.031075140051359584
0.38433843384338434,7.042088824849498e-27,0.09894102403927224,0.031121792407190877
0.3843884388438844,7.047372901156669e-27,0.09904002445531034,0.03116851480107516
0.38443844384438447,7.052660942404227e-27,0.09913912393119206,0.03121530733815883
0.3844884488448845,7.05795295156729e-27,0.09923832256603665,0.03126217012374613
0.38453845384538454,7.06324893162322e-27,0.09933762045906289,0.03130910326329953
0.3845884588458846,7.068548885551596e-27,0.09943701770958847,0.03135610686243972
0.38463846384638467,7.073852816334236e-27,0.09953651441703029,0.031403181026945934
0.3846884688468847,7.079160726955193e-27,0.09963611068090501,0.03145032586275619
0.38473847384738474,7.08447262040078e-27,0.09973580660082915,0.03149754147596776
0.3847884788478848,7.089788499659523e-27,0.09983560227651823,0.03154482797283699
0.38483848384838487,7.095108367722203e-27,0.09993549780778808,0.031592185459779695
0.3848884888488849,7.100432227581843e-27,0.10003549329455405,0.03163961404337165
0.38493849384938494,7.105760082233726e-27,0.10013558883683193,0.031687113830348564
0.384988498849885,7.111091934675353e-27,0.10023578453473696,0.03173468492760629
0.38503850385038507,7.116427787906503e-27,0.10033608048848515,0.03178232744220125
0.3850885088508851,7.121767644929186e-27,0.10043647679839235,0.03183004148135054
0.38513851385138514,7.127111508747676e-27,0.10053697356487505,0.03187782715243225
0.3851885188518852,7.132459382368503e-27,0.10063757088845018,0.03192568456298573
0.3852385238523853,7.137811268800442e-27,0.10073826886973508,0.03197361382071168
0.3852885288528853,7.143167171054524e-27,0.10083906760944784,0.03202161503347238
0.38533853385338535,7.148527092144063e-27,0.10093996720840752,0.03206968830929245
0.3853885388538854,7.15389103508461e-27,0.1010409677675339,0.03211783375635824
0.3854385438543855,7.159259002893988e-27,0.10114206938784773,0.032166051483018716
0.3854885488548855,7.16463099859227e-27,0.1012432721704706,0.03221434159778543
0.38553855385538555,7.17000702520183e-27,0.10134457621662599,0.032262704209333054
0.3855885588558856,7.175387085747276e-27,0.10144598162763796,0.032311139426499144
0.3856385638563857,7.180771183255499e-27,0.10154748850493221,0.032359647358284754
0.3856885688568857,7.186159320755655e-27,0.10164909695003589,0.0324082281138546
0.38573857385738575,7.191551501279189e-27,0.10175080706457804,0.0324568818025373
0.3857885788578858,7.196947727859799e-27,0.10185261895028877,0.03250560853382553
0.3858385838583859,7.20234800353348e-27,0.10195453270900076,0.03255440841737642
0.3858885888588859,7.20775233133848e-27,0.10205654844264765,0.03260328156301162
0.38593859385938595,7.213160714315354e-27,0.10215866625326603,0.03265222808071777
0.385988598859886,7.218573155506926e-27,0.102260886242994,0.032701248080646644
0.3860386038603861,7.223989657958298e-27,0.10236320851407193,0.032750341673115274
0.3860886088608861,7.229410224716856e-27,0.10246563316884252,0.03279950896860626
0.38613861386138615,7.234834858832296e-27,0.10256816030975117,0.03284875007776835
0.3861886188618862,7.240263563356578e-27,0.10267079003934547,0.032898065111416123
0.3862386238623863,7.245696341343954e-27,0.10277352246027549,0.03294745418053064
0.3862886288628863,7.251133195850968e-27,0.1028763576752942,0.03299691739625947
0.38633863386338635,7.25657412993648e-27,0.10297929578725767,0.03304645486991728
0.3863886388638864,7.26201914666162e-27,0.10308233689912452,0.033096066712985636
0.3864386438643865,7.267468249089814e-27,0.10318548111395628,0.0331457530371135
0.3864886488648865,7.272921440286804e-27,0.10328872853491795,0.033195513954117496
0.38653865386538655,7.278378723320628e-27,0.10339207926527767,0.0332453495759822
0.3865886588658866,7.28384010126161e-27,0.10349553340840681,0.03329526001486002
0.3866386638663867,7.289305577182401e-27,0.1035990910677802,0.03334524538307214
0.3866886688668867,7.294775154157938e-27,0.10370275234697617,0.033395305793107996
0.38673867386738675,7.300248835265475e-27,0.10380651734967679,0.03344544135762612
0.3867886788678868,7.305726623584582e-27,0.10391038617966789,0.03349565218945415
0.3868386838683869,7.311208522197124e-27,0.10401435894083905,0.033545938401589065
0.3868886888688869,7.316694534187278e-27,0.1041184357371836,0.0335963001071974
0.38693869386938695,7.32218466264156e-27,0.10422261667279957,0.033646737419615824
0.386988698869887,7.32767891064878e-27,0.10432690185188861,0.03369725045235097
0.387038703870387,7.333177281300058e-27,0.1044312913787565,0.03374783931907979
0.3870887088708871,7.338679777688864e-27,0.104535785357814,0.03379850413365022
0.38713871387138715,7.344186402910966e-27,0.10464038389357594,0.03384924501008082
0.3871887188718872,7.349697160064457e-27,0.10474508709066171,0.033900062062561416
0.3872387238723872,7.35521205224975e-27,0.10484989505379524,0.03395095540545318
0.3872887288728873,7.360731082569611e-27,0.10495480788780587,0.03400192515328929
0.38733873387338735,7.366254254129106e-27,0.1050598256976272,0.03405297142077447
0.3873887388738874,7.37178157003564e-27,0.10516494858829813,0.03410409432278581
0.3874387438743874,7.377313033398949e-27,0.10527017666496255,0.03415529397437294
0.3874887488748875,7.38284864733111e-27,0.10537551003286962,0.034206570490758134
0.38753875387538755,7.388388414946521e-27,0.10548094879737366,0.03425792398733662
0.3875887588758876,7.393932339361933e-27,0.10558649306393485,0.03430935457967693
0.3876387638763876,7.39948042369642e-27,0.1056921429381182,0.03436086238352102
0.3876887688768877,7.405032671071406e-27,0.10579789852559489,0.03441244751478468
0.38773877387738775,7.410589084610659e-27,0.10590375993214181,0.03446411008955772
0.3877887788778878,7.416149667440285e-27,0.10600972726364136,0.034515850224104215
0.3878387838783878,7.421714422688728e-27,0.10611580062608206,0.034567668034862636
0.3878887888788879,7.427283353486806e-27,0.10622198012555868,0.034619563638446586
0.38793879387938796,7.432856462967661e-27,0.10632826586827192,0.034671537151644505
0.387988798879888,7.438433754266796e-27,0.1064346579605287,0.03472358869142016
0.38803880388038803,7.444015230522053e-27,0.10654115650874225,0.03477571837491292
0.3880888088808881,7.44960089487366e-27,0.10664776161943279,0.03482792631943819
0.38813881388138816,7.455190750464174e-27,0.10675447339922664,0.0348802126424873
0.3881888188818882,7.460784800438511e-27,0.1068612919548568,0.034932577461727975
0.38823882388238823,7.466383047943958e-27,0.10696821739316321,0.034985020895004715
0.3882888288828883,7.471985496130165e-27,0.10707524982109293,0.03503754306033888
0.38833883388338836,7.477592148149132e-27,0.1071823893456996,0.035090144075928933
0.3883888388838884,7.48320300715524e-27,0.1072896360741443,0.03514282406015098
0.38843884388438843,7.488818076305215e-27,0.107396990113695,0.03519558313155857
0.3884888488848885,7.494437358758179e-27,0.10750445157172743,0.03524842140888345
0.38853885388538856,7.500060857675607e-27,0.1076120205557247,0.03530133901103557
0.3885888588858886,7.50568857622135e-27,0.10771969717327702,0.03535433605710338
0.38863886388638863,7.511320517561622e-27,0.10782748153208253,0.035407412666353964
0.3886888688868887,7.516956684865045e-27,0.1079353737399475,0.03546056895823381
0.38873887388738876,7.522597081302584e-27,0.10804337390478551,0.03551380505236845
0.3887888788878888,7.528241710047596e-27,0.10815148213461824,0.03556712106856304
0.38883888388838883,7.533890574275818e-27,0.10825969853757561,0.03562051712680256
0.3888888888888889,7.539543677165385e-27,0.10836802322189595,0.03567399334725235
0.38893889388938896,7.545201021896794e-27,0.10847645629592519,0.035727549850258
0.388988898889889,7.550862611652935e-27,0.10858499786811839,0.03578118675634562
0.38903890389038903,7.556528449619094e-27,0.10869364804703872,0.03583490418622248
0.3890889088908891,7.562198538982948e-27,0.10880240694135826,0.035888702260777054
0.38913891389138916,7.567872882934548e-27,0.1089112746598575,0.03594258110107917
0.3891889188918892,7.573551484666364e-27,0.10902025131142602,0.03599654082838056
0.38923892389238923,7.579234347373236e-27,0.10912933700506222,0.03605058156411485
0.3892889288928893,7.584921474252421e-27,0.1092385318498737,0.03610470342989803
0.38933893389338936,7.590612868503569e-27,0.10934783595507713,0.036158906547528784
0.3893889388938894,7.596308533328734e-27,0.10945724942999853,0.0362131910389885
0.38943894389438943,7.602008471932347e-27,0.10956677238407296,0.036267557026441605
0.3894889488948895,7.607712687521294e-27,0.10967640492684581,0.036322004632236275
0.38953895389538956,7.613421183304821e-27,0.10978614716797136,0.03637653397890404
0.3895889588958896,7.619133962494604e-27,0.1098959992172136,0.03643114518916053
0.38963896389638963,7.624851028304714e-27,0.11000596118444665,0.03648583838590541
0.3896889688968897,7.630572383951662e-27,0.11011603317965468,0.036540613692223285
0.38973897389738976,7.636298032654344e-27,0.11022621531293156,0.03659547123138312
0.3897889788978898,7.642027977634082e-27,0.11033650769448149,0.03665041112683905
0.38983898389838983,7.647762222114615e-27,0.11044691043461882,0.03670543350223065
0.3898889888988899,7.653500769322105e-27,0.11055742364376868,0.03676053848138308
0.38993899389938996,7.659243622485122e-27,0.11066804743246594,0.036815726188307286
0.38998899889989,7.66499078483468e-27,0.11077878191135698,0.03687099674720058
0.39003900390039004,7.670742259604193e-27,0.11088962719119828,0.036926350282446486
0.3900890089008901,7.676498050029515e-27,0.11100058338285712,0.03698178691861548
0.39013901390139016,7.682258159348934e-27,0.11111165059731218,0.037037306780464956
0.3901890189018902,7.688022590803156e-27,0.11122282894565279,0.03709290999293966
0.39023902390239024,7.693791347635309e-27,0.11133411853907921,0.0371485966811717
0.3902890289028903,7.69956443309099e-27,0.11144551948890394,0.03720436697048142
0.39033903390339036,7.705341850418196e-27,0.11155703190654986,0.03726022098637701
0.39038903890389043,7.71112360286738e-27,0.11166865590355175,0.037316158854555165
0.39043904390439044,7.716909693691417e-27,0.11178039159155581,0.03737218070090116
0.3904890489048905,7.72270012614565e-27,0.11189223908232031,0.03742828665148961
0.39053905390539057,7.728494903487841e-27,0.11200419848771499,0.037484476832584095
0.39058905890589063,7.734294028978201e-27,0.11211626991972158,0.03754075137063779
0.39063906390639064,7.740097505879394e-27,0.11222845349043413,0.03759711039229375
0.3906890689068907,7.745905337456539e-27,0.11234074931205876,0.037653554024385257
0.39073907390739077,7.751717526977177e-27,0.11245315749691338,0.037710082393935786
0.3907890789078908,7.75753407771133e-27,0.11256567815742888,0.03776669562815974
0.39083908390839084,7.763354992931463e-27,0.11267831140614859,0.03782339385446236
0.3908890889088909,7.769180275912487e-27,0.11279105735572802,0.03788017720044018
0.39093909390939097,7.775009929931791e-27,0.11290391611893584,0.03793704579388138
0.390989098909891,7.780843958269199e-27,0.11301688780865328,0.0379939997627658
0.39103910391039104,7.786682364207018e-27,0.1131299725378748,0.038051039235265566
0.3910891089108911,7.792525151030008e-27,0.11324317041970773,0.038108164339745274
0.39113911391139117,7.798372322025394e-27,0.11335648156737255,0.038165375204762084
0.3911891189118912,7.804223880482854e-27,0.1134699060942029,0.038222671959066104
0.39123912391239124,7.810079829694569e-27,0.11358344411364638,0.038280054731601024
0.3912891289128913,7.815940172955161e-27,0.11369709573926354,0.03833752365150389
0.39133913391339137,7.821804913561732e-27,0.11381086108472875,0.0383950788481056
0.3913891389138914,7.827674054813846e-27,0.11392474026382991,0.03845272045093121
0.39143914391439144,7.833547600013577e-27,0.11403873339046935,0.038510448589700486
0.3914891489148915,7.839425552465452e-27,0.11415284057866297,0.03856826339432763
0.39153915391539157,7.845307915476463e-27,0.11426706194254045,0.03862616499492199
0.3915891589158916,7.851194692356116e-27,0.11438139759634627,0.038684153521788216
0.39163916391639164,7.857085886416387e-27,0.11449584765443914,0.038742229105426775
0.3916891689168917,7.862981500971728e-27,0.11461041223129168,0.03880039187653373
0.39173917391739177,7.868881539339091e-27,0.11472509144149162,0.03885864196600159
0.3917891789178918,7.874786004837906e-27,0.11483988539974084,0.0389169795049193
0.39183918391839184,7.880694900790101e-27,0.1149547942208565,0.03897540462457255
0.3918891889188919,7.886608230520105e-27,0.11506981801977052,0.039033917456444286
0.39193919391939197,7.892525997354821e-27,0.11518495691152955,0.03909251813221464
0.391989198919892,7.898448204623651e-27,0.11530021101129533,0.03915120678376147
0.39203920392039204,7.904374855658524e-27,0.11541558043434538,0.03920998354316091
0.3920892089208921,7.910305953793836e-27,0.11553106529607213,0.03926884854268698
0.39213921392139217,7.9162415023665e-27,0.11564666571198345,0.03932780191481249
0.3921892189218922,7.922181504715919e-27,0.11576238179770279,0.039386843792208956
0.39223922392239224,7.928125964184033e-27,0.11587821366896973,0.039445974307747426
0.3922892289228923,7.934074884115255e-27,0.11599416144163903,0.03950519359449808
0.39233923392339237,7.940028267856525e-27,0.1161102252316817,0.039564501785730975
0.3923892389238924,7.945986118757291e-27,0.11622640515518486,0.03962389901491623
0.39243924392439244,7.951948440169523e-27,0.11634270132835169,0.039683385415724526
0.3924892489248925,7.95791523544768e-27,0.11645911386750141,0.03974296112202689
0.3925392539253926,7.963886507948776e-27,0.11657564288907024,0.039802626267895595
0.3925892589258926,7.96986226103231e-27,0.11669228850961008,0.039862380987604064
0.39263926392639265,7.975842498060318e-27,0.11680905084579024,0.03992222541562731
0.3926892689268927,7.981827222397364e-27,0.11692593001439636,0.03998215968664233
0.3927392739273928,7.987816437410525e-27,0.11704292613233096,0.040042183935528206
0.3927892789278928,7.993810146469393e-27,0.11716003931661326,0.040102298297366404
0.39283928392839285,7.999808352946133e-27,0.11727726968438043,0.04016250290744157
0.3928892889288929,8.005811060215393e-27,0.11739461735288603,0.04022279790124106
0.392939293929393,8.011818271654371e-27,0.11751208243950118,0.04028318341445574
0.392989298929893,8.0178299906428e-27,0.11762966506171436,0.040343659582980196
0.39303930393039305,8.023846220562957e-27,0.11774736533713202,0.04040422654291322
0.3930893089308931,8.029866964799645e-27,0.11786518338347787,0.040464884430557624
0.3931393139313932,8.0358922267402e-27,0.11798311931859341,0.04052563338242093
0.3931893189318932,8.04192200977452e-27,0.11810117326043822,0.040586473535215765
0.39323932393239325,8.04795631729504e-27,0.11821934532709004,0.04064740502585988
0.3932893289328933,8.053995152696728e-27,0.11833763563674442,0.04070842799147645
0.3933393339333934,8.060038519377114e-27,0.11845604430771539,0.04076954256939481
0.3933893389338934,8.066086420736265e-27,0.11857457145843525,0.04083074889715011
0.39343934393439345,8.072138860176814e-27,0.11869321720745493,0.04089204711248429
0.3934893489348935,8.078195841103941e-27,0.11881198167344395,0.04095343735334599
0.3935393539353936,8.084257366925375e-27,0.11893086497519065,0.04101491975789077
0.3935893589358936,8.090323441051395e-27,0.11904986723160173,0.0410764944644817
0.39363936393639365,8.096394066894874e-27,0.11916898856170359,0.04113816161168987
0.3936893689368937,8.102469247871207e-27,0.11928822908464139,0.041199921338293935
0.3937393739373938,8.108548987398373e-27,0.11940758891967947,0.04126177378328116
0.3937893789378938,8.114633288896897e-27,0.11952706818620133,0.04132371908584727
0.39383938393839385,8.120722155789901e-27,0.11964666700371052,0.041385757385397355
0.3938893889388939,8.126815591503052e-27,0.1197663854918296,0.0414478888215454
0.393939393939394,8.132913599464587e-27,0.11988622377030098,0.04151011353411508
0.393989398939894,8.139016183105327e-27,0.12000618195898696,0.04157243166314007
0.39403940394039405,8.145123345858664e-27,0.12012626017786979,0.04163484334886428
0.3940894089408941,8.151235091160557e-27,0.12024645854705163,0.04169734873174211
0.3941394139413942,8.157351422449559e-27,0.12036677718675497,0.041759947952438814
0.3941894189418942,8.16347234316679e-27,0.12048721621732249,0.04182264115183079
0.39423942394239425,8.169597856755954e-27,0.12060777575921723,0.041885428471005993
0.3942894289428943,8.175727966663355e-27,0.12072845593302305,0.04194831005126431
0.3943394339433944,8.181862676337855e-27,0.12084925685944428,0.04201128603411746
0.3943894389438944,8.188001989230916e-27,0.12097017865930568,0.04207435656128974
0.39443944394439445,8.194145908796612e-27,0.12109122145355368,0.04213752177471847
0.3944894489448945,8.200294438491577e-27,0.12121238536325513,0.04220078181655369
0.3945394539453945,8.206447581775039e-27,0.12133367050959791,0.04226413682915889
0.3945894589458946,8.212605342108858e-27,0.12145507701389188,0.04232758695511163
0.39463946394639465,8.218767722957456e-27,0.12157660499756778,0.042391132337203166
0.3946894689468947,8.224934727787866e-27,0.12169825458217769,0.042454773118439225
0.3947394739473947,8.231106360069707e-27,0.12182002588939542,0.0425185094420401
0.3947894789478948,8.237282623275242e-27,0.12194191904101703,0.04258234145144148
0.39483948394839485,8.243463520879307e-27,0.12206393415895993,0.04264626929029405
0.3948894889488949,8.249649056359341e-27,0.12218607136526352,0.042710293102464124
0.3949394939493949,8.255839233195409e-27,0.12230833078208943,0.04277441303203426
0.394989498949895,8.262034054870196e-27,0.1224307125317219,0.04283862922330318
0.39503950395039505,8.268233524868963e-27,0.12255321673656674,0.04290294182078617
0.3950895089508951,8.274437646679635e-27,0.1226758435191531,0.04296735096921561
0.3951395139513951,8.280646423792703e-27,0.12279859300213178,0.04303185681354101
0.3951895189518952,8.286859859701319e-27,0.12292146530827729,0.04309645949892966
0.39523952395239526,8.293077957901242e-27,0.12304446056048626,0.04316115917076679
0.3952895289528953,8.299300721890842e-27,0.12316757888177868,0.04322595597465564
0.39533953395339533,8.305528155171121e-27,0.12329082039529722,0.043290850056418216
0.3953895389538954,8.31176026124573e-27,0.12341418522430861,0.04335584156209552
0.39543954395439546,8.317997043620917e-27,0.12353767349220196,0.043420930637947795
0.3954895489548955,8.324238505805576e-27,0.12366128532249043,0.043486117430454614
0.39553955395539553,8.330484651311218e-27,0.12378502083881027,0.04355140208631558
0.3955895589558956,8.336735483652029e-27,0.12390888016492205,0.043616784752450836
0.39563956395639566,8.342991006344793e-27,0.12403286342471,0.04368226557600067
0.3956895689568957,8.349251222908943e-27,0.12415697074218185,0.043747844704326425
0.39573957395739573,8.355516136866552e-27,0.12428120224146984,0.04381352228501068
0.3957895789578958,8.361785751742357e-27,0.12440555804683064,0.04387929846585768
0.39583958395839586,8.3680600710637e-27,0.1245300382826445,0.04394517339489334
0.3958895889588959,8.374339098360607e-27,0.12465464307341691,0.04401114722036604
0.39593959395939593,8.380622837165729e-27,0.12477937254377734,0.04407722009074647
0.395989598959896,8.386911291014378e-27,0.12490422681848033,0.04414339215472844
0.39603960396039606,8.393204463444523e-27,0.12502920602240516,0.04420966356122898
0.3960896089608961,8.399502357996778e-27,0.12515431028055615,0.044276034459388526
0.39613961396139613,8.405804978214405e-27,0.12527953971806224,0.044342504998571335
0.3961896189618962,8.412112327643362e-27,0.12540489446017833,0.04440907532836638
0.39623962396239626,8.418424409832229e-27,0.12553037463228417,0.0444757455985867
0.3962896289628963,8.424741228332267e-27,0.1256559803598849,0.04454251595927053
0.39633963396339633,8.431062786697376e-27,0.12578171176861114,0.04460938656068106
0.3963896389638964,8.437389088484177e-27,0.12590756898422012,0.044676357553307504
0.39643964396439646,8.443720137251908e-27,0.1260335521325937,0.04474342908786472
0.3964896489648965,8.450055936562497e-27,0.12615966133974038,0.04481060131529375
0.39653965396539653,8.456396489980548e-27,0.12628589673179466,0.04487787438676245
0.3965896589658966,8.46274180107334e-27,0.12641225843501727,0.044945248453665584
0.39663966396639666,8.469091873410812e-27,0.1265387465757949,0.04501272366762508
0.3966896689668967,8.47544671056561e-27,0.12666536128064143,0.0450803001804906
0.39673967396739673,8.481806316113031e-27,0.12679210267619653,0.04514797814433969
0.3967896789678968,8.488170693631073e-27,0.1269189708892271,0.04521575771147833
0.39683968396839686,8.494539846700425e-27,0.12704596604662674,0.045283639034441096
0.3968896889688969,8.500913778904442e-27,0.12717308827541618,0.045351622265991466
0.39693969396939693,8.507292493829169e-27,0.1273003377027426,0.04541970755912224
0.396989698969897,8.513675995063375e-27,0.1274277144558816,0.045487895067056264
0.39703970397039706,8.520064286198483e-27,0.12755521866223493,0.045556184943246016
0.3970897089708971,8.526457370828628e-27,0.12768285044933247,0.04562457734137445
0.39713971397139713,8.53285525255063e-27,0.12781060994483118,0.045693072415355244
0.3971897189718972,8.539257934964034e-27,0.12793849727651674,0.04576167031933328
0.39723972397239726,8.545665421671069e-27,0.1280665125723019,0.0458303712076847
0.3972897289728973,8.552077716276649e-27,0.1281946559602272,0.045899175235017374
0.39733973397339734,8.558494822388425e-27,0.12832292756846184,0.04596808255617147
0.3973897389738974,8.564916743616746e-27,0.12845132752530347,0.0460370933262195
0.39743974397439746,8.571343483574652e-27,0.12857985595917723,0.04610620770046666
0.3974897489748975,8.57777504587792e-27,0.12870851299863773,0.04617542583445157
0.39753975397539754,8.584211434145018e-27,0.12883729877236733,0.04624474788394612
0.3975897589758976,8.59065265199714e-27,0.12896621340917772,0.04631417400495619
0.39763976397639766,8.597098703058209e-27,0.12909525703800961,0.046383704353721834
0.39768976897689773,8.60354959095484e-27,0.12922442978793205,0.04645333908671769
0.39773977397739774,8.610005319316377e-27,0.12935373178814372,0.046523078360653135
0.3977897789778978,8.616465891774916e-27,0.12948316316797287,0.046592922332473086
0.39783978397839787,8.622931311965243e-27,0.12961272405687638,0.046662871159358
0.39788978897889793,8.629401583524887e-27,0.12974241458444125,0.046732924998724126
0.39793979397939794,8.635876710094092e-27,0.1298722348803836,0.046803084008224055
0.397989798979898,8.642356695315866e-27,0.13000218507455027,0.04687334834574743
0.39803980398039807,8.64884154283592e-27,0.1301322652969172,0.04694371816942059
0.39808980898089813,8.655331256302705e-27,0.13026247567759058,0.04701419363760716
0.39813981398139814,8.661825839367423e-27,0.1303928163468068,0.047084774908908854
0.3981898189818982,8.66832529568401e-27,0.13052328743493297,0.047155462142165316
0.39823982398239827,8.674829628909128e-27,0.13065388907246578,0.0472262554964546
0.3982898289828983,8.681338842702211e-27,0.1307846213900333,0.04729715513109369
0.39833983398339834,8.687852940725423e-27,0.13091548451839402,0.04736816120563877
0.3983898389838984,8.694371926643669e-27,0.13104647858843715,0.04743927387988534
0.39843984398439847,8.70089580412462e-27,0.13117760373118312,0.04751049331386911
0.3984898489848985,8.707424576838684e-27,0.13130886007778308,0.04758181966786575
0.39853985398539854,8.713958248459033e-27,0.13144024775951982,0.04765325310239178
0.3985898589858986,8.7204968226616e-27,0.13157176690780734,0.047724793778204606
0.39863986398639867,8.727040303125063e-27,0.13170341765419105,0.04779644185630298
0.3986898689868987,8.733588693530856e-27,0.13183520013034777,0.0478681974979272
0.39873987398739874,8.740141997563205e-27,0.1319671144680868,0.04794006086456005
0.3987898789878988,8.746700218909073e-27,0.13209916079934886,0.04801203211792631
0.39883988398839887,8.753263361258197e-27,0.13223133925620642,0.04808411141999379
0.3988898889888989,8.75983142830307e-27,0.1323636499708643,0.04815629893297319
0.39893989398939894,8.766404423738991e-27,0.13249609307565993,0.048228594819319265
0.398989898989899,8.772982351264004e-27,0.13262866870306317,0.04830099924173011
0.39903990399039907,8.77956521457892e-27,0.13276137698567556,0.04837351236314832
0.3990899089908991,8.786153017387351e-27,0.1328942180562323,0.048446134346761136
0.39913991399139914,8.792745763395684e-27,0.13302719204760116,0.048518865356000716
0.3991899189918992,8.799343456313066e-27,0.13316029909278243,0.04859170555454457
0.39923992399239927,8.805946099851453e-27,0.13329353932491006,0.04866465510631602
0.3992899289928993,8.812553697725568e-27,0.13342691287725073,0.04873771417548431
0.39933993399339934,8.819166253652929e-27,0.13356041988320488,0.04881088292646531
0.3993899389938994,8.825783771353854e-27,0.13369406047630616,0.04888416152392178
0.39943994399439947,8.832406254551433e-27,0.13382783479022198,0.04895755013276347
0.3994899489948995,8.839033706971544e-27,0.1339617429587529,0.04903104891814773
0.39953995399539954,8.845666132342902e-27,0.13409578511583475,0.0491046580454801
0.3995899589958996,8.852303534396978e-27,0.13422996139553597,0.049178377680414255
0.39963996399639967,8.858945916868058e-27,0.1343642719320598,0.049252207988852506
0.3996899689968997,8.865593283493221e-27,0.1344987168597434,0.049326149136946246
0.39973997399739974,8.872245638012385e-27,0.13463329631305915,0.04940020129109657
0.3997899789978998,8.878902984168228e-27,0.13476801042661316,0.04947436461795407
0.3998399839983999,8.885565325706252e-27,0.13490285933514634,0.049548639284419556
0.3998899889988999,8.892232666374784e-27,0.13503784317353465,0.0496230254576446
0.39993999399939995,8.898905009924957e-27,0.1351729620767892,0.04969752330503162
0.3999899989999,8.905582360110705e-27,0.13530821618005565,0.049772132994234254
0.4000400040004001,8.912264720688793e-27,0.1354436056186152,0.049846854693157916
0.4000900090009001,8.918952095418808e-27,0.13557913052788456,0.04992168856996023
0.40014001400140015,8.925644488063144e-27,0.13571479104341566,0.04999663479305102
0.4001900190019002,8.932341902387013e-27,0.13585058730089586,0.05007169353109291
0.4002400240024003,8.93904434215849e-27,0.1359865194361492,0.050146864953002156
0.4002900290029003,8.945751811148439e-27,0.13612258758513462,0.050222149227948217
0.40034003400340035,8.952464313130553e-27,0.13625879188394743,0.050297546525354404
0.4003900390039004,8.959181851881394e-27,0.13639513246881943,0.05037305701489898
0.4004400440044005,8.965904431180323e-27,0.13653160947611853,0.050448680866514314
0.4004900490049005,8.972632054809537e-27,0.13666822304234863,0.050524418250388115
0.40054005400540055,8.979364726554098e-27,0.13680497330415106,0.050600269336963835
0.4005900590059006,8.98610245020189e-27,0.13694186039830347,0.050676234296940445
0.4006400640064007,8.99284522954363e-27,0.13707888446172,0.05075231330127333
0.4006900690069007,8.999593068372887e-27,0.13721604563145218,0.05082850652117441
0.40074007400740075,9.0063459704861e-27,0.13735334404468896,0.050904814128112985
0.4007900790079008,9.013103939682526e-27,0.13749077983875604,0.05098123629381548
0.4008400840084009,9.019866979764278e-27,0.13762835315111663,0.05105777319026612
0.4008900890089009,9.026635094536323e-27,0.13776606411937153,0.05113442498970725
0.40094009400940095,9.033408287806508e-27,0.13790391288125955,0.051211191864640335
0.400990099009901,9.0401865633855e-27,0.13804189957465685,0.0512880739878252
0.4010401040104011,9.04696992508685e-27,0.1381800243375777,0.0513650715322813
0.4010901090109011,9.053758376726946e-27,0.1383182873081745,0.05144218467128762
0.40114011401140115,9.06055192212508e-27,0.13845668862473803,0.051519413578383765
0.4011901190119012,9.067350565103371e-27,0.13859522842569733,0.05159675842736938
0.4012401240124013,9.07415430948683e-27,0.1387339068496198,0.05167421939230529
0.4012901290129013,9.080963159103309e-27,0.1388727240352113,0.05175179664751342
0.40134013401340135,9.087777117783574e-27,0.13901168012131745,0.05182949036757774
0.4013901390139014,9.094596189361239e-27,0.1391507752469217,0.05190730072734403
0.4014401440144015,9.101420377672797e-27,0.13929000955114726,0.05198522790192071
0.4014901490149015,9.108249686557607e-27,0.13942938317325582,0.052063272066678795
0.40154015401540155,9.115084119857951e-27,0.13956889625264962,0.05214143339725309
0.4015901590159016,9.121923681418953e-27,0.13970854892886914,0.05221971206954174
0.4016401640164017,9.128768375088624e-27,0.139848341341595,0.052298108259706856
0.4016901690169017,9.135618204717898e-27,0.1399882736306478,0.0523766221441754
0.40174017401740175,9.142473174160565e-27,0.14012834593598783,0.052455253899638954
0.4017901790179018,9.149333287273307e-27,0.14026855839771527,0.052534003703054104
0.4018401840184019,9.156198547915728e-27,0.14040891115607076,0.05261287173164383
0.4018901890189019,9.163068959950303e-27,0.1405494043514352,0.05269185816289643
0.40194019401940195,9.169944527242397e-27,0.14069003812432956,0.05277096317456696
0.401990199019902,9.176825253660312e-27,0.14083081261541613,0.052850186944677496
0.4020402040204021,9.183711143075228e-27,0.14097172796549765,0.0529295296515171
0.4020902090209021,9.190602199361212e-27,0.1411127843155171,0.05300899147364253
0.40214021402140215,9.19749842639528e-27,0.14125398180655957,0.05308857258987885
0.4021902190219022,9.204399828057333e-27,0.14139532057985074,0.05316827317931938
0.4022402240224022,9.211306408230174e-27,0.14153680077675743,0.053248093421326186
0.4022902290229023,9.218218170799548e-27,0.14167842253878854,0.05332803349553103
0.40234023402340235,9.225135119654093e-27,0.14182018600759386,0.05340809358183495
0.4023902390239024,9.232057258685371e-27,0.14196209132496537,0.05348827386040925
0.4024402440244024,9.23898459178785e-27,0.14210413863283639,0.053568574511695465
0.4024902490249025,9.245917122858954e-27,0.1422463280732832,0.05364899571640658
0.40254025402540256,9.25285485579901e-27,0.14238865978852355,0.053729537655526335
0.4025902590259026,9.25979779451127e-27,0.14253113392091762,0.053810200510310435
0.40264026402640263,9.266745942901901e-27,0.14267375061296758,0.053890984462286476
0.4026902690269027,9.27369930488005e-27,0.14281651000731949,0.05397188969325499
0.40274027402740276,9.28065788435775e-27,0.14295941224676081,0.05405291638528915
0.4027902790279028,9.287621685249987e-27,0.14310245747422254,0.05413406472073543
0.40284028402840283,9.294590711474664e-27,0.14324564583277818,0.054215334882213945
0.4028902890289029,9.301564966952674e-27,0.14338897746564516,0.05429672705261964
0.40294029402940296,9.308544455607809e-27,0.14353245251618374,0.05437824141512129
0.402990299029903,9.31552918136681e-27,0.1436760711278976,0.05445987815316291
0.40304030403040303,9.322519148159368e-27,0.14381983344443403,0.054541637450463816
0.4030903090309031,9.329514359918142e-27,0.1439637396095842,0.05462351949101963
0.40314031403140316,9.33651482057872e-27,0.144107789767283,0.05470552445910163
0.4031903190319032,9.343520534079644e-27,0.14425198406160958,0.054787652539257915
0.40324032403240323,9.350531504362408e-27,0.14439632263678678,0.05486990391631348
0.4032903290329033,9.357547735371494e-27,0.1445408056371824,0.054952278775371344
0.40334033403340336,9.364569231054309e-27,0.14468543320730817,0.055034777301811916
0.4033903390339034,9.371595995361224e-27,0.14483020549182055,0.055117399681293824
0.40344034403440343,9.37862803224561e-27,0.144975122635521,0.05520014609975504
0.4034903490349035,9.385665345663762e-27,0.1451201847833555,0.055283016743412
0.40354035403540356,9.392707939574955e-27,0.14526539208041506,0.055366011798760946
0.4035903590359036,9.39975581794146e-27,0.14541074467193654,0.05544913145257838
0.40364036403640363,9.406808984728493e-27,0.14555624270330128,0.05553237589192083
0.4036903690369037,9.413867443904242e-27,0.14570188632003633,0.055615745304125636
0.40374037403740376,9.420931199439908e-27,0.14584767566781476,0.0556992398768119
0.4037903790379038,9.428000255309635e-27,0.14599361089245497,0.05578285979787976
0.40384038403840383,9.435074615490548e-27,0.14613969213992103,0.05586660525551158
0.4038903890389039,9.442154283962802e-27,0.1462859195563241,0.055950476438172726
0.40394039403940396,9.44923926470949e-27,0.14643229328792037,0.056034473534610996
0.403990399039904,9.456329561716713e-27,0.14657881348111304,0.056118596733857634
0.40404040404040403,9.463425178973547e-27,0.1467254802824513,0.056202846225227615
0.4040904090409041,9.470526120472102e-27,0.1468722938386318,0.05628722219832058
0.40414041404140416,9.477632390207446e-27,0.1470192542964974,0.05637172484302022
0.4041904190419042,9.484743992177653e-27,0.1471663618030377,0.05645635434949569
0.40424042404240423,9.491860930383785e-27,0.14731361650538952,0.05654111090820129
0.4042904290429043,9.498983208829948e-27,0.14746101855083754,0.05662599470987777
0.40434043404340436,9.506110831523213e-27,0.1476085680868129,0.05671100594555175
0.4043904390439044,9.513243802473666e-27,0.1477562652608949,0.05679614480653682
0.40444044404440443,9.520382125694399e-27,0.14790411022080988,0.05688141148443364
0.4044904490449045,9.527525805201548e-27,0.148052103114433,0.05696680617113092
0.40454045404540456,9.53467484501422e-27,0.1482002440897864,0.05705232905880505
0.4045904590459046,9.541829249154552e-27,0.14834853329504075,0.057137980339920985
0.40464046404640464,9.548989021647696e-27,0.14849697087851466,0.057223760207232674
0.4046904690469047,9.556154166521852e-27,0.14864555698867601,0.05730966885378362
0.40474047404740476,9.563324687808206e-27,0.1487942917741402,0.057395706472906954
0.4047904790479048,9.570500589540984e-27,0.14894317538367188,0.057481873258225964
0.40484048404840484,9.57768187575743e-27,0.14909220796618436,0.05756816940365466
0.4048904890489049,9.584868550497842e-27,0.14924138967074024,0.05765459510339853
0.40494049404940496,9.59206061780553e-27,0.1493907206465511,0.05774115055195419
0.40499049904990503,9.599258081726822e-27,0.14954020104297727,0.0578278359441102
0.40504050405040504,9.60646094631113e-27,0.14968983100952984,0.05791465147494814
0.4050905090509051,9.613669215610862e-27,0.14983961069586835,0.05800159733984171
0.40514051405140517,9.620882893681468e-27,0.14998954025180217,0.058088673734458376
0.40519051905190523,9.628101984581485e-27,0.15013961982729157,0.05817588085475938
0.40524052405240524,9.635326492372441e-27,0.1502898495724456,0.05826321889699993
0.4052905290529053,9.642556421118929e-27,0.15044022963752396,0.05835068805772987
0.40534053405340537,9.649791774888621e-27,0.15059076017293743,0.05843828853379439
0.40539053905390543,9.657032557752206e-27,0.1507414413292462,0.058526020522333994
0.40544054405440544,9.664278773783426e-27,0.15089227325716134,0.05861388422078502
0.4054905490549055,9.671530427059117e-27,0.15104325610754574,0.05870187982688055
0.40554055405540557,9.678787521659139e-27,0.15119439003141186,0.05879000753865031
0.40559055905590563,9.686050061666427e-27,0.15134567517992412,0.05887826755442136
0.40564056405640564,9.693318051166957e-27,0.15149711170439753,0.05896666007281826
0.4056905690569057,9.700591494249825e-27,0.15164869975629955,0.05905518529276435
0.40574057405740577,9.707870395007144e-27,0.15180043948724828,0.05914384341348109
0.40579057905790583,9.715154757534113e-27,0.15195233104901373,0.05923263463448919
0.40584058405840584,9.722444585928997e-27,0.1521043745935177,0.05932155915560876
0.4058905890589059,9.729739884293169e-27,0.15225657027283465,0.0594106171769603
0.40594059405940597,9.737040656731044e-27,0.1524089182391904,0.05949980889896438
0.405990599059906,9.744346907350112e-27,0.1525614186449633,0.05958913452234232
0.40604060406040604,9.751658640260989e-27,0.15271407164268452,0.05967859424811747
0.4060906090609061,9.758975859577333e-27,0.15286687738503768,0.05976818827761416
0.40614061406140617,9.766298569415908e-27,0.15301983602485889,0.059857916812459444
0.4061906190619062,9.773626773896548e-27,0.1531729477151371,0.05994778005458287
0.40624062406240624,9.780960477142213e-27,0.15332621260901538,0.06003777820621729
0.4062906290629063,9.788299683278925e-27,0.15347963085978863,0.060127911469899105
0.40634063406340637,9.79564439643582e-27,0.15363320262090624,0.06021818004846877
0.4063906390639064,9.80299462074511e-27,0.15378692804597036,0.06030858414507098
0.40644064406440644,9.810350360342148e-27,0.1539408072887376,0.06039912396315606
0.4064906490649065,9.817711619365348e-27,0.15409484050311753,0.06048979970647927
0.40654065406540657,9.825078401956253e-27,0.15424902784317446,0.06058061157910186
0.4065906590659066,9.832450712259494e-27,0.15440336946312636,0.06067155978539127
0.40664066406640664,9.839828554422851e-27,0.15455786551734627,0.060762644530022204
0.4066906690669067,9.847211932597173e-27,0.15471251616036055,0.06085386601797634
0.40674067406740677,9.854600850936431e-27,0.1548673215468509,0.06094522445454283
0.4067906790679068,9.861995313597754e-27,0.15502228183165404,0.06103672004531974
0.40684068406840684,9.869395324741337e-27,0.1551773971697611,0.0611283529962131
0.4068906890689069,9.876800888530512e-27,0.15533266771631796,0.06122012351343828
0.40694069406940697,9.884212009131772e-27,0.1554880936266272,0.061312031803520524
0.406990699069907,9.891628690714682e-27,0.15564367505614513,0.06140407807329477
0.40704070407040704,9.89905093745196e-27,0.15579941216048443,0.061496262529906365
0.4070907090709071,9.906478753519467e-27,0.1559553050954135,0.06158858538081231
0.4071407140714072,9.913912143096184e-27,0.15611135401685647,0.06168104683378029
0.4071907190719072,9.921351110364213e-27,0.15626755908089313,0.06177364709689025
0.40724072407240725,9.928795659508836e-27,0.15642392044376044,0.06186638637853463
0.4072907290729073,9.936245794718436e-27,0.15658043826185078,0.06195926488741859
0.4073407340734074,9.943701520184554e-27,0.15673711269171298,0.06205228283256054
0.4073907390739074,9.951162840101859e-27,0.15689394389005304,0.06214544042329259
0.40744074407440745,9.95862975866821e-27,0.1570509320137336,0.062238737869261616
0.4074907490749075,9.966102280084578e-27,0.15720807721977437,0.06233217538042875
0.4075407540754076,9.973580408555095e-27,0.15736537966535172,0.06242575316707049
0.4075907590759076,9.981064148287042e-27,0.15752283950779947,0.06251947143977885
0.40764076407640765,9.988553503490886e-27,0.15768045690460922,0.06261333040946251
0.4076907690769077,9.996048478380215e-27,0.15783823201343,0.0627073302873462
0.4077407740774078,1.0003549077171804e-26,0.15799616499206834,0.06280147128497202
0.4077907790779078,1.001105530408557e-26,0.15815425599848845,0.06289575361419951
0.40784078407840785,1.001856716334463e-26,0.15831250519081366,0.06299017748720664
0.4078907890789079,1.0026084659175244e-26,0.15847091272732444,0.06308474311648962
0.407940794079408,1.0033607795806847e-26,0.15862947876646025,0.06317945071486351
0.407990799079908,1.0041136577472036e-26,0.15878820346681827,0.06327430049546313
0.40804080408040805,1.0048671008406628e-26,0.15894708698715576,0.06336929267174342
0.4080908090809081,1.0056211092849568e-26,0.15910612948638767,0.06346442745747935
0.4081408140814082,1.006375683504301e-26,0.15926533112358832,0.06355970506676722
0.4081908190819082,1.0071308239232266e-26,0.159424692057991,0.0636551257140242
0.40824082408240825,1.0078865309665877e-26,0.1595842124489889,0.06375068961399026
0.4082908290829083,1.0086428050595531e-26,0.15974389245613435,0.06384639698172692
0.4083408340834084,1.0093996466276113e-26,0.15990373223913876,0.06394224803261882
0.4083908390839084,1.0101570560965728e-26,0.1600637319578745,0.06403824298237419
0.40844084408440845,1.0109150338925653e-26,0.1602238917723732,0.06413438204702493
0.4084908490849085,1.0116735804420341e-26,0.16038421184282625,0.0642306654429269
0.4085408540854086,1.0124326961717505e-26,0.16054469232958649,0.06432709338676156
0.4085908590859086,1.0131923815088009e-26,0.16070533339316623,0.064423666095535
0.40864086408640865,1.0139526368805929e-26,0.16086613519423842,0.06452038378657918
0.4086908690869087,1.0147134627148576e-26,0.16102709789363745,0.06461724667755281
0.4087408740874088,1.0154748594396444e-26,0.1611882216523581,0.06471425498644087
0.4087908790879088,1.0162368274833231e-26,0.16134950663155603,0.06481140893155556
0.40884088408840885,1.0169993672745891e-26,0.1615109529925489,0.06490870873153748
0.4088908890889089,1.017762479242456e-26,0.16167256089681556,0.0650061546053546
0.408940894089409,1.0185261638162592e-26,0.1618343305059958,0.06510374677230424
0.408990899089909,1.0192904214256566e-26,0.1619962619818915,0.06520148545201247
0.40904090409040905,1.020055252500632e-26,0.16215835548646707,0.06529937086443578
0.4090909090909091,1.0208206574714869e-26,0.1623206111818481,0.06539740322986017
0.4091409140914092,1.0215866367688485e-26,0.162483029230323,0.06549558276890267
0.4091909190919092,1.0223531908236643e-26,0.16264560979434184,0.0655939097025113
0.40924092409240925,1.0231203200672102e-26,0.16280835303651814,0.06569238425196638
0.4092909290929093,1.0238880249310817e-26,0.1629712591196278,0.06579100663887968
0.4093409340934094,1.0246563058471987e-26,0.1631343282066092,0.06588977708519612
0.4093909390939094,1.0254251632478048e-26,0.16329756046056404,0.06598869581319346
0.40944094409440945,1.026194597565471e-26,0.16346095604475752,0.06608776304548376
0.4094909490949095,1.0269646092330895e-26,0.16362451512261775,0.06618697900501279
0.4095409540954096,1.027735198683879e-26,0.16378823785773655,0.06628634391506116
0.4095909590959096,1.0285063663513808e-26,0.16395212441386928,0.06638585799924439
0.40964096409640965,1.0292781126694667e-26,0.16411617495493558,0.06648552148151446
0.4096909690969097,1.0300504380723293e-26,0.1642803896450188,0.06658533458615892
0.4097409740974097,1.0308233429944872e-26,0.164444768648366,0.06668529753780197
0.4097909790979098,1.0315968278707887e-26,0.16460931212938965,0.06678541056140576
0.40984098409840986,1.0323708931364054e-26,0.16477402025266602,0.06688567388226938
0.4098909890989099,1.0331455392268356e-26,0.16493889318293609,0.06698608772603054
0.4099409940994099,1.0339207665779042e-26,0.1651039310851056,0.06708665231866545
0.40999099909991,1.0346965756257665e-26,0.16526913412424613,0.06718736788649009
0.41004100410041006,1.0354729668069e-26,0.16543450246559313,0.0672882346561597
0.4100910091009101,1.036249940558112e-26,0.16560003627454814,0.06738925285466975
0.41014101410141013,1.0370274973165394e-26,0.1657657357166783,0.06749042270935701
0.4101910191019102,1.0378056375196445e-26,0.16593160095771614,0.06759174444789914
0.41024102410241026,1.0385843616052177e-26,0.16609763216355983,0.06769321829831551
0.4102910291029103,1.039363670011381e-26,0.16626382950027427,0.06779484448896828
0.41034103410341033,1.0401435631765826e-26,0.16643019313409,0.06789662324856198
0.4103910391039104,1.0409240415395978e-26,0.16659672323140334,0.06799855480614457
0.41044104410441046,1.0417051055395368e-26,0.16676341995877844,0.06810063939110828
0.4104910491049105,1.0424867556158347e-26,0.1669302834829452,0.06820287723318925
0.41054105410541053,1.0432689922082557e-26,0.16709731397079994,0.06830526856246852
0.4105910591059106,1.0440518157568995e-26,0.16726451158940764,0.06840781360937298
0.41064106410641066,1.0448352267021907e-26,0.16743187650599858,0.06851051260467514
0.4106910691069107,1.045619225484886e-26,0.16759940888797137,0.0686133657794939
0.41074107410741073,1.0464038125460711e-26,0.16776710890289168,0.06871637336529507
0.4107910791079108,1.0471889883271684e-26,0.16793497671849364,0.06881953559389255
0.41084108410841086,1.0479747532699258e-26,0.1681030125026784,0.06892285269744754
0.4108910891089109,1.048761107816424e-26,0.1682712164235152,0.06902632490847016
0.41094109410941093,1.0495480524090748e-26,0.16843958864924144,0.06912995245981929
0.410991099109911,1.0503355874906265e-26,0.1686081293482637,0.06923373558470394
0.41104110411041106,1.0511237135041543e-26,0.16877683868915616,0.06933767451668273
0.4110911091109111,1.0519124308930678e-26,0.1689457168406618,0.06944176948966502
0.41114111411141113,1.0527017401011079e-26,0.1691147639716922,0.06954602073791137
0.4111911191119112,1.0534916415723526e-26,0.16928398025132896,0.06965042849603433
0.41124112411241126,1.0542821357512091e-26,0.16945336584882192,0.06975499299899812
0.4112911291129113,1.0550732230824192e-26,0.1696229209335907,0.06985971448212008
0.41134113411341133,1.0558649040110573e-26,0.16979264567522392,0.0699645931810705
0.4113911391139114,1.056657178982536e-26,0.1699625402434809,0.07006962933187412
0.41144114411441146,1.0574500484425972e-26,0.17013260480828993,0.0701748231709093
0.4114911491149115,1.0582435128373198e-26,0.17030283953974948,0.07028017493490972
0.41154115411541153,1.059037572613115e-26,0.17047324460812815,0.07038568486096403
0.4115911591159116,1.0598322282167337e-26,0.17064382018386584,0.07049135318651742
0.41164116411641166,1.060627480095258e-26,0.1708145664375718,0.07059718014937112
0.4116911691169117,1.0614233286961044e-26,0.170985483540026,0.0707031659876833
0.41174117411741173,1.0622197744670309e-26,0.17115657166218054,0.07080931093997019
0.4117911791179118,1.0630168178561263e-26,0.17132783097515755,0.0709156152451055
0.41184118411841186,1.0638144593118155e-26,0.17149926165025023,0.07102207914232167
0.4118911891189119,1.0646126992828653e-26,0.17167086385892433,0.07112870287121081
0.41194119411941194,1.0654115382183728e-26,0.17184263777281567,0.07123548667172415
0.411991199119912,1.0662109765677738e-26,0.17201458356373253,0.07134243078417318
0.41204120412041206,1.0670110147808458e-26,0.1721867014036558,0.0714495354492306
0.4120912091209121,1.0678116533076984e-26,0.1723589914647373,0.07155680090793014
0.41214121412141214,1.0686128925987797e-26,0.17253145391930116,0.07166422740166713
0.4121912191219122,1.0694147331048794e-26,0.17270408893984515,0.07177181517219988
0.41224122412241226,1.0702171752771219e-26,0.17287689669903844,0.07187956446164925
0.41229122912291233,1.0710202195669715e-26,0.1730498773697237,0.07198747551249961
0.41234123412341234,1.0718238664262296e-26,0.17322303112491527,0.07209554856759942
0.4123912391239124,1.0726281163070398e-26,0.17339635813780266,0.0722037838701619
0.41244124412441246,1.0734329696618829e-26,0.17356985858174706,0.07231218166376514
0.41249124912491253,1.0742384269435785e-26,0.1737435326302837,0.07242074219235296
0.41254125412541254,1.0750444886052866e-26,0.17391738045712105,0.07252946570023541
0.4125912591259126,1.0758511551005101e-26,0.17409140223614253,0.07263835243208955
0.41264126412641267,1.0766584268830879e-26,0.1742655981414041,0.07274740263295953
0.41269126912691273,1.0774663044072014e-26,0.17443996834713668,0.07285661654825738
0.41274127412741274,1.0782747881273714e-26,0.1746145130277451,0.07296599442376343
0.4127912791279128,1.0790838784984637e-26,0.17478923235780955,0.07307553650562751
0.41284128412841287,1.0798935759756816e-26,0.17496412651208426,0.0731852430403685
0.41289128912891293,1.0807038810145701e-26,0.17513919566549785,0.07329511427487548
0.41294129412941294,1.0815147940710167e-26,0.1753144399931545,0.07340515045640816
0.412991299129913,1.082326315601253e-26,0.1754898596703342,0.07351535183259775
0.41304130413041307,1.0831384460618509e-26,0.17566545487249152,0.07362571865144689
0.41309130913091313,1.0839511859097243e-26,0.17584122577525688,0.07373625116133053
0.41314131413141314,1.0847645356021297e-26,0.17601717255443555,0.07384694961099661
0.4131913191319132,1.0855784955966714e-26,0.17619329538601086,0.07395781424956673
0.41324132413241327,1.0863930663512908e-26,0.17636959444613984,0.0740688453265362
0.41329132913291333,1.087208248324275e-26,0.17654606991115715,0.07418004309177458
0.41334133413341334,1.0880240419742581e-26,0.1767227219575736,0.07429140779552759
0.4133913391339134,1.0888404477602148e-26,0.17689955076207686,0.07440293968841553
0.41344134413441347,1.0896574661414635e-26,0.1770765565015304,0.07451463902143537
0.4134913491349135,1.0904750975776716e-26,0.17725373935297614,0.07462650604596129
0.41354135413541354,1.0912933425288482e-26,0.17743109949363228,0.07473854101374422
0.4135913591359136,1.0921122014553463e-26,0.17760863710089364,0.07485074417691322
0.41364136413641367,1.0929316748178684e-26,0.1777863523523344,0.07496311578797621
0.4136913691369137,1.0937517630774603e-26,0.17796424542570502,0.07507565609981992
0.41374137413741374,1.0945724666955113e-26,0.17814231649893358,0.07518836536571041
0.4137913791379138,1.0953937861337633e-26,0.17832056575012778,0.07530124383929478
0.41384138413841387,1.0962157218542991e-26,0.17849899335757186,0.07541429177460017
0.4138913891389139,1.097038274319549e-26,0.17867759949972928,0.07552750942603521
0.41394139413941394,1.0978614439922937e-26,0.17885638435524223,0.07564089704839101
0.413991399139914,1.0986852313356575e-26,0.17903534810293098,0.0757544548968406
0.41404140414041407,1.0995096368131136e-26,0.17921449092179534,0.07586818322694028
0.4140914091409141,1.1003346608884811e-26,0.17939381299101334,0.0759820822946299
0.41414141414141414,1.1011603040259322e-26,0.17957331448994376,0.07609615235623401
0.4141914191419142,1.101986566689983e-26,0.1797529955981239,0.0762103936684614
0.41424142414241427,1.102813449345498e-26,0.1799328564952705,0.07632480648840652
0.4142914291429143,1.1036409524576913e-26,0.18011289736128025,0.07643939107354959
0.41434143414341434,1.1044690764921293e-26,0.18029311837623066,0.07655414768175797
0.4143914391439144,1.1052978219147231e-26,0.18047351972037848,0.07666907657128544
0.4144414441444145,1.1061271891917358e-26,0.1806541015741613,0.07678417800077385
0.4144914491449145,1.106957178789778e-26,0.18083486411819663,0.07689945222925296
0.41454145414541455,1.107787791175815e-26,0.18101580753328375,0.07701489951614224
0.4145914591459146,1.108619026817159e-26,0.18119693200040227,0.07713052012124977
0.4146414641464147,1.1094508861814728e-26,0.1813782377007125,0.07724631430477413
0.4146914691469147,1.1102833697367703e-26,0.18155972481555654,0.07736228232730408
0.41474147414741475,1.1111164779514194e-26,0.18174139352645813,0.0774784244498205
0.4147914791479148,1.1119502112941359e-26,0.1819232440151222,0.07759474093369502
0.4148414841484149,1.112784570233989e-26,0.18210527646343547,0.07771123204069232
0.4148914891489149,1.1136195552403974e-26,0.18228749105346662,0.07782789803296958
0.41494149414941495,1.114455166783138e-26,0.1824698879674674,0.07794473917307827
0.414991499149915,1.115291405332334e-26,0.1826524673878706,0.0780617557239635
0.4150415041504151,1.1161282713584626e-26,0.18283522949729225,0.07817894794896477
0.4150915091509151,1.1169657653323583e-26,0.1830181744785315,0.07829631611181798
0.41514151415141515,1.1178038877252033e-26,0.18320130251456945,0.07841386047665407
0.4151915191519152,1.1186426390085352e-26,0.18338461378857074,0.07853158130800061
0.4152415241524153,1.119482019654249e-26,0.18356810848388397,0.07864947887078308
0.4152915291529153,1.1203220301345889e-26,0.18375178678403994,0.07876755343032377
0.41534153415341535,1.1211626709221534e-26,0.18393564887275352,0.07888580525234334
0.4153915391539154,1.1220039424899019e-26,0.1841196949339244,0.07900423460296217
0.4154415441544155,1.1228458453111416e-26,0.1843039251516349,0.07912284174869953
0.4154915491549155,1.1236883798595369e-26,0.18448833971015208,0.07924162695647459
0.41554155415541555,1.1245315466091107e-26,0.1846729387939278,0.0793605904936081
0.4155915591559156,1.1253753460342376e-26,0.18485772258759778,0.07947973262782121
0.4156415641564157,1.1262197786096504e-26,0.18504269127598294,0.07959905362723761
0.4156915691569157,1.1270648448104353e-26,0.18522784504408848,0.07971855376038295
0.41574157415741575,1.1279105451120411e-26,0.18541318407710614,0.0798382332961869
0.4157915791579158,1.1287568799902664e-26,0.1855987085604113,0.07995809250398198
0.4158415841584159,1.1296038499212712e-26,0.18578441867956594,0.08007813165350545
0.4158915891589159,1.1304514553815693e-26,0.1859703146203168,0.08019835101489944
0.41594159415941595,1.1312996968480369e-26,0.1861563965685978,0.08031875085871182
0.415991599159916,1.1321485747979047e-26,0.1863426647105278,0.08043933145589645
0.4160416041604161,1.1329980897087613e-26,0.18652911923241208,0.08056009307781398
0.4160916091609161,1.133848242058553e-26,0.1867157603207423,0.08068103599623212
0.41614161416141615,1.134699032325589e-26,0.18690258816219738,0.08080216048332742
0.4161916191619162,1.135550460988534e-26,0.18708960294364255,0.08092346681168434
0.4162416241624163,1.1364025285264118e-26,0.18727680485212964,0.08104495525429682
0.4162916291629163,1.1372552354186045e-26,0.18746419407489776,0.08116662608456829
0.41634163416341635,1.1381085821448594e-26,0.18765177079937453,0.0812884795763134
0.4163916391639164,1.1389625691852777e-26,0.18783953521317362,0.0814105160037571
0.4164416441644165,1.1398171970203245e-26,0.18802748750409723,0.08153273564153647
0.4164916491649165,1.1406724661308212e-26,0.18821562786013485,0.08165513876470032
0.41654165416541655,1.1415283769979567e-26,0.18840395646946506,0.08177772564871158
0.4165916591659166,1.1423849301032756e-26,0.1885924735204538,0.08190049656944544
0.4166416641664167,1.1432421259286841e-26,0.18878117920165569,0.08202345180319177
0.4166916691669167,1.1440999649564539e-26,0.1889700737018147,0.08214659162665554
0.41674167416741675,1.1449584476692148e-26,0.18915915720986293,0.08226991631695661
0.4167916791679168,1.1458175745499584e-26,0.1893484299149213,0.08239342615163098
0.4168416841684169,1.1466773460820435e-26,0.1895378920063012,0.08251712140863181
0.4168916891689169,1.1475377627491861e-26,0.18972754367350195,0.08264100236632879
0.41694169416941695,1.1483988250354666e-26,0.18991738510621317,0.08276506930350988
0.416991699169917,1.1492605334253323e-26,0.19010741649431465,0.08288932249938195
0.4170417041704171,1.1501228884035893e-26,0.19029763802787594,0.08301376223357025
0.4170917091709171,1.1509858904554081e-26,0.1904880498971559,0.08313838878612029
0.41714171417141716,1.1518495400663278e-26,0.19067865229260525,0.08326320243749834
0.4171917191719172,1.1527138377222466e-26,0.19086944540486445,0.08338820346859102
0.4172417241724172,1.153578783909428e-26,0.19106042942476398,0.08351339216070693
0.4172917291729173,1.1544443791145039e-26,0.19125160454332707,0.08363876879557718
0.41734173417341736,1.1553106238244678e-26,0.1914429709517668,0.08376433365535559
0.4173917391739174,1.1561775185266807e-26,0.1916345288414877,0.08389008702261981
0.41744174417441743,1.1570450637088659e-26,0.19182627840408573,0.08401602918037118
0.4174917491749175,1.1579132598591185e-26,0.19201821983134956,0.08414216041203677
0.41754175417541756,1.1587821074658954e-26,0.1922103533152587,0.08426848100146839
0.4175917591759176,1.1596516070180206e-26,0.19240267904798491,0.08439499123294437
0.41764176417641763,1.1605217590046841e-26,0.1925951972218923,0.08452169139116938
0.4176917691769177,1.1613925639154476e-26,0.192787908029538,0.08464858176127653
0.41774177417741776,1.1622640222402351e-26,0.19298081166367112,0.08477566262882592
0.4177917791779178,1.1631361344693404e-26,0.19317390831723413,0.08490293427980666
0.41784178417841783,1.1640089010934226e-26,0.19336719818336165,0.0850303970006373
0.4178917891789179,1.1648823226035146e-26,0.1935606814553832,0.08515805107816665
0.41794179417941796,1.1657563994910126e-26,0.19375435832682003,0.08528589679967379
0.417991799179918,1.1666311322476837e-26,0.19394822899138828,0.08541393445286913
0.41804180418041803,1.1675065213656617e-26,0.19414229364299676,0.08554216432589483
0.4180918091809181,1.168382567337454e-26,0.1943365524757496,0.08567058670732637
0.41814181418141816,1.1692592706559342e-26,0.19453100568394435,0.08579920188617167
0.4181918191819182,1.1701366318143466e-26,0.19472565346207293,0.08592801015187292
0.41824182418241823,1.1710146513063038e-26,0.19492049600482195,0.08605701179430639
0.4182918291829183,1.1718933296257932e-26,0.19511553350707342,0.0861862071037844
0.41834183418341836,1.1727726672671695e-26,0.1953107661639037,0.08631559637105435
0.4183918391839184,1.1736526647251576e-26,0.19550619417058412,0.08644517988730031
0.41844184418441843,1.1745333224948573e-26,0.1957018177225823,0.08657495794414384
0.4184918491849185,1.175414641071737e-26,0.19589763701556104,0.08670493083364379
0.41854185418541856,1.176296620951636e-26,0.19609365224537792,0.08683509884829765
0.4185918591859186,1.1771792626307694e-26,0.19628986360808842,0.08696546228104238
0.41864186418641863,1.1780625666057224e-26,0.19648627129994273,0.0870960214252544
0.4186918691869187,1.1789465333734497e-26,0.1966828755173876,0.08722677657475005
0.41874187418741876,1.1798311634312868e-26,0.19687967645706717,0.0873577280237881
0.4187918791879188,1.180716457276935e-26,0.19707667431582143,0.0874888760670679
0.41884188418841883,1.1816024154084704e-26,0.19727386929068735,0.08762022099973146
0.4188918891889189,1.1824890383243478e-26,0.19747126157890013,0.08775176311736448
0.41894189418941896,1.1833763265233904e-26,0.1976688513778911,0.08788350271599585
0.418991899189919,1.1842642805047975e-26,0.19786663888528952,0.0880154400920988
0.41904190419041903,1.1851529007681417e-26,0.19806462429892224,0.08814757554259184
0.4190919091909191,1.1860421878133752e-26,0.19826280781681518,0.08827990936483959
0.41914191419141916,1.1869321421408205e-26,0.19846118963719073,0.08841244185665272
0.4191919191919192,1.1878227642511767e-26,0.19865976995847076,0.08854517331628878
0.41924192419241924,1.1887140546455181e-26,0.19885854897927496,0.0886781040424533
0.4192919291929193,1.1896060138252984e-26,0.19905752689842268,0.08881123433430063
0.41934193419341936,1.1904986422923433e-26,0.1992567039149314,0.08894456449143383
0.4193919391939194,1.1913919405488573e-26,0.19945608022801786,0.08907809481390572
0.41944194419441944,1.19228590909742e-26,0.1996556560370982,0.08921182560221952
0.4194919491949195,1.193180548440991e-26,0.19985543154178853,0.08934575715733002
0.41954195419541956,1.1940758590829053e-26,0.20005540694190427,0.08947988978064352
0.41959195919591963,1.1949718415268753e-26,0.20025558243746058,0.08961422377401876
0.41964196419641964,1.1958684962769905e-26,0.2004559582286728,0.08974875943976758
0.4196919691969197,1.1967658238377237e-26,0.2006565345159576,0.08988349708065618
0.41974197419741976,1.1976638247139208e-26,0.20085731149993094,0.09001843699990487
0.41979197919791983,1.1985624994108081e-26,0.20105828938141013,0.09015357950118914
0.41984198419841984,1.1994618484339899e-26,0.20125946836141267,0.09028892488864028
0.4198919891989199,1.2003618722894544e-26,0.20146084864115862,0.09042447346684693
0.41994199419941997,1.2012625714835645e-26,0.20166243042206827,0.09056022554085405
0.41999199919992003,1.2021639465230639e-26,0.2018642139057634,0.09069618141616494
0.42004200420042004,1.2030659979150796e-26,0.2020661992940683,0.09083234139874188
0.4200920092009201,1.2039687261671163e-26,0.20226838678900877,0.09096870579500597
0.42014201420142017,1.2048721317870587e-26,0.20247077659281232,0.09110527491183837
0.42019201920192023,1.2057762152831773e-26,0.20267336890791005,0.09124204905658152
0.42024202420242024,1.2066809771641188e-26,0.2028761639369342,0.09137902853703868
0.4202920292029203,1.2075864179389118e-26,0.20307916188272018,0.09151621366147494
0.42034203420342037,1.2084925381169722e-26,0.20328236294830718,0.09165360473861942
0.42039203920392043,1.2093993382080933e-26,0.20348576733693663,0.09179120207766354
0.42044204420442044,1.21030681872245e-26,0.2036893752520534,0.09192900598826306
0.4204920492049205,1.2112149801706057e-26,0.2038931868973066,0.09206701678053936
0.42054205420542057,1.2121238230635021e-26,0.2040972024765487,0.09220523476507861
0.42059205920592063,1.2130333479124652e-26,0.20430142219383568,0.0923436602529336
0.42064206420642064,1.2139435552292036e-26,0.20450584625342802,0.0924822935556238
0.4206920692069207,1.2148544455258147e-26,0.20471047485979127,0.092621134985137
0.42074207420742077,1.2157660193147746e-26,0.20491530821759454,0.09276018485392878
0.42079207920792083,1.2166782771089472e-26,0.20512034653171254,0.09289944347492397
0.42084208420842084,1.2175912194215778e-26,0.20532559000722397,0.093038911161517
0.4208920892089209,1.2185048467663025e-26,0.2055310388494142,0.09317858822757343
0.42094209420942097,1.2194191596571384e-26,0.20573669326377284,0.09331847498742926
0.42099209920992103,1.220334158608489e-26,0.2059425534559953,0.093458571755893
0.42104210421042104,1.2212498441351422e-26,0.20614861963198275,0.09359887884824492
0.4210921092109211,1.222166216752278e-26,0.20635489199784326,0.09373939658023984
0.42114211421142117,1.2230832769754569e-26,0.20656137075989012,0.0938801252681057
0.4211921192119212,1.2240010253206275e-26,0.20676805612464294,0.09402106522854524
0.42124212421242124,1.2249194623041297e-26,0.20697494829882965,0.09416221677873718
0.4212921292129213,1.2258385884426856e-26,0.20718204748938282,0.09430358023633603
0.42134213421342137,1.2267584042534074e-26,0.2073893539034435,0.09444515591947313
0.4213921392139214,1.2276789102537935e-26,0.20759686774835912,0.09458694414675743
0.42144214421442144,1.228600106961735e-26,0.20780458923168574,0.09472894523727665
0.4214921492149215,1.2295219948955077e-26,0.20801251856118602,0.09487115951059717
0.42154215421542157,1.2304445745737764e-26,0.2082206559448309,0.09501358728676498
0.4215921592159216,1.2313678465155954e-26,0.2084290015907992,0.09515622888630662
0.42164216421642164,1.2322918112404118e-26,0.20863755570747888,0.09529908463023032
0.4216921692169217,1.2332164692680581e-26,0.2088463185034655,0.09544215484002576
0.4217421742174218,1.2341418211187568e-26,0.20905529018756314,0.09558543983766493
0.4217921792179218,1.2350678673131258e-26,0.209264470968786,0.09572893994560432
0.42184218421842185,1.2359946083721688e-26,0.20947386105635657,0.09587265548678346
0.4218921892189219,1.2369220448172805e-26,0.20968346065970622,0.0960165867846268
0.421942194219422,1.2378501771702507e-26,0.20989326998847743,0.09616073416304509
0.421992199219922,1.2387790059532577e-26,0.2101032892525211,0.0963050979464347
0.42204220422042205,1.23970853168887e-26,0.2103135186618981,0.09644967845967889
0.4220922092209221,1.2406387549000539e-26,0.21052395842688076,0.09659447602814944
0.4221422142214222,1.2415696761101632e-26,0.21073460875795047,0.09673949097770586
0.4221922192219222,1.2425012958429432e-26,0.21094546986579923,0.0968847236346968
0.42224222422242225,1.2434336146225398e-26,0.21115654196133143,0.09703017432596177
0.4222922292229223,1.2443666329734839e-26,0.21136782525566067,0.09717584337883006
0.4223422342234224,1.2453003514207046e-26,0.21157931996011275,0.09732173112112263
0.4223922392239224,1.2462347704895216e-26,0.21179102628622443,0.09746783788115242
0.42244224422442245,1.2471698907056535e-26,0.21200294444574486,0.09761416398772588
0.4224922492249225,1.2481057125952097e-26,0.2122150746506343,0.09776070977014249
0.4225422542254226,1.2490422366846952e-26,0.21242741711306556,0.09790747555819632
0.4225922592259226,1.2499794635010082e-26,0.21263997204542298,0.09805446168217616
0.42264226422642265,1.2509173935714483e-26,0.21285273966030518,0.09820166847286753
0.4226922692269227,1.2518560274237043e-26,0.21306572017052147,0.09834909626155185
0.4227422742274228,1.2527953655858636e-26,0.2132789137890954,0.09849674538000797
0.4227922792279228,1.253735408586408e-26,0.2134923207292626,0.09864461616051268
0.42284228422842285,1.2546761569542209e-26,0.21370594120447356,0.09879270893584233
0.4228922892289229,1.2556176112185776e-26,0.21391977542839122,0.09894102403927223
0.422942294229423,1.2565597719091519e-26,0.21413382361489242,0.09908956180457817
0.422992299229923,1.2575026395560135e-26,0.21434808597806812,0.09923832256603658
0.42304230423042305,1.2584462146896351e-26,0.21456256273222385,0.09938730665842702
0.4230923092309231,1.2593904978408817e-26,0.21477725409187937,0.0995365144170302
0.4231423142314232,1.2603354895410197e-26,0.21499216027176865,0.0996859461776311
0.4231923192319232,1.2612811903217107e-26,0.21520728148684046,0.09983560227651808
0.42324232423242325,1.2622276007150218e-26,0.21542261795226011,0.09998548305048542
0.4232923292329233,1.2631747212534135e-26,0.21563816988340676,0.1001355888368319
0.4233423342334234,1.2641225524697463e-26,0.21585393749587506,0.10028591997336311
0.4233923392339234,1.2650710948972848e-26,0.2160699210054764,0.10043647679839227
0.42344234423442345,1.2660203490696895e-26,0.21628612062823713,0.1005872596507399
0.4234923492349235,1.2669703155210205e-26,0.2165025365803998,0.10073826886973489
0.4235423542354236,1.2679209947857452e-26,0.21671916907842464,0.10088950479521663
0.4235923592359236,1.268872387398725e-26,0.216936018338987,0.10104096776753382
0.42364236423642365,1.2698244938952245e-26,0.217153084578979,0.10119265812754623
0.4236923692369237,1.2707773148109133e-26,0.2173703680155114,0.1013445762166258
0.4237423742374238,1.2717308506818592e-26,0.21758786886591022,0.10149672237665662
0.4237923792379238,1.2726851020445316e-26,0.21780558734771993,0.10164909695003571
0.42384238423842385,1.2736400694358076e-26,0.21802352367870315,0.10180170027967497
0.4238923892389239,1.2745957533929627e-26,0.21824167807683956,0.10195453270900066
0.423942394239424,1.2755521544536758e-26,0.21846005076032712,0.10210759458195413
0.423992399239924,1.2765092731560292e-26,0.21867864194758177,0.10226088624299372
0.42404240424042405,1.2774671100385127e-26,0.21889745185723922,0.10241440803709508
0.4240924092409241,1.2784256656400158e-26,0.21911648070815282,0.10256816030975117
0.4241424142414242,1.2793849404998346e-26,0.21933572871939547,0.1027221434069738
0.4241924192419242,1.280344935157666e-26,0.21955519611025814,0.10287635767529404
0.42424242424242425,1.28130565015362e-26,0.21977488310025353,0.10303080346176399
0.4242924292429243,1.2822670860282048e-26,0.21999478990911178,0.10318548111395626
0.4243424342434244,1.2832292433223348e-26,0.22021491675678384,0.10334039097996477
0.4243924392439244,1.2841921225773324e-26,0.22043526386344037,0.10349553340840666
0.42444244424442445,1.2851557243349272e-26,0.220655831449473,0.1036509087484225
0.4244924492449245,1.2861200491372528e-26,0.22087661973549338,0.10380651734967677
0.4245424542454246,1.2870850975268501e-26,0.22109762894233378,0.10396235956235884
0.4245924592459246,1.2880508700466655e-26,0.2213188592910473,0.10411843573718353
0.42464246424642466,1.2890173672400592e-26,0.22154031100290952,0.1042747462253932
0.4246924692469247,1.2899845896507917e-26,0.22176198429941577,0.10443129137875658
0.4247424742474248,1.2909525378230347e-26,0.2219838794022838,0.1045880715495708
0.4247924792479248,1.291921212301367e-26,0.22220599653345302,0.1047450870906615
0.42484248424842486,1.2928906136307798e-26,0.22242833591508535,0.10490233835538511
0.4248924892489249,1.2938607423566687e-26,0.2226508977695645,0.10505982569762728
0.42494249424942493,1.2948315990248386e-26,0.22287368231949656,0.10521754947180542
0.424992499249925,1.29580318418151e-26,0.22309668978771147,0.1053755100328695
0.42504250425042506,1.296775498373306e-26,0.22331992039726048,0.10553370773630183
0.4250925092509251,1.297748542147261e-26,0.22354337437141902,0.10569214293811793
0.42514251425142513,1.2987223160508265e-26,0.22376705193368618,0.10585081599486941
0.4251925192519252,1.2996968206318563e-26,0.22399095330778412,0.10600972726364134
0.42524252425242526,1.3006720564386184e-26,0.2242150787176585,0.10616887710205569
0.4252925292529253,1.301648024019796e-26,0.2244394283874806,0.1063282658682718
0.42534253425342533,1.3026247239244788e-26,0.22466400254164434,0.10648789392098582
0.4253925392539254,1.3036021567021684e-26,0.2248888014047684,0.1066477616194326
0.42544254425442546,1.3045803229027848e-26,0.2251138252016976,0.10680786932338697
0.4254925492549255,1.305559223076654e-26,0.22533907415750015,0.1069682173931632
0.42554255425542553,1.3065388577745172e-26,0.22556454849747012,0.1071288061896162
0.4255925592559256,1.307519227547531e-26,0.22579024844712722,0.10728963607414395
0.42564256425642566,1.308500332947263e-26,0.2260161742322165,0.10745070740868572
0.4256925692569257,1.3094821745256957e-26,0.2262423260787088,0.10761202055572462
0.42574257425742573,1.3104647528352225e-26,0.22646870421280088,0.10777357587828752
0.4257925792579258,1.3114480684286588e-26,0.22669530886091707,0.10793537373994733
0.42584258425842586,1.3124321218592283e-26,0.226922140249707,0.10809741450482178
0.4258925892589259,1.3134169136805717e-26,0.22714919860604718,0.10825969853757561
0.42594259425942593,1.3144024444467434e-26,0.22737648415704112,0.10842222620342086
0.425992599259926,1.315388714712219e-26,0.22760399713002086,0.10858499786811823
0.42604260426042606,1.3163757250318848e-26,0.22783173775254417,0.10874801389797735
0.4260926092609261,1.317363475961045e-26,0.2280597062523975,0.10891127465985745
0.42614261426142613,1.3183519680554192e-26,0.22828790285759448,0.10907478052116874
0.4261926192619262,1.3193412018711484e-26,0.2285163277963781,0.10923853184987353
0.42624262426242626,1.320331177964787e-26,0.22874498129721854,0.10940252901448591
0.4262926292629263,1.3213218968933077e-26,0.22897386358881547,0.10956677238407311
0.42634263426342633,1.3223133592140994e-26,0.22920297490009628,0.10973126232825671
0.4263926392639264,1.3233055654849747e-26,0.22943231546021894,0.1098959992172134
0.42644264426442646,1.3242985162641594e-26,0.22966188549856945,0.11006098342167546
0.4264926492649265,1.325292212110301e-26,0.229891685244764,0.11022621531293161
0.42654265426542654,1.3262866535824628e-26,0.23012171492864786,0.11039169526282758
0.4265926592659266,1.327281841240134e-26,0.23035197478029742,0.11055742364376853
0.42664266426642666,1.3282777756432167e-26,0.2305824650300181,0.11072340082871766
0.4266926692669267,1.329274457352035e-26,0.23081318590834612,0.1108896271911981
0.42674267426742674,1.330271886927339e-26,0.23104413764604942,0.1110561031052946
0.4267926792679268,1.331270064930292e-26,0.2312753204741252,0.11122282894565266
0.42684268426842686,1.3322689919224805e-26,0.23150673462380245,0.11138980508748039
0.42689268926892693,1.3332686684659162e-26,0.23173838032654212,0.11155703190654974
0.42694269426942694,1.3342690951230288e-26,0.23197025781403627,0.11172450977919621
0.426992699269927,1.3352702724566683e-26,0.2322023673182082,0.11189223908232
0.42704270427042706,1.336272201030114e-26,0.23243470907121463,0.11206022019338835
0.42709270927092713,1.3372748814070602e-26,0.2326672833054433,0.11222845349043406
0.42714271427142714,1.3382783141516273e-26,0.23290009025351474,0.11239693935205765
0.4271927192719272,1.3392824998283618e-26,0.23313313014828324,0.11256567815742874
0.42724272427242727,1.3402874390022308e-26,0.23336640322283517,0.11273467028628532
0.42729272927292733,1.3412931322386235e-26,0.23359990971048988,0.11290391611893578
0.42734273427342734,1.3422995801033547e-26,0.23383364984480026,0.1130734160362593
0.4273927392739274,1.3433067831626686e-26,0.2340676238595544,0.1132431704197075
0.42744274427442747,1.344314741983228e-26,0.2343018319887722,0.11341317965130411
0.42749274927492753,1.3453234571321233e-26,0.23453627446670905,0.11358344411364642
0.42754275427542754,1.346332929176869e-26,0.23477095152785382,0.11375396418990574
0.4275927592759276,1.347343158685409e-26,0.23500586340693116,0.11392474026382986
0.42764276427642767,1.348354146226111e-26,0.2352410103389,0.11409577271974142
0.42769276927692773,1.349365892367768e-26,0.23547639255895383,0.11426706194254056
0.42774277427742774,1.3503783976795996e-26,0.23571201030252187,0.11443860831770485
0.4277927792779278,1.351391662731258e-26,0.23594786380526978,0.11461041223129155
0.42784278427842787,1.3524056880928166e-26,0.2361839533030978,0.1147824740699366
0.42789278927892793,1.3534204743347787e-26,0.23642027903214247,0.11495479422085672
0.42794279427942794,1.3544360220280743e-26,0.23665684122877684,0.11512737307184938
0.427992799279928,1.3554523317440663e-26,0.23689364012961112,0.11530021101129527
0.42804280428042807,1.3564694040545425e-26,0.23713067597149096,0.11547330842815771
0.42809280928092813,1.3574872395317194e-26,0.2373679489914998,0.11564666571198347
0.42814281428142814,1.3585058387482433e-26,0.23760545942695774,0.11582028325290451
0.4281928192819282,1.3595252022771942e-26,0.2378432075154236,0.11599416144163906
0.42824282428242827,1.3605453306920763e-26,0.2380811934946925,0.11616830066949084
0.42829282928292833,1.3615662245668254e-26,0.23831941760279798,0.11634270132835141
0.42834283428342834,1.3625878844758128e-26,0.23855788007801207,0.11651736381070157
0.4283928392839284,1.3636103109938348e-26,0.23879658115884492,0.11669228850961012
0.42844284428442847,1.3646335046961206e-26,0.23903552108404494,0.11686747581873623
0.42849284928492853,1.3656574661583348e-26,0.23927470009260066,0.11704292613233072
0.42854285428542854,1.3666821959565693e-26,0.2395141184237386,0.11721863984523566
0.4285928592859286,1.3677076946673476e-26,0.23975377631692435,0.11739461735288569
0.42864286428642867,1.3687339628676332e-26,0.23999367401186505,0.11757085905131014
0.4286928692869287,1.3697610011348136e-26,0.24023381174850536,0.1177473653371319
0.42874287428742874,1.3707888100467133e-26,0.24047418976703133,0.11792413660756924
0.4287928792879288,1.371817390181593e-26,0.2407148083078693,0.11810117326043801
0.42884288428842887,1.3728467421181442e-26,0.24095566761168594,0.11827847569414997
0.4288928892889289,1.3738768664354904e-26,0.2411967679193883,0.11845604430771504
0.42894289428942894,1.3749077637131965e-26,0.24143810947212577,0.11863387950074332
0.428992899289929,1.375939434531256e-26,0.24167969251128743,0.11881198167344381
0.4290429042904291,1.3769718794701005e-26,0.24192151727850517,0.11899035122662663
0.4290929092909291,1.3780050991105936e-26,0.2421635840156514,0.11916898856170331
0.42914291429142915,1.3790390940340423e-26,0.24240589296484213,0.11934789408068891
0.4291929192919292,1.380073864822183e-26,0.2426484443684347,0.11952706818620126
0.4292429242924293,1.381109412057191e-26,0.24289123846902883,0.11970651128146266
0.4292929292929293,1.3821457363216755e-26,0.24313427550946665,0.11988622377030068
0.42934293429342935,1.38318283819869e-26,0.2433775557328349,0.12006620605715003
0.4293929392939294,1.3842207182717186e-26,0.24362107938246186,0.12024645854705153
0.4294429442944295,1.385259377124686e-26,0.24386484670192027,0.12042698164565446
0.4294929492949295,1.386298815341953e-26,0.2441088579350254,0.12060777575921698
0.42954295429542955,1.3873390335083237e-26,0.2443531133258384,0.12078884129460779
0.4295929592959296,1.3883800322090366e-26,0.24459761311866296,0.12097017865930573
0.4296429642964297,1.3894218120297707e-26,0.24484235755804798,0.12115178826140137
0.4296929692969297,1.3904643735566418e-26,0.24508734688878642,0.12133367050959779
0.42974297429742975,1.3915077173762125e-26,0.24533258135591726,0.12151582581321291
0.4297929792979298,1.392551844075479e-26,0.245578061204724,0.12169825458217755
0.4298429842984299,1.39359675424188e-26,0.24582378668073512,0.12188095722703891
0.4298929892989299,1.3946424484632935e-26,0.24606975802972525,0.12206393415895982
0.42994299429942995,1.3956889273280435e-26,0.24631597549771575,0.12224718578972134
0.42999299929993,1.3967361914248905e-26,0.24656243933097283,0.12243071253172198
0.4300430043004301,1.3977842413430372e-26,0.2468091497760094,0.1226145147979792
0.4300930093009301,1.398833077672132e-26,0.2470561070795859,0.1227985930021317
0.43014301430143015,1.3998827010022625e-26,0.24730331148870865,0.12298294755843794
0.4301930193019302,1.4009331119239576e-26,0.24755076325063105,0.12316757888177839
0.4302430243024303,1.4019843110281957e-26,0.24779846261285543,0.1233524873876573
0.4302930293029303,1.4030362989063928e-26,0.24804640982313028,0.12353767349220193
0.43034303430343035,1.404089076150408e-26,0.2482946051294518,0.12372313761216396
0.4303930393039304,1.4051426433525515e-26,0.24854304878006608,0.12390888016492195
0.4304430443044305,1.4061970011055715e-26,0.24879174102346593,0.1240949015684799
0.4304930493049305,1.4072521500026602e-26,0.24904068210839286,0.1242812022414696
0.43054305430543055,1.408308090637462e-26,0.24928987228383878,0.12446778260315197
0.4305930593059306,1.4093648236040607e-26,0.24953931179904315,0.12465464307341663
0.4306430643064307,1.4104223494969868e-26,0.24978900090349535,0.12484178407278393
0.4306930693069307,1.4114806689112164e-26,0.2500389398469345,0.12502920602240492
0.43074307430743075,1.4125397824421766e-26,0.2502891288793498,0.12521690934406413
0.4307930793079308,1.413599690685736e-26,0.25053956825098006,0.1254048944601783
0.4308430843084309,1.4146603942382132e-26,0.25079025821231515,0.12559316179379854
0.4308930893089309,1.4157218936963704e-26,0.2510411990140942,0.12578171176861103
0.43094309430943095,1.4167841896574245e-26,0.2512923909073098,0.1259705448089385
0.430993099309931,1.4178472827190352e-26,0.25154383414320314,0.12615966133974024
0.4310431043104311,1.418911173479311e-26,0.2517955289732676,0.12634906178661376
0.4310931093109311,1.419975862536809e-26,0.2520474756492485,0.12653874657579478
0.43114311431143115,1.4210413504905406e-26,0.25229967442314366,0.1267287161341603
0.4311931193119312,1.4221076379399603e-26,0.2525521255472018,0.12691897088922705
0.4312431243124313,1.4231747254849746e-26,0.2528048292739243,0.12710951126915407
0.4312931293129313,1.4242426137259395e-26,0.2530577858560653,0.1273003377027426
0.43134313431343135,1.425311303263665e-26,0.25331099554663306,0.1274914506194387
0.4313931393139314,1.4263807946994078e-26,0.25356445859888704,0.12768285044933234
0.4314431443144315,1.4274510886348773e-26,0.2538181752663413,0.1278745376231593
0.4314931493149315,1.428522185672232e-26,0.25407214580276277,0.12806651257230173
0.43154315431543155,1.4295940864140889e-26,0.25432637046217393,0.12825877572879027
0.4315931593159316,1.4306667914635104e-26,0.25458084949884957,0.12845132752530355
0.4316431643164317,1.4317403014240122e-26,0.25483558316731925,0.1286441683951693
0.4316931693169317,1.4328146168995676e-26,0.2550905717223685,0.12883729877236721
0.43174317431743175,1.4338897384945992e-26,0.2553458154190365,0.12903071909152714
0.4317931793179318,1.4349656668139814e-26,0.25560131451261775,0.12922442978793178
0.4318431843184319,1.436042402463049e-26,0.2558570692586631,0.1294184312975181
0.4318931893189319,1.4371199460475846e-26,0.256113079912978,0.1296127240568764
0.43194319431943196,1.438198298173826e-26,0.25636934673162415,0.12980730850325262
0.431993199319932,1.4392774594484716e-26,0.25662586997092063,0.13000218507455008
0.4320432043204321,1.4403574304786693e-26,0.25688264988744103,0.1301973542093288
0.4320932093209321,1.441438211872022e-26,0.2571396867380165,0.1303928163468066
0.43214321432143216,1.4425198042365944e-26,0.25739698077973644,0.13058857192686196
0.4321932193219322,1.4436022081809035e-26,0.25765453226994567,0.13078462139003325
0.4322432243224323,1.444685424313922e-26,0.25791234146624714,0.13098096517751961
0.4322932293229323,1.4457694532450796e-26,0.25817040862650154,0.13117760373118276
0.43234323432343236,1.4468542955842682e-26,0.2584287340088284,0.1313745374935489
0.4323932393239324,1.4479399519418313e-26,0.2586873178716041,0.13157176690780728
0.43244324432443243,1.4490264229285715e-26,0.25894616047346425,0.13176929241781243
0.4324932493249325,1.450113709155755e-26,0.25920526207330374,0.1319671144680867
0.43254325432543256,1.4512018112350998e-26,0.25946462293027567,0.13216523350381829
0.4325932593259326,1.452290729778787e-26,0.25972424330379296,0.1323636499708643
0.43264326432643263,1.4533804653994532e-26,0.25998412345352756,0.13256236431575083
0.4326932693269327,1.454471018710201e-26,0.2602442636394122,0.13276137698567536
0.43274327432743276,1.4555623903245877e-26,0.2605046641216388,0.13296068842850575
0.4327932793279328,1.456654580856633e-26,0.2607653251606601,0.13316029909278257
0.43284328432843283,1.457747590920814e-26,0.26102624701718863,0.13336020942771912
0.4328932893289329,1.4588414211320778e-26,0.26128742995219967,0.1335604198832048
0.43294329432943296,1.459936072105823e-26,0.2615488742269275,0.13376093090980276
0.432993299329933,1.4610315444579144e-26,0.26181058010286923,0.1339617429587531
0.43304330433043303,1.4621278388046775e-26,0.26207254784178224,0.1341628564819732
0.4330933093309331,1.4632249557629042e-26,0.2623347777056877,0.13436427193205963
0.43314331433143316,1.4643228959498444e-26,0.2625972699568677,0.1345659897622877
0.4331933193319332,1.465421659983214e-26,0.26286002485786697,0.13476801042661324
0.43324332433243323,1.4665212484811878e-26,0.26312304267149234,0.13497033437967348
0.4332933293329333,1.4676216620624135e-26,0.2633863236608153,0.13517296207678914
0.43334333433343336,1.4687229013459949e-26,0.2636498680891691,0.13537589397396346
0.4333933393339334,1.4698249669515006e-26,0.2639136762201501,0.1355791305278843
0.43344334433443343,1.4709278594989722e-26,0.26417774831762075,0.13578267219592632
0.4334933493349335,1.4720315796089067e-26,0.26444208464570523,0.13598651943614914
0.43354335433543356,1.4731361279022705e-26,0.26470668546879206,0.13619067270730106
0.4335933593359336,1.4742415050005e-26,0.26497155105153625,0.13639513246881943
0.43364336433643363,1.4753477115254915e-26,0.26523668165885605,0.13659989918083032
0.4336933693369337,1.476454748099609e-26,0.2655020775559342,0.13680497330415084
0.43374337433743376,1.4775626153456903e-26,0.26576773900822104,0.137010355300291
0.4337933793379338,1.4786713138870316e-26,0.26603366628143044,0.13721604563145218
0.43384338433843384,1.4797808443473996e-26,0.26629985964154257,0.1374220447605302
0.4338933893389339,1.4808912073510337e-26,0.266566319354805,0.13762835315111638
0.43394339433943396,1.482002403522637e-26,0.2668330456877304,0.13783497126749725
0.433993399339934,1.483114433487381e-26,0.26710003890709805,0.13804189957465685
0.43404340434043404,1.4842272978709066e-26,0.2673672992799546,0.13824913853827636
0.4340934093409341,1.485340997299329e-26,0.2676348270736148,0.1384566886247379
0.43414341434143416,1.486455532399227e-26,0.2679026225556591,0.13866455030112204
0.43419341934193423,1.4875709037976537e-26,0.2681706859939372,0.1388727240352113
0.43424342434243424,1.4886871121221267e-26,0.26843901765656497,0.1390812102954901
0.4342934293429343,1.4898041580006446e-26,0.26870761781192953,0.13929000955114693
0.43434343434343436,1.4909220420616683e-26,0.2689764867286835,0.13949912227207392
0.43439343934393443,1.4920407649341345e-26,0.26924562467575025,0.139708548928869
0.43444344434443444,1.4931603272474475e-26,0.2695150319223206,0.13991828999283604
0.4344934493449345,1.4942807296314922e-26,0.26978470873785726,0.14012834593598766
0.43454345434543457,1.495401972716618e-26,0.2700546553920899,0.14033871723104396
0.43459345934593463,1.4965240571336514e-26,0.27032487215501966,0.14054940435143523
0.43464346434643464,1.4976469835138885e-26,0.27059535929691647,0.140760407771302
0.4346934693469347,1.4987707524891058e-26,0.27086611708832314,0.14097172796549748
0.43474347434743477,1.4998953646915475e-26,0.2711371458000504,0.14118336540958742
0.43479347934793483,1.5010208207539355e-26,0.2714084457031821,0.141395320579851
0.43484348434843484,1.5021471213094626e-26,0.27168001706907113,0.14160759395328268
0.4348934893489349,1.5032742669918043e-26,0.2719518601693447,0.14182018600759386
0.43494349434943497,1.5044022584351043e-26,0.27222397527589953,0.14203309722121207
0.43499349934993503,1.505531096273983e-26,0.27249636266090493,0.14224632807328316
0.43504350435043504,1.5066607811435428e-26,0.2727690225968036,0.14245987904367322
0.4350935093509351,1.5077913136793567e-26,0.2730419553563096,0.1426737506129678
0.43514351435143517,1.5089226945174744e-26,0.27331516121240973,0.14288794326247398
0.43519351935193523,1.5100549242944282e-26,0.27358864043836556,0.14310245747422234
0.43524352435243524,1.5111880036472237e-26,0.2738623933077106,0.14331729373096616
0.4352935293529353,1.5123219332133438e-26,0.27413642009425204,0.14353245251618355
0.43534353435343537,1.5134567136307543e-26,0.2744107210720726,0.14374793431407917
0.43539353935393543,1.5145923455378956e-26,0.27468529651552737,0.14396373960958392
0.43544354435443544,1.5157288295736865e-26,0.27496014669924623,0.1441798688883567
0.4354935493549355,1.516866166377531e-26,0.2752352718981355,0.1443963226367865
0.43554355435543557,1.5180043565893075e-26,0.27551067238737487,0.14461310134199126
0.43559355935593563,1.5191434008493756e-26,0.27578634844242017,0.14483020549182044
0.43564356435643564,1.520283299798574e-26,0.276062300339002,0.14504763557485628
0.4356935693569357,1.5214240540782282e-26,0.2763385283531283,0.14526539208041492
0.43574357435743577,1.5225656643301383e-26,0.2766150327610819,0.14548347549854634
0.43579357935793583,1.5237081311965902e-26,0.27689181383942285,0.14570188632003647
0.43584358435843584,1.5248514553203458e-26,0.27716887186498673,0.14592062503640754
0.4358935893589359,1.52599563734466e-26,0.27744620711488827,0.1461396921399211
0.43594359435943597,1.5271406779132596e-26,0.2777238198665176,0.14635908812357626
0.43599359935993603,1.5282865776703604e-26,0.2780017103975429,0.14657881348111307
0.43604360436043604,1.5294333372606572e-26,0.2782798789859102,0.14679886870701195
0.4360936093609361,1.530580957329336e-26,0.27855832590984436,0.14701925429649726
0.43614361436143617,1.5317294385220592e-26,0.2788370514478476,0.1472399707455353
0.4361936193619362,1.532878781484976e-26,0.27911605587870103,0.14746101855083715
0.43624362436243624,1.5340289868647246e-26,0.27939533948146555,0.14768239820986093
0.4362936293629363,1.5351800553084227e-26,0.2796749025354804,0.14790411022080993
0.4363436343634364,1.536331987463676e-26,0.2799547453203642,0.14812615508263632
0.4363936393639364,1.537484783978574e-26,0.2802348681160158,0.14834853329504036
0.43644364436443644,1.5386384455016992e-26,0.28051527120261466,0.14857124535847427
0.4364936493649365,1.5397929726821127e-26,0.2807959548606196,0.14879429177414005
0.4365436543654366,1.540948366169367e-26,0.28107691937077023,0.14901767304399272
0.4365936593659366,1.5421046266134982e-26,0.28135816501408717,0.14924138967074005
0.43664366436643665,1.5432617546650377e-26,0.28163969207187334,0.14946544215784618
0.4366936693669367,1.5444197509749973e-26,0.281921500825711,0.1496898310095299
0.4367436743674368,1.5455786161948798e-26,0.2822035915574656,0.1499145567307667
0.4367936793679368,1.5467383509766796e-26,0.28248596454928476,0.1501396198272915
0.43684368436843685,1.5478989559728773e-26,0.28276862008359793,0.1503650208055972
0.4368936893689369,1.5490604318364413e-26,0.2830515584431164,0.15059076017293713
0.436943694369437,1.550222779220836e-26,0.28333477991083605,0.15081683843732752
0.436993699369937,1.5513859987800116e-26,0.28361828477003487,0.15104325610754565
0.43704370437043705,1.552550091168407e-26,0.2839020733042734,0.1512700136931332
0.4370937093709371,1.5537150570409604e-26,0.28418614579739876,0.15149711170439747
0.4371437143714372,1.554880897053093e-26,0.2844705025335392,0.15172455065241086
0.4371937193719372,1.5560476118607197e-26,0.28475514379710803,0.1519523310490132
0.43724372437243725,1.5572152021202527e-26,0.28504006987280456,0.15218045340681371
0.4372937293729373,1.5583836684885917e-26,0.2853252810456113,0.15240891823919017
0.4373437343734374,1.559553011623129e-26,0.2856107776007964,0.15263772606029125
0.4373937393739374,1.5607232321817504e-26,0.285896559823913,0.15286687738503738
0.43744374437443745,1.5618943308228415e-26,0.28618262800080174,0.15309637272912285
0.4374937493749375,1.5630663082052735e-26,0.2864689824175877,0.15332621260901516
0.4375437543754376,1.5642391649884164e-26,0.28675562336068194,0.15355639754195782
0.4375937593759376,1.5654129018321332e-26,0.28704255111678306,0.15378692804597013
0.43764376437643765,1.5665875193967852e-26,0.28732976597287657,0.1540178046398502
0.4376937693769377,1.5677630183432256e-26,0.2876172682162346,0.15424902784317432
0.4377437743774378,1.5689393993328058e-26,0.2879050581344171,0.15448059817629853
0.4377937793779378,1.570116663027369e-26,0.2881931360152708,0.15471251616036022
0.43784378437843785,1.5712948100892636e-26,0.28848150214693224,0.15494478231728004
0.4378937893789379,1.572473841181327e-26,0.288770156817825,0.15517739716976092
0.437943794379438,1.5736537569668978e-26,0.2890591003166612,0.15541036124129134
0.437993799379938,1.5748345581098087e-26,0.28934833293244194,0.15564367505614493
0.43804380438043805,1.5760162452743977e-26,0.28963785495445843,0.15587733913938362
0.4380938093809381,1.5771988191254946e-26,0.28992766667229025,0.15611135401685647
0.4381438143814382,1.5783822803284306e-26,0.2902177683758074,0.15634572021520246
0.4381938193819382,1.5795666295490327e-26,0.2905081603551684,0.15658043826185059
0.43824382438243825,1.5807518674536367e-26,0.2907988429008253,0.15681550868502306
0.4382938293829383,1.5819379947090685e-26,0.2910898163035176,0.1570509320137339
0.4383438343834384,1.583125011982657e-26,0.29138108085427683,0.1572867087777911
0.4383938393839384,1.584312919942236e-26,0.2916726368444264,0.15752283950779944
0.43844384438443845,1.5855017192561374e-26,0.29196448456558083,0.15775932473515908
0.4384938493849385,1.5866914105931907e-26,0.29225662430964505,0.15799616499206787
0.4385438543854386,1.587881994622736e-26,0.2925490563688186,0.15823336081152406
0.4385938593859386,1.5890734720146083e-26,0.2928417810355913,0.1584709127273245
0.43864386438643865,1.5902658434391467e-26,0.2931347986027463,0.1587088212740674
0.4386938693869387,1.5914591095671973e-26,0.2934281093633606,0.15894708698715546
0.4387438743874388,1.5926532710701053e-26,0.29372171361080296,0.15918571040279333
0.4387938793879388,1.5938483286197187e-26,0.29401561163873635,0.1594246920579905
0.43884388438843885,1.5950442828883957e-26,0.2943098037411182,0.15966403249056457
0.4388938893889389,1.5962411345489932e-26,0.294604290212199,0.15990373223913867
0.438943894389439,1.5974388842748755e-26,0.29489907134652454,0.16014379184314517
0.438993899389939,1.5986375327399086e-26,0.2951941474389339,0.1603842118428261
0.43904390439043905,1.5998370806184717e-26,0.29548951878456353,0.16062499277923545
0.4390939093909391,1.6010375285854444e-26,0.29578518567884365,0.1608661351942385
0.4391439143914392,1.6022388773162124e-26,0.29608114841749983,0.16110763963051422
0.4391939193919392,1.6034411274866676e-26,0.29637740729655365,0.16134950663155587
0.43924392439243926,1.604644279773216e-26,0.29667396261232437,0.16159173674167424
0.4392939293929393,1.6058483348527637e-26,0.2969708146614261,0.16183433050599574
0.4393439343934394,1.607053293402727e-26,0.2972679637407704,0.16207728847046549
0.4393939393939394,1.6082591561010287e-26,0.2975654101475652,0.16232061118184798
0.43944394439443946,1.6094659236261063e-26,0.2978631541793176,0.16256429918772966
0.4394939493949395,1.6106735966569012e-26,0.29816119613383046,0.16280835303651822
0.4395439543954396,1.6118821758728644e-26,0.2984595363092055,0.16305277327744463
0.4395939593959396,1.6130916619539553e-26,0.298758175003842,0.16329756046056382
0.43964396439643966,1.614302055580651e-26,0.29905711251643935,0.1635427151367586
0.4396939693969397,1.6155133574339325e-26,0.2993563491459951,0.16378823785773652
0.4397439743974398,1.6167255681952917e-26,0.2996558851918047,0.16403412917603458
0.4397939793979398,1.6179386885467328e-26,0.29995572095346434,0.1642803896450185
0.43984398439843986,1.619152719170777e-26,0.30025585673087074,0.16452701981888618
0.4398939893989399,1.6203676607504496e-26,0.30055629282421875,0.1647740202526662
0.43994399439944,1.621583513969291e-26,0.3008570295340047,0.16502139150222012
0.43999399939994,1.6228002795113595e-26,0.301158067161026,0.165269134124246
0.44004400440044006,1.62401795806122e-26,0.3014594060063802,0.16551724867627554
0.4400940094009401,1.6252365503039527e-26,0.3017610463714662,0.16576573571667794
0.44014401440144013,1.6264560569251565e-26,0.3020629885579853,0.16601459580466205
0.4401940194019402,1.6276764786109386e-26,0.3023652328679399,0.1662638295002744
0.44024402440244026,1.628897816047922e-26,0.30266777960363406,0.16651343736440286
0.4402940294029403,1.6301200699232505e-26,0.3029706290676764,0.16676341995877836
0.44034403440344033,1.631343240924577e-26,0.30327378156297613,0.16701377784597396
0.4403940394039404,1.6325673297400715e-26,0.3035772373927461,0.16726451158940728
0.44044404440444046,1.6337923370584258e-26,0.30388099686050385,0.16751562175334295
0.4404940494049405,1.6350182635688414e-26,0.30418506027006914,0.16776710890289165
0.44054405440544053,1.6362451099610385e-26,0.30448942792556544,0.16801897360401238
0.4405940594059406,1.6374728769252605e-26,0.3047941001314229,0.1682712164235147
0.44064406440644066,1.6387015651522627e-26,0.3050990771923737,0.1685238379290586
0.4406940694069407,1.6399311753333192e-26,0.30540435941345606,0.168776838689156
0.44074407440744073,1.641161708160224e-26,0.30570994710001315,0.16903021927317224
0.4407940794079408,1.6423931643252928e-26,0.3060158405576942,0.16928398025132851
0.44084408440844086,1.6436255445213563e-26,0.3063220400924536,0.16953812219470116
0.4408940894089409,1.6448588494417686e-26,0.3066285460105523,0.16979264567522398
0.44094409440944093,1.6460930797803984e-26,0.3069353586185569,0.17004755126568868
0.440994099409941,1.647328236231645e-26,0.3072424782233426,0.17030283953974906
0.44104410441044106,1.6485643194904204e-26,0.3075499051320899,0.170558511071918
0.4410941094109411,1.64980133025216e-26,0.30785763965228724,0.1708145664375716
0.44114411441144114,1.6510392692128193e-26,0.3081656820917299,0.17107100621294938
0.4411941194119412,1.6522781370688843e-26,0.30847403275852375,0.17132783097515747
0.44124412441244126,1.653517934517353e-26,0.3087826919610796,0.1715850413021665
0.4412941294129413,1.6547586622557523e-26,0.30909166000811916,0.17184263777281572
0.44134413441344134,1.656000320982129e-26,0.3094009372086716,0.1721006209668128
0.4413941394139414,1.6572429113950597e-26,0.30971052387207687,0.1723589914647371
0.44144414441444146,1.6584864341936404e-26,0.31002042030798344,0.17261774984803804
0.44149414941494153,1.6597308900774915e-26,0.31033062682634954,0.17287689669903866
0.44154415441544154,1.6609762797467574e-26,0.310641143737443,0.17313643260093575
0.4415941594159416,1.6622226039021147e-26,0.3109519713518445,0.1733963581378027
0.44164416441644166,1.6634698632447586e-26,0.31126310998044276,0.17365667389458875
0.44169416941694173,1.6647180584764105e-26,0.31157455993443844,0.17391738045712105
0.44174417441744174,1.6659671902993252e-26,0.31188632152534485,0.1741784784121078
0.4417941794179418,1.6672172594162782e-26,0.3121983950649853,0.17443996834713665
0.44184418441844187,1.6684682665305708e-26,0.31251078086549555,0.17470185085067705
0.44189418941894193,1.6697202123460415e-26,0.3128234792393248,0.17496412651208385
0.44194419441944194,1.6709730975670463e-26,0.31313649049923326,0.17522679592159482
0.441994199419942,1.6722269228984738e-26,0.31344981495829466,0.1754898596703338
0.44204420442044207,1.6734816890457453e-26,0.31376345292989694,0.17575331835031402
0.44209420942094213,1.6747373967148057e-26,0.31407740472774043,0.17601717255443555
0.44214421442144214,1.6759940466121302e-26,0.31439167066583906,0.17628142287648882
0.4421942194219422,1.6772516394447299e-26,0.314706251058523,0.17654606991115676
0.44224422442244227,1.67851017592014e-26,0.315021146220435,0.17681111425401436
0.44229422942294233,1.6797696567464292e-26,0.315336356466533,0.1770765565015305
0.44234423442344234,1.6810300826321947e-26,0.3156518821120902,0.17734239725106932
0.4423942394239424,1.6822914542865725e-26,0.31596772347269597,0.17760863710089345
0.44244424442444247,1.6835537724192242e-26,0.3162838808642547,0.17787527665016195
0.44249424942494253,1.6848170377403452e-26,0.3166003546029869,0.17814231649893383
0.44254425442544254,1.6860812509606624e-26,0.31691714500542895,0.17840975724816857
0.4425942594259426,1.6873464127914429e-26,0.31723425238843617,0.1786775994997293
0.44264426442644267,1.6886125239444796e-26,0.3175516770691785,0.17894584385638135
0.44269426942694273,1.6898795851321034e-26,0.3178694193651444,0.1792144909217953
0.44274427442744274,1.6911475970671763e-26,0.31818747959413884,0.1794835413005476
0.4427942794279428,1.692416560463102e-26,0.3185058580742871,0.17975299559812377
0.44284428442844287,1.6936864760338128e-26,0.3188245551240306,0.18002285442091695
0.44289428942894293,1.694957344493779e-26,0.31914357106213015,0.18029311837623094
0.44294429442944294,1.6962291665580052e-26,0.3194629062076652,0.18056378807228085
0.442994299429943,1.69750194294204e-26,0.31978256088003615,0.18083486411819658
0.44304430443044307,1.6987756743619592e-26,0.3201025353989606,0.18110634712402074
0.44309430943094313,1.7000503615343815e-26,0.32042283008447714,0.1813782377007126
0.44314431443144314,1.701326005176459e-26,0.320743445256944,0.18165053646014778
0.4431943194319432,1.7026026060058888e-26,0.32106438123704184,0.1819232440151219
0.44324432443244327,1.703880164740902e-26,0.32138563834577,0.18219636097934996
0.44329432943294333,1.7051586821002646e-26,0.32170721690444964,0.18246988796746702
0.44334433443344334,1.7064381588032932e-26,0.32202911723472477,0.1827438255950334
0.4433943394339434,1.7077185955698338e-26,0.32235133965855933,0.1830181744785315
0.44344434443444347,1.7089999931202748e-26,0.32267388449824,0.18329293523536944
0.44349434943494354,1.7102823521755504e-26,0.322996752076377,0.1835681084838838
0.44354435443544354,1.7115656734571297e-26,0.3233199427159021,0.1838436948433376
0.4435943594359436,1.7128499576870237e-26,0.32364345674006995,0.1841196949339241
0.4436443644364437,1.71413520558779e-26,0.3239672944724603,0.18439610937676865
0.44369436943694374,1.7154214178825245e-26,0.3242914562369755,0.1846729387939279
0.44374437443744374,1.7167085952948626e-26,0.32461594235784125,0.184950183808392
0.4437943794379438,1.7179967385489927e-26,0.3249407531596101,0.18522784504408832
0.4438443844384439,1.7192858483696366e-26,0.32526588896715697,0.18550592312587927
0.4438943894389439,1.7205759254820626e-26,0.3255913501056825,0.1857844186795653
0.44394439443944395,1.721866970612087e-26,0.3259171369007135,0.18606333233188774
0.443994399439944,1.7231589844860683e-26,0.32624324967810214,0.18634266471052746
0.4440444044404441,1.724451967830908e-26,0.3265696887640262,0.1866224164441083
0.4440944094409441,1.725745921374052e-26,0.32689645448498905,0.18690258816219693
0.44414441444144415,1.7270408458435007e-26,0.32722354716782354,0.18718318049530733
0.4441944194419442,1.7283367419677917e-26,0.32755096713968695,0.1874641940748976
0.4442444244424443,1.7296336104760128e-26,0.3278787147280646,0.18774562953337542
0.4442944294429443,1.7309314520977958e-26,0.32820679026076943,0.1880274875040966
0.44434443444344435,1.732230267563328e-26,0.32853519406594384,0.18830976862136958
0.4443944394439444,1.7335300576033364e-26,0.32886392647205653,0.18859247352045347
0.4444444444444445,1.734830822949099e-26,0.3291929878079057,0.18887560283756183
0.4444944494449445,1.7361325643324414e-26,0.32952237840261817,0.18915915720986257
0.44454445444544455,1.7374352824857432e-26,0.32985209858565134,0.18944313727548168
0.4445944594459446,1.738738978141928e-26,0.33018214868679086,0.18972754367350184
0.4446444644464447,1.740043652034471e-26,0.33051252903615286,0.19001237704396548
0.4446944694469447,1.741349304897397e-26,0.33084323996418363,0.19029763802787564
0.44474447444744475,1.7426559374652857e-26,0.3311742818016607,0.19058332726719898
0.4447944794479448,1.7439635504732635e-26,0.331505654879692,0.19086944540486445
0.4448444844484449,1.74527214465701e-26,0.3318373595297173,0.1911559930847667
0.4448944894489449,1.7465817207527542e-26,0.3321693960835065,0.1914429709517666
0.44494449444944495,1.7478922794972843e-26,0.3325017648731635,0.19173037965169498
0.444994499449945,1.7492038216279353e-26,0.3328344662311239,0.19201821983134987
0.4450445044504451,1.7505163478825946e-26,0.33316750049015437,0.19230649213850107
0.4450945094509451,1.7518298589997112e-26,0.33350086798335715,0.19259519722189233
0.44514451445144515,1.7531443557182797e-26,0.33383456904416614,0.1928843357312394
0.4451945194519452,1.7544598387778505e-26,0.3341686040063481,0.19317390831723366
0.4452445244524453,1.7557763089185355e-26,0.3345029732040064,0.19346391563154494
0.4452945294529453,1.7570937668809954e-26,0.3348376769715764,0.19375435832681995
0.44534453445344535,1.7584122134064458e-26,0.33517271564382806,0.19404523705668503
0.4453945394539454,1.7597316492366654e-26,0.3355080895558685,0.19433655247574938
0.4454445444544455,1.7610520751139846e-26,0.3358437990431384,0.19462830523960328
0.4454945494549455,1.7623734917812877e-26,0.33617984444141363,0.19492049600482142
0.44554455445544555,1.7636958999820255e-26,0.3365162260868077,0.19521312542896588
0.4455945594559456,1.7650193004601995e-26,0.33685294431576945,0.19550619417058404
0.4456445644564457,1.7663436939603707e-26,0.3371899994650843,0.19579970288921236
0.4456945694569457,1.7676690812276577e-26,0.33752739187187436,0.1960936522453775
0.44574457445744575,1.768995463007744e-26,0.33786512187360024,0.19638804290059897
0.4457945794579458,1.7703228400468674e-26,0.3382031898080596,0.19668287551738772
0.4458445844584459,1.771651213091826e-26,0.33854159601338774,0.1969781507592498
0.4458945894589459,1.7729805828899764e-26,0.33888034082805807,0.19727386929068721
0.44594459445944595,1.7743109501892442e-26,0.33921942459088394,0.19757003177720095
0.445994599459946,1.7756423157381086e-26,0.33955884764101696,0.1978666388852895
0.4460446044604461,1.7769746802856122e-26,0.339898610317948,0.19816369128245223
0.4460946094609461,1.7783080445813576e-26,0.3402387129615071,0.1984611896371905
0.44614461446144615,1.7796424093755166e-26,0.3405791559118658,0.19875913461901057
0.4461946194619462,1.7809777754188182e-26,0.3409199395095351,0.19905752689842263
0.4462446244624463,1.7823141434625554e-26,0.34126106409536633,0.19935636714694363
0.4462946294629463,1.783651514258583e-26,0.3416025300105521,0.19965565603709792
0.44634463446344635,1.7849898885593276e-26,0.3419443375966274,0.19995539424242165
0.4463946394639464,1.7863292671177734e-26,0.3422864871954682,0.2002555824374604
0.4464446444644465,1.7876696506874715e-26,0.3426289791492922,0.20055622129777265
0.4464946494649465,1.7890110400225357e-26,0.3429718138006597,0.2008573114999306
0.44654465446544656,1.790353435877653e-26,0.34331499149247463,0.20115885372152414
0.4465946594659466,1.791696839008071e-26,0.34365851256798297,0.2014608486411586
0.4466446644664467,1.7930412501696014e-26,0.3440023773707738,0.20176329693845796
0.4466946694669467,1.7943866701186323e-26,0.34434658624478226,0.20206619929406833
0.44674467446744676,1.7957330996121114e-26,0.34469113953428526,0.20236955638965556
0.4467946794679468,1.7970805394075536e-26,0.34503603758390444,0.20267336890790974
0.4468446844684469,1.798428990263051e-26,0.3453812807386081,0.20297763753254655
0.4468946894689469,1.7997784529372572e-26,0.34572686934370805,0.2032823629483073
0.44694469446944696,1.8011289281893933e-26,0.34607280374486143,0.20358754584096042
0.446994699469947,1.8024804167792585e-26,0.34641908428807244,0.20389318689730662
0.4470447044704471,1.8038329194672157e-26,0.3467657113196913,0.2041992868051749
0.4470947094709471,1.805186437014197e-26,0.34711268518641347,0.20450584625342766
0.44714471447144716,1.8065409701817128e-26,0.34746000623528306,0.20481286593196274
0.4471947194719472,1.807896519731838e-26,0.34780767481369,0.20512034653171232
0.4472447244724473,1.8092530864272232e-26,0.34815569126937335,0.20542828874464597
0.4472947294729473,1.8106106710310848e-26,0.34850405595041745,0.20573669326377214
0.44734473447344736,1.8119692743072244e-26,0.3488527692052584,0.20604556078314118
0.4473947394739474,1.8133288970200052e-26,0.3492018313826791,0.206354891997843
0.4474447444744475,1.8146895399343686e-26,0.3495512428318109,0.20666468760401274
0.4474947494749475,1.8160512038158273e-26,0.3499010039021347,0.20697494829882931
0.44754475447544756,1.8174138894304743e-26,0.3502511149434831,0.20728567478051999
0.4475947594759476,1.8187775975449724e-26,0.35060157630603617,0.2075968677483592
0.44764476447644763,1.820142328926557e-26,0.350952388340325,0.20790852790267034
0.4476947694769477,1.8215080843430496e-26,0.3513035513972332,0.20822065594483047
0.44774477447744776,1.8228748645628374e-26,0.3516550658279932,0.2085332525772677
0.4477947794779478,1.8242426703548897e-26,0.35200693198419025,0.20884631850346522
0.44784478447844783,1.825611502488747e-26,0.3523591502177594,0.20915985442796223
0.4478947894789479,1.8269813617345377e-26,0.3527117208809918,0.20947386105635604
0.44794479447944796,1.8283522488629584e-26,0.35306464432652684,0.20978833909530348
0.447994799479948,1.8297241646452875e-26,0.3534179209073592,0.21010328925252114
0.44804480448044803,1.8310971098533804e-26,0.353771550976836,0.2104187122367883
0.4480948094809481,1.8324710852596777e-26,0.35412553488865817,0.21073460875795028
0.44814481448144816,1.833846091637193e-26,0.35447987299688105,0.2110509795269155
0.4481948194819482,1.835222129759521e-26,0.35483456565591276,0.2113678252556609
0.44824482448244823,1.836599200400837e-26,0.35518961322051684,0.21168514665723154
0.4482948294829483,1.8379773043359024e-26,0.35554501604581273,0.21200294444574488
0.44834483448344836,1.8393564423400536e-26,0.3559007744872741,0.21232121933638817
0.4483948394839484,1.840736615189208e-26,0.3562568889007298,0.21263997204542298
0.44844484448444843,1.842117823659873e-26,0.3566133596423667,0.21295920329018747
0.4484948494849485,1.8435000685291328e-26,0.35697018706872674,0.2132789137890952
0.44854485448544856,1.8448833505746515e-26,0.3573273715367072,0.21359910426163842
0.4485948594859486,1.8462676705746868e-26,0.35768491340356634,0.21391977542839083
0.44864486448644864,1.8476530293080716e-26,0.3580428130269161,0.21424092801100666
0.4486948694869487,1.8490394275542237e-26,0.3584010707647272,0.2145625627322233
0.44874487448744876,1.8504268660931542e-26,0.35875968697533117,0.21488468031586483
0.44879487948794883,1.8518153457054485e-26,0.35911866201741416,0.21520728148684032
0.44884488448844884,1.8532048671722823e-26,0.35947799625002314,0.21553036697114725
0.4488948894889489,1.8545954312754223e-26,0.3598376900325655,0.2158539374958747
0.44894489448944896,1.8559870387972145e-26,0.3601977437248061,0.21617799378920136
0.44899489948994903,1.857379690520594e-26,0.3605581576868707,0.21650253658039997
0.44904490449044904,1.8587733872290834e-26,0.36091893227924515,0.21682756659983746
0.4490949094909491,1.8601681297067975e-26,0.36128006786277694,0.21715308457897883
0.44914491449144917,1.8615639187384342e-26,0.36164156479867365,0.2174790912503859
0.44919491949194923,1.8629607551092817e-26,0.3620034234485045,0.2178055873477202
0.44924492449244924,1.8643586396052154e-26,0.36236564417419986,0.21813257360574465
0.4492949294929493,1.865757573012707e-26,0.3627282273380543,0.21846005076032682
0.44934493449344937,1.8671575561188117e-26,0.36309117330272295,0.21878801954843694
0.44939493949394943,1.868558589711178e-26,0.3634544824312243,0.21911648070815287
0.44944494449444944,1.8699606745780418e-26,0.3638181550869392,0.21944543497865945
0.4494949494949495,1.8713638115082393e-26,0.364182191633615,0.21977488310025328
0.44954495449544957,1.8727680012911902e-26,0.36454659243536014,0.22010482581434038
0.44959495949594963,1.8741732447169088e-26,0.364911357856648,0.2204352638634406
0.44964496449644964,1.875579542576001e-26,0.36527648826231723,0.22076619799118738
0.4496949694969497,1.8769868956596725e-26,0.36564198401757186,0.22109762894233337
0.44974497449744977,1.8783953047597145e-26,0.36600784548798015,0.22142955746274673
0.44979497949794983,1.8798047706685167e-26,0.36637407303947744,0.22176198429941582
0.44984498449844984,1.8812152941790587e-26,0.366740667038363,0.2220949102004506
0.4498949894989499,1.8826268760849247e-26,0.3671076278513065,0.22242833591508512
0.44994499449944997,1.8840395171802852e-26,0.36747495584534046,0.22276226219367745
0.44999499949995003,1.8854532182599075e-26,0.36784265138786654,0.223096689787711
0.45004500450045004,1.8868679801191623e-26,0.36821071484665474,0.22343161944979986
0.4500950095009501,1.888283803554011e-26,0.3685791465898419,0.22376705193368612
0.45014501450145017,1.8897006893610094e-26,0.36894794698593236,0.22410298799424339
0.45019501950195023,1.891118638337322e-26,0.36931711640380205,0.2244394283874805
0.45024502450245024,1.8925376512807008e-26,0.36968665521269345,0.2247763738705388
0.4502950295029503,1.8939577289894985e-26,0.3700565637822186,0.22511382520169723
0.45034503450345037,1.8953788722626733e-26,0.37042684248236124,0.22545178314037453
0.45039503950395043,1.8968010818997763e-26,0.37079749168347426,0.22579024844712728
0.45044504450445044,1.8982243587009565e-26,0.3711685117562796,0.22612922188365456
0.4504950495049505,1.899648703466974e-26,0.3715399030718729,0.22646870421280066
0.45054505450545057,1.9010741169991797e-26,0.3719116660017194,0.22680869619855323
0.45059505950595063,1.9025006000995293e-26,0.3722838009176566,0.2271491986060469
0.45064506450645064,1.903928153570578e-26,0.3726563081918929,0.22749021220156537
0.4506950695069507,1.9053567782154896e-26,0.37302918819701164,0.22783173775254373
0.45074507450745077,1.9067864748380236e-26,0.3734024413059668,0.2281737760275678
0.45079507950795084,1.9082172442425463e-26,0.3737760678920859,0.22851632779637795
0.45084508450845084,1.9096490872340227e-26,0.3741500683290697,0.22885939382986942
0.4508950895089509,1.9110820046180316e-26,0.37452444299099513,0.22920297490009617
0.45094509450945097,1.912515997200748e-26,0.37489919225231105,0.22954707178027003
0.45099509950995104,1.9139510657889528e-26,0.37527431648784126,0.229891685244764
0.45104510451045104,1.9153872111900324e-26,0.3756498160727849,0.23023681606911275
0.4510951095109511,1.9168244342119845e-26,0.37602569138271774,0.23058246503001778
0.4511451145114512,1.9182627356634057e-26,0.37640194279358974,0.23092863290534393
0.45119511951195124,1.9197021163535044e-26,0.3767785706817276,0.2312753204741252
0.45124512451245125,1.9211425770920903e-26,0.3771555754238339,0.231622528516564
0.4512951295129513,1.9225841186895904e-26,0.3775329573969902,0.23197025781403624
0.4513451345134514,1.92402674195703e-26,0.3779107169786532,0.23231850914908844
0.4513951395139514,1.9254704477060463e-26,0.3782888545466575,0.23266728330544298
0.45144514451445145,1.9269152367488906e-26,0.37866737047921784,0.23301658106799952
0.4514951495149515,1.9283611098984168e-26,0.37904626515492484,0.23336640322283517
0.4515451545154516,1.9298080679680915e-26,0.3794255389527496,0.23371675055720692
0.4515951595159516,1.9312561117719892e-26,0.37980519225204024,0.23406762385955424
0.45164516451645165,1.9327052421248018e-26,0.38018522543252836,0.23441902391950056
0.4516951695169517,1.9341554598418255e-26,0.3805656388743218,0.23477095152785402
0.4517451745174518,1.9356067657389697e-26,0.38094643295790975,0.23512340747660979
0.4517951795179518,1.9370591606327618e-26,0.38132760806416405,0.23547639255895356
0.45184518451845185,1.9385126453403338e-26,0.3817091645743346,0.2358299075692602
0.4518951895189519,1.939967220679433e-26,0.38209110287005454,0.23618395330309716
0.451945194519452,1.9414228874684275e-26,0.3824734233333396,0.2365385305572281
0.451995199519952,1.942879646526289e-26,0.38285612634658606,0.23689364012961078
0.45204520452045205,1.944337498672608e-26,0.3832392122925726,0.23724928281940155
0.4520952095209521,1.9457964447275947e-26,0.38362268155446366,0.2376054594269576
0.4521452145214522,1.9472564855120675e-26,0.38400653451580413,0.2379621707538359
0.4521952195219522,1.948717621847461e-26,0.38439077156052326,0.23831941760279743
0.45224522452245225,1.9501798545558346e-26,0.3847753930729365,0.2386772007778094
0.4522952295229523,1.9516431844598562e-26,0.3851603994377414,0.2390355210840448
0.4523452345234524,1.9531076123828137e-26,0.38554579104002157,0.2393943793278857
0.4523952395239524,1.9545731391486086e-26,0.3859315682652448,0.239753776316924
0.45244524452445245,1.956039765581772e-26,0.3863177314992671,0.2401137128599664
0.4524952495249525,1.9575074925074424e-26,0.3867042811283285,0.24047418976703133
0.4525452545254526,1.9589763207513813e-26,0.38709121753905534,0.2408352078493544
0.4525952595259526,1.9604462511399677e-26,0.3874785411184616,0.2411967679193881
0.45264526452645265,1.961917284500208e-26,0.38786625225394894,0.241558870790807
0.4526952695269527,1.9633894216597213e-26,0.3882543513333058,0.2419215172785051
0.4527452745274528,1.96486266344675e-26,0.388642838744709,0.24228470819859987
0.4527952795279528,1.9663370106901577e-26,0.389031714876723,0.24264844436843436
0.45284528452845285,1.9678124642194333e-26,0.38942098011830273,0.24301272660657994
0.4528952895289529,1.9692890248646847e-26,0.38981063485879125,0.2433775557328348
0.452945294529453,1.970766693456642e-26,0.39020067948792064,0.24374293256822943
0.452995299529953,1.9722454708266586e-26,0.39059111439581334,0.24410885793502518
0.45304530453045305,1.9737253578067183e-26,0.3909819399729834,0.24447533265672053
0.4530953095309531,1.9752063552294213e-26,0.39137315661033434,0.2448423575580479
0.4531453145314532,1.976688463927995e-26,0.39176476469916094,0.24520993346497869
0.4531953195319532,1.9781716847362902e-26,0.3921567646311489,0.24557806120472347
0.45324532453245325,1.979656018488791e-26,0.3925491567983781,0.24594674160573718
0.4532953295329533,1.9811414660205982e-26,0.3929419415933184,0.24631597549771575
0.4533453345334534,1.982628028167442e-26,0.3933351194088322,0.2466857637116017
0.4533953395339534,1.9841157057656858e-26,0.393728690638178,0.2470561070795856
0.45344534453445345,1.9856044996523127e-26,0.39412265567500465,0.24742700643510682
0.4534953495349535,1.9870944106649346e-26,0.3945170149133557,0.24779846261285504
0.4535453545354536,1.9885854396417987e-26,0.3949117687476703,0.24817047644877552
0.4535953595359536,1.990077587421775e-26,0.3953069175727811,0.24854304878006622
0.45364536453645365,1.991570854844361e-26,0.3957024617839146,0.248916180445182
0.4536953695369537,1.9930652427496938e-26,0.3960984017766961,0.24928987228383861
0.4537453745374538,1.9945607519785316e-26,0.3964947379471441,0.24966412513701014
0.4537953795379538,1.996057383372264e-26,0.3968914706916728,0.25003893984693404
0.45384538453845386,1.99755513777292e-26,0.39728860040709674,0.2504143172571129
0.4538953895389539,1.9990540160231523e-26,0.3976861274906233,0.2507902582123147
0.453945394539454,2.000554018966249e-26,0.3980840523398601,0.25116676355857587
0.453995399539954,2.0020551474461272e-26,0.39848237535281034,0.25154383414320236
0.45404540454045406,2.0035574023073466e-26,0.39888109692787826,0.2519214708147743
0.4540954095409541,2.005060784395091e-26,0.39928021746386444,0.2522996744231434
0.4541454145414542,2.0065652945551833e-26,0.39967973735996964,0.2526784458194386
0.4541954195419542,2.0080709336340765e-26,0.4000796570157925,0.2530577858560651
0.45424542454245426,2.0095777024788672e-26,0.4004799768313347,0.25343769538671
0.4542954295429543,2.0110856019372797e-26,0.4008806972069948,0.2538181752663409
0.4543454345434544,2.0125946328576782e-26,0.401281818543574,0.25419922635120856
0.4543954395439544,2.014104796089058e-26,0.4016833412422725,0.25458084949884896
0.45444544454445446,2.0156160924810625e-26,0.4020852657046955,0.25496304556808724
0.4544954495449545,2.0171285228839638e-26,0.4024875923328468,0.2553458154190365
0.4545454545454546,2.0186420881486724e-26,0.4028903215291334,0.25572915991310075
0.4545954595459546,2.0201567891267378e-26,0.4032934536963647,0.2561130799129777
0.45464546454645466,2.021672626670355e-26,0.4036969892377547,0.25649757628266123
0.4546954695469547,2.02318960163235e-26,0.4041009285569192,0.256882649887441
0.4547454745474548,2.0247077148661927e-26,0.40450527205787834,0.257268301593906
0.4547954795479548,2.0262269672259893e-26,0.4049100201450555,0.25765453226994545
0.45484548454845486,2.0277473595664956e-26,0.40531517322328164,0.2580413427847539
0.4548954895489549,2.0292688927431012e-26,0.4057207316977898,0.2584287340088286
0.454945494549455,2.0307915676118365e-26,0.40612669597421913,0.2588167068139737
0.454995499549955,2.0323153850293835e-26,0.4065330664586166,0.25920526207330374
0.45504550455045506,2.0338403458530584e-26,0.4069398435574333,0.259594400661243
0.4550955095509551,2.0353664509408188e-26,0.40734702767752695,0.2599841234535274
0.4551455145514552,2.0368937011512785e-26,0.40775461922616435,0.2603744313272105
0.4551955195519552,2.0384220973436838e-26,0.4081626186110185,0.26076532516066
0.45524552455245526,2.0399516403779255e-26,0.4085710262401691,0.2611568058335624
0.4552955295529553,2.0414823311145517e-26,0.40897984252210706,0.26154887422692724
0.45534553455345533,2.0430141704147442e-26,0.40938906786573026,0.261941531223084
0.4553955395539554,2.0445471591403315e-26,0.40979870268034446,0.26233477770568714
0.45544554455445546,2.046081298153799e-26,0.41020874737566826,0.2627286145597202
0.4554955495549555,2.0476165883182695e-26,0.410619202361828,0.26312304267149217
0.45554555455545553,2.049153030497513e-26,0.41103006804935943,0.26351806292864377
0.4555955595559556,2.0506906255559583e-26,0.4114413448492126,0.2639136762201497
0.45564556455645566,2.052229374358671e-26,0.41185303317274524,0.2643098834363177
0.4556955695569557,2.0537692777713715e-26,0.4122651334317284,0.2647066854687922
0.45574557455745573,2.0553103366604264e-26,0.4126776460383441,0.2651040832105559
0.4557955795579558,2.0568525518928588e-26,0.41309057140518884,0.26550207755593397
0.45584558455845586,2.0583959243363374e-26,0.4135039099452701,0.26590066940059265
0.4558955895589559,2.0599404548591814e-26,0.4139176620720087,0.2662998596415429
0.45594559455945594,2.0614861443303615e-26,0.4143318281992393,0.266699649177142
0.455995599559956,2.0630329936195064e-26,0.414746408741212,0.2671000389070977
0.45604560456045606,2.064581003596891e-26,0.4151614041125901,0.2675010297324668
0.45609560956095613,2.066130175133445e-26,0.4155768147284513,0.2679026225556594
0.45614561456145614,2.0676805091007482e-26,0.4159926410042891,0.2683048182804391
0.4561956195619562,2.069232006371044e-26,0.4164088833560143,0.2687076178119293
0.45624562456245626,2.070784667817222e-26,0.4168255421999519,0.2691110220566095
0.45629562956295633,2.072338494312828e-26,0.41724261795284384,0.269515031922321
0.45634563456345634,2.0738934867320622e-26,0.41766011103184913,0.26991964831826737
0.4563956395639564,2.0754496459497883e-26,0.41807802185454523,0.2703248721550192
0.45644564456445647,2.0770069728415182e-26,0.4184963508389266,0.27073070434451174
0.45649564956495653,2.078565468283423e-26,0.41891509840340524,0.27113714580005055
0.45654565456545654,2.0801251331523297e-26,0.4193342649668121,0.2715441974363111
0.4565956595659566,2.08168596832573e-26,0.4197538509483989,0.2719518601693445
0.45664566456645667,2.083247974681768e-26,0.4201738567678352,0.2723601349165747
0.45669566956695673,2.0848111530992445e-26,0.42059428284521,0.27276902259680313
0.45674567456745674,2.0863755044576284e-26,0.4210151296010348,0.27317852413021276
0.4567956795679568,2.0879410296370417e-26,0.4214363974562401,0.2735886404383657
0.45684568456845687,2.0895077295182647e-26,0.4218580868321769,0.27399937244420774
0.45689568956895693,2.0910756049827485e-26,0.4222801981506212,0.2744107210720722
0.45694569456945694,2.0926446569125962e-26,0.42270273183376705,0.2748226872476785
0.456995699569957,2.094214886190574e-26,0.42312568830423275,0.2752352718981352
0.45704570457045707,2.0957862937001173e-26,0.42354906798506053,0.2756484759519447
0.45709570957095713,2.0973588803253177e-26,0.423972871299714,0.2760623003390021
0.45714571457145714,2.098932646950929e-26,0.4243970986720809,0.27647674599059746
0.4571957195719572,2.1005075944623784e-26,0.4248217505264745,0.27689181383942224
0.45724572457245727,2.1020837237457467e-26,0.42524682728763125,0.2773075048195647
0.45729572957295733,2.1036610356877856e-26,0.4256723293807129,0.27772381986651745
0.45734573457345734,2.105239531175907e-26,0.42609825723130595,0.27814075991717563
0.4573957395739574,2.106819211098198e-26,0.4265246112654249,0.2785583259098439
0.45744574457445747,2.1084000763434032e-26,0.4269513919095085,0.278976518784233
0.45749574957495753,2.1099821278009385e-26,0.42737859959042257,0.27939533948146555
0.45754575457545754,2.1115653663608808e-26,0.4278062347354597,0.2798147889440757
0.4575957595759576,2.1131497929139874e-26,0.42823429777234173,0.28023486811601556
0.45764576457645767,2.1147354083516738e-26,0.42866278912921735,0.2806555779426515
0.45769576957695773,2.116322213566026e-26,0.4290917092346633,0.28107691937077
0.45774577457745774,2.1179102094497985e-26,0.42952105851768424,0.2814988933485789
0.4577957795779578,2.1194993968964236e-26,0.4299508374077179,0.2819215008257106
0.45784578457845787,2.1210897767999943e-26,0.43038104633462765,0.282344742753222
0.45789578957895793,2.122681350055279e-26,0.4308116857287088,0.2827686200835979
0.45794579457945794,2.1242741175577136e-26,0.43124275602068607,0.28319313377075256
0.457995799579958,2.1258680802034151e-26,0.4316742576417174,0.2836182847700346
0.45804580458045807,2.1274632388891633e-26,0.4321061910233902,0.2840440740382244
0.45809580958095814,2.129059594512415e-26,0.43253855659772444,0.2844705025335395
0.45814581458145814,2.1306571479712976e-26,0.4329713547971711,0.2848975712156357
0.4581958195819582,2.1322559001646196e-26,0.4334045860546167,0.2853252810456114
0.45824582458245827,2.133855851991857e-26,0.43383825080337857,0.28575363298600526
0.45829582958295834,2.135457004353159e-26,0.43427234947720733,0.2861826280008017
0.45834583458345834,2.13705935814936e-26,0.4347068825102897,0.2866122670554343
0.4583958395839584,2.1386629142819617e-26,0.4351418503372456,0.2870425511167831
0.4584458445844585,2.1402676736531416e-26,0.4355772533931284,0.2874734811531814
0.45849584958495854,2.1418736371657642e-26,0.4360130921134305,0.2879050581344167
0.45854585458545855,2.1434808057233598e-26,0.43644936693407665,0.28833728303173084
0.4585958595859586,2.1450891802301412e-26,0.4368860782914282,0.2887701568178242
0.4586458645864587,2.1466987615910042e-26,0.43732322662228573,0.2892036804668592
0.45869586958695874,2.1483095507115172e-26,0.4377608123638842,0.28963785495445804
0.45874587458745875,2.1499215484979273e-26,0.4381988359538958,0.290072681257709
0.4587958795879588,2.1515347558571712e-26,0.43863729783043365,0.29050816035516824
0.4588458845884589,2.1531491736968548e-26,0.43907619843204665,0.2909442932268589
0.45889588958895894,2.1547648029252713e-26,0.4395155381977228,0.2913810808542771
0.45894589458945895,2.1563816444513915e-26,0.43995531756688994,0.29181852422038995
0.458995899589959,2.1579996991848752e-26,0.44039553697941586,0.29225662430964483
0.4590459045904591,2.1596189680360577e-26,0.44083619687560754,0.2926953821079627
0.4590959095909591,2.1612394519159582e-26,0.4412772976962131,0.29313479860274577
0.45914591459145915,2.1628611517362856e-26,0.44171883988242233,0.2935748747828808
0.4591959195919592,2.1644840684094274e-26,0.4421608238758655,0.2940156116387365
0.4592459245924593,2.1661082028484543e-26,0.4426032501186145,0.2944570101621692
0.4592959295929593,2.1677335559671242e-26,0.44304611905318403,0.2948990713465238
0.45934593459345935,2.1693601286798856e-26,0.4434894311225326,0.2953417961866387
0.4593959395939594,2.1709879219018662e-26,0.4439331867700607,0.29578518567884327
0.4594459445944595,2.1726169365488832e-26,0.4443773864396122,0.29622924082096413
0.4594959495949595,2.1742471735374375e-26,0.44482203057547537,0.2966739626123239
0.45954595459545955,2.175878633784726e-26,0.4452671196223848,0.2971193520537489
0.4595959595959596,2.1775113182086269e-26,0.44571265402551774,0.29756541014756516
0.4596459645964597,2.1791452277277095e-26,0.4461586342304978,0.2980121378976046
0.4596959695969597,2.1807803632612263e-26,0.44660506068339334,0.29845953630920474
0.45974597459745975,2.1824167257291334e-26,0.44705193383072217,0.29890760638921526
0.4597959795979598,2.184054316052065e-26,0.44749925411944613,0.29935634914599485
0.4598459845984599,2.1856931351513495e-26,0.4479470219969745,0.2998057655894171
0.4598959895989599,2.1873331839490044e-26,0.4483952379111643,0.30025585673087013
0.45994599459945995,2.1889744633677488e-26,0.4488439023103229,0.30070662358326405
0.45999599959996,2.1906169743309823e-26,0.4492930156432033,0.3011580671610261
0.4600460046004601,2.1922607177628005e-26,0.44974257835900816,0.3016101884801071
0.4600960096009601,2.193905694587999e-26,0.45019259090739144,0.3020629885579852
0.46014601460146015,2.1955519057320608e-26,0.4506430537384555,0.3025164684136637
0.4601960196019602,2.1971993521211608e-26,0.45109396730275214,0.3029706290676759
0.4602460246024603,2.198848034682179e-26,0.4515453320512866,0.30342547154208954
0.4602960296029603,2.200497954342683e-26,0.45199714843551353,0.303880996860504
0.46034603460346035,2.2021491120309337e-26,0.4524494169073388,0.3043372060480558
0.4603960396039604,2.2038015086759002e-26,0.452902137919123,0.3047941001314226
0.4604460446044605,2.2054551452072385e-26,0.4533553119236768,0.3052516801388215
0.4604960496049605,2.2071100225553023e-26,0.45380893937426425,0.30570994710001265
0.46054605460546055,2.2087661416511516e-26,0.45426302072460506,0.3061689020463044
0.4605960596059606,2.2104235034265377e-26,0.4547175564288707,0.3066285460105519
0.4606460646064607,2.2120821088139122e-26,0.4551725469416876,0.3070888800271609
0.4606960696069607,2.2137419587464256e-26,0.4556279927181371,0.30754990513208935
0.46074607460746075,2.2154030541579354e-26,0.45608389421375733,0.30801162236285323
0.4607960796079608,2.2170653959829908e-26,0.45654025188454006,0.30847403275852336
0.4608460846084609,2.218728985156848e-26,0.4569970661869345,0.3089371373597318
0.4608960896089609,2.2203938226154595e-26,0.45745433757784587,0.30940093720867107
0.46094609460946095,2.222059909295489e-26,0.45791206651463795,0.3098654333491018
0.460996099609961,2.2237272461342956e-26,0.4583702534551309,0.31033062682634904
0.4610461046104611,2.2253958340699438e-26,0.45882889885760375,0.310796518687307
0.4610961096109611,2.2270656740411988e-26,0.45928800318079205,0.31126310998044215
0.46114611461146116,2.22873676698754e-26,0.45974756688389423,0.3117304017557961
0.4611961196119612,2.2304091138491414e-26,0.4602075904265647,0.31219839506498537
0.4612461246124613,2.232082715566887e-26,0.46066807426891937,0.3126670909612055
0.4612961296129613,2.2337575730823637e-26,0.46112901887153357,0.3131364904992328
0.46134613461346136,2.2354336873378715e-26,0.4615904246954452,0.31360659473542923
0.4613961396139614,2.2371110592764123e-26,0.46205229220215216,0.3140774047277405
0.4614461446144615,2.2387896898416947e-26,0.462514621853614,0.3145489215357008
0.4614961496149615,2.240469579978136e-26,0.4629774141122523,0.31502114622043487
0.46154615461546156,2.2421507306308692e-26,0.4634406694409538,0.31549407984466243
0.4615961596159616,2.243833142745726e-26,0.46390438830306496,0.31596772347269636
0.4616461646164617,2.245516817269252e-26,0.46436857116239716,0.3164420781704475
0.4616961696169617,2.2472017551487082e-26,0.46483321848322795,0.31691714500542917
0.46174617461746176,2.2488879573320592e-26,0.46529833073029636,0.31739292504675515
0.4617961796179618,2.2505754247679803e-26,0.4657639083688072,0.3178694193651437
0.4618461846184619,2.2522641584058677e-26,0.46622995186443283,0.31834662903292343
0.4618961896189619,2.2539541591958217e-26,0.466696461683309,0.3188245551240305
0.46194619461946196,2.255645428088654e-26,0.46716343829203844,0.31930319871401275
0.461996199619962,2.2573379660359006e-26,0.4676308821576926,0.3197825608800356
0.4620462046204621,2.2590317739898017e-26,0.4680987937478081,0.3202626427008794
0.4620962096209621,2.2607268529033108e-26,0.4685671735303892,0.3207434452569432
0.46214621462146216,2.262423203730107e-26,0.4690360219739112,0.32122496963025127
0.4621962196219622,2.2641208274245767e-26,0.4695053395473159,0.32170721690444964
0.4622462246224623,2.2658197249418228e-26,0.46997512672001424,0.3221901881648116
0.4622962296229623,2.267519897237664e-26,0.4704453839618868,0.3226738844982394
0.46234623462346236,2.2692213452686442e-26,0.4709161117432864,0.32315830699326964
0.4623962396239624,2.270924069992017e-26,0.4713873105350344,0.32364345674006995
0.4624462446244625,2.2726280723657565e-26,0.4718589808084239,0.32412933483044576
0.4624962496249625,2.2743333533485526e-26,0.47233112303521885,0.32461594235784097
0.46254625462546256,2.2760399138998238e-26,0.4728037376876572,0.32510328041734377
0.4625962596259626,2.2777477549796996e-26,0.4732768252384476,0.3255913501056829
0.4626462646264627,2.2794568775490322e-26,0.47375038616077253,0.326080152521235
0.4626962696269627,2.2811672825693935e-26,0.4742244209282864,0.3265696887640255
0.46274627462746276,2.2828789710030833e-26,0.47469893001512037,0.3270599599357328
0.4627962796279628,2.284591943813118e-26,0.47517391389587843,0.3275509671396869
0.46284628462846283,2.2863062019632328e-26,0.47564937304563776,0.3280427114808746
0.4628962896289629,2.2880217464178978e-26,0.476125307939955,0.32853519406594367
0.46294629462946296,2.2897385781422967e-26,0.4766017190548594,0.3290284160032011
0.462996299629963,2.2914566981023405e-26,0.477078606866857,0.3295223784026184
0.46304630463046303,2.2931761072646615e-26,0.4775559718529305,0.33001708237583266
0.4630963096309631,2.294896806596628e-26,0.478033814490542,0.3305125290361526
0.46314631463146316,2.296618797066323e-26,0.4785121352576291,0.3310087194985551
0.4631963196319632,2.2983420796425607e-26,0.47899093463260806,0.33150565487969247
0.46324632463246324,2.3000666552948778e-26,0.4794702130943731,0.33200333629789214
0.4632963296329633,2.3017925249935486e-26,0.47994997112230076,0.33250176487316363
0.46334633463346336,2.3035196897095654e-26,0.4804302091962437,0.3330009417271944
0.4633963396339634,2.3052481504146506e-26,0.48091092779653566,0.3335008679833569
0.46344634463446344,2.306977908081264e-26,0.48139212740399323,0.3340015447667116
0.4634963496349635,2.308708963682585e-26,0.48187380849991074,0.33450297320400646
0.46354635463546356,2.3104413181925245e-26,0.4823559715660654,0.33500515442368023
0.46359635963596363,2.3121749725857332e-26,0.48283861708471837,0.33550808955586836
0.46364636463646364,2.3139099278375842e-26,0.483321745538611,0.3360117797324013
0.4636963696369637,2.315646184924181e-26,0.4838053574109674,0.3365162260868072
0.46374637463746377,2.3173837448223704e-26,0.48428945318549804,0.3370214297543199
0.46379637963796383,2.319122608509722e-26,0.4847740333463944,0.33752739187187414
0.46384638463846384,2.3208627769645398e-26,0.48525909837833336,0.33803411357811186
0.4638963896389639,2.3226042511658696e-26,0.48574464876647816,0.33854159601338685
0.46394639463946397,2.3243470320934844e-26,0.48623068499647565,0.33904984031976243
0.46399639963996403,2.326091120727895e-26,0.4867172075544599,0.33955884764101674
0.46404640464046404,2.327836518050343e-26,0.4872042169270492,0.34006861912264535
0.4640964096409641,2.3295832250428173e-26,0.48769171360135194,0.34057915591186516
0.46414641464146417,2.331331242688036e-26,0.4881796980649623,0.34109045915761327
0.46419641964196423,2.3330805719694532e-26,0.488668170805962,0.3416025300105521
0.46424642464246424,2.3348312138712622e-26,0.4891571323129208,0.3421153696230708
0.4642964296429643,2.3365831693784013e-26,0.4896465830748995,0.34262897914929147
0.46434643464346437,2.3383364394765395e-26,0.49013652358144594,0.3431433597450662
0.46439643964396443,2.3400910251520892e-26,0.4906269543225989,0.3436585125679827
0.46444644464446444,2.341846927392199e-26,0.49111787578888677,0.34417443877736614
0.4644964496449645,2.343604147184768e-26,0.4916092884713301,0.34469113953428476
0.46454645464546457,2.345362685518426e-26,0.4921011928614398,0.3452086160015471
0.46459645964596463,2.3471225433825495e-26,0.492593589451218,0.3457268693437083
0.46464646464646464,2.3488837217672536e-26,0.49308647873315953,0.3462459007270709
0.4646964696469647,2.3506462216634048e-26,0.4935798612002539,0.34676571131969125
0.46474647464746477,2.3524100440626054e-26,0.49407373734598126,0.34728630229137636
0.46479647964796483,2.354175189957204e-26,0.4945681076643168,0.34780767481369057
0.46484648464846484,2.35594166034029e-26,0.49506297264972926,0.3483298300599558
0.4648964896489649,2.357709456205708e-26,0.4955583327971833,0.3488527692052588
0.46494649464946497,2.35947857854804e-26,0.49605418860213824,0.3493764934264469
0.46499649964996503,2.3612490283626127e-26,0.4965505405605481,0.3499010039021345
0.46504650465046504,2.3630208066455096e-26,0.4970473891688658,0.35042630181270873
0.4650965096509651,2.3647939143935524e-26,0.49754473492403833,0.35095238834032566
0.46514651465146517,2.3665683526043102e-26,0.4980425783235104,0.3514792646689153
0.46519651965196523,2.3683441222761106e-26,0.4985409198652263,0.3520069319841897
0.46524652465246524,2.3701212244080217e-26,0.49903976004762723,0.352535391473636
0.4652965296529653,2.371899659999859e-26,0.49953909936965174,0.35306464432652596
0.46534653465346537,2.3736794300521992e-26,0.5000389383307409,0.3535946917339185
0.46539653965396544,2.375460535566361e-26,0.5005392774308328,0.3541255348886581
0.46544654465446544,2.377242977544413e-26,0.501040117170366,0.3546571749853802
0.4654965496549655,2.379026756989185e-26,0.5015414580502817,0.3551896132205162
0.46554655465546557,2.380811874904252e-26,0.502043300572021,0.3557228507922911
0.46559655965596564,2.3825983322939427e-26,0.5025456452375263,0.3562568889007301
0.46564656465646564,2.384386130163337e-26,0.5030484925492421,0.35679172874765774
0.4656965696569657,2.38617526951828e-26,0.5035518430101182,0.3573273715367071
0.4657465746574658,2.38796575136536e-26,0.5040556971236045,0.35786381847331467
0.46579657965796584,2.3897575767119246e-26,0.5045600553936566,0.35840107076472777
0.46584658465846585,2.3915507465660732e-26,0.5050649183247319,0.3589391296200051
0.4658965896589659,2.3933452619366735e-26,0.5055702864217968,0.3594779962500234
0.465946594659466,2.3951411238333384e-26,0.5060761601903199,0.360017671867474
0.46599659965996604,2.3969383332664425e-26,0.5065825401362752,0.3605581576868709
0.46604660466046605,2.3987368912471148e-26,0.5070894267661443,0.3610994549245491
0.4660966096609661,2.400536798787254e-26,0.507596820586916,0.3616415647986733
0.4661466146614662,2.4023380568995056e-26,0.5081047221060853,0.3621844885292344
0.46619661966196624,2.4041406665972822e-26,0.5086131318316552,0.36272822733805477
0.46624662466246625,2.40594462889475e-26,0.5091220502721363,0.36327278244879113
0.4662966296629663,2.4077499448068475e-26,0.5096314779365508,0.36381815508693943
0.4663466346634664,2.4095566153492648e-26,0.5101414153344274,0.3643643464798327
0.46639663966396644,2.4113646415384582e-26,0.5106518629758054,0.3649113578566483
0.46644664466446645,2.4131740243916418e-26,0.5111628213712339,0.3654591904484066
0.4664966496649665,2.4149847649268034e-26,0.511674291031775,0.36600784548797993
0.4665466546654666,2.4167968641626856e-26,0.5121862724689997,0.36655732421008835
0.4665966596659666,2.4186103231187955e-26,0.5126987661949914,0.3671076278513058
0.46664666466646665,2.420425142815413e-26,0.5132117727223484,0.36765875765006467
0.4666966696669667,2.4222413242735766e-26,0.5137252925641786,0.3682107148466549
0.4667466746674668,2.424058868515088e-26,0.5142393262341036,0.36876350068322744
0.4667966796679668,2.425877776562528e-26,0.5147538742462621,0.36931711640380194
0.46684668466846685,2.4276980494392334e-26,0.5152689371153035,0.3698715632542616
0.4668966896689669,2.4295196881693089e-26,0.5157845153563937,0.3704268424823609
0.466946694669467,2.4313426937776386e-26,0.5163006094852155,0.3709829553377301
0.466996699669967,2.4331670672898654e-26,0.5168172200179655,0.37153990307187307
0.46704670467046705,2.4349928097324005e-26,0.5173343474713569,0.3720976869381712
0.4670967096709671,2.436819922132436e-26,0.5178519923626215,0.37265630819189255
0.4671467146714672,2.438648405517926e-26,0.5183701552095082,0.37321576809018486
0.4671967196719672,2.4404782609175936e-26,0.5188888365302815,0.3737760678920846
0.46724672467246725,2.4423094893609459e-26,0.5194080368437292,0.37433720885852
0.4672967296729673,2.444142091878252e-26,0.5199277566691541,0.3748991922523104
0.4673467346734674,2.4459760695005556e-26,0.5204479965263804,0.3754620193381714
0.4673967396739674,2.4478114232596734e-26,0.5209687569357506,0.37602569138271685
0.46744674467446745,2.4496481541882044e-26,0.5214900384181315,0.3765902096544643
0.4674967496749675,2.451486263319514e-26,0.5220118414949081,0.3771555754238336
0.4675467546754676,2.4533257516877452e-26,0.5225341666879878,0.3777217899631523
0.4675967596759676,2.4551666203278133e-26,0.523057014519799,0.37828885454665717
0.46764676467646765,2.4570088702754208e-26,0.5235803855132967,0.37885677045050076
0.4676967696769677,2.4588525025670382e-26,0.5241042801919552,0.3794255389527488
0.4677467746774678,2.4606975182399156e-26,0.524628699079774,0.3799951613333869
0.4677967796779678,2.4625439183320776e-26,0.5251536427012763,0.38056563887432093
0.46784678467846785,2.4643917038823408e-26,0.5256791115815126,0.38113697285938425
0.4678967896789679,2.4662408759302872e-26,0.5262051062460557,0.3817091645743346
0.467946794679468,2.4680914355162856e-26,0.5267316272210059,0.3822822153068612
0.467996799679968,2.4699433836814804e-26,0.5272586750329884,0.38285612634658556
0.46804680468046805,2.471796721467807e-26,0.5277862502091586,0.38343089898506766
0.4680968096809681,2.4736514499179736e-26,0.5283143532771957,0.3840065345158042
0.4681468146814682,2.4755075700754736e-26,0.528842984765309,0.3845830342342344
0.4681968196819682,2.4773650829845796e-26,0.5293721452022345,0.3851603994377413
0.46824682468246825,2.479223989690359e-26,0.5299018351172406,0.3857386314256585
0.4682968296829683,2.4810842912386535e-26,0.5304320550401229,0.3863177314992678
0.4683468346834684,2.482945988676087e-26,0.5309628055012052,0.3868977009618039
0.4683968396839684,2.4848090830500813e-26,0.5314940870313469,0.38747854111846164
0.46844684468446846,2.4866735754088337e-26,0.5320259001619347,0.388060253276392
0.4684968496849685,2.4885394668013263e-26,0.5325582454248873,0.38864283874470795
0.4685468546854686,2.4904067582773415e-26,0.5330911233526581,0.38922629883449206
0.4685968596859686,2.4922754508874364e-26,0.5336245344782308,0.38981063485879097
0.46864686468646866,2.4941455456829586e-26,0.5341584793351231,0.3903958481326225
0.4686968696869687,2.4960170437160521e-26,0.5346929584573871,0.39098193997298303
0.4687468746874688,2.4978899460396424e-26,0.5352279723796093,0.3915689116988413
0.4687968796879688,2.499764253707445e-26,0.535763521636909,0.3921567646311479
0.46884688468846886,2.501639967773976e-26,0.5362996067649448,0.39274550009283865
0.4688968896889689,2.5035170892945303e-26,0.5368362282999078,0.39333511940883215
0.468946894689469,2.505395619325202e-26,0.5373733867785279,0.3939256239060375
0.468996899689969,2.5072755589228716e-26,0.5379110827380688,0.3945170149133552
0.46904690469046906,2.509156909145223e-26,0.5384493167163367,0.395109293761683
0.4690969096909691,2.511039671050725e-26,0.5389880892516726,0.3957024617839148
0.4691469146914692,2.5129238456986418e-26,0.5395274008829559,0.39629652031494517
0.4691969196919692,2.514809434149031e-26,0.5400672521496058,0.3968914706916727
0.46924692469246926,2.5166964374627563e-26,0.540607643591584,0.3974873142530059
0.4692969296929693,2.5185848567014636e-26,0.5411485757493883,0.3980840523398598
0.4693469346934694,2.5204746929276032e-26,0.5416900491640596,0.3986816862951643
0.4693969396939694,2.5223659472044168e-26,0.5422320643771782,0.39928021746386394
0.46944694469446946,2.5242586205959543e-26,0.5427746219308702,0.39987964719292546
0.4694969496949695,2.5261527141670538e-26,0.5433177223678007,0.4004799768313347
0.4695469546954696,2.5280482289833565e-26,0.5438613662311786,0.401081207730104
0.4695969596959696,2.5299451661112998e-26,0.5444055540647557,0.4016833412422725
0.46964696469646966,2.53184352661813e-26,0.5449502864128306,0.40228637872291384
0.4696969696969697,2.5337433115718866e-26,0.545495563820244,0.4028903215291333
0.4697469746974698,2.535644522041411e-26,0.5460413868323819,0.4034951710200738
0.4697969796979698,2.5375471590963466e-26,0.5465877559951761,0.40410092855691876
0.46984698469846986,2.539451223807145e-26,0.5471346718551064,0.4047075955028969
0.4698969896989699,2.5413567172450555e-26,0.5476821349591979,0.40531517322328176
0.46994699469947,2.5432636404821282e-26,0.5482301458550217,0.40592366308539557
0.46999699969997,2.5451719945912298e-26,0.5487787050907007,0.4065330664586164
0.47004700470047006,2.54708178064602e-26,0.5493278132149024,0.4071433847143762
0.4700970097009701,2.5489929997209653e-26,0.5498774707768447,0.4077546192261637
0.4701470147014702,2.5509056528913482e-26,0.5504276783262962,0.4083667713695353
0.4701970197019702,2.552819741233248e-26,0.5509784364135738,0.4089798425221071
0.47024702470247026,2.5547352658235522e-26,0.5515297455895454,0.40959383406356514
0.4702970297029703,2.5566522277399642e-26,0.5520816064056319,0.4102087473756679
0.47034703470347033,2.5585706280609885e-26,0.5526340194138034,0.41082458384224796
0.4703970397039704,2.5604904678659384e-26,0.5531869851665833,0.411441344849212
0.47044704470447046,2.5624117482349447e-26,0.5537405042170495,0.412059031784553
0.4704970497049705,2.5643344702489417e-26,0.5542945771188301,0.4126776460383445
0.47054705470547054,2.5662586349896736e-26,0.5548492044261091,0.41329718900274487
0.4705970597059706,2.5681842435397064e-26,0.5554043866936261,0.4139176620720081
0.47064706470647066,2.570111296982408e-26,0.555960124476674,0.41453906664247614
0.4706970697069707,2.5720397964019623e-26,0.556516418331101,0.41516140411258984
0.47074707470747074,2.5739697428833642e-26,0.5570732688133119,0.4157846758828873
0.4707970797079708,2.5759011375124335e-26,0.5576306764802701,0.41640888335601384
0.47084708470847086,2.5778339813757927e-26,0.5581886418894946,0.41703402793671535
0.47089708970897093,2.5797682755608844e-26,0.558747165599062,0.417660111031849
0.47094709470947094,2.5817040211559635e-26,0.5593062481676067,0.41828713405038326
0.470997099709971,2.5836412192501103e-26,0.5598658901543249,0.41891509840340396
0.47104710471047107,2.585579870933216e-26,0.5604260921189704,0.4195440055041132
0.47109710971097113,2.587519977295987e-26,0.5609868546218562,0.420173856767835
0.47114711471147114,2.58946153942995e-26,0.5615481782238569,0.42080465361201724
0.4711971197119712,2.5914045584274595e-26,0.5621100634864102,0.4214363974562394
0.47124712471247127,2.5933490353816774e-26,0.5626725109715125,0.4220690897222086
0.47129712971297133,2.595294971386592e-26,0.5632355212417243,0.4227027318337672
0.47134713471347134,2.597242367537008e-26,0.5637990948601674,0.42333732521689443
0.4713971397139714,2.599191224928561e-26,0.5643632323905297,0.4239728712997138
0.47144714471447147,2.601141544657699e-26,0.5649279343970615,0.42460937151248873
0.47149714971497153,2.603093327821697e-26,0.565493201444577,0.42524682728763175
0.47154715471547154,2.6050465755186494e-26,0.5660590340984557,0.42588524005970424
0.4715971597159716,2.607001288847485e-26,0.5666254329246454,0.4265246112654252
0.47164716471647167,2.6089574689079444e-26,0.5671923984896573,0.42716494234366603
0.47169716971697173,2.610915116800598e-26,0.5677599313605698,0.4278062347354595
0.47174717471747174,2.612874233626849e-26,0.5683280321050307,0.4284484898840041
0.4717971797179718,2.6148348204889186e-26,0.5688967012912541,0.4290917092346628
0.47184718471847187,2.6167968784898524e-26,0.5694659394880215,0.42973589423496755
0.47189718971897193,2.6187604087335363e-26,0.570035747264687,0.4303810463346269
0.47194719471947194,2.620725412324675e-26,0.5706061251911718,0.4310271669855226
0.471997199719972,2.622691890368799e-26,0.5711770738379663,0.43167425764171624
0.47204720472047207,2.624659843972281e-26,0.5717485937761362,0.43232231975945556
0.47209720972097213,2.626629274242314e-26,0.5723206855773142,0.43297135479717097
0.47214721472147214,2.6286001822869185e-26,0.5728933498137059,0.4336213642154823
0.4721972197219722,2.6305725692149604e-26,0.5734665870580918,0.4342723494772065
0.47224722472247227,2.632546436136126e-26,0.5740403978838235,0.4349243120473517
0.47229722972297233,2.634521784160937e-26,0.5746147828648257,0.4355772533931288
0.47234723472347234,2.636498614400746e-26,0.5751897425755983,0.43623117498394703
0.4723972397239724,2.6384769279677486e-26,0.5757652775912177,0.43688607829142784
0.47244724472447247,2.6404567259749666e-26,0.5763413884873325,0.4375419647893977
0.47249724972497253,2.642438009536259e-26,0.5769180758401699,0.4381988359538963
0.47254725472547254,2.6444207797663165e-26,0.5774953402265309,0.43885669326317867
0.4725972597259726,2.646405037780678e-26,0.5780731822237982,0.43951553819772243
0.47264726472647267,2.6483907846957074e-26,0.5786516024099272,0.440175372240224
0.47269726972697274,2.650378021628612e-26,0.5792306013634546,0.4408361968756079
0.47274727472747274,2.652366749697433e-26,0.5798101796634944,0.4414980135910255
0.4727972797279728,2.6543569700210595e-26,0.5803903378897425,0.44216082387586503
0.47284728472847287,2.6563486837192125e-26,0.5809710766224724,0.4428246292217473
0.47289728972897294,2.658341891912453e-26,0.5815523964425391,0.44348943112253314
0.47294729472947294,2.6603365957221834e-26,0.5821342979313774,0.44415523107432525
0.472997299729973,2.6623327962706556e-26,0.5827167816710083,0.44482203057547526
0.4730473047304731,2.664330494680953e-26,0.5832998482440293,0.44548983112658264
0.47309730973097314,2.6663296920770054e-26,0.5838834982336248,0.4461586342304978
0.47314731473147315,2.6683303895835853e-26,0.5844677322235609,0.446828441392329
0.4731973197319732,2.6703325883263135e-26,0.5850525507981897,0.4474992541194456
0.4732473247324733,2.6723362894316517e-26,0.5856379545424465,0.448171073921478
0.47329732973297334,2.6743414940269023e-26,0.5862239440418502,0.44884390231032206
0.47334733473347335,2.6763482032402265e-26,0.5868105198825107,0.4495177408001471
0.4733973397339734,2.678356418200619e-26,0.5873976826511192,0.45019259090739183
0.4734473447344735,2.6803661400379244e-26,0.587985432934956,0.4508684541507716
0.47349734973497354,2.682377369882845e-26,0.5885737713218903,0.4515453320512864
0.47354735473547355,2.684390108866918e-26,0.5891626984003776,0.45222322613221455
0.4735973597359736,2.6864043581225353e-26,0.589752214759461,0.45290213791912226
0.4736473647364737,2.688420118782943e-26,0.5903423209887781,0.4535820689398691
0.47369736973697374,2.6904373919822324e-26,0.5909330176785516,0.45426302072460495
0.47374737473747375,2.692456178855341e-26,0.5915243054195947,0.4549449948057775
0.4737973797379738,2.6944764805380714e-26,0.5921161848033166,0.4556279927181367
0.4738473847384739,2.696498298167068e-26,0.5927086564217138,0.4563120159987356
0.47389738973897394,2.69852163287983e-26,0.5933017208673765,0.4569970661869343
0.47394739473947395,2.700546485814707e-26,0.5938953787334863,0.45768314482440314
0.473997399739974,2.702572858110913e-26,0.5944896306138221,0.4583702534551302
0.4740474047404741,2.7046007509085095e-26,0.5950844771027545,0.45905839362541884
0.47409740974097414,2.706630165348413e-26,0.5956799187952475,0.4597475668838945
0.47414741474147415,2.7086611025723934e-26,0.5962759562868624,0.4604377747815053
0.4741974197419742,2.7106935637230885e-26,0.5968725901737574,0.4611290188715331
0.4742474247424743,2.7127275499439845e-26,0.5974698210526843,0.4618213007095875
0.4742974297429743,2.714763062379422e-26,0.5980676495209932,0.4625146218536127
0.47434743474347435,2.716800102174615e-26,0.598666076176634,0.46320898386389603
0.4743974397439744,2.7188386704756225e-26,0.5992651016181522,0.46390438830306424
0.4744474447444745,2.720878768429369e-26,0.5998647264446928,0.4646008367360901
0.4744974497449745,2.722920397183636e-26,0.6004649512560001,0.46529833073029536
0.47454745474547455,2.7249635578870757e-26,0.6010657766524201,0.4659968718553579
0.4745974597459746,2.727008251689193e-26,0.6016672032348983,0.4666964616833088
0.4746474647464747,2.7290544797403595e-26,0.6022692316049818,0.46739710178854016
0.4746974697469747,2.731102243191803e-26,0.6028718623648177,0.46809879374780705
0.47474747474747475,2.733151543195629e-26,0.6034750961171595,0.4688015391402348
0.4747974797479748,2.735202380904796e-26,0.6040789334653611,0.46950533954731594
0.4748474847484749,2.737254757473131e-26,0.6046833750133805,0.47021019655291824
0.4748974897489749,2.739308674055324e-26,0.6052884213657794,0.47091611174328624
0.47494749474947495,2.741364131806938e-26,0.6058940731277263,0.47162308670704917
0.474997499749975,2.7434211318844e-26,0.6065003309049942,0.4723311230352193
0.4750475047504751,2.745479675444998e-26,0.6071071953039605,0.4730402223211952
0.4750975097509751,2.7475397636469026e-26,0.6077146669316138,0.4737503861607718
0.47514751475147515,2.7496013976491407e-26,0.6083227463955456,0.474461616152137
0.4751975197519752,2.7516645786116107e-26,0.6089314343039564,0.47517391389587726
0.4752475247524753,2.753729307695091e-26,0.6095407312656576,0.47588728099498584
0.4752975297529753,2.755795586061221e-26,0.6101506378900681,0.47660171905485904
0.47534753475347535,2.757863414872511e-26,0.6107611547872139,0.4773172296833031
0.4753975397539754,2.7599327952923533e-26,0.611372282567737,0.47803381449054144
0.4754475447544755,2.7620037284850056e-26,0.6119840218428872,0.47875147508921156
0.4754975497549755,2.764076215615596e-26,0.612596373224524,0.4794702130943718
0.47554755475547555,2.76615025785014e-26,0.6132093373251237,0.48019003012350986
0.4755975597559756,2.7682258563555157e-26,0.6138229147577722,0.48091092779653555
0.4756475647564757,2.77030301229948e-26,0.6144371061361693,0.4816329077357943
0.4756975697569757,2.7723817268506637e-26,0.6150519120746288,0.4823559715660646
0.47574757475747576,2.774462001178586e-26,0.6156673331880814,0.48308012091456887
0.4757975797579758,2.776543836453631e-26,0.6162833700920709,0.48380535741096736
0.4758475847584759,2.7786272338470654e-26,0.6169000234027571,0.48453168268736957
0.4758975897589759,2.7807121945310305e-26,0.617517293736915,0.4852590983783332
0.47594759475947596,2.78279871967856e-26,0.6181351817119417,0.48598760612087316
0.475997599759976,2.784886810463553e-26,0.6187536879458467,0.48671720755445935
0.4760476047604761,2.786976468060797e-26,0.6193728130572604,0.48744790432102364
0.4760976097609761,2.7890676936459576e-26,0.6199925576654316,0.48817969806496153
0.47614761476147616,2.79116048839559e-26,0.6206129223902299,0.4889125904331411
0.4761976197619762,2.7932548534871226e-26,0.6212339078521434,0.48964658307489994
0.4762476247624763,2.795350790098873e-26,0.6218555146722826,0.4903816776420503
0.4762976297629763,2.7974482994100377e-26,0.6224777434723768,0.4911178757888864
0.47634763476347636,2.7995473826007066e-26,0.623100594874781,0.4918551791721879
0.4763976397639764,2.801648040851849e-26,0.6237240695024715,0.4925935894512178
0.4764476447644765,2.8037502753453213e-26,0.6243481679790466,0.49333310828773247
0.4764976497649765,2.8058540872638636e-26,0.6249728909287291,0.494073737345981
0.47654765476547656,2.807959477791113e-26,0.6255982389763695,0.4948154782927143
0.4765976597659766,2.810066448111585e-26,0.6262242127474394,0.4955583327971833
0.4766476647664767,2.8121749994106845e-26,0.6268508128680361,0.4963023025311438
0.4766976697669767,2.8142851328747167e-26,0.6274780399648885,0.4970473891688656
0.47674767476747676,2.8163968496908654e-26,0.6281058946653478,0.497793594387127
0.4767976797679768,2.818510151047204e-26,0.6287343775973924,0.4985409198652257
0.4768476847684769,2.82062503813271e-26,0.6293634893896342,0.4992893672849826
0.4768976897689769,2.8227415121372436e-26,0.6299932306713097,0.5000389383307406
0.47694769476947696,2.824859574251554e-26,0.6306236020722844,0.5007896346893714
0.476997699769977,2.8269792256672976e-26,0.6312546042230588,0.5015414580502814
0.4770477047704771,2.829100467577013e-26,0.6318862377547597,0.5022944101054113
0.4770977097709771,2.8312233011741344e-26,0.6325185032991465,0.5030484925492412
0.47714771477147716,2.8333477276530006e-26,0.6331514014886126,0.503803707078799
0.4771977197719772,2.835473748208838e-26,0.6337849329561824,0.5045600553936554
0.4772477247724773,2.837601364037773e-26,0.6344190983355142,0.5053175391959358
0.4772977297729773,2.8397305763368236e-26,0.6350538982608988,0.5060761601903184
0.47734773477347736,2.8418613863039207e-26,0.6356893333672655,0.5068359200840451
0.4773977397739774,2.8439937951378785e-26,0.636325404290176,0.5075968205869154
0.4774477447744775,2.8461278040384196e-26,0.6369621116658272,0.5083588634112998
0.4774977497749775,2.8482634142061585e-26,0.6375994561310542,0.5091220502721356
0.47754775477547756,2.8504006268426245e-26,0.6382374383233307,0.5098863828869399
0.4775977597759776,2.8525394431502364e-26,0.6388760588807648,0.5106518629758044
0.4776477647764777,2.8546798643323193e-26,0.6395153184421057,0.5114184922614041
0.4776977697769777,2.8568218915930977e-26,0.6401552176467399,0.5121862724689983
0.47774777477747776,2.8589655261377087e-26,0.6407957571346958,0.5129552053264417
0.4777977797779778,2.8611107691721865e-26,0.6414369375466412,0.5137252925641781
0.4778477847784779,2.8632576219034706e-26,0.6420787595238838,0.5144965359152507
0.4778977897789779,2.865406085539403e-26,0.6427212237083736,0.5152689371153027
0.47794779477947796,2.867556161288745e-26,0.6433643307427055,0.5160424979025883
0.477997799779978,2.869707850361152e-26,0.6440080812701134,0.5168172200179657
0.47804780478047804,2.871861153967186e-26,0.6446524759344766,0.5175931052049076
0.4780978097809781,2.8740160733183325e-26,0.64529751538032,0.5183701552095077
0.47814781478147816,2.8761726096269705e-26,0.6459432002528115,0.5191483717804777
0.47819781978197823,2.8783307641063963e-26,0.6465895311977656,0.5199277566691546
0.47824782478247824,2.88049053797081e-26,0.6472365088616409,0.5207083116295049
0.4782978297829783,2.882651932435334e-26,0.6478841338915464,0.5214900384181318
0.47834783478347837,2.8848149487159935e-26,0.6485324069352363,0.5222729387942702
0.47839783978397843,2.886979588029724e-26,0.6491813286411121,0.5230570145197984
0.47844784478447844,2.8891458515943865e-26,0.6498308996582272,0.5238422673592427
0.4784978497849785,2.891313740628745e-26,0.6504811206362824,0.5246286990797735
0.47854785478547857,2.893483256352476e-26,0.6511319922256265,0.5254163114512157
0.47859785978597863,2.895654399986185e-26,0.6517835150772645,0.5262051062460552
0.47864786478647864,2.8978271727513805e-26,0.6524356898428485,0.5269950852394326
0.4786978697869787,2.9000015758704873e-26,0.6530885171746817,0.5277862502091568
0.47874787478747877,2.90217761056686e-26,0.6537419977257249,0.5285786029357077
0.47879787978797883,2.90435527806476e-26,0.6543961321495887,0.5293721452022345
0.47884788478847884,2.9065345795893653e-26,0.6550509211005371,0.5301668787945626
0.4788978897889789,2.908715516366785e-26,0.6557063652334919,0.5309628055012042
0.47894789478947897,2.910898089624041e-26,0.6563624652040274,0.531759927113352
0.47899789978997903,2.913082300589073e-26,0.6570192216683749,0.5325582454248874
0.47904790479047904,2.9152681504907434e-26,0.6576766352834219,0.5333577622323856
0.4790979097909791,2.9174556405588455e-26,0.6583347067067145,0.5341584793351227
0.47914791479147917,2.9196447720240867e-26,0.6589934365964559,0.5349603985350707
0.47919791979197923,2.921835546118098e-26,0.659652825611507,0.5357635216369098
0.47924792479247924,2.924027964073432e-26,0.6603128744113885,0.5365678504480266
0.4792979297929793,2.92622202712358e-26,0.660973583656282,0.5373733867785268
0.47934793479347937,2.928417736502945e-26,0.6616349540070298,0.5381801324412284
0.47939793979397943,2.9306150934468595e-26,0.6622969861251329,0.5389880892516723
0.47944794479447944,2.9328140991915826e-26,0.6629596806727559,0.5397972590281244
0.4794979497949795,2.9350147549743085e-26,0.6636230383127277,0.5406076435915836
0.47954795479547957,2.9372170620331496e-26,0.6642870597085376,0.5414192447657789
0.47959795979597963,2.9394210216071527e-26,0.6649517455243399,0.5422320643771792
0.47964796479647964,2.9416266349362876e-26,0.665617096424952,0.5430461042549922
0.4796979697969797,2.9438339032614693e-26,0.6662831130758612,0.5438613662311778
0.47974797479747977,2.94604282782453e-26,0.6669497961432154,0.5446778521404414
0.47979797979797983,2.9482534098682393e-26,0.6676171462938314,0.5454955638202439
0.47984798479847984,2.950465650636293e-26,0.6682851641951914,0.5463145031108041
0.4798979897989799,2.9526795513733347e-26,0.6689538505154492,0.5471346718551062
0.47994799479947997,2.9548951133249277e-26,0.6696232059234248,0.5479560718988985
0.47999799979998004,2.957112337737572e-26,0.6702932310886052,0.5487787050906999
0.48004800480048004,2.959331225858714e-26,0.670963926681153,0.5496025732818081
0.4800980098009801,2.961551778936722e-26,0.6716352933718963,0.550427678326296
0.48014801480148017,2.963773998220904e-26,0.6723073318323345,0.5512540220810213
0.48019801980198024,2.9659978849615175e-26,0.6729800427346438,0.5520816064056315
0.48024802480248024,2.968223440409744e-26,0.673653426751668,0.552910433162563
0.4802980298029803,2.970450665817706e-26,0.6743274845569251,0.5537405042170485
0.4803480348034804,2.972679562438476e-26,0.6750022168246098,0.5545718214371239
0.48039803980398044,2.9749101315260534e-26,0.6756776242295879,0.5554043866936264
0.48044804480448045,2.9771423743353826e-26,0.6763537074474014,0.5562382018602012
0.4804980498049805,2.97937629212236e-26,0.6770304671542713,0.5570732688133117
0.4805480548054806,2.981611886143808e-26,0.6777079040270906,0.5579095894322321
0.48059805980598064,2.9838491576575034e-26,0.6783860187434327,0.5587471655990615
0.48064806480648065,2.986088107922158e-26,0.6790648119815462,0.5595859991987219
0.4806980698069807,2.9883287381974417e-26,0.679744284420363,0.5604260921189691
0.4807480748074808,2.990571049743956e-26,0.6804244367394903,0.5612674462503904
0.48079807980798084,2.9928150438232554e-26,0.6811052696192158,0.5621100634864106
0.48084808480848085,2.9950607216978344e-26,0.6817867837405093,0.5629539457232965
0.4808980898089809,2.997308084631147e-26,0.682468979785021,0.5637990948601671
0.480948094809481,2.9995571338875826e-26,0.683151858435084,0.5646455127989867
0.48099809980998104,3.001807870732487e-26,0.6838354203737134,0.5654932014445763
0.48104810481048105,3.0040602964321483e-26,0.6845196662846069,0.5663421627046173
0.4810981098109811,3.006314412253816e-26,0.6852045968521489,0.5671923984896565
0.4811481148114812,3.008570219465682e-26,0.6858902127614068,0.5680439107131071
0.48119811981198124,3.01082771933689e-26,0.6865765146981326,0.5688967012912545
0.48124812481248125,3.013086913137535e-26,0.6872635033487658,0.5697507721432601
0.4812981298129813,3.0153478021386747e-26,0.6879511794004338,0.5706061251911715
0.4813481348134814,3.017610387612311e-26,0.6886395435409494,0.5714627623599164
0.48139813981398144,3.0198746708314015e-26,0.6893285964588144,0.5723206855773151
0.48144814481448145,3.0221406530698567e-26,0.6900183388432192,0.5731798967740785
0.4814981498149815,3.024408335602555e-26,0.6907087713840452,0.5740403978838232
0.4815481548154816,3.0266777197053185e-26,0.6913998947718627,0.5749021908430627
0.48159815981598164,3.0289488066549283e-26,0.6920917096979321,0.5757652775912177
0.48164816481648165,3.0312215977291333e-26,0.6927842168542101,0.576629660070624
0.4816981698169817,3.033496094206631e-26,0.6934774169333393,0.5774953402265318
0.4817481748174818,3.035772297367076e-26,0.6941713106286592,0.5783623200071086
0.4817981798179818,3.0380502084910985e-26,0.6948658986342031,0.5792306013634536
0.48184818481848185,3.0403298288602753e-26,0.6955611816446983,0.5801001862495888
0.4818981898189819,3.042611159757146e-26,0.6962571603555643,0.5809710766224712
0.481948194819482,3.0448942024652226e-26,0.6969538354629224,0.5818432744419986
0.481998199819982,3.0471789582689707e-26,0.6976512076635863,0.5827167816710073
0.48204820482048205,3.049465428453819e-26,0.6983492776550653,0.5835916002752819
0.4820982098209821,3.0517536143061705e-26,0.6990480461355723,0.5844677322235601
0.4821482148214822,3.054043517113385e-26,0.6997475138040149,0.5853451794875323
0.4821982198219822,3.0563351381637845e-26,0.7004476813599981,0.5862239440418487
0.48224822482248225,3.0586284787466753e-26,0.7011485495038333,0.587104027864129
0.4822982298229823,3.0609235401523124e-26,0.701850118936527,0.5879854329349559
0.4823482348234824,3.0632203236719267e-26,0.7025523903597893,0.5888681612378877
0.4823982398239824,3.065518830597714e-26,0.7032553644760311,0.5897522147594604
0.48244824482448245,3.067819062222851e-26,0.703959041988369,0.5906375954891949
0.4824982498249825,3.070121019841474e-26,0.7046634236006208,0.5915243054195953
0.4825482548254826,3.07242470474869e-26,0.7053685100173089,0.5924123465461579
0.4825982598259826,3.0747301182405806e-26,0.706074301943659,0.593301720867375
0.48264826482648265,3.077037261614207e-26,0.7067808000856076,0.5941924303847413
0.4826982698269827,3.079346136167592e-26,0.7074880051497927,0.5950844771027539
0.4827482748274828,3.081656743199739e-26,0.7081959178435605,0.5959778630289189
0.4827982798279828,3.0839690840106187e-26,0.7089045388749637,0.5968725901737566
0.48284828482848285,3.086283159901193e-26,0.7096138689527695,0.597768660550808
0.4828982898289829,3.088598972173385e-26,0.7103239087864468,0.5986660761766344
0.482948294829483,3.0909165221301e-26,0.7110346590861787,0.5995648390708249
0.482998299829983,3.0932358110752156e-26,0.7117461205628554,0.6004649512559992
0.48304830483048306,3.095556840313602e-26,0.7124582939280837,0.6013664147578196
0.4830983098309831,3.097879611151095e-26,0.7131711798941788,0.6022692316049815
0.4831483148314832,3.100204124894515e-26,0.7138847791741686,0.6031734038292306
0.4831983198319832,3.1025303828516595e-26,0.7145990924817948,0.6040789334653602
0.48324832483248326,3.104858386331316e-26,0.715314120531515,0.6049858225512232
0.4832983298329833,3.107188136643245e-26,0.7160298640384996,0.6058940731277263
0.4833483348334834,3.109519635098191e-26,0.7167463237186347,0.6068036872388415
0.4833983398339834,3.1118528830078914e-26,0.7174635002885248,0.6077146669316134
0.48344834483448346,3.1141878816850555e-26,0.718181394465489,0.608627014256155
0.4834983498349835,3.11652463244338e-26,0.7189000069675646,0.6095407312656569
0.4835483548354836,3.118863136597559e-26,0.7196193385135099,0.6104558200163978
0.4835983598359836,3.1212033954632593e-26,0.7203393898227989,0.6113722825677377
0.48364836483648366,3.123545410357136e-26,0.7210601616156267,0.6122901209821282
0.4836983698369837,3.125889182596843e-26,0.7217816546129106,0.6132093373251228
0.4837483748374838,3.1282347135010137e-26,0.7225038695362872,0.6141299336653714
0.4837983798379838,3.1305820043892677e-26,0.7232268071081146,0.6150519120746278
0.48384838483848386,3.13293105658223e-26,0.7239504680514782,0.6159752746277626
0.4838983898389839,3.135281871401502e-26,0.7246748530901819,0.616900023402756
0.483948394839484,3.13763445016968e-26,0.7253999629487554,0.6178261604807085
0.483998399839984,3.139988794210353e-26,0.7261257983524531,0.6187536879458451
0.48404840484048406,3.142344904848111e-26,0.7268523600272582,0.6196826078855232
0.4840984098409841,3.1447027834085285e-26,0.7275796486998761,0.6206129223902294
0.4841484148414842,3.1470624312181753e-26,0.7283076650977406,0.6215446335535909
0.4841984198419842,3.149423849604618e-26,0.7290364099490138,0.6224777434723754
0.48424842484248426,3.1517870398964254e-26,0.7297658839825873,0.6234122542465041
0.4842984298429843,3.154152003423155e-26,0.7304960879280813,0.6243481679790455
0.4843484348434844,3.1565187415153657e-26,0.7312270225158453,0.6252854867762276
0.4843984398439844,3.1588872555046086e-26,0.7319586884769584,0.6262242127474376
0.48444844484448446,3.161257546723448e-26,0.7326910865432358,0.6271643480052351
0.4844984498449845,3.163629616505437e-26,0.7334242174472215,0.628105894665347
0.4845484548454846,3.16600346618513e-26,0.7341580819221931,0.629048854846677
0.4845984598459846,3.1683790970980805e-26,0.7348926807021596,0.6299932306713082
0.48464846484648466,3.170756510580858e-26,0.7356280145218702,0.6309390242645162
0.4846984698469847,3.1731357079710186e-26,0.736364084116804,0.6318862377547596
0.4847484748474848,3.175516690607131e-26,0.7371008902231784,0.6328348732736969
0.4847984798479848,3.177899459828759e-26,0.7378384335779453,0.6337849329561818
0.48484848484848486,3.180284016976491e-26,0.7385767149187987,0.6347364189402823
0.4848984898489849,3.1826703633918996e-26,0.7393157349841656,0.6356893333672664
0.484948494849485,3.1850585004175726e-26,0.7400554945132136,0.6366436783816205
0.484998499849985,3.1874484293971133e-26,0.7407959942458523,0.637599456131054
0.48504850485048506,3.189840151675121e-26,0.741537234922728,0.6385566687664961
0.4850985098509851,3.192233668597205e-26,0.7422792172852293,0.6395153184421046
0.4851485148514852,3.194628981509996e-26,0.7430219420754895,0.6404754073152752
0.4851985198519852,3.197026091761123e-26,0.7437654100363801,0.64143693754664
0.48524852485248526,3.199425000699226e-26,0.7445096219115164,0.6423999113000738
0.4852985298529853,3.201825709673971e-26,0.7452545784452627,0.6433643307427044
0.4853485348534854,3.2042282200360204e-26,0.7460002803827229,0.6443301980449072
0.4853985398539854,3.2066325331370544e-26,0.7467467284697467,0.6452975153803185
0.48544854485448546,3.209038650329777e-26,0.747493923452934,0.646266284925841
0.48549854985498553,3.211446572967896e-26,0.7482418660796288,0.6472365088616402
0.48554855485548554,3.2138563024061343e-26,0.7489905570979215,0.6482081893711559
0.4855985598559856,3.216267840000245e-26,0.7497399972566552,0.6491813286411107
0.48564856485648566,3.218681187106985e-26,0.7504901873054196,0.6501559288615043
0.48569856985698573,3.2210963450841345e-26,0.7512411279945538,0.6511319922256272
0.48574857485748574,3.2235133152904856e-26,0.7519928200751487,0.652109520930058
0.4857985798579858,3.2259320990858656e-26,0.7527452642990488,0.6530885171746814
0.48584858485848587,3.228352697831108e-26,0.753498461418847,0.6540689831626779
0.48589858985898593,3.2307751128880724e-26,0.7542524121878925,0.6550509211005376
0.48594859485948594,3.233199345619636e-26,0.7550071173602845,0.6560343331980618
0.485998599859986,3.23562539738971e-26,0.7557625776908822,0.6570192216683743
0.48604860486048607,3.238053269563217e-26,0.7565187939352953,0.6580055887279154
0.48609860986098613,3.240482963506111e-26,0.7572757668498927,0.6589934365964562
0.48614861486148614,3.242914480585362e-26,0.7580334971917962,0.6599827674970974
0.4861986198619862,3.2453478221689807e-26,0.7587919857188912,0.6609735836562822
0.48624862486248627,3.2477829896259904e-26,0.7595512331898159,0.661965887303792
0.48629862986298633,3.2502199843264475e-26,0.7603112403639704,0.6629596806727565
0.48634863486348634,3.252658807641433e-26,0.7610720080015124,0.6639549659996575
0.4863986398639864,3.2550994609430665e-26,0.7618335368633644,0.6649517455243386
0.48644864486448647,3.257541945604486e-26,0.7625958277112062,0.665950021490001
0.48649864986498653,3.259986262999864e-26,0.7633588813074808,0.6669497961432151
0.48654865486548654,3.2624324145044016e-26,0.7641226984153947,0.6679510717339233
0.4865986598659866,3.26488040149434e-26,0.764887279798919,0.6689538505154491
0.48664866486648667,3.2673302253469454e-26,0.7656526262227875,0.6699581347444951
0.48669866986698673,3.269781887440513e-26,0.7664187384524977,0.6709639266811519
0.48674867486748674,3.2722353891543896e-26,0.7671856172543191,0.671971228588908
0.4867986798679868,3.27469073186894e-26,0.7679532633952809,0.6729800427346443
0.48684868486848687,3.2771479169655686e-26,0.7687216776431836,0.6739903713886453
0.48689868986898693,3.279606945826724e-26,0.7694908607665961,0.6750022168246089
0.48694869486948694,3.2820678198358846e-26,0.770260813534855,0.6760155813196426
0.486998699869987,3.2845305403775646e-26,0.7710315367180657,0.67703046715427
0.48704870487048707,3.2869951088373285e-26,0.7718030310871076,0.6780468766124459
0.48709870987098713,3.289461526601771e-26,0.7725752974136291,0.6790648119815466
0.48714871487148714,3.291929795058525e-26,0.7733483364700492,0.6800842755523844
0.4871987198719872,3.294399915596277e-26,0.7741221490295646,0.6811052696192141
0.48724872487248727,3.2968718896047433e-26,0.7748967358661407,0.6821277964797321
0.48729872987298734,3.2993457184746895e-26,0.7756720977545205,0.6831518584350842
0.48734873487348734,3.3018214035979165e-26,0.7764482354702189,0.6841774577898675
0.4873987398739874,3.3042989463672856e-26,0.7772251497895317,0.685204596852148
0.48744874487448747,3.3067783481766876e-26,0.7780028414895273,0.6862332779334491
0.48749874987498754,3.309259610421067e-26,0.7787813113480536,0.687263503348766
0.48754875487548754,3.3117427344964074e-26,0.7795605601437342,0.688295275416569
0.4875987598759876,3.3142277217997543e-26,0.7803405886559767,0.6893285964588132
0.4876487648764877,3.316714573729189e-26,0.7811213976649645,0.6903634688009344
0.48769876987698774,3.319203291683846e-26,0.7819029879516627,0.6913998947718627
0.48774877487748775,3.321693877063903e-26,0.7826853602978171,0.6924378767040203
0.4877987798779878,3.3241863312706046e-26,0.7834685154859585,0.6934774169333388
0.4878487848784879,3.3266806557062326e-26,0.7842524542993984,0.694518517799249
0.48789878987898794,3.3291768517741247e-26,0.7850371775222318,0.695561181644698
0.48794879487948795,3.331674920878669e-26,0.7858226859393377,0.6966054108161474
0.487998799879988,3.334174864425317e-26,0.7866089803363847,0.6976512076635857
0.4880488048804881,3.336676683820566e-26,0.787396061499823,0.6986985745405262
0.48809880988098814,3.3391803804719686e-26,0.7881839302168908,0.6997475138040153
0.48814881488148815,3.341685955788134e-26,0.7889725872756141,0.7007980278146377
0.4881988198819882,3.3441934111787387e-26,0.7897620334648099,0.7018501189365272
0.4882488248824883,3.3467027480545026e-26,0.7905522695740806,0.7029037895373605
0.48829882988298834,3.349213967827207e-26,0.7913432963938203,0.7039590419883687
0.48834883488348835,3.3517270719097043e-26,0.7921351147152158,0.7050158786643498
0.4883988398839884,3.354242061715895e-26,0.7929277253302435,0.7060743019436602
0.4884488448844885,3.356758938660736e-26,0.79372112903167,0.7071343142082268
0.48849884988498854,3.3592777041602666e-26,0.7945153266130608,0.7081959178435595
0.48854885488548855,3.3617983596315695e-26,0.7953103188687719,0.7092591152387417
0.4885988598859886,3.3643209064927923e-26,0.7961061065939525,0.7103239087864446
0.4886488648864887,3.366845346163162e-26,0.7969026905845522,0.7113903008829393
0.48869886988698874,3.369371680062955e-26,0.7977000716373139,0.7124582939280839
0.48874887488748875,3.371899909613512e-26,0.7984982505497762,0.7135278903253429
0.4887988798879888,3.374430036237258e-26,0.7992972281202805,0.7145990924817935
0.4888488848884889,3.376962061357669e-26,0.8000970051479631,0.7156719028081223
0.48889888988898894,3.3794959863992936e-26,0.800897582432761,0.7167463237186347
0.48894889488948895,3.382031812787746e-26,0.8016989607754101,0.7178223576312606
0.488998899889989,3.384569541949722e-26,0.8025011409774516,0.7189000069675647
0.4890489048904891,3.3871091753129765e-26,0.8033041238412265,0.719979274152741
0.48909890989098914,3.3896507143063365e-26,0.8041079101698758,0.721060161615627
0.48914891489148915,3.392194160359702e-26,0.8049125007673474,0.7221426717887053
0.4891989198919892,3.3947395149040577e-26,0.8057178964383951,0.7232268071081148
0.4892489248924893,3.397286779371443e-26,0.8065240979885735,0.7243125700136464
0.4892989298929893,3.399835955194981e-26,0.8073311062242449,0.7253999629487544
0.48934893489348935,3.402387043808875e-26,0.8081389219525819,0.7264889883605645
0.4893989398939894,3.404940046648398e-26,0.8089475459815608,0.7275796486998751
0.4894489448944895,3.4074949651499005e-26,0.8097569791199657,0.7286719464211632
0.4894989498949895,3.410051800750806e-26,0.8105672221773925,0.7297658839825865
0.48954895489548955,3.4126105548896324e-26,0.8113782759642474,0.7308614638460028
0.4895989598959896,3.4151712290059635e-26,0.8121901412917464,0.7319586884769591
0.4896489648964897,3.417733824540464e-26,0.8130028189719167,0.7330575603447036
0.4896989698969897,3.420298342934879e-26,0.8138163098175972,0.7341580819221909
0.48974897489748975,3.422864785632049e-26,0.8146306146424449,0.7352602556860965
0.4897989798979898,3.425433154075881e-26,0.8154457342609254,0.7363640841168034
0.4898489848984899,3.4280034497113715e-26,0.816261669488322,0.7374695696984243
0.4898989898989899,3.430575673984596e-26,0.8170784211407307,0.7385767149187974
0.48994899489948995,3.4331498283427305e-26,0.8178959900350712,0.7396855222695021
0.48999899989999,3.435725914234021e-26,0.8187143769890735,0.7407959942458522
0.4900490049004901,3.4383039331078014e-26,0.8195335828212867,0.7419081333469089
0.4900990099009901,3.440883886414507e-26,0.8203536083510843,0.7430219420754887
0.49014901490149015,3.4434657756056465e-26,0.8211744543986536,0.744137422938162
0.4901990199019902,3.4460496021338204e-26,0.8219961217850037,0.7452545784452622
0.4902490249024903,3.4486353674527285e-26,0.8228186113319701,0.746373411110894
0.4902990299029903,3.4512230730171507e-26,0.8236419238622038,0.7474939234529342
0.49034903490349036,3.453812720282961e-26,0.8244660601991822,0.7486161179930392
0.4903990399039904,3.4564043107071324e-26,0.8252910211672096,0.7497399972566545
0.4904490449044905,3.4589978457477245e-26,0.8261168075914092,0.7508655637730145
0.4904990499049905,3.4615933268638855e-26,0.8269434202977314,0.7519928200751473
0.49054905490549056,3.464190755515878e-26,0.8277708601129589,0.7531217686998924
0.4905990599059906,3.4667901331650423e-26,0.828599127864694,0.7542524121878911
0.4906490649064907,3.4693914612738204e-26,0.829428224381371,0.7553847530835999
0.4906990699069907,3.4719947413057466e-26,0.8302581504922505,0.7565187939352939
0.49074907490749076,3.4745999747254686e-26,0.8310889070274275,0.7576545372950803
0.4907990799079908,3.4772071629987205e-26,0.8319204948178239,0.7587919857188908
0.4908490849084909,3.4798163075923356e-26,0.8327529146951932,0.7599311417664967
0.4908990899089909,3.48242740997425e-26,0.8335861674921209,0.7610720080015111
0.49094909490949096,3.4850404716135116e-26,0.8344202540420292,0.7622145869914001
0.490999099909991,3.4876554939802556e-26,0.8352551751791699,0.7633588813074796
0.4910491049104911,3.4902724785457276e-26,0.8360909317386318,0.764504893524928
0.4910991099109911,3.4928914267822704e-26,0.8369275245563368,0.7656526262227858
0.49114911491149116,3.495512340163347e-26,0.8377649544690485,0.7668020819839735
0.4911991199119912,3.498135220163511e-26,0.8386032223143626,0.7679532633952811
0.4912491249124913,3.500760068258428e-26,0.8394423289307149,0.7691061730473867
0.4912991299129913,3.5033868859248655e-26,0.8402822751573779,0.7702608135348541
0.49134913491349136,3.5060156746407137e-26,0.8411230618344694,0.7714171874561477
0.4913991399139914,3.508646435884956e-26,0.8419646898029425,0.7725752974136288
0.4914491449144915,3.5112791711376955e-26,0.8428071599045944,0.7737351460135667
0.4914991499149915,3.5139138818801336e-26,0.843650472982061,0.7748967358661404
0.49154915491549156,3.516550569594602e-26,0.8444946298788278,0.776060069585455
0.4915991599159916,3.5191892357645305e-26,0.8453396314392193,0.7772251497895329
0.4916491649164917,3.521829881874461e-26,0.8461854785084053,0.7783919791003272
0.4916991699169917,3.524472509410061e-26,0.8470321719324034,0.7795605601437343
0.49174917491749176,3.527117119858104e-26,0.8478797125580766,0.7807308955495855
0.4917991799179918,3.529763714706476e-26,0.8487281012331322,0.7819029879516612
0.4918491849184919,3.532412295444193e-26,0.8495773388061328,0.7830768399877005
0.4918991899189919,3.5350628635613755e-26,0.8504274261264838,0.784252454299398
0.49194919491949196,3.5377154205492613e-26,0.8512783640444417,0.785429833532413
0.491999199919992,3.540369967900222e-26,0.8521301534111171,0.7866089803363832
0.4920492049204921,3.5430265071077346e-26,0.852982795078468,0.787789897364919
0.4920992099209921,3.5456850396663965e-26,0.8538362898993066,0.7889725872756123
0.49214921492149216,3.5483455670719395e-26,0.8546906387273,0.7901570527300529
0.4921992199219922,3.5510080908212077e-26,0.8555458424169671,0.7913432963938202
0.4922492249224923,3.5536726124121693e-26,0.8564019018236834,0.7925313209364961
0.4922992299229923,3.556339133343911e-26,0.857258817803677,0.7937211290316685
0.49234923492349236,3.559007655116664e-26,0.8581165912140395,0.7949127233569472
0.4923992399239924,3.5616781792317635e-26,0.8589752229127133,0.7961061065939521
0.4924492449244925,3.564350707191683e-26,0.8598347137585022,0.7973012814283361
0.4924992499249925,3.567025240500013e-26,0.8606950646110684,0.7984982505497752
0.49254925492549256,3.569701780661491e-26,0.8615562763309369,0.7996970166519971
0.4925992599259926,3.572380329181965e-26,0.8624183497794905,0.8008975824327601
0.4926492649264927,3.575060887568423e-26,0.8632812858189752,0.8020999505938808
0.4926992699269927,3.5777434573289746e-26,0.8641450853124993,0.8033041238412251
0.49274927492749276,3.580428039972876e-26,0.8650097491240367,0.8045101048847305
0.49279927992799283,3.5831146370105034e-26,0.8658752781184232,0.8057178964383951
0.4928492849284929,3.585803249953369e-26,0.8667416731613611,0.8069275012202944
0.4928992899289929,3.588493880314115e-26,0.8676089351194167,0.8081389219525814
0.49294929492949296,3.5911865296065366e-26,0.8684770648600297,0.8093521613615039
0.49299929992999303,3.593881199345543e-26,0.8693460632515011,0.8105672221773933
0.4930493049304931,3.596577891047192e-26,0.8702159311630046,0.8117841071346845
0.4930993099309931,3.59927660622867e-26,0.8710866694645779,0.8130028189719158
0.49314931493149317,3.6019773464083183e-26,0.8719582790271387,0.8142233604317407
0.49319931993199323,3.6046801131056024e-26,0.8728307607224698,0.8154457342609257
0.49324932493249324,3.6073849078411277e-26,0.8737041154232247,0.8166699432103606
0.4932993299329933,3.610091732136655e-26,0.8745783440029365,0.8178959900350707
0.49334933493349337,3.6128005875150736e-26,0.8754534473360072,0.8191238774942128
0.49339933993399343,3.615511475500414e-26,0.8763294262977137,0.8203536083510832
0.49344934493449344,3.618224397617866e-26,0.8772062817642131,0.8215851853731354
0.4934993499349935,3.620939355393747e-26,0.8780840146125347,0.8228186113319701
0.49354935493549357,3.623656350355524e-26,0.8789626257205863,0.8240538890033493
0.49359935993599363,3.626375384031821e-26,0.8798421159671572,0.8252910211672088
0.49364936493649364,3.6290964579523943e-26,0.880722486231912,0.8265300106076509
0.4936993699369937,3.6318195736481525e-26,0.881603737395396,0.8277708601129572
0.49374937493749377,3.634544732651162e-26,0.8824858703390399,0.8290135724756043
0.49379937993799383,3.637271936494627e-26,0.8833688859451507,0.8302581504922507
0.49384938493849384,3.640001186712903e-26,0.8842527850969205,0.8315045969637561
0.4938993899389939,3.6427324848415064e-26,0.8851375686784272,0.8327529146951911
0.49394939493949397,3.6454658324170983e-26,0.8860232375746303,0.8340031064958309
0.49399939993999403,3.6482012309774944e-26,0.8869097926713765,0.8352551751791696
0.49404940494049404,3.6509386820616584e-26,0.8877972348553969,0.8365091235629237
0.4940994099409941,3.6536781872097243e-26,0.8886855650143125,0.8377649544690478
0.49414941494149417,3.656419747962967e-26,0.8895747840366321,0.8390226707237227
0.49419941994199423,3.659163365863824e-26,0.8904648928117511,0.8402822751573779
0.49424942494249424,3.6619090424558835e-26,0.8913558922299554,0.8415437706046892
0.4942994299429943,3.6646567792839063e-26,0.8922477831824256,0.8428071599045919
0.49434943494349437,3.667406577893801e-26,0.8931405665612294,0.8440724459002813
0.49439943994399443,3.670158439832638e-26,0.8940342432593296,0.8453396314392199
0.49444944494449444,3.672912366648642e-26,0.8949288141705797,0.8466087193731422
0.4944994499449945,3.6756683598912196e-26,0.8958242801897319,0.8478797125580747
0.49454945494549457,3.678426421110923e-26,0.8967206422124316,0.8491526138543223
0.49459945994599464,3.681186551859469e-26,0.8976179011352193,0.8504274261264844
0.49464946494649464,3.6839487536897385e-26,0.8985160578555319,0.8517041522434617
0.4946994699469947,3.6867130281557895e-26,0.8994151132717084,0.8529827950784676
0.49474947494749477,3.6894793768128346e-26,0.9003150682829839,0.8542633575090224
0.49479947994799484,3.6922478012172546e-26,0.9012159237894922,0.8555458424169683
0.49484948494849484,3.6950183029265957e-26,0.9021176806922686,0.8568302526884712
0.4948994899489949,3.697790883499587e-26,0.9030203398932528,0.8581165912140394
0.494949494949495,3.70056554449611e-26,0.9039239022952831,0.8594048608885096
0.49499949994999504,3.7033422874772224e-26,0.9048283688021016,0.8606950646110676
0.49504950495049505,3.7061211140051616e-26,0.9057337403183586,0.8619872052852573
0.4950995099509951,3.708902025643327e-26,0.9066400177496057,0.8632812858189755
0.4951495149514952,3.7116850239562887e-26,0.9075472020022999,0.8645773091244826
0.49519951995199524,3.7144701105098066e-26,0.9084552939838095,0.8658752781184215
0.49524952495249525,3.7172572868708e-26,0.9093642946024075,0.8671751957218038
0.4952995299529953,3.720046554607364e-26,0.910274204767274,0.8684770648600276
0.4953495349534954,3.7228379152887865e-26,0.911185025388505,0.869780888462889
0.49539953995399544,3.7256313704855164e-26,0.9120967573771016,0.8710866694645775
0.49544954495449545,3.728426921769183e-26,0.9130094016449772,0.8723944108036852
0.4954995499549955,3.731224570712605e-26,0.9139229591049611,0.8737041154232236
0.4955495549554956,3.7340243188897746e-26,0.9148374306707924,0.8750157862706173
0.49559955995599564,3.7368261678758613e-26,0.9157528172571258,0.8763294262977137
0.49564956495649565,3.7396301192472183e-26,0.9166691197795289,0.8776450384607957
0.4956995699569957,3.7424361745813917e-26,0.9175863391544916,0.8789626257205856
0.4957495749574958,3.745244335457099e-26,0.9185044762994143,0.8802821910422473
0.49579957995799584,3.748054603454248e-26,0.9194235321326181,0.8816037373953971
0.49584958495849585,3.750866980153924e-26,0.9203435075733415,0.8829272677541072
0.4958995899589959,3.7536814671384166e-26,0.9212644035417479,0.8842527850969206
0.495949594959496,3.756498065991185e-26,0.9221862209589142,0.8855802924068478
0.49599959995999604,3.759316778296885e-26,0.923108960746844,0.8869097926713772
0.49604960496049605,3.7621376056413534e-26,0.9240326238284592,0.8882412888824814
0.4960996099609961,3.7649605496116326e-26,0.9249572111276112,0.889574784036631
0.4961496149614962,3.7677856117959424e-26,0.9258827235690703,0.8909102811347895
0.49619961996199624,3.7706127937836976e-26,0.9268091620785341,0.8922477831824269
0.49624962496249625,3.773442097165501e-26,0.927736527582626,0.8935872931895206
0.4962996299629963,3.776273523533165e-26,0.9286648210088997,0.8949288141705797
0.4963496349634964,3.77910707447968e-26,0.9295940432858315,0.896272349144627
0.49639963996399644,3.7819427515992364e-26,0.9305241953428319,0.8976179011352193
0.49644964496449645,3.7847805564872203e-26,0.9314552781102359,0.898965473170456
0.4964996499649965,3.7876204907402216e-26,0.9323872925193161,0.9003150682829838
0.4965496549654966,3.79046255595602e-26,0.9333202395022725,0.9016666895099974
0.49659965996599664,3.793306753733593e-26,0.9342541199922367,0.9030203398932511
0.49664966496649665,3.7961530856731305e-26,0.9351889349232787,0.904376022479074
0.4966996699669967,3.799001553376011e-26,0.9361246852304,0.9057337403183591
0.4967496749674968,3.80185215844481e-26,0.9370613718495354,0.9070934964665808
0.49679967996799684,3.804704902483329e-26,0.9379989957175638,0.9084552939838086
0.49684968496849685,3.8075597870965473e-26,0.9389375577722926,0.909819135934697
0.4968996899689969,3.810416813890658e-26,0.9398770589524728,0.9111850253885034
0.496949694969497,3.813275984473067e-26,0.9408175001977946,0.9125529654190988
0.496999699969997,3.816137300452376e-26,0.9417588824488875,0.9139229591049625
0.49704970497049705,3.8190007634383905e-26,0.9427012066473192,0.9152950095291918
0.4970997099709971,3.8218663750421435e-26,0.9436444737356061,0.9166691197795287
0.4971497149714972,3.8247341368758583e-26,0.9445886846572035,0.9180452929483339
0.4971997199719972,3.8276040505529674e-26,0.9455338403565082,0.9194235321326157
0.49724972497249725,3.830476117688132e-26,0.9464799417788687,0.9208038404340381
0.4972997299729973,3.8333503398972044e-26,0.9474269898705743,0.922186220958913
0.4973497349734974,3.836226718797264e-26,0.9483749855788633,0.9235706768182211
0.4973997399739974,3.839105256006587e-26,0.9493239298519175,0.924957211127609
0.49744974497449745,3.8419859531446876e-26,0.9502738236388764,0.9263458270074075
0.4974997499749975,3.8448688118322764e-26,0.9512246678898216,0.9277365275826255
0.4975497549754976,3.847753833691287e-26,0.952176463555787,0.9291293159829668
0.4975997599759976,3.850641020344862e-26,0.9531292115887582,0.9305241953428289
0.49764976497649765,3.853530373417379e-26,0.9540829129416761,0.9319211688013245
0.4976997699769977,3.856421894534421e-26,0.955037568568432,0.9333202395022708
0.4977497749774978,3.8593155853227924e-26,0.9559931794238717,0.934721410594208
0.4977997799779978,3.862211447410515e-26,0.9569497464637962,0.9361246852303978
0.49784978497849786,3.8651094824268475e-26,0.9579072706449675,0.9375300665688461
0.4978997899789979,3.868009692002257e-26,0.9588657529250998,0.9389375577722925
0.497949794979498,3.8709120777684365e-26,0.9598251942628663,0.9403471620082254
0.497999799979998,3.8738166413582987e-26,0.9607855956178994,0.9417588824488858
0.49804980498049806,3.876723384406e-26,0.9617469579507965,0.9431727222712869
0.4980998099809981,3.879632308546903e-26,0.9627092822231095,0.9445886846572034
0.4981498149814982,3.882543415417607e-26,0.9636725693973555,0.9460067727931881
0.4981998199819982,3.8854567066559303e-26,0.9646368204370125,0.947426989870575
0.49824982498249826,3.888372183900938e-26,0.9656020363065296,0.9488493390854961
0.4982998299829983,3.8912898487929103e-26,0.9665682179713128,0.9502738236388781
0.4983498349834984,3.894209702973355e-26,0.9675353663977345,0.9517004467364494
0.4983998399839984,3.897131748085029e-26,0.9685034825531418,0.9531292115887581
0.49844984498449846,3.9000559857719095e-26,0.9694725674058416,0.9545601214111689
0.4984998499849985,3.9029824176792004e-26,0.9704426219251117,0.9559931794238702
0.4985498549854986,3.9059110454533607e-26,0.9714136470812043,0.9574283888518913
0.4985998599859986,3.908841870742068e-26,0.9723856438453362,0.9588657529250999
0.49864986498649866,3.9117748951942365e-26,0.9733586131896985,0.9603052748782084
0.4986998699869987,3.914710120460032e-26,0.9743325560874574,0.9617469579507949
0.4987498749874988,3.917647548190845e-26,0.9753074735127493,0.9631908053872946
0.4987998799879988,3.920587180039303e-26,0.9762833664406847,0.9646368204370112
0.49884988498849886,3.9235290176592904e-26,0.9772602358473556,0.9660850063541346
0.4988998899889989,3.926473062705918e-26,0.9782380827098259,0.9675353663977341
0.498949894989499,3.9294193168355415e-26,0.9792169080061371,0.9689879038317726
0.498999899989999,3.9323677817057545e-26,0.980196712715309,0.9704426219251109
0.49904990499049906,3.9353184589754126e-26,0.9811774978173462,0.9718995239515246
0.4990999099909991,3.9382713503045956e-26,0.9821592642932273,0.9733586131896985
0.4991499149914992,3.9412264573546396e-26,0.9831420131249159,0.9748198929232399
0.4991999199919992,3.94418378178812e-26,0.984125745295356,0.9762833664406844
0.49924992499249926,3.9471433252688724e-26,0.9851104617884796,0.9777490370355116
0.4992999299929993,3.950105089461972e-26,0.9860961635891995,0.9792169080061368
0.4993499349934994,3.95306907603374e-26,0.9870828516834135,0.9806869826559317
0.4993999399939994,3.95603528665175e-26,0.9880705270580061,0.9821592642932249
0.49944994499449946,3.9590037229848386e-26,0.9890591907008527,0.9836337562313191
0.4994999499949995,3.9619743867030823e-26,0.9900488436008151,0.98511046178848
0.4995499549954996,3.96494727947781e-26,0.9910394867477428,0.9865893842879623
0.4995999599959996,3.967922402981607e-26,0.9920311211324759,0.9880705270580048
0.49964996499649966,3.9708997588883217e-26,0.9930237477468493,0.9895538934318518
0.4996999699969997,3.97387934887305e-26,0.9940173675836893,0.9910394867477418
0.4997499749974998,3.9768611746121457e-26,0.995011981636813,0.9925273103489302
0.4997999799979998,3.9798452377832153e-26,0.9960075909010306,0.994017367583688
0.49984998499849986,3.982831540065141e-26,0.9970041963721564,0.9955096618053196
0.4998999899989999,3.9858200831380493e-26,0.998001799046992,0.9970041963721572
0.4999499949995,3.988810868683326e-26,0.9990003999233382,0.9985009746475736
0.5,3.991803898383635e-26,1.0,1.0
