9.686545558999023438e+08 -5.164696845553758405e-17
9.686545559001464844e+08 -5.078243546919732887e-17
9.686545559003906250e+08 -4.988593333699030206e-17
9.686545559006347656e+08 -4.895242949748175439e-17
9.686545559008789062e+08 -4.798617988823405312e-17
9.686545559011230469e+08 -4.697479043266314112e-17
9.686545559013671875e+08 -4.596611728691774936e-17
9.686545559016113281e+08 -4.491030993530555903e-17
9.686545559018554688e+08 -4.383225400448518723e-17
9.686545559020996094e+08 -4.272183348855566669e-17
9.686545559023437500e+08 -4.157941928243028700e-17
9.686545559025878906e+08 -4.041109327083657412e-17
9.686545559028320312e+08 -3.922812101518000015e-17
9.686545559030761719e+08 -3.801308819761088594e-17
9.686545559033203125e+08 -3.676085890803351387e-17
9.686545559035644531e+08 -3.548946108890572521e-17
9.686545559038085938e+08 -3.418869212486650448e-17
9.686545559040527344e+08 -3.287060446943195107e-17
9.686545559042968750e+08 -3.153101486341219786e-17
9.686545559045410156e+08 -3.017458964723010369e-17
9.686545559047851562e+08 -2.880449899797194032e-17
9.686545559050292969e+08 -2.740058208582996001e-17
9.686545559052734375e+08 -2.598554503928195019e-17
9.686545559055175781e+08 -2.454942351487216643e-17
9.686545559057617188e+08 -2.310346289250957418e-17
9.686545559060058594e+08 -2.163779885695681912e-17
9.686545559062500000e+08 -2.014986378823385528e-17
9.686545559064941406e+08 -1.864706291971049309e-17
9.686545559067382812e+08 -1.711924040334282390e-17
9.686545559069824219e+08 -1.559002576504975161e-17
9.686545559072265625e+08 -1.405659109501616919e-17
9.686545559074707031e+08 -1.251139403384156677e-17
9.686545559077148438e+08 -1.095555509097179021e-17
9.686545559079589844e+08 -9.385443391558428797e-18
9.686545559082031250e+08 -7.807764282897345841e-18
9.686545559084472656e+08 -6.233557809826116275e-18
9.686545559086914062e+08 -4.639831861225655239e-18
9.686545559089355469e+08 -3.047401274369653848e-18
9.686545559091796875e+08 -1.451575466240664881e-18
9.686545559094238281e+08 1.592783842235634497e-19
9.686545559096679688e+08 1.782153214182538410e-18
9.686545559099121094e+08 3.389573470545704777e-18
9.686545559101562500e+08 4.984420363501764613e-18
9.686545559104003906e+08 6.589405485668559956e-18
9.686545559106445312e+08 8.191299466064921732e-18
9.686545559108886719e+08 9.796291465899300603e-18
9.686545559111328125e+08 1.139035096277182032e-17
9.686545559113769531e+08 1.297591760722176967e-17
9.686545559116210938e+08 1.456916435306395811e-17
9.686545559118652344e+08 1.614452399075950494e-17
9.686545559121093750e+08 1.771752367675991973e-17
9.686545559123535156e+08 1.928278552578921318e-17
9.686545559125976562e+08 2.085924278398074840e-17
9.686545559128417969e+08 2.238438360257711544e-17
9.686545559130859375e+08 2.391445931958011297e-17
9.686545559133300781e+08 2.542689564393951408e-17
9.686545559135742188e+08 2.691765899299799940e-17
9.686545559138183594e+08 2.841093947471790347e-17
9.686545559140625000e+08 2.987426870417057801e-17
9.686545559143066406e+08 3.132518567807055558e-17
9.686545559145507812e+08 3.274582159569245297e-17
9.686545559147949219e+08 3.416082617684157810e-17
9.686545559150390625e+08 3.555048683363540487e-17
9.686545559152832031e+08 3.692609156122277668e-17
9.686545559155273438e+08 3.827382948558109012e-17
9.686545559157714844e+08 3.959425820344981685e-17
9.686545559160156250e+08 4.088512902446370246e-17
9.686545559162597656e+08 4.214801429144716700e-17
9.686545559165039062e+08 4.337845562703580602e-17
9.686545559167480469e+08 4.460165565675934053e-17
9.686545559169921875e+08 4.578116317963671735e-17
9.686545559172363281e+08 4.692870927725640253e-17
9.686545559174804688e+08 4.805010066979520735e-17
9.686545559177246094e+08 4.913990731995421436e-17
9.686545559179687500e+08 5.019780805910176589e-17
9.686545559182128906e+08 5.122109715615545302e-17
9.686545559184570312e+08 5.221945477296784113e-17
9.686545559187011719e+08 5.316578756814770006e-17
9.686545559189453125e+08 5.407026471513403607e-17
9.686545559191894531e+08 5.495090907486017542e-17
9.686545559194335938e+08 5.578201909331207869e-17
9.686545559196777344e+08 5.658874773943306734e-17
9.686545559199218750e+08 5.734813140321898808e-17
9.686545559201660156e+08 5.806540663090690033e-17
9.686545559204101562e+08 5.873374037169924018e-17
9.686545559206542969e+08 5.937235323750819201e-17
9.686545559208984375e+08 5.997312134296978090e-17
9.686545559211425781e+08 6.052746155979022132e-17
9.686545559213867188e+08 6.103986147465634671e-17
9.686545559216308594e+08 6.150504483384715033e-17
9.686545559218750000e+08 6.191038243318039675e-17
9.686545559221191406e+08 6.228052100097363745e-17
9.686545559223632812e+08 6.261092525728426202e-17
9.686545559226074219e+08 6.289939583350396821e-17
9.686545559228515625e+08 6.312809475756720510e-17
9.686545559230957031e+08 6.332307725759821662e-17
9.686545559233398438e+08 6.345373674127092455e-17
9.686545559235839844e+08 6.356119276866357744e-17
9.686545559238281250e+08 6.361314890231542043e-17
9.686545559240722656e+08 6.361726924072276893e-17
9.686545559243164062e+08 6.358537768742051521e-17
9.686545559245605469e+08 6.348620741934564294e-17
9.686545559248046875e+08 6.333685979436931213e-17
9.686545559250488281e+08 6.314726958633488663e-17
9.686545559252929688e+08 6.292268372116757009e-17
9.686545559255371094e+08 6.264023248335313747e-17
9.686545559257812500e+08 6.231670998666695220e-17
9.686545559260253906e+08 6.193645875228126077e-17
9.686545559262695312e+08 6.151980090015369587e-17
9.686545559265136719e+08 6.105686157600034191e-17
9.686545559267578125e+08 6.054651503045320275e-17
9.686545559270019531e+08 5.999915118064203645e-17
9.686545559272460938e+08 5.940834240932544638e-17
9.686545559274902344e+08 5.874514052481812160e-17
9.686545559277343750e+08 5.805111183309124532e-17
9.686545559279785156e+08 5.731793281156141822e-17
9.686545559282226562e+08 5.654799606921111855e-17
9.686545559284667969e+08 5.573352820930864760e-17
9.686545559287109375e+08 5.488165844058428078e-17
9.686545559289550781e+08 5.397974189833229421e-17
9.686545559291992188e+08 5.303471787715344060e-17
9.686545559294433594e+08 5.207109275854985350e-17
9.686545559296875000e+08 5.105140777709233370e-17
9.686545559299316406e+08 5.000680992203177310e-17
9.686545559301757812e+08 4.891682250327027273e-17
9.686545559304199219e+08 4.778589111457573314e-17
9.686545559306640625e+08 4.662579971790041634e-17
9.686545559309082031e+08 4.542897480499188845e-17
9.686545559311523438e+08 4.421207646814464628e-17
9.686545559313964844e+08 4.295712627128513037e-17
9.686545559316406250e+08 4.166958312921422639e-17
9.686545559318847656e+08 4.034576480274615961e-17
9.686545559321289062e+08 3.900211093089036966e-17
9.686545559323730469e+08 3.763513888568671971e-17
9.686545559326171875e+08 3.623288132370554034e-17
9.686545559328613281e+08 3.483008347241944637e-17
9.686545559331054688e+08 3.337353849794772222e-17
9.686545559333496094e+08 3.189695672896815606e-17
9.686545559335937500e+08 3.040602629970778783e-17
9.686545559338378906e+08 2.889645617462714665e-17
9.686545559340820312e+08 2.737595142221160438e-17
9.686545559343261719e+08 2.583475306621617132e-17
9.686545559345703125e+08 2.427606257891215723e-17
9.686545559348144531e+08 2.268546280432355428e-17
9.686545559350585938e+08 2.110873741461976788e-17
9.686545559353027344e+08 1.950707211740020102e-17
9.686545559355468750e+08 1.789540081236265964e-17
9.686545559357910156e+08 1.628990891786715686e-17
9.686545559360351562e+08 1.466047377186792843e-17
9.686545559362792969e+08 1.300956015183880994e-17
9.686545559365234375e+08 1.137069848926885765e-17
9.686545559367675781e+08 9.728242311033336383e-18
9.686545559370117188e+08 8.080270936134910770e-18
9.686545559372558594e+08 6.437294916055319429e-18
9.686545559375000000e+08 4.780579330819494931e-18
9.686545559377441406e+08 3.138461331892298784e-18
9.686545559379882812e+08 1.484185168287673965e-18
9.686545559382324219e+08 -1.441862962507801947e-19
9.686545559384765625e+08 -1.778153242532394999e-18
9.686545559387207031e+08 -3.407760816808791052e-18
9.686545559389648438e+08 -5.027137510712522509e-18
9.686545559392089844e+08 -6.653435730297655248e-18
9.686545559394531250e+08 -8.264281240415958140e-18
9.686545559396972656e+08 -9.851281027806167613e-18
9.686545559399414062e+08 -1.142979862833466751e-17
9.686545559401855469e+08 -1.298676339219848823e-17
9.686545559404296875e+08 -1.454855588346364890e-17
9.686545559406738281e+08 -1.608226745267648005e-17
9.686545559409179688e+08 -1.760132698308119193e-17
9.686545559411621094e+08 -1.909889672505076141e-17
9.686545559414062500e+08 -2.057261542131506782e-17
9.686545559416503906e+08 -2.203496846170024628e-17
9.686545559418945312e+08 -2.348213186149926159e-17
9.686545559421386719e+08 -2.491840748430586501e-17
9.686545559423828125e+08 -2.631140523719659126e-17
9.686545559426269531e+08 -2.767979278551644977e-17
9.686545559428710938e+08 -2.902749108678972218e-17
9.686545559431152344e+08 -3.034688078737542816e-17
9.686545559433593750e+08 -3.164577107231238806e-17
9.686545559436035156e+08 -3.291791998101892712e-17
9.686545559438476562e+08 -3.415260962570609340e-17
9.686545559440917969e+08 -3.536228838402025109e-17
9.686545559443359375e+08 -3.654104173656547611e-17
9.686545559445800781e+08 -3.769650901932957576e-17
9.686545559448242188e+08 -3.882935140011754969e-17
9.686545559450683594e+08 -3.992684662889391431e-17
9.686545559453125000e+08 -4.098439554543494033e-17
9.686545559455566406e+08 -4.200295634056359465e-17
9.686545559458007812e+08 -4.299668433295007904e-17
9.686545559460449219e+08 -4.394573381108068213e-17
9.686545559462890625e+08 -4.488273302025955665e-17
9.686545559465332031e+08 -4.577310812986946309e-17
9.686545559467773438e+08 -4.661859368837021762e-17
9.686545559470214844e+08 -4.743861929512734877e-17
9.686545559472656250e+08 -4.822561209957851032e-17
9.686545559475097656e+08 -4.896715470717868203e-17
9.686545559477539062e+08 -4.969223576012225058e-17
9.686545559479980469e+08 -5.037959879004344529e-17
9.686545559482421875e+08 -5.101180389770114294e-17
9.686545559484863281e+08 -5.160941763279679137e-17
9.686545559487304688e+08 -5.217160687734084545e-17
9.686545559489746094e+08 -5.268959280297502089e-17
9.686545559492187500e+08 -5.318681518072162541e-17
9.686545559494628906e+08 -5.364050596891272109e-17
9.686545559497070312e+08 -5.404998396363483716e-17
9.686545559499511719e+08 -5.441904141850843481e-17
9.686545559501953125e+08 -5.475359511378551472e-17
9.686545559504394531e+08 -5.505617298595800232e-17
9.686545559506835938e+08 -5.531673891616000352e-17
9.686545559509277344e+08 -5.555900241944803659e-17
9.686545559511718750e+08 -5.573217674718203642e-17
9.686545559514160156e+08 -5.587689252245329885e-17
9.686545559516601562e+08 -5.598009718828036264e-17
9.686545559519042969e+08 -5.604493340092069851e-17
9.686545559521484375e+08 -5.607953458118949398e-17
9.686545559523925781e+08 -5.607188740237399836e-17
9.686545559526367188e+08 -5.602761451573217500e-17
9.686545559528808594e+08 -5.593675514844894985e-17
9.686545559531250000e+08 -5.581690671813854911e-17
9.686545559533691406e+08 -5.566379553180863994e-17
9.686545559536132812e+08 -5.547620969579928712e-17
9.686545559538574219e+08 -5.525575791015779669e-17
9.686545559541015625e+08 -5.497598609604815236e-17
9.686545559543457031e+08 -5.467863448879598470e-17
9.686545559545898438e+08 -5.432735730743146126e-17
9.686545559548339844e+08 -5.395093260253645972e-17
9.686545559550781250e+08 -5.354425365861604937e-17
9.686545559553222656e+08 -5.309500650873315294e-17
9.686545559555664062e+08 -5.260888030900746417e-17
9.686545559558105469e+08 -5.208495531419108527e-17
9.686545559560546875e+08 -5.153621688879214065e-17
9.686545559562988281e+08 -5.094741222531783608e-17
9.686545559565429688e+08 -5.035450178118915812e-17
9.686545559567871094e+08 -4.969380311705215779e-17
9.686545559570312500e+08 -4.900427332071069822e-17
9.686545559572753906e+08 -4.828947210226198977e-17
9.686545559575195312e+08 -4.752967762559107656e-17
9.686545559577636719e+08 -4.674014258848493296e-17
9.686545559580078125e+08 -4.593626289094096504e-17
9.686545559582519531e+08 -4.508623106737313862e-17
9.686545559584960938e+08 -4.421027864753535044e-17
9.686545559587402344e+08 -4.330088145228965802e-17
9.686545559589843750e+08 -4.236140480187429806e-17
9.686545559592285156e+08 -4.141618817431570633e-17
9.686545559594726562e+08 -4.042752581948084337e-17
9.686545559597167969e+08 -3.941040153905169888e-17
9.686545559599609375e+08 -3.836146944782669864e-17
9.686545559602050781e+08 -3.728192532158418056e-17
9.686545559604492188e+08 -3.617825843962181020e-17
9.686545559606933594e+08 -3.505091728896315909e-17
9.686545559609375000e+08 -3.389519793312516025e-17
9.686545559611816406e+08 -3.272576238192714792e-17
9.686545559614257812e+08 -3.152325466749789992e-17
9.686545559616699219e+08 -3.029100131973600643e-17
9.686545559619140625e+08 -2.905203979703368309e-17
9.686545559621582031e+08 -2.779098585416806709e-17
9.686545559624023438e+08 -2.651651527762399655e-17
9.686545559626464844e+08 -2.520893404931902944e-17
9.686545559628906250e+08 -2.386936253732181455e-17
9.686545559631347656e+08 -2.252642047423933479e-17
9.686545559633789062e+08 -2.115005694017603128e-17
9.686545559636230469e+08 -1.976278557220447665e-17
9.686545559638671875e+08 -1.837074244439549249e-17
9.686545559641113281e+08 -1.695778666826812219e-17
9.686545559643554688e+08 -1.551519798897372741e-17
9.686545559645996094e+08 -1.407688444548673632e-17
9.686545559648437500e+08 -1.261245610982710072e-17
9.686545559650878906e+08 -1.116158850249677502e-17
9.686545559653320312e+08 -9.694835240720290546e-18
9.686545559655761719e+08 -8.187643836739435876e-18
9.686545559658203125e+08 -6.684981055947774440e-18
9.686545559660644531e+08 -5.177369701531093706e-18
9.686545559663085938e+08 -3.648719006946442249e-18
9.686545559665527344e+08 -2.124088167200408741e-18
9.686545559667968750e+08 -5.984127016379213259e-19
9.686545559670410156e+08 9.403745826934731265e-19
9.686545559672851562e+08 2.477706258321170557e-18
9.686545559675292969e+08 4.030804480485109890e-18
9.686545559677734375e+08 5.565373873516006948e-18
9.686545559680175781e+08 7.098179461553670958e-18
9.686545559682617188e+08 8.637486392849095770e-18
9.686545559685058594e+08 1.018291184942431221e-17
9.686545559687500000e+08 1.172324335358386505e-17
9.686545559689941406e+08 1.326619085970123063e-17
9.686545559692382812e+08 1.480886352398677638e-17
9.686545559694824219e+08 1.632827445436345421e-17
9.686545559697265625e+08 1.784585528020316583e-17
9.686545559699707031e+08 1.936175663012962454e-17
9.686545559702148438e+08 2.086516814832532435e-17
9.686545559704589844e+08 2.235106434860370483e-17
9.686545559707031250e+08 2.383151994881301694e-17
9.686545559709472656e+08 2.528356929422410936e-17
9.686545559711914062e+08 2.672721041006374244e-17
9.686545559714355469e+08 2.817074537973986445e-17
9.686545559716796875e+08 2.959692263017445141e-17
9.686545559719238281e+08 3.100769605772102090e-17
9.686545559721679688e+08 3.239577622074503426e-17
9.686545559724121094e+08 3.375742680086311111e-17
9.686545559726562500e+08 3.510323046854523249e-17
9.686545559729003906e+08 3.643374841545080563e-17
9.686545559731445312e+08 3.772586148345390443e-17
9.686545559733886719e+08 3.901109830950096783e-17
9.686545559736328125e+08 4.025042270654884846e-17
9.686545559738769531e+08 4.145523215527768357e-17
9.686545559741210938e+08 4.264972809703292104e-17
9.686545559743652344e+08 4.383079265439365699e-17
9.686545559746093750e+08 4.496453764079386444e-17
9.686545559748535156e+08 4.608413965149621745e-17
9.686545559750976562e+08 4.716194367933098665e-17
9.686545559753417969e+08 4.819912292850883400e-17
9.686545559755859375e+08 4.921052240034884173e-17
9.686545559758300781e+08 5.018561755088721878e-17
9.686545559760742188e+08 5.112527898550876351e-17
9.686545559763183594e+08 5.202723270078313048e-17
9.686545559765625000e+08 5.287941292498963298e-17
9.686545559768066406e+08 5.369814442262937902e-17
9.686545559770507812e+08 5.448686507890252972e-17
9.686545559772949219e+08 5.523189159788000904e-17
9.686545559775390625e+08 5.594747009373641079e-17
9.686545559777832031e+08 5.661114310849656212e-17
9.686545559780273438e+08 5.724710541491583615e-17
9.686545559782714844e+08 5.781566341573764499e-17
9.686545559785156250e+08 5.835495332974078400e-17
9.686545559787597656e+08 5.885245247736783897e-17
9.686545559790039062e+08 5.930022913655254784e-17
9.686545559792480469e+08 5.969166304871780222e-17
9.686545559794921875e+08 6.004493419607463404e-17
9.686545559797363281e+08 6.034952624676333673e-17
9.686545559799804688e+08 6.060473277509755250e-17
9.686545559802246094e+08 6.083020659373426389e-17
9.686545559804687500e+08 6.100071749404687272e-17
9.686545559807128906e+08 6.113113253780301584e-17
9.686545559809570312e+08 6.119620687917401694e-17
9.686545559812011719e+08 6.122804571249728910e-17
9.686545559814453125e+08 6.120798423806260250e-17
9.686545559816894531e+08 6.113729610540212855e-17
9.686545559819335938e+08 6.100614736146927809e-17
9.686545559821777344e+08 6.084974712339802703e-17
9.686545559824218750e+08 6.061139778073245554e-17
9.686545559826660156e+08 6.033174959069979458e-17
9.686545559829101562e+08 6.003437834279578084e-17
9.686545559831542969e+08 5.966565749037432827e-17
9.686545559833984375e+08 5.925832491181314707e-17
9.686545559836425781e+08 5.881490568209688204e-17
9.686545559838867188e+08 5.831515586764386565e-17
9.686545559841308594e+08 5.775630173960800107e-17
9.686545559843750000e+08 5.716743529324054610e-17
9.686545559846191406e+08 5.651744614383333248e-17
9.686545559848632812e+08 5.583219921437810621e-17
9.686545559851074219e+08 5.508989409318518486e-17
9.686545559853515625e+08 5.430015454299708091e-17
9.686545559855957031e+08 5.347612176904265373e-17
9.686545559858398438e+08 5.260907942397563333e-17
9.686545559860839844e+08 5.171168114250915278e-17
9.686545559863281250e+08 5.076656141054887897e-17
9.686545559865722656e+08 4.979313064446121813e-17
9.686545559868164062e+08 4.876178731099386478e-17
9.686545559870605469e+08 4.768985635206714354e-17
9.686545559873046875e+08 4.658818915450117611e-17
9.686545559875488281e+08 4.544597358572066715e-17
9.686545559877929688e+08 4.426295371412703257e-17
9.686545559880371094e+08 4.304207782921368930e-17
9.686545559882812500e+08 4.178784051131198947e-17
9.686545559885253906e+08 4.051029907861821502e-17
9.686545559887695312e+08 3.918942074787190356e-17
9.686545559890136719e+08 3.786122277486662224e-17
9.686545559892578125e+08 3.649558717301068453e-17
9.686545559895019531e+08 3.510717626261073846e-17
9.686545559897460938e+08 3.367796550927081634e-17
9.686545559899902344e+08 3.223184918544622329e-17
9.686545559902343750e+08 3.075966673550571179e-17
9.686545559904785156e+08 2.925670549586156685e-17
9.686545559907226562e+08 2.774241269447817369e-17
9.686545559909667969e+08 2.619120780588334428e-17
9.686545559912109375e+08 2.463333052473375787e-17
9.686545559914550781e+08 2.305361773321884292e-17
9.686545559916992188e+08 2.146720833505859458e-17
9.686545559919433594e+08 1.987248014961080189e-17
9.686545559921875000e+08 1.826701836675125594e-17
9.686545559924316406e+08 1.663782836187285456e-17
9.686545559926757812e+08 1.500897897926392239e-17
9.686545559929199219e+08 1.336136840979784885e-17
9.686545559931640625e+08 1.170838466526093690e-17
9.686545559934082031e+08 1.004965096557742327e-17
9.686545559936523438e+08 8.386943418081131397e-18
9.686545559938964844e+08 6.719722898923718382e-18
9.686545559941406250e+08 5.037853538622758911e-18
9.686545559943847656e+08 3.372636849684095745e-18
9.686545559946289062e+08 1.720770708902684100e-18
9.686545559948730469e+08 5.877241820018567098e-20
9.686545559951171875e+08 -1.582358522435702567e-18
9.686545559953613281e+08 -3.228208455483161615e-18
9.686545559956054688e+08 -4.863821864240777908e-18
9.686545559958496094e+08 -6.484691804992536438e-18
9.686545559960937500e+08 -8.120769579693416686e-18
9.686545559963378906e+08 -9.722338979230784285e-18
9.686545559965820312e+08 -1.132732325876998818e-17
9.686545559968261719e+08 -1.292169400688591235e-17
9.686545559970703125e+08 -1.448848898583382880e-17
9.686545559973144531e+08 -1.603762917652684812e-17
9.686545559975585938e+08 -1.756993013095940747e-17
9.686545559978027344e+08 -1.907361196982109711e-17
9.686545559980468750e+08 -2.055625017058458437e-17
9.686545559982910156e+08 -2.201686572940388762e-17
9.686545559985351562e+08 -2.346410174977627639e-17
9.686545559987792969e+08 -2.488100650951916245e-17
9.686545559990234375e+08 -2.627867873111456151e-17
9.686545559992675781e+08 -2.766149883472940256e-17
9.686545559995117188e+08 -2.901284581335298539e-17
9.686545559997558594e+08 -3.033313306963810627e-17
9.686545560000000000e+08 -3.162442187190669318e-17
9.686545560002441406e+08 -3.288602830761861564e-17
9.686545560004882812e+08 -3.409335459339317383e-17
9.686545560007324219e+08 -3.529423274469909848e-17
9.686545560009765625e+08 -3.643357727426569343e-17
9.686545560012207031e+08 -3.755536478241895801e-17
9.686545560014648438e+08 -3.865450151641112824e-17
9.686545560017089844e+08 -3.969905421315253331e-17
9.686545560019531250e+08 -4.073410420242560709e-17
9.686545560021972656e+08 -4.172141147386186455e-17
9.686545560024414062e+08 -4.267729247854937282e-17
9.686545560026855469e+08 -4.358790511892575925e-17
9.686545560029296875e+08 -4.447905894539980526e-17
9.686545560031738281e+08 -4.530678390123403692e-17
9.686545560034179688e+08 -4.608671836946021658e-17
9.686545560036621094e+08 -4.683966732954786458e-17
9.686545560039062500e+08 -4.754203680802151340e-17
9.686545560041503906e+08 -4.821573331268150495e-17
9.686545560043945312e+08 -4.884439308683034877e-17
9.686545560046386719e+08 -4.944340898119111872e-17
9.686545560048828125e+08 -4.999829059901304680e-17
9.686545560051269531e+08 -5.051285470701763056e-17
9.686545560053710938e+08 -5.098261214552186655e-17
9.686545560056152344e+08 -5.142269993485900943e-17
9.686545560058593750e+08 -5.179857246541618063e-17
9.686545560061035156e+08 -5.214268543296864233e-17
9.686545560063476562e+08 -5.243802883489318503e-17
9.686545560065917969e+08 -5.268132076161072494e-17
9.686545560068359375e+08 -5.288634023903772955e-17
9.686545560070800781e+08 -5.305699417354927930e-17
9.686545560073242188e+08 -5.317416187120162171e-17
9.686545560075683594e+08 -5.327182396506398609e-17
9.686545560078125000e+08 -5.331836185170845849e-17
9.686545560080566406e+08 -5.331817660298470979e-17
9.686545560083007812e+08 -5.328662811319602387e-17
9.686545560085449219e+08 -5.320997825673602145e-17
9.686545560087890625e+08 -5.308655924103591255e-17
9.686545560090332031e+08 -5.292365789884608280e-17
9.686545560092773438e+08 -5.270007599291565762e-17
9.686545560095214844e+08 -5.244973278323134309e-17
9.686545560097656250e+08 -5.215390536641745965e-17
9.686545560100097656e+08 -5.180871339444209965e-17
9.686545560102539062e+08 -5.144203456724543438e-17
9.686545560104980469e+08 -5.103794196215816028e-17
9.686545560107421875e+08 -5.058279764245255376e-17
9.686545560109863281e+08 -5.010596146549071972e-17
9.686545560112304688e+08 -4.958241589719379833e-17
9.686545560114746094e+08 -4.902685946973005699e-17
9.686545560117187500e+08 -4.842323684993310894e-17
9.686545560119628906e+08 -4.778108699018691018e-17
9.686545560122070312e+08 -4.709875327625275109e-17
9.686545560124511719e+08 -4.637142003592967977e-17
9.686545560126953125e+08 -4.561454399223174493e-17
9.686545560129394531e+08 -4.481415826753083809e-17
9.686545560131835938e+08 -4.400078290287713854e-17
9.686545560134277344e+08 -4.315412635795646431e-17
9.686545560136718750e+08 -4.226982582629792183e-17
9.686545560139160156e+08 -4.135226218930384964e-17
9.686545560141601562e+08 -4.041845463081840876e-17
9.686545560144042969e+08 -3.944088622024472784e-17
9.686545560146484375e+08 -3.842474321424448758e-17
9.686545560148925781e+08 -3.737945058802728207e-17
9.686545560151367188e+08 -3.630501133958930298e-17
9.686545560153808594e+08 -3.518917068410173617e-17
9.686545560156250000e+08 -3.405399033544300504e-17
9.686545560158691406e+08 -3.288987661054065590e-17
9.686545560161132812e+08 -3.171306468907870614e-17
9.686545560163574219e+08 -3.050720115297042940e-17
9.686545560166015625e+08 -2.928367043103477886e-17
9.686545560168457031e+08 -2.804149111856872722e-17
9.686545560170898438e+08 -2.676843435692964336e-17
9.686545560173339844e+08 -2.546584372800436735e-17
9.686545560175781250e+08 -2.415207461975749215e-17
9.686545560178222656e+08 -2.280624740841015080e-17
9.686545560180664062e+08 -2.142782342548185022e-17
9.686545560183105469e+08 -2.004610085958948371e-17
9.686545560185546875e+08 -1.863196024953244322e-17
9.686545560187988281e+08 -1.721984264374009881e-17
9.686545560190429688e+08 -1.578080141671795442e-17
9.686545560192871094e+08 -1.435272113752613953e-17
9.686545560195312500e+08 -1.290113691157087605e-17
9.686545560197753906e+08 -1.142830163896001428e-17
9.686545560200195312e+08 -9.957262398292258228e-18
9.686545560202636719e+08 -8.468402979333046469e-18
9.686545560205078125e+08 -6.964782917713004473e-18
9.686545560207519531e+08 -5.440563046709926878e-18
9.686545560209960938e+08 -3.915785889306169851e-18
9.686545560212402344e+08 -2.374337193344032193e-18
9.686545560214843750e+08 -8.342659649434487346e-19
9.686545560217285156e+08 7.014324237443434441e-19
9.686545560219726562e+08 2.244657730039472067e-18
9.686545560222167969e+08 3.774728707984865914e-18
9.686545560224609375e+08 5.310989661637176754e-18
9.686545560227050781e+08 6.854259521064581750e-18
9.686545560229492188e+08 8.391807159183953900e-18
9.686545560231933594e+08 9.925959517412089116e-18
9.686545560234375000e+08 1.146121124318598418e-17
9.686545560236816406e+08 1.300968342373254304e-17
9.686545560239257812e+08 1.454198983400826156e-17
9.686545560241699219e+08 1.607998721278790077e-17
9.686545560244140625e+08 1.760005649903725969e-17
9.686545560246582031e+08 1.911580501245103566e-17
9.686545560249023438e+08 2.059217930745696928e-17
9.686545560251464844e+08 2.207674166506537223e-17
9.686545560253906250e+08 2.353854120058990391e-17
9.686545560256347656e+08 2.498576023758189465e-17
9.686545560258789062e+08 2.642701438338589357e-17
9.686545560261230469e+08 2.785024093738722858e-17
9.686545560263671875e+08 2.926697015807800867e-17
9.686545560266113281e+08 3.065495229527014470e-17
9.686545560268554688e+08 3.204856735592797586e-17
9.686545560270996094e+08 3.340552475166589838e-17
9.686545560273437500e+08 3.474796344050370571e-17
9.686545560275878906e+08 3.605856575759810126e-17
9.686545560278320312e+08 3.733102373099169537e-17
9.686545560280761719e+08 3.858130852041013296e-17
9.686545560283203125e+08 3.981061100909307241e-17
9.686545560285644531e+08 4.100399240823718789e-17
9.686545560288085938e+08 4.218243519499671646e-17
9.686545560290527344e+08 4.332305733630384197e-17
9.686545560292968750e+08 4.444487637561591594e-17
9.686545560295410156e+08 4.554243914678057517e-17
9.686545560297851562e+08 4.659987207883494032e-17
9.686545560300292969e+08 4.763826956884219220e-17
9.686545560302734375e+08 4.862761161239871809e-17
9.686545560305175781e+08 4.958372017702720812e-17
9.686545560307617188e+08 5.047897365144246347e-17
9.686545560310058594e+08 5.135770652902842629e-17
9.686545560312500000e+08 5.217774170036722160e-17
9.686545560314941406e+08 5.296201560768769797e-17
9.686545560317382812e+08 5.373809346537040986e-17
9.686545560319824219e+08 5.444054097204498136e-17
9.686545560322265625e+08 5.511719113886596262e-17
9.686545560324707031e+08 5.575969463025962272e-17
9.686545560327148438e+08 5.636630704228462695e-17
9.686545560329589844e+08 5.691395180271332285e-17
9.686545560332031250e+08 5.743107246421044821e-17
9.686545560334472656e+08 5.788218264686719450e-17
9.686545560336914062e+08 5.829224361353204000e-17
9.686545560339355469e+08 5.864203765767175442e-17
9.686545560341796875e+08 5.895292920469449951e-17
9.686545560344238281e+08 5.922076330766296329e-17
9.686545560346679688e+08 5.943884029606628666e-17
9.686545560349121094e+08 5.961671390153950984e-17
9.686545560351562500e+08 5.973935752827711629e-17
9.686545560354003906e+08 5.983458578544949180e-17
9.686545560356445312e+08 5.987586724068750769e-17
9.686545560358886719e+08 5.986478123030857975e-17
9.686545560361328125e+08 5.980276422910939608e-17
9.686545560363769531e+08 5.968211289202928796e-17
9.686545560366210938e+08 5.950780685187361080e-17
9.686545560368652344e+08 5.927978544103566525e-17
9.686545560371093750e+08 5.900247945278776891e-17
9.686545560373535156e+08 5.868053286460692687e-17
9.686545560375976562e+08 5.830986282164536794e-17
9.686545560378417969e+08 5.789564593574687655e-17
9.686545560380859375e+08 5.743241877370632950e-17
9.686545560383300781e+08 5.693235684300189344e-17
9.686545560385742188e+08 5.638103440618011157e-17
9.686545560388183594e+08 5.579287254968538440e-17
9.686545560390625000e+08 5.513158903107879410e-17
9.686545560393066406e+08 5.442818248099677668e-17
9.686545560395507812e+08 5.367438326744781064e-17
9.686545560397949219e+08 5.284562998154545829e-17
9.686545560400390625e+08 5.201035346841006408e-17
9.686545560402832031e+08 5.111580487680657786e-17
9.686545560405273438e+08 5.017805403016702139e-17
9.686545560407714844e+08 4.920293769173698611e-17
9.686545560410156250e+08 4.819408294628020764e-17
9.686545560412597656e+08 4.715247257529758498e-17
9.686545560415039062e+08 4.605400511881328447e-17
9.686545560417480469e+08 4.493131467011019105e-17
9.686545560419921875e+08 4.375129751866844538e-17
9.686545560422363281e+08 4.253747484126772769e-17
9.686545560424804688e+08 4.126320897483531667e-17
9.686545560427246094e+08 3.995912283220231032e-17
9.686545560429687500e+08 3.863149997786621438e-17
9.686545560432128906e+08 3.726797222095355219e-17
9.686545560434570312e+08 3.587266459285307756e-17
9.686545560437011719e+08 3.445700210783075594e-17
9.686545560439453125e+08 3.301098850489689226e-17
9.686545560441894531e+08 3.154515870978992195e-17
9.686545560444335938e+08 3.004666396285428216e-17
9.686545560446777344e+08 2.852668854152836013e-17
9.686545560449218750e+08 2.697321706629489062e-17
9.686545560451660156e+08 2.538043328623479468e-17
9.686545560454101562e+08 2.377167151828622609e-17
9.686545560456542969e+08 2.213182640301094583e-17
9.686545560458984375e+08 2.048922385996735108e-17
9.686545560461425781e+08 1.882479602618988064e-17
9.686545560463867188e+08 1.715687522556432946e-17
9.686545560466308594e+08 1.546019444977359976e-17
9.686545560468750000e+08 1.377448488389436398e-17
9.686545560471191406e+08 1.207855031354230971e-17
9.686545560473632812e+08 1.036120458071948195e-17
9.686545560476074219e+08 8.646401046875583290e-18
9.686545560478515625e+08 6.907330682349398273e-18
9.686545560480957031e+08 5.159525507299401642e-18
9.686545560483398438e+08 3.404451145339906039e-18
9.686545560485839844e+08 1.642526300428665813e-18
9.686545560488281250e+08 -1.033628390535593579e-19
9.686545560490722656e+08 -1.844408823138474569e-18
9.686545560493164062e+08 -3.598201580007483921e-18
9.686545560495605469e+08 -5.321837426325360981e-18
9.686545560498046875e+08 -7.053806918134896280e-18
9.686545560500488281e+08 -8.757782085429532307e-18
9.686545560502929688e+08 -1.046490206862791843e-17
9.686545560505371094e+08 -1.215311622117343771e-17
9.686545560507812500e+08 -1.385033767991849913e-17
9.686545560510253906e+08 -1.552170611519728996e-17
9.686545560512695312e+08 -1.720942805322984913e-17
9.686545560515136719e+08 -1.885950235573251676e-17
9.686545560517578125e+08 -2.048690494015187242e-17
9.686545560520019531e+08 -2.210358431203864431e-17
9.686545560522460938e+08 -2.367841100181099769e-17
9.686545560524902344e+08 -2.524991034045714540e-17
9.686545560527343750e+08 -2.676587797871912911e-17
9.686545560529785156e+08 -2.828343851415638525e-17
9.686545560532226562e+08 -2.974340511685522992e-17
9.686545560534667969e+08 -3.120514494248808806e-17
9.686545560537109375e+08 -3.263721901910317192e-17
9.686545560539550781e+08 -3.404429119031772210e-17
9.686545560541992188e+08 -3.543205922082727647e-17
9.686545560544433594e+08 -3.678017628240585345e-17
9.686545560546875000e+08 -3.809523257464385005e-17
9.686545560549316406e+08 -3.936163154648444331e-17
9.686545560551757812e+08 -4.059574452015404128e-17
9.686545560554199219e+08 -4.180402716735904226e-17
9.686545560556640625e+08 -4.294729219782142001e-17
9.686545560559082031e+08 -4.404670149796312110e-17
9.686545560561523438e+08 -4.512405321839957588e-17
9.686545560563964844e+08 -4.616180312512580156e-17
9.686545560566406250e+08 -4.717595631759661365e-17
9.686545560568847656e+08 -4.813946893155180266e-17
9.686545560571289062e+08 -4.909218157854442785e-17
9.686545560573730469e+08 -4.996783501213914247e-17
9.686545560576171875e+08 -5.080335115556821736e-17
9.686545560578613281e+08 -5.159995414675526144e-17
9.686545560581054688e+08 -5.234184880495729259e-17
9.686545560583496094e+08 -5.303424525728150121e-17
9.686545560585937500e+08 -5.367880422459831021e-17
9.686545560588378906e+08 -5.427727226205054996e-17
9.686545560590820312e+08 -5.482554238520360216e-17
9.686545560593261719e+08 -5.533820373841940447e-17
9.686545560595703125e+08 -5.581264836967799687e-17
9.686545560598144531e+08 -5.625345943094212810e-17
9.686545560600585938e+08 -5.664106343479541523e-17
9.686545560603027344e+08 -5.698017227679237087e-17
9.686545560605468750e+08 -5.725530107897867867e-17
9.686545560607910156e+08 -5.748664952313960774e-17
9.686545560610351562e+08 -5.767298961811751398e-17
9.686545560612792969e+08 -5.780206971043027065e-17
9.686545560615234375e+08 -5.787613828506180881e-17
9.686545560617675781e+08 -5.790628170790956434e-17
9.686545560620117188e+08 -5.788382639190400203e-17
9.686545560622558594e+08 -5.782910146865154427e-17
9.686545560625000000e+08 -5.773202325061134147e-17
9.686545560627441406e+08 -5.759877842725736810e-17
9.686545560629882812e+08 -5.741392966228003063e-17
9.686545560632324219e+08 -5.718204730161570690e-17
9.686545560634765625e+08 -5.688756579295034099e-17
9.686545560637207031e+08 -5.655287235507631937e-17
9.686545560639648438e+08 -5.617785387540258000e-17
9.686545560642089844e+08 -5.573477092771629981e-17
9.686545560644531250e+08 -5.525156450048772785e-17
9.686545560646972656e+08 -5.472416774105463658e-17
9.686545560649414062e+08 -5.415816877310933963e-17
9.686545560651855469e+08 -5.355049810479764100e-17
9.686545560654296875e+08 -5.291151210292426725e-17
9.686545560656738281e+08 -5.224425735994558263e-17
9.686545560659179688e+08 -5.152772810648845906e-17
9.686545560661621094e+08 -5.076335908570384768e-17
9.686545560664062500e+08 -4.994244582030310874e-17
9.686545560666503906e+08 -4.909541352909801607e-17
9.686545560668945312e+08 -4.821338945113955256e-17
9.686545560671386719e+08 -4.726165652672651413e-17
9.686545560673828125e+08 -4.629621395096914963e-17
9.686545560676269531e+08 -4.526637915236024777e-17
9.686545560678710938e+08 -4.421501561771826954e-17
9.686545560681152344e+08 -4.314349336046162786e-17
9.686545560683593750e+08 -4.204650330790154994e-17
9.686545560686035156e+08 -4.091579215107149483e-17
9.686545560688476562e+08 -3.974948481904447176e-17
9.686545560690917969e+08 -3.855625148381348027e-17
9.686545560693359375e+08 -3.730658356329672867e-17
9.686545560695800781e+08 -3.603426114553599462e-17
9.686545560698242188e+08 -3.473980859304811931e-17
9.686545560700683594e+08 -3.339041252683742237e-17
9.686545560703125000e+08 -3.202710265199822838e-17
9.686545560705566406e+08 -3.062925066622490684e-17
9.686545560708007812e+08 -2.920343245245092523e-17
9.686545560710449219e+08 -2.778333074050974978e-17
9.686545560712890625e+08 -2.633044010701272449e-17
9.686545560715332031e+08 -2.487558380586873188e-17
9.686545560717773438e+08 -2.338561390126450732e-17
9.686545560720214844e+08 -2.186105430203432644e-17
9.686545560722656250e+08 -2.032314088236426615e-17
9.686545560725097656e+08 -1.876229089835244710e-17
9.686545560727539062e+08 -1.717772763341186543e-17
9.686545560729980469e+08 -1.556575409408323253e-17
9.686545560732421875e+08 -1.394891763968031072e-17
9.686545560734863281e+08 -1.230665061008049152e-17
9.686545560737304688e+08 -1.066204969678568583e-17
9.686545560739746094e+08 -9.013787048701451894e-18
9.686545560742187500e+08 -7.365413721976848737e-18
9.686545560744628906e+08 -5.719154976006923429e-18
9.686545560747070312e+08 -4.044341858713360613e-18
9.686545560749511719e+08 -2.357392271021206215e-18
9.686545560751953125e+08 -6.565154754062136455e-19
9.686545560754394531e+08 1.030537840888373546e-18
9.686545560756835938e+08 2.748903394612935383e-18
9.686545560759277344e+08 4.470091332158440247e-18
9.686545560761718750e+08 6.189285412026208760e-18
9.686545560764160156e+08 7.913139915306386772e-18
9.686545560766601562e+08 9.629189389144189697e-18
9.686545560769042969e+08 1.133166632840838850e-17
9.686545560771484375e+08 1.302333742279184903e-17
9.686545560773925781e+08 1.469966528521030815e-17
9.686545560776367188e+08 1.639175679874097745e-17
9.686545560778808594e+08 1.807930449432624494e-17
9.686545560781250000e+08 1.976851416995540752e-17
9.686545560783691406e+08 2.143862255543365166e-17
9.686545560786132812e+08 2.310563762142855558e-17
9.686545560788574219e+08 2.477134165865813408e-17
9.686545560791015625e+08 2.642613453307146583e-17
9.686545560793457031e+08 2.806648054951093992e-17
9.686545560795898438e+08 2.966877606368746162e-17
9.686545560798339844e+08 3.126982679864103269e-17
9.686545560800781250e+08 3.282633688490927806e-17
9.686545560803222656e+08 3.436543081169309256e-17
9.686545560805664062e+08 3.590088156911164355e-17
9.686545560808105469e+08 3.742138613892208256e-17
9.686545560810546875e+08 3.891056450709109496e-17
9.686545560812988281e+08 4.037855804972614984e-17
9.686545560815429688e+08 4.184402359128929837e-17
9.686545560817871094e+08 4.326821688786725726e-17
9.686545560820312500e+08 4.467995117694815431e-17
9.686545560822753906e+08 4.605960225516002732e-17
9.686545560825195312e+08 4.739243951577629269e-17
9.686545560827636719e+08 4.869568879497623983e-17
9.686545560830078125e+08 4.994575133389221797e-17
9.686545560832519531e+08 5.116217991011403698e-17
9.686545560834960938e+08 5.237825846450781729e-17
9.686545560837402344e+08 5.354656270968023817e-17
9.686545560839843750e+08 5.467814580436389851e-17
9.686545560842285156e+08 5.577683821645465978e-17
9.686545560844726562e+08 5.684939411022661474e-17
9.686545560847167969e+08 5.788465027726628372e-17
9.686545560849609375e+08 5.887568073310124197e-17
9.686545560852050781e+08 5.983630130574071674e-17
9.686545560854492188e+08 6.072702454596957358e-17
9.686545560856933594e+08 6.157282092689152678e-17
9.686545560859375000e+08 6.235918640524658388e-17
9.686545560861816406e+08 6.311110693530224276e-17
9.686545560864257812e+08 6.382491935476231235e-17
9.686545560866699219e+08 6.450236782631858057e-17
9.686545560869140625e+08 6.512225494923322561e-17
9.686545560871582031e+08 6.570126316810585664e-17
9.686545560874023438e+08 6.624956171192280008e-17
9.686545560876464844e+08 6.672996481593612827e-17
9.686545560878906250e+08 6.717630792896720285e-17
9.686545560881347656e+08 6.756147972313168810e-17
9.686545560883789062e+08 6.789085393605953637e-17
9.686545560886230469e+08 6.814999051642362282e-17
9.686545560888671875e+08 6.834897110781353285e-17
9.686545560891113281e+08 6.849993580661179480e-17
9.686545560893554688e+08 6.862396667742174433e-17
9.686545560895996094e+08 6.867542194873169768e-17
9.686545560898437500e+08 6.868550603666667737e-17
9.686545560900878906e+08 6.864444691853057013e-17
9.686545560903320312e+08 6.855357403400720402e-17
9.686545560905761719e+08 6.841932917469159627e-17
9.686545560908203125e+08 6.821313187419310001e-17
9.686545560910644531e+08 6.795923308372412411e-17
9.686545560913085938e+08 6.763217033706668678e-17
9.686545560915527344e+08 6.724482000900704518e-17
9.686545560917968750e+08 6.680013307420805316e-17
9.686545560920410156e+08 6.629805783936787979e-17
9.686545560922851562e+08 6.576443772963311755e-17
9.686545560925292969e+08 6.516676098051166545e-17
9.686545560927734375e+08 6.451798917865097089e-17
9.686545560930175781e+08 6.383203335236044645e-17
9.686545560932617188e+08 6.307767803317744647e-17
9.686545560935058594e+08 6.228682287195711456e-17
9.686545560937500000e+08 6.144654179890679659e-17
9.686545560939941406e+08 6.054290523945770544e-17
9.686545560942382812e+08 5.957058891472871854e-17
9.686545560944824219e+08 5.854689119965642785e-17
9.686545560947265625e+08 5.746675731290604850e-17
9.686545560949707031e+08 5.633876859059912364e-17
9.686545560952148438e+08 5.518745134560343935e-17
9.686545560954589844e+08 5.397602360336117194e-17
9.686545560957031250e+08 5.272422944142505217e-17
9.686545560959472656e+08 5.144096179700639766e-17
9.686545560961914062e+08 5.010040786902144370e-17
9.686545560964355469e+08 4.873683831833164581e-17
9.686545560966796875e+08 4.731272628406114734e-17
9.686545560969238281e+08 4.585763179525948274e-17
9.686545560971679688e+08 4.433967851508390834e-17
9.686545560974121094e+08 4.277276684541190818e-17
9.686545560976562500e+08 4.116616850110245136e-17
9.686545560979003906e+08 3.954261937408839166e-17
9.686545560981445312e+08 3.788629370497519027e-17
9.686545560983886719e+08 3.619097834669115078e-17
9.686545560986328125e+08 3.448634270628134550e-17
9.686545560988769531e+08 3.273717888185634941e-17
9.686545560991210938e+08 3.096073398065547046e-17
9.686545560993652344e+08 2.917179200413937035e-17
9.686545560996093750e+08 2.736729082475777673e-17
9.686545560998535156e+08 2.549865776459113643e-17
9.686545561000976562e+08 2.360723588442377268e-17
9.686545561003417969e+08 2.169751762079813814e-17
9.686545561005859375e+08 1.975809667299188925e-17
9.686545561008300781e+08 1.782495567015747720e-17
9.686545561010742188e+08 1.587569737617837690e-17
9.686545561013183594e+08 1.390638088445694553e-17
9.686545561015625000e+08 1.193934828463864280e-17
9.686545561018066406e+08 9.959932701819011600e-18
9.686545561020507812e+08 7.982332890362188885e-18
9.686545561022949219e+08 5.996616513548067981e-18
9.686545561025390625e+08 4.002201529858823809e-18
9.686545561027832031e+08 2.001007553525761426e-18
9.686545561030273438e+08 -1.860383782456430162e-20
9.686545561032714844e+08 -2.047269259981781619e-18
9.686545561035156250e+08 -4.062908853329522033e-18
9.686545561037597656e+08 -6.069470640237510744e-18
9.686545561040039062e+08 -8.052706470850960366e-18
9.686545561042480469e+08 -1.003543891169582007e-17
9.686545561044921875e+08 -1.201070279124325682e-17
9.686545561047363281e+08 -1.395617069799218601e-17
9.686545561049804688e+08 -1.589182789688836304e-17
9.686545561052246094e+08 -1.780795567380226497e-17
9.686545561054687500e+08 -1.971811325779926743e-17
9.686545561057128906e+08 -2.160352096831009968e-17
9.686545561059570312e+08 -2.349095581611183831e-17
9.686545561062011719e+08 -2.535775015887779015e-17
9.686545561064453125e+08 -2.719711645298571153e-17
9.686545561066894531e+08 -2.899603915648947457e-17
9.686545561069335938e+08 -3.076781503436018420e-17
9.686545561071777344e+08 -3.250176815700098718e-17
9.686545561074218750e+08 -3.420903559928354131e-17
9.686545561076660156e+08 -3.588507850059356459e-17
9.686545561079101562e+08 -3.751275381777460437e-17
9.686545561081542969e+08 -3.909656942976542781e-17
9.686545561083984375e+08 -4.066527326862614609e-17
9.686545561086425781e+08 -4.220201825121153939e-17
9.686545561088867188e+08 -4.370667423159813469e-17
9.686545561091308594e+08 -4.517159060577173057e-17
9.686545561093750000e+08 -4.659629486105961435e-17
9.686545561096191406e+08 -4.796297642418408795e-17
9.686545561098632812e+08 -4.928898352658678935e-17
9.686545561101074219e+08 -5.055533117679818069e-17
9.686545561103515625e+08 -5.177328161188361287e-17
9.686545561105957031e+08 -5.295315601599156894e-17
9.686545561108398438e+08 -5.407222625258410128e-17
9.686545561110839844e+08 -5.513676816800065114e-17
9.686545561113281250e+08 -5.615613834160534311e-17
9.686545561115722656e+08 -5.714770415505767465e-17
9.686545561118164062e+08 -5.808907476500165659e-17
9.686545561120605469e+08 -5.898353855894716063e-17
9.686545561123046875e+08 -5.981529347267295410e-17
9.686545561125488281e+08 -6.058965595720420691e-17
9.686545561127929688e+08 -6.130414540470700362e-17
9.686545561130371094e+08 -6.195519492453793789e-17
9.686545561132812500e+08 -6.254762415988013036e-17
9.686545561135253906e+08 -6.309094336937968742e-17
9.686545561137695312e+08 -6.357191297930392726e-17
9.686545561140136719e+08 -6.399309173463746485e-17
9.686545561142578125e+08 -6.436673825354295604e-17
9.686545561145019531e+08 -6.470097984405550342e-17
9.686545561147460938e+08 -6.498844145349940968e-17
9.686545561149902344e+08 -6.521886382584898610e-17
9.686545561152343750e+08 -6.537740307097574939e-17
9.686545561154785156e+08 -6.549098709554821580e-17
9.686545561157226562e+08 -6.552053914114609613e-17
9.686545561159667969e+08 -6.551170487701952311e-17
9.686545561162109375e+08 -6.542817913264172041e-17
9.686545561164550781e+08 -6.530304262761076527e-17
9.686545561166992188e+08 -6.510827248954912374e-17
9.686545561169433594e+08 -6.486093437684801732e-17
9.686545561171875000e+08 -6.457732402663009506e-17
9.686545561174316406e+08 -6.425256024013310904e-17
9.686545561176757812e+08 -6.387301812235899421e-17
9.686545561179199219e+08 -6.344264316455595721e-17
9.686545561181640625e+08 -6.295380866322074912e-17
9.686545561184082031e+08 -6.240370862186406456e-17
9.686545561186523438e+08 -6.180315677870018660e-17
9.686545561188964844e+08 -6.115724618689145509e-17
9.686545561191406250e+08 -6.045032304583213048e-17
9.686545561193847656e+08 -5.969250552955567681e-17
9.686545561196289062e+08 -5.889091938813474467e-17
9.686545561198730469e+08 -5.804966498091464464e-17
9.686545561201171875e+08 -5.716335093651256959e-17
9.686545561203613281e+08 -5.624414361244942634e-17
9.686545561206054688e+08 -5.529837193746864133e-17
9.686545561208496094e+08 -5.430222572462857388e-17
9.686545561210937500e+08 -5.325234678688368123e-17
9.686545561213378906e+08 -5.216374054957128770e-17
9.686545561215820312e+08 -5.102787524397538876e-17
9.686545561218261719e+08 -4.985487087499278525e-17
9.686545561220703125e+08 -4.864018167099985310e-17
9.686545561223144531e+08 -4.739082853172814403e-17
9.686545561225585938e+08 -4.610042288925604033e-17
9.686545561228027344e+08 -4.477731267386895005e-17
9.686545561230468750e+08 -4.344284364019975973e-17
9.686545561232910156e+08 -4.207900904927726522e-17
9.686545561235351562e+08 -4.070602745622776021e-17
9.686545561237792969e+08 -3.928147217713220498e-17
9.686545561240234375e+08 -3.782681732411470627e-17
9.686545561242675781e+08 -3.635091025457007737e-17
9.686545561245117188e+08 -3.483482690376778225e-17
9.686545561247558594e+08 -3.330464189870053330e-17
9.686545561250000000e+08 -3.173933194879643000e-17
9.686545561252441406e+08 -3.015542226777788579e-17
9.686545561254882812e+08 -2.855119442767918575e-17
9.686545561257324219e+08 -2.693128080790292729e-17
9.686545561259765625e+08 -2.530696295702271671e-17
9.686545561262207031e+08 -2.367885466386177073e-17
9.686545561264648438e+08 -2.203912705739459436e-17
9.686545561267089844e+08 -2.037829800904038588e-17
9.686545561269531250e+08 -1.870888927880591551e-17
9.686545561271972656e+08 -1.700973207744655445e-17
9.686545561274414062e+08 -1.530062314052899400e-17
9.686545561276855469e+08 -1.358649915836581870e-17
9.686545561279296875e+08 -1.186038241856612502e-17
9.686545561281738281e+08 -1.012361613155475757e-17
9.686545561284179688e+08 -8.390757826762055077e-18
9.686545561286621094e+08 -6.640004176557912497e-18
9.686545561289062500e+08 -4.923556221111012236e-18
9.686545561291503906e+08 -3.206388133044880894e-18
9.686545561293945312e+08 -1.493209770681263340e-18
9.686545561296386719e+08 2.313904042492197427e-19
9.686545561298828125e+08 1.955718949262319599e-18
9.686545561301269531e+08 3.678472118874168477e-18
9.686545561303710938e+08 5.405114984323518270e-18
9.686545561306152344e+08 7.120524781114005138e-18
9.686545561308593750e+08 8.839115948346863295e-18
9.686545561311035156e+08 1.054214532874677202e-17
9.686545561313476562e+08 1.223170748121191512e-17
9.686545561315917969e+08 1.392340085747766091e-17
9.686545561318359375e+08 1.557360300901262661e-17
9.686545561320800781e+08 1.720235330358609673e-17
9.686545561323242188e+08 1.882590993116765113e-17
9.686545561325683594e+08 2.043879952602883734e-17
9.686545561328125000e+08 2.203531388118057893e-17
9.686545561330566406e+08 2.362628718030822129e-17
9.686545561333007812e+08 2.520357496698403136e-17
9.686545561335449219e+08 2.675741884110259266e-17
9.686545561337890625e+08 2.829909954983350524e-17
9.686545561340332031e+08 2.981469181821781406e-17
9.686545561342773438e+08 3.131824606160126000e-17
9.686545561345214844e+08 3.278012750042138252e-17
9.686545561347656250e+08 3.420732717084583309e-17
9.686545561350097656e+08 3.561318476258551334e-17
9.686545561352539062e+08 3.698911260077288605e-17
9.686545561354980469e+08 3.834721777478005370e-17
9.686545561357421875e+08 3.968003298360790412e-17
9.686545561359863281e+08 4.098413579045230619e-17
9.686545561362304688e+08 4.227165724276705710e-17
9.686545561364746094e+08 4.351963354392888019e-17
9.686545561367187500e+08 4.475838465082806313e-17
9.686545561369628906e+08 4.595380170459946172e-17
9.686545561372070312e+08 4.711137451230693083e-17
9.686545561374511719e+08 4.824689109880499010e-17
9.686545561376953125e+08 4.931615216949462162e-17
9.686545561379394531e+08 5.035467262960474165e-17
9.686545561381835938e+08 5.136099799363841674e-17
9.686545561384277344e+08 5.234193695283588849e-17
9.686545561386718750e+08 5.328056689408061899e-17
9.686545561389160156e+08 5.419382182157692934e-17
9.686545561391601562e+08 5.508422724903490049e-17
9.686545561394042969e+08 5.591093386941569045e-17
9.686545561396484375e+08 5.672869825836654982e-17
9.686545561398925781e+08 5.748998161050832612e-17
9.686545561401367188e+08 5.822276064408726205e-17
9.686545561403808594e+08 5.890155867494779418e-17
9.686545561406250000e+08 5.952509274635112779e-17
9.686545561408691406e+08 6.010152175966045230e-17
9.686545561411132812e+08 6.064209132435819256e-17
9.686545561413574219e+08 6.115295617612056600e-17
9.686545561416015625e+08 6.161092269072508110e-17
9.686545561418457031e+08 6.205515253257305458e-17
9.686545561420898438e+08 6.243381883195235690e-17
9.686545561423339844e+08 6.278292823630154071e-17
9.686545561425781250e+08 6.310220136614194783e-17
9.686545561428222656e+08 6.335530789412013679e-17
9.686545561430664062e+08 6.357108036600754114e-17
9.686545561433105469e+08 6.373799943741960928e-17
9.686545561435546875e+08 6.383229602131843065e-17
9.686545561437988281e+08 6.390052325209195554e-17
9.686545561440429688e+08 6.391244738075631833e-17
9.686545561442871094e+08 6.388869660827409955e-17
9.686545561445312500e+08 6.383134169226263813e-17
9.686545561447753906e+08 6.373043864624549798e-17
9.686545561450195312e+08 6.357689236794434634e-17
9.686545561452636719e+08 6.339748917358037991e-17
9.686545561455078125e+08 6.316607286431745368e-17
9.686545561457519531e+08 6.287906679094903357e-17
9.686545561459960938e+08 6.255950613398081171e-17
9.686545561462402344e+08 6.217728528796371642e-17
9.686545561464843750e+08 6.173667510236817520e-17
9.686545561467285156e+08 6.126239758858101429e-17
9.686545561469726562e+08 6.073584144144240259e-17
9.686545561472167969e+08 6.016996250078995188e-17
9.686545561474609375e+08 5.957948454394180356e-17
9.686545561477050781e+08 5.893977877768967613e-17
9.686545561479492188e+08 5.825897650287209556e-17
9.686545561481933594e+08 5.753382013041546852e-17
9.686545561484375000e+08 5.677853540837476488e-17
9.686545561486816406e+08 5.596441843726612189e-17
9.686545561489257812e+08 5.512305091511874828e-17
9.686545561491699219e+08 5.421424995718928543e-17
9.686545561494140625e+08 5.327787068168850117e-17
9.686545561496582031e+08 5.227927682018765468e-17
9.686545561499023438e+08 5.125144432173274627e-17
9.686545561501464844e+08 5.020081046144865772e-17
9.686545561503906250e+08 4.910982239503693457e-17
9.686545561506347656e+08 4.799183949551079814e-17
9.686545561508789062e+08 4.682601545086839432e-17
9.686545561511230469e+08 4.564840789871160989e-17
9.686545561513671875e+08 4.442567296700155557e-17
9.686545561516113281e+08 4.316568914179417837e-17
9.686545561518554688e+08 4.187777553419387190e-17
9.686545561520996094e+08 4.053117177912805877e-17
9.686545561523437500e+08 3.916389078141887803e-17
9.686545561525878906e+08 3.776645399597730646e-17
9.686545561528320312e+08 3.633769403432936871e-17
9.686545561530761719e+08 3.488856754321339116e-17
9.686545561533203125e+08 3.342135935802814255e-17
9.686545561535644531e+08 3.193256241681554475e-17
9.686545561538085938e+08 3.041757243052369751e-17
9.686545561540527344e+08 2.888628923601960942e-17
9.686545561542968750e+08 2.732687485051945008e-17
9.686545561545410156e+08 2.576489665716729431e-17
9.686545561547851562e+08 2.415749310237218052e-17
9.686545561550292969e+08 2.252298323279362666e-17
9.686545561552734375e+08 2.087907781596958229e-17
9.686545561555175781e+08 1.921831977819522268e-17
9.686545561557617188e+08 1.754788629272179291e-17
9.686545561560058594e+08 1.586188289244683143e-17
9.686545561562500000e+08 1.418805872936221286e-17
9.686545561564941406e+08 1.249849475788030679e-17
9.686545561567382812e+08 1.079604554496453110e-17
9.686545561569824219e+08 9.108032009507497393e-18
9.686545561572265625e+08 7.388216980196021264e-18
9.686545561574707031e+08 5.694176956434164813e-18
9.686545561577148438e+08 3.960577735789439642e-18
9.686545561579589844e+08 2.237776835706725134e-18
9.686545561582031250e+08 5.061490727474595197e-19
9.686545561584472656e+08 -1.214103402103155319e-18
9.686545561586914062e+08 -2.941715263555123836e-18
9.686545561589355469e+08 -4.651243893294875680e-18
9.686545561591796875e+08 -6.328648993995798163e-18
9.686545561594238281e+08 -8.022552705511949209e-18
9.686545561596679688e+08 -9.696702934506409026e-18
9.686545561599121094e+08 -1.135497581089435877e-17
9.686545561601562500e+08 -1.300246907771734501e-17
9.686545561604003906e+08 -1.464386279070891012e-17
9.686545561606445312e+08 -1.626586172283062013e-17
9.686545561608886719e+08 -1.788921155500443758e-17
9.686545561611328125e+08 -1.948533886581275404e-17
9.686545561613769531e+08 -2.105719508438388410e-17
9.686545561616210938e+08 -2.261938291996285877e-17
9.686545561618652344e+08 -2.414566906882432127e-17
9.686545561621093750e+08 -2.563550194482507558e-17
9.686545561623535156e+08 -2.711411303590724535e-17
9.686545561625976562e+08 -2.855608253587331892e-17
9.686545561628417969e+08 -2.995679606280267379e-17
9.686545561630859375e+08 -3.134939150093752195e-17
9.686545561633300781e+08 -3.270041667188767382e-17
9.686545561635742188e+08 -3.403555647571106961e-17
9.686545561638183594e+08 -3.534850421381500513e-17
9.686545561640625000e+08 -3.661641938959691724e-17
9.686545561643066406e+08 -3.786213840802545468e-17
9.686545561645507812e+08 -3.906467553564856908e-17
9.686545561647949219e+08 -4.021903611594573977e-17
9.686545561650390625e+08 -4.133008803062522413e-17
9.686545561652832031e+08 -4.241490678796738551e-17
9.686545561655273438e+08 -4.344104538258613116e-17
9.686545561657714844e+08 -4.444312050530419331e-17
9.686545561660156250e+08 -4.539916927756008321e-17
9.686545561662597656e+08 -4.629788218097996073e-17
9.686545561665039062e+08 -4.720003907277112372e-17
9.686545561667480469e+08 -4.804197038401171070e-17
9.686545561669921875e+08 -4.884774400628301151e-17
9.686545561672363281e+08 -4.960143962837601603e-17
9.686545561674804688e+08 -5.032472024223520797e-17
9.686545561677246094e+08 -5.096795917644612285e-17
9.686545561679687500e+08 -5.158457796599548864e-17
9.686545561682128906e+08 -5.214665873062182112e-17
9.686545561684570312e+08 -5.265274488375358783e-17
9.686545561687011719e+08 -5.312936695142969167e-17
9.686545561689453125e+08 -5.355186542317881140e-17
9.686545561691894531e+08 -5.393478741713821971e-17
9.686545561694335938e+08 -5.427711567241807709e-17
9.686545561696777344e+08 -5.459036599233147698e-17
9.686545561699218750e+08 -5.483695227635254187e-17
9.686545561701660156e+08 -5.504648151128123438e-17
9.686545561704101562e+08 -5.521120568537894522e-17
9.686545561706542969e+08 -5.530995441491429846e-17
9.686545561708984375e+08 -5.536161473472072711e-17
9.686545561711425781e+08 -5.537463353340526973e-17
9.686545561713867188e+08 -5.532863127140762400e-17
9.686545561716308594e+08 -5.525127930773025792e-17
9.686545561718750000e+08 -5.511832330430939892e-17
9.686545561721191406e+08 -5.495513429423301665e-17
9.686545561723632812e+08 -5.476054271130822867e-17
9.686545561726074219e+08 -5.451592398944197378e-17
9.686545561728515625e+08 -5.422010942934312548e-17
9.686545561730957031e+08 -5.390011498893365186e-17
9.686545561733398438e+08 -5.352280777169879982e-17
9.686545561735839844e+08 -5.308552960515102045e-17
9.686545561738281250e+08 -5.261277407936364543e-17
9.686545561740722656e+08 -5.211543355679719079e-17
9.686545561743164062e+08 -5.155475159857328605e-17
9.686545561745605469e+08 -5.097208843610931130e-17
9.686545561748046875e+08 -5.034546315330589277e-17
9.686545561750488281e+08 -4.968911534224103492e-17
9.686545561752929688e+08 -4.900368205076761213e-17
9.686545561755371094e+08 -4.828694748432555479e-17
9.686545561757812500e+08 -4.753029250037622683e-17
9.686545561760253906e+08 -4.674672414168354632e-17
9.686545561762695312e+08 -4.590695986428648559e-17
9.686545561765136719e+08 -4.504411097498709558e-17
9.686545561767578125e+08 -4.415952363861658595e-17
9.686545561770019531e+08 -4.321845286019675906e-17
9.686545561772460938e+08 -4.225883880332925400e-17
9.686545561774902344e+08 -4.127432704913005680e-17
9.686545561777343750e+08 -4.026226144562085171e-17
9.686545561779785156e+08 -3.923135675148610744e-17
9.686545561782226562e+08 -3.819236201477279510e-17
9.686545561784667969e+08 -3.710885544565316047e-17
9.686545561787109375e+08 -3.601361602198381762e-17
9.686545561789550781e+08 -3.489917706345799304e-17
9.686545561791992188e+08 -3.374391418701138185e-17
9.686545561794433594e+08 -3.258357889201546145e-17
9.686545561796875000e+08 -3.137895718676949089e-17
9.686545561799316406e+08 -3.018196121607932866e-17
9.686545561801757812e+08 -2.894269543322674615e-17
9.686545561804199219e+08 -2.770618069279943182e-17
9.686545561806640625e+08 -2.645450697730297584e-17
9.686545561809082031e+08 -2.518957518846774982e-17
9.686545561811523438e+08 -2.392724319909956143e-17
9.686545561813964844e+08 -2.265314200526706052e-17
9.686545561816406250e+08 -2.136052765519637237e-17
9.686545561818847656e+08 -2.006811866057544734e-17
9.686545561821289062e+08 -1.874816876934366401e-17
9.686545561823730469e+08 -1.742304840444791232e-17
9.686545561826171875e+08 -1.609579408813580832e-17
9.686545561828613281e+08 -1.474953123605804574e-17
9.686545561831054688e+08 -1.341445158629011436e-17
9.686545561833496094e+08 -1.206116670792894847e-17
9.686545561835937500e+08 -1.071681828305644182e-17
9.686545561838378906e+08 -9.387122276276034072e-18
9.686545561840820312e+08 -8.048116767035996923e-18
9.686545561843261719e+08 -6.714279088641937205e-18
9.686545561845703125e+08 -5.383114935701318756e-18
9.686545561848144531e+08 -4.050788276022299516e-18
9.686545561850585938e+08 -2.717509560298179855e-18
9.686545561853027344e+08 -1.377404709380869322e-18
9.686545561855468750e+08 -4.917883997911107785e-20
9.686545561857910156e+08 1.279828295485057274e-18
9.686545561860351562e+08 2.604547234887794272e-18
9.686545561862792969e+08 3.903416513493180748e-18
9.686545561865234375e+08 5.207308566132230860e-18
9.686545561867675781e+08 6.485326139421264269e-18
9.686545561870117188e+08 7.752472406387795859e-18
9.686545561872558594e+08 9.019051607865451906e-18
9.686545561875000000e+08 1.025829026998807527e-17
9.686545561877441406e+08 1.150029462671162795e-17
9.686545561879882812e+08 1.273075005003044438e-17
9.686545561882324219e+08 1.395299604058096946e-17
9.686545561884765625e+08 1.515824671337409554e-17
9.686545561887207031e+08 1.636022143527575741e-17
9.686545561889648438e+08 1.753491266451636696e-17
9.686545561892089844e+08 1.869978445652146775e-17
9.686545561894531250e+08 1.982809542618249019e-17
9.686545561896972656e+08 2.095069250036082564e-17
9.686545561899414062e+08 2.204454481649516203e-17
9.686545561901855469e+08 2.313069575039002072e-17
9.686545561904296875e+08 2.417976700239509622e-17
9.686545561906738281e+08 2.522990961885228236e-17
9.686545561909179688e+08 2.625841122714409566e-17
9.686545561911621094e+08 2.727347145769571289e-17
9.686545561914062500e+08 2.826103151174566443e-17
9.686545561916503906e+08 2.922976688765159835e-17
9.686545561918945312e+08 3.018647056909502795e-17
9.686545561921386719e+08 3.110726351286589863e-17
9.686545561923828125e+08 3.199868565133824612e-17
9.686545561926269531e+08 3.286882562124336458e-17
9.686545561928710938e+08 3.371340521768079298e-17
9.686545561931152344e+08 3.453377279118013637e-17
9.686545561933593750e+08 3.532248242248947017e-17
9.686545561936035156e+08 3.610532587647195156e-17
9.686545561938476562e+08 3.685636010324812294e-17
9.686545561940917969e+08 3.758012964488053860e-17
9.686545561943359375e+08 3.829421810737308235e-17
9.686545561945800781e+08 3.898122574414973164e-17
9.686545561948242188e+08 3.962804331242626104e-17
9.686545561950683594e+08 4.024448092507341530e-17
9.686545561953125000e+08 4.084552393862523900e-17
9.686545561955566406e+08 4.139966793728840567e-17
9.686545561958007812e+08 4.193039350038560123e-17
9.686545561960449219e+08 4.244365104216727409e-17
9.686545561962890625e+08 4.290942829175187892e-17
9.686545561965332031e+08 4.336510031521905912e-17
9.686545561967773438e+08 4.379508312646023282e-17
9.686545561970214844e+08 4.419196918844312848e-17
9.686545561972656250e+08 4.456664006926621867e-17
9.686545561975097656e+08 4.490910456451303503e-17
9.686545561977539062e+08 4.522493699603466667e-17
9.686545561979980469e+08 4.549428581398535419e-17
9.686545561982421875e+08 4.574318690884221701e-17
9.686545561984863281e+08 4.595343238465065487e-17
9.686545561987304688e+08 4.613248941452124001e-17
9.686545561989746094e+08 4.628159354221904796e-17
9.686545561992187500e+08 4.639395501610122136e-17
9.686545561994628906e+08 4.649537349833283466e-17
9.686545561997070312e+08 4.656237316311956145e-17
9.686545561999511719e+08 4.660381608023478375e-17
9.686545562001953125e+08 4.660677985044435502e-17
9.686545562004394531e+08 4.658241616639654559e-17
9.686545562006835938e+08 4.652913638383755221e-17
9.686545562009277344e+08 4.643290879981734617e-17
9.686545562011718750e+08 4.631276226983061745e-17
9.686545562014160156e+08 4.614887945316894211e-17
9.686545562016601562e+08 4.596696972171241804e-17
9.686545562019042969e+08 4.573688720882396842e-17
9.686545562021484375e+08 4.549163177471312031e-17
9.686545562023925781e+08 4.521455826881616348e-17
9.686545562026367188e+08 4.491354348024250736e-17
9.686545562028808594e+08 4.458521949876210579e-17
9.686545562031250000e+08 4.421802009422496644e-17
9.686545562033691406e+08 4.383213256818555587e-17
9.686545562036132812e+08 4.339537456022845501e-17
9.686545562038574219e+08 4.294801221104441723e-17
9.686545562041015625e+08 4.244898764562055104e-17
9.686545562043457031e+08 4.193231326088941434e-17
9.686545562045898438e+08 4.138466248391161827e-17
9.686545562048339844e+08 4.080680148938081597e-17
9.686545562050781250e+08 4.019712714608590390e-17
9.686545562053222656e+08 3.956739521799546998e-17
9.686545562055664062e+08 3.892673466042648573e-17
9.686545562058105469e+08 3.824065662686915046e-17
9.686545562060546875e+08 3.753351485679387541e-17
9.686545562062988281e+08 3.681441380066276834e-17
9.686545562065429688e+08 3.604233936937958818e-17
9.686545562067871094e+08 3.526120870527924414e-17
9.686545562070312500e+08 3.445008054911485516e-17
9.686545562072753906e+08 3.360789353767947025e-17
9.686545562075195312e+08 3.274939179053016781e-17
9.686545562077636719e+08 3.185938380121845362e-17
9.686545562080078125e+08 3.095205768778670713e-17
9.686545562082519531e+08 3.003671176794215580e-17
9.686545562084960938e+08 2.909134041417939502e-17
9.686545562087402344e+08 2.813633867458343013e-17
9.686545562089843750e+08 2.715908257712589750e-17
9.686545562092285156e+08 2.615808863359560623e-17
9.686545562094726562e+08 2.514639918463847796e-17
9.686545562097167969e+08 2.410131076217590507e-17
9.686545562099609375e+08 2.305298503288551740e-17
9.686545562102050781e+08 2.197071377454677559e-17
9.686545562104492188e+08 2.089102570400770376e-17
9.686545562106933594e+08 1.977983902662646636e-17
9.686545562109375000e+08 1.867783715705613545e-17
9.686545562111816406e+08 1.756402438057465983e-17
9.686545562114257812e+08 1.642529249959214635e-17
9.686545562116699219e+08 1.529912080849878547e-17
9.686545562119140625e+08 1.415778030737528912e-17
9.686545562121582031e+08 1.299461748263809294e-17
9.686545562124023438e+08 1.184088738539378757e-17
9.686545562126464844e+08 1.066307657946789991e-17
9.686545562128906250e+08 9.485085729233729050e-18
9.686545562131347656e+08 8.302918675036485307e-18
9.686545562133789062e+08 7.110021584782275177e-18
9.686545562136230469e+08 5.928257822621234251e-18
9.686545562138671875e+08 4.740588970939441237e-18
9.686545562141113281e+08 3.557785970341206128e-18
9.686545562143554688e+08 2.380920660856142800e-18
9.686545562145996094e+08 1.207584681508832242e-18
9.686545562148437500e+08 2.435231502664682998e-20
9.686545562150878906e+08 -1.143433659481447948e-18
9.686545562153320312e+08 -2.317362816113565196e-18
9.686545562155761719e+08 -3.485034689207496611e-18
9.686545562158203125e+08 -4.639663861483168607e-18
9.686545562160644531e+08 -5.793478070034689812e-18
9.686545562163085938e+08 -6.934537113879877082e-18
9.686545562165527344e+08 -8.064046421731172362e-18
9.686545562167968750e+08 -9.184765602655419975e-18
9.686545562170410156e+08 -1.028064375207911113e-17
9.686545562172851562e+08 -1.137200380060846863e-17
9.686545562175292969e+08 -1.243901156277184661e-17
9.686545562177734375e+08 -1.350483751587638824e-17
9.686545562180175781e+08 -1.453952073602571177e-17
9.686545562182617188e+08 -1.557089430014401991e-17
9.686545562185058594e+08 -1.658575232335386503e-17
9.686545562187500000e+08 -1.757479459926151131e-17
9.686545562189941406e+08 -1.855271874942779041e-17
9.686545562192382812e+08 -1.951250577705972543e-17
9.686545562194824219e+08 -2.043851837595657973e-17
9.686545562197265625e+08 -2.135094277635764213e-17
9.686545562199707031e+08 -2.222890334010422798e-17
9.686545562202148438e+08 -2.308956034336380873e-17
9.686545562204589844e+08 -2.391666056322810138e-17
9.686545562207031250e+08 -2.473018543499990878e-17
9.686545562209472656e+08 -2.551212969670386750e-17
9.686545562211914062e+08 -2.627785936736769891e-17
9.686545562214355469e+08 -2.701583733259617565e-17
9.686545562216796875e+08 -2.771724447926127491e-17
9.686545562219238281e+08 -2.839745843834994048e-17
9.686545562221679688e+08 -2.906349546603878087e-17
9.686545562224121094e+08 -2.968100782564691508e-17
9.686545562226562500e+08 -3.026080558596254072e-17
9.686545562229003906e+08 -3.082681359029911005e-17
9.686545562231445312e+08 -3.135965454275920337e-17
9.686545562233886719e+08 -3.184202640477812922e-17
9.686545562236328125e+08 -3.231218016596931818e-17
9.686545562238769531e+08 -3.274822820229100213e-17
9.686545562241210938e+08 -3.317089006429685834e-17
9.686545562243652344e+08 -3.353083123080164402e-17
9.686545562246093750e+08 -3.388689404215591728e-17
9.686545562248535156e+08 -3.420118909732002598e-17
9.686545562250976562e+08 -3.448335362034493710e-17
9.686545562253417969e+08 -3.473399731009302831e-17
9.686545562255859375e+08 -3.494534105254305591e-17
9.686545562258300781e+08 -3.512853399961389678e-17
9.686545562260742188e+08 -3.526746682313518530e-17
9.686545562263183594e+08 -3.539089617296607407e-17
9.686545562265625000e+08 -3.547629469687092868e-17
9.686545562268066406e+08 -3.553179327638416919e-17
9.686545562270507812e+08 -3.556221923851547061e-17
9.686545562272949219e+08 -3.555373183595829950e-17
9.686545562275390625e+08 -3.552205139505901831e-17
9.686545562277832031e+08 -3.545850332734622331e-17
9.686545562280273438e+08 -3.536170703902560228e-17
9.686545562282714844e+08 -3.523334172866854898e-17
9.686545562285156250e+08 -3.507513772207942724e-17
9.686545562287597656e+08 -3.486961965512881621e-17
9.686545562290039062e+08 -3.465520648101924031e-17
9.686545562292480469e+08 -3.440877927521310034e-17
9.686545562294921875e+08 -3.412998600422691097e-17
9.686545562297363281e+08 -3.383575289644629955e-17
9.686545562299804688e+08 -3.351162306148484435e-17
9.686545562302246094e+08 -3.315096842442674262e-17
9.686545562304687500e+08 -3.277430637041742490e-17
9.686545562307128906e+08 -3.236862872731203672e-17
9.686545562309570312e+08 -3.194136102267018987e-17
9.686545562312011719e+08 -3.148440997110790457e-17
9.686545562314453125e+08 -3.100001235302899103e-17
9.686545562316894531e+08 -3.050026805066874664e-17
9.686545562319335938e+08 -2.997684808340159226e-17
9.686545562321777344e+08 -2.941800876834401754e-17
9.686545562324218750e+08 -2.885850931957179708e-17
9.686545562326660156e+08 -2.827670396236285562e-17
9.686545562329101562e+08 -2.766928543675063459e-17
9.686545562331542969e+08 -2.704390600708013600e-17
9.686545562333984375e+08 -2.640222059153655020e-17
9.686545562336425781e+08 -2.574435045661631123e-17
9.686545562338867188e+08 -2.506661730615085115e-17
9.686545562341308594e+08 -2.437734321646652880e-17
9.686545562343750000e+08 -2.366285869390373007e-17
9.686545562346191406e+08 -2.293224769604940649e-17
9.686545562348632812e+08 -2.220222875604764943e-17
9.686545562351074219e+08 -2.144555642039000612e-17
9.686545562353515625e+08 -2.067787484126090797e-17
9.686545562355957031e+08 -1.991836487022437887e-17
9.686545562358398438e+08 -1.913651989198975273e-17
9.686545562360839844e+08 -1.833048796138997271e-17
9.686545562363281250e+08 -1.753075978464619623e-17
9.686545562365722656e+08 -1.672215280275324248e-17
9.686545562368164062e+08 -1.590345610729184858e-17
9.686545562370605469e+08 -1.508120120633685943e-17
9.686545562373046875e+08 -1.424299850207263224e-17
9.686545562375488281e+08 -1.340031143222065583e-17
9.686545562377929688e+08 -1.255451570252698409e-17
9.686545562380371094e+08 -1.170254927119356189e-17
9.686545562382812500e+08 -1.084603742496276193e-17
9.686545562385253906e+08 -9.998357901690109020e-18
9.686545562387695312e+08 -9.143977780992862494e-18
9.686545562390136719e+08 -8.271103764062245223e-18
9.686545562392578125e+08 -7.426009622570498430e-18
9.686545562395019531e+08 -6.567734667794365551e-18
9.686545562397460938e+08 -5.692710385727027552e-18
9.686545562399902344e+08 -4.842271615806509681e-18
9.686545562402343750e+08 -3.974435327458654749e-18
9.686545562404785156e+08 -3.114932364049371561e-18
9.686545562407226562e+08 -2.253058583122950175e-18
9.686545562409667969e+08 -1.390326898198455771e-18
9.686545562412109375e+08 -5.520243134978877676e-19
9.686545562414550781e+08 2.940137318298342242e-19
9.686545562416992188e+08 1.139601198012278942e-18
9.686545562419433594e+08 1.976048250603802977e-18
9.686545562421875000e+08 2.803820548610681401e-18
9.686545562424316406e+08 3.633561062847670324e-18
9.686545562426757812e+08 4.457308904764998714e-18
9.686545562429199219e+08 5.263436893729848550e-18
9.686545562431640625e+08 6.083929667112515146e-18
9.686545562434082031e+08 6.888990618987823959e-18
9.686545562436523438e+08 7.679832407423239329e-18
9.686545562438964844e+08 8.468668251061998552e-18
9.686545562441406250e+08 9.247933924799065761e-18
9.686545562443847656e+08 1.000453031710997229e-17
9.686545562446289062e+08 1.076792241420594862e-17
9.686545562448730469e+08 1.151755338613682135e-17
9.686545562451171875e+08 1.226340691553304543e-17
9.686545562453613281e+08 1.299190781886429359e-17
9.686545562456054688e+08 1.371142986970622635e-17
9.686545562458496094e+08 1.441816500000664003e-17
9.686545562460937500e+08 1.512838492700829044e-17
9.686545562463378906e+08 1.582124814899889057e-17
9.686545562465820312e+08 1.649052884852315383e-17
9.686545562468261719e+08 1.716219768530491492e-17
9.686545562470703125e+08 1.780370062499715902e-17
9.686545562473144531e+08 1.844513583682973770e-17
9.686545562475585938e+08 1.907838837472109088e-17
9.686545562478027344e+08 1.969095511630419440e-17
9.686545562480468750e+08 2.028759041049027558e-17
9.686545562482910156e+08 2.088414469891203713e-17
9.686545562485351562e+08 2.145817808144803679e-17
9.686545562487792969e+08 2.201322651989939175e-17
9.686545562490234375e+08 2.256995075751722953e-17
9.686545562492675781e+08 2.310007273326501835e-17
9.686545562495117188e+08 2.361893581195634569e-17
9.686545562497558594e+08 2.412796217753159660e-17
9.686545562500000000e+08 2.460032707322113620e-17
9.686545562502441406e+08 2.508532974195935247e-17
9.686545562504882812e+08 2.553996648923269254e-17
9.686545562507324219e+08 2.598461870356430611e-17
9.686545562509765625e+08 2.641483868282950290e-17
9.686545562512207031e+08 2.682357562732031502e-17
9.686545562514648438e+08 2.721680492129047618e-17
9.686545562517089844e+08 2.759607447316626921e-17
9.686545562519531250e+08 2.796419965128203181e-17
9.686545562521972656e+08 2.830605122762715925e-17
9.686545562524414062e+08 2.863233595088653301e-17
9.686545562526855469e+08 2.894730363347482823e-17
9.686545562529296875e+08 2.923075154178940870e-17
9.686545562531738281e+08 2.950725735637238935e-17
9.686545562534179688e+08 2.976568134368862991e-17
9.686545562536621094e+08 3.000586418906644471e-17
9.686545562539062500e+08 3.022061084601694905e-17
9.686545562541503906e+08 3.042293153148330713e-17
9.686545562543945312e+08 3.061066259958380136e-17
9.686545562546386719e+08 3.077164431588386552e-17
9.686545562548828125e+08 3.092627865170678724e-17
9.686545562551269531e+08 3.103538628491812668e-17
9.686545562553710938e+08 3.114976464675219485e-17
9.686545562556152344e+08 3.123694485474863018e-17
9.686545562558593750e+08 3.128226712103379573e-17
9.686545562561035156e+08 3.133731314166616995e-17
9.686545562563476562e+08 3.136660864257785761e-17
9.686545562565917969e+08 3.136474458008120691e-17
9.686545562568359375e+08 3.135709192354765185e-17
9.686545562570800781e+08 3.131899627815971370e-17
9.686545562573242188e+08 3.125785827437862602e-17
9.686545562575683594e+08 3.118167996501058762e-17
9.686545562578125000e+08 3.109288687812063635e-17
9.686545562580566406e+08 3.096479992380249563e-17
9.686545562583007812e+08 3.081705274805288815e-17
9.686545562585449219e+08 3.066122035908768224e-17
9.686545562587890625e+08 3.046021064890690304e-17
9.686545562590332031e+08 3.026449630428670363e-17
9.686545562592773438e+08 3.003532627324853268e-17
9.686545562595214844e+08 2.979151495480913944e-17
9.686545562597656250e+08 2.952901127567564915e-17
9.686545562600097656e+08 2.923301444026667402e-17
9.686545562602539062e+08 2.891802818169785614e-17
9.686545562604980469e+08 2.858970046649811452e-17
9.686545562607421875e+08 2.823635171671919591e-17
9.686545562609863281e+08 2.784686966253296697e-17
9.686545562612304688e+08 2.746464972048881465e-17
9.686545562614746094e+08 2.703576429087032263e-17
9.686545562617187500e+08 2.659212270286794262e-17
9.686545562619628906e+08 2.614576155775532439e-17
9.686545562622070312e+08 2.566684736585591056e-17
9.686545562624511719e+08 2.516392710124200463e-17
9.686545562626953125e+08 2.465236846104340828e-17
9.686545562629394531e+08 2.411164351224249569e-17
9.686545562631835938e+08 2.355427933236338249e-17
9.686545562634277344e+08 2.298177900570725296e-17
9.686545562636718750e+08 2.238001005214195330e-17
9.686545562639160156e+08 2.177352293160569949e-17
9.686545562641601562e+08 2.113422113901455413e-17
9.686545562644042969e+08 2.047843327231417863e-17
9.686545562646484375e+08 1.980290179984134278e-17
9.686545562648925781e+08 1.914382402638996301e-17
9.686545562651367188e+08 1.842979635512419997e-17
9.686545562653808594e+08 1.772197752971167212e-17
9.686545562656250000e+08 1.699241803857922049e-17
9.686545562658691406e+08 1.624008051670176448e-17
9.686545562661132812e+08 1.548598109858385247e-17
9.686545562663574219e+08 1.471064178888997535e-17
9.686545562666015625e+08 1.392709905830947284e-17
9.686545562668457031e+08 1.312128905841163446e-17
9.686545562670898438e+08 1.231402976267407488e-17
9.686545562673339844e+08 1.147835564706090583e-17
9.686545562675781250e+08 1.065152926734857729e-17
9.686545562678222656e+08 9.821795727663406313e-18
9.686545562680664062e+08 8.958831510697679256e-18
9.686545562683105469e+08 8.110752369035783190e-18
9.686545562685546875e+08 7.246842404766541270e-18
9.686545562687988281e+08 6.364601543419737818e-18
9.686545562690429688e+08 5.496947672083128132e-18
9.686545562692871094e+08 4.605894373556076912e-18
9.686545562695312500e+08 3.720085470229020467e-18
9.686545562697753906e+08 2.820524889220171271e-18
9.686545562700195312e+08 1.935210282818220189e-18
9.686545562702636719e+08 1.022195846239816133e-18
9.686545562705078125e+08 1.255218468925319963e-19
9.686545562707519531e+08 -7.637427087811972129e-19
9.686545562709960938e+08 -1.663943858607905090e-18
9.686545562712402344e+08 -2.550094693238743343e-18
9.686545562714843750e+08 -3.444691256307337261e-18
9.686545562717285156e+08 -4.332284727119416644e-18
9.686545562719726562e+08 -5.219529484413588477e-18
9.686545562722167969e+08 -6.095825759727133838e-18
9.686545562724609375e+08 -6.974202806112975841e-18
9.686545562727050781e+08 -7.839219394622295858e-18
9.686545562729492188e+08 -8.708332409936387198e-18
9.686545562731933594e+08 -9.569998879502445466e-18
9.686545562734375000e+08 -1.039124793384939885e-17
9.686545562736816406e+08 -1.121690567354422572e-17
9.686545562739257812e+08 -1.204138062180274997e-17
9.686545562741699219e+08 -1.282978937123264807e-17
9.686545562744140625e+08 -1.362871120082960648e-17
9.686545562746582031e+08 -1.440980611256906944e-17
9.686545562749023438e+08 -1.516108207968885635e-17
9.686545562751464844e+08 -1.592025042911850288e-17
9.686545562753906250e+08 -1.664902702634252665e-17
9.686545562756347656e+08 -1.736732940958554115e-17
9.686545562758789062e+08 -1.806471801163489056e-17
9.686545562761230469e+08 -1.875224027894662101e-17
9.686545562763671875e+08 -1.940165527797687309e-17
9.686545562766113281e+08 -2.002804250510517508e-17
9.686545562768554688e+08 -2.064262923418427852e-17
9.686545562770996094e+08 -2.123582400136744697e-17
9.686545562773437500e+08 -2.180447674243516286e-17
9.686545562775878906e+08 -2.235442608042091327e-17
9.686545562778320312e+08 -2.288092989248576868e-17
9.686545562780761719e+08 -2.338877845604866899e-17
9.686545562783203125e+08 -2.386971629592638677e-17
9.686545562785644531e+08 -2.431674550247542504e-17
9.686545562788085938e+08 -2.475085679826115943e-17
9.686545562790527344e+08 -2.515216327525676618e-17
9.686545562792968750e+08 -2.551985634272615076e-17
9.686545562795410156e+08 -2.587414364986500260e-17
9.686545562797851562e+08 -2.618596587590924332e-17
9.686545562800292969e+08 -2.647343357883761050e-17
9.686545562802734375e+08 -2.674375730894575206e-17
9.686545562805175781e+08 -2.698212226172721027e-17
9.686545562807617188e+08 -2.719405863867505900e-17
9.686545562810058594e+08 -2.737424575159185728e-17
9.686545562812500000e+08 -2.752723861284910075e-17
9.686545562814941406e+08 -2.767301602961596971e-17
9.686545562817382812e+08 -2.777121502284304156e-17
9.686545562819824219e+08 -2.783922880167852130e-17
9.686545562822265625e+08 -2.787451240667989801e-17
9.686545562824707031e+08 -2.788671745146375624e-17
9.686545562827148438e+08 -2.786906278559492471e-17
9.686545562829589844e+08 -2.781263924321010694e-17
9.686545562832031250e+08 -2.775407092691033885e-17
9.686545562834472656e+08 -2.765121521316038555e-17
9.686545562836914062e+08 -2.752417722618402061e-17
9.686545562839355469e+08 -2.736546153241542938e-17
9.686545562841796875e+08 -2.719723332352445096e-17
9.686545562844238281e+08 -2.698632955349059924e-17
9.686545562846679688e+08 -2.676350241952470343e-17
9.686545562849121094e+08 -2.650491980195930250e-17
9.686545562851562500e+08 -2.620747662874599329e-17
9.686545562854003906e+08 -2.589568563191869178e-17
9.686545562856445312e+08 -2.555041007124619506e-17
9.686545562858886719e+08 -2.519532088314853093e-17
9.686545562861328125e+08 -2.479723206485433718e-17
9.686545562863769531e+08 -2.439639612303364595e-17
9.686545562866210938e+08 -2.396223485875349363e-17
9.686545562868652344e+08 -2.351350449327895346e-17
9.686545562871093750e+08 -2.304909983434247792e-17
9.686545562873535156e+08 -2.255613178514727933e-17
9.686545562875976562e+08 -2.205396186953977659e-17
9.686545562878417969e+08 -2.150815077103505601e-17
9.686545562880859375e+08 -2.095429246042530519e-17
9.686545562883300781e+08 -2.036901618365010196e-17
9.686545562885742188e+08 -1.977487430530464074e-17
9.686545562888183594e+08 -1.916784317982647592e-17
9.686545562890625000e+08 -1.854541351388331281e-17
9.686545562893066406e+08 -1.790385275215752868e-17
9.686545562895507812e+08 -1.724999864845728821e-17
9.686545562897949219e+08 -1.658642887120082139e-17
9.686545562900390625e+08 -1.591607041705070666e-17
9.686545562902832031e+08 -1.522356522154859288e-17
9.686545562905273438e+08 -1.452702537580198144e-17
9.686545562907714844e+08 -1.380047025738548927e-17
9.686545562910156250e+08 -1.306833767785599210e-17
9.686545562912597656e+08 -1.232898198700726749e-17
9.686545562915039062e+08 -1.157138432204143286e-17
9.686545562917480469e+08 -1.082836487725354229e-17
9.686545562919921875e+08 -1.005682629164616293e-17
9.686545562922363281e+08 -9.304676421857860188e-18
9.686545562924804688e+08 -8.527250357472402999e-18
9.686545562927246094e+08 -7.752512638263931490e-18
9.686545562929687500e+08 -6.985707308704515278e-18
9.686545562932128906e+08 -6.194194625978112282e-18
9.686545562934570312e+08 -5.423105613255952494e-18
9.686545562937011719e+08 -4.621453090218768690e-18
9.686545562939453125e+08 -3.830562224498256815e-18
9.686545562941894531e+08 -3.031685576504450469e-18
9.686545562944335938e+08 -2.234619874395755042e-18
9.686545562946777344e+08 -1.459804169199198818e-18
9.686545562949218750e+08 -6.556645575766819878e-19
9.686545562951660156e+08 1.215211042907461698e-19
9.686545562954101562e+08 9.029249459723365440e-19
9.686545562956542969e+08 1.681912819381465064e-18
9.686545562958984375e+08 2.449900344669262284e-18
9.686545562961425781e+08 3.212717972929653258e-18
9.686545562963867188e+08 3.966840720144531456e-18
9.686545562966308594e+08 4.742095307102402274e-18
9.686545562968750000e+08 5.493770569803160456e-18
9.686545562971191406e+08 6.242474314804176450e-18
9.686545562973632812e+08 6.983053530013257582e-18
9.686545562976074219e+08 7.709392558555527000e-18
9.686545562978515625e+08 8.432663473145935947e-18
9.686545562980957031e+08 9.145807971726351785e-18
9.686545562983398438e+08 9.843564735479001693e-18
9.686545562985839844e+08 1.053172430691922177e-17
9.686545562988281250e+08 1.119487601375632730e-17
9.686545562990722656e+08 1.185937972776049856e-17
9.686545562993164062e+08 1.252511011678608940e-17
9.686545562995605469e+08 1.316718146247522344e-17
9.686545562998046875e+08 1.380865582307216637e-17
9.686545563000488281e+08 1.443913292328221053e-17
9.686545563002929688e+08 1.504922335151659304e-17
9.686545563005371094e+08 1.564707303850500934e-17
9.686545563007812500e+08 1.622990758009814334e-17
9.686545563010253906e+08 1.680339053355516340e-17
9.686545563012695312e+08 1.735123446363908657e-17
9.686545563015136719e+08 1.787732533135726203e-17
9.686545563017578125e+08 1.840419515930916289e-17
9.686545563020019531e+08 1.890610308290866634e-17
9.686545563022460938e+08 1.940450495810521907e-17
9.686545563024902344e+08 1.988818679065705766e-17
9.686545563027343750e+08 2.036693077631990561e-17
9.686545563029785156e+08 2.082537621593922460e-17
9.686545563032226562e+08 2.125802307095311574e-17
9.686545563034667969e+08 2.167855598858254597e-17
9.686545563037109375e+08 2.209115856218911089e-17
9.686545563039550781e+08 2.246956530362575191e-17
9.686545563041992188e+08 2.283720118979663505e-17
9.686545563044433594e+08 2.318033198463465010e-17
9.686545563046875000e+08 2.351094627454298307e-17
9.686545563049316406e+08 2.383648239955013887e-17
9.686545563051757812e+08 2.413707591104897203e-17
9.686545563054199219e+08 2.443695689975340010e-17
9.686545563056640625e+08 2.471509953262542100e-17
9.686545563059082031e+08 2.497706064980903484e-17
9.686545563061523438e+08 2.522402785823921414e-17
9.686545563063964844e+08 2.544081715076494266e-17
9.686545563066406250e+08 2.565033082670278834e-17
9.686545563068847656e+08 2.583447273900444662e-17
9.686545563071289062e+08 2.600366550937433656e-17
9.686545563073730469e+08 2.615150548408103448e-17
9.686545563076171875e+08 2.628423117881447505e-17
9.686545563078613281e+08 2.639607165871955228e-17
9.686545563081054688e+08 2.650576886849637334e-17
9.686545563083496094e+08 2.660930991209525445e-17
9.686545563085937500e+08 2.667802925687213489e-17
9.686545563088378906e+08 2.674521966762346114e-17
9.686545563090820312e+08 2.678146119403133222e-17
9.686545563093261719e+08 2.680246169581156698e-17
9.686545563095703125e+08 2.680579008702913320e-17
9.686545563098144531e+08 2.679599771756610147e-17
9.686545563100585938e+08 2.675432826012251206e-17
9.686545563103027344e+08 2.670361175684341634e-17
9.686545563105468750e+08 2.662310617321406997e-17
9.686545563107910156e+08 2.656031458096263916e-17
9.686545563110351562e+08 2.645434075700392084e-17
9.686545563112792969e+08 2.634656704936329201e-17
9.686545563115234375e+08 2.623669534157440165e-17
9.686545563117675781e+08 2.609360705582641593e-17
9.686545563120117188e+08 2.593058554403823080e-17
9.686545563122558594e+08 2.575043289627813900e-17
9.686545563125000000e+08 2.556356823025073838e-17
9.686545563127441406e+08 2.535194951259125966e-17
9.686545563129882812e+08 2.511627819431020993e-17
9.686545563132324219e+08 2.485550865329778786e-17
9.686545563134765625e+08 2.459864901942675383e-17
9.686545563137207031e+08 2.432653151137358388e-17
9.686545563139648438e+08 2.403668198211080757e-17
9.686545563142089844e+08 2.373840963741298219e-17
9.686545563144531250e+08 2.342124208205502580e-17
9.686545563146972656e+08 2.309871228130269791e-17
9.686545563149414062e+08 2.273527743995352923e-17
9.686545563151855469e+08 2.237435242939124151e-17
9.686545563154296875e+08 2.198468723959887539e-17
9.686545563156738281e+08 2.159157029162743754e-17
9.686545563159179688e+08 2.116871525650862280e-17
9.686545563161621094e+08 2.072242051694484318e-17
9.686545563164062500e+08 2.028102154929077773e-17
9.686545563166503906e+08 1.982430604736229382e-17
9.686545563168945312e+08 1.935180361796140909e-17
9.686545563171386719e+08 1.888259278180881153e-17
9.686545563173828125e+08 1.839160967385168466e-17
9.686545563176269531e+08 1.788004745798428935e-17
9.686545563178710938e+08 1.735696626375235784e-17
9.686545563181152344e+08 1.682030584713154159e-17
9.686545563183593750e+08 1.627209891055308994e-17
9.686545563186035156e+08 1.569960580068672666e-17
9.686545563188476562e+08 1.511937725764914871e-17
9.686545563190917969e+08 1.450935778056063269e-17
9.686545563193359375e+08 1.391500575962155022e-17
9.686545563195800781e+08 1.330724260162863265e-17
9.686545563198242188e+08 1.269045514386037170e-17
9.686545563200683594e+08 1.206534090435328078e-17
9.686545563203125000e+08 1.143317852238512751e-17
9.686545563205566406e+08 1.078185199972280777e-17
9.686545563208007812e+08 1.011792843238322957e-17
9.686545563210449219e+08 9.459351675511498533e-18
9.686545563212890625e+08 8.769848238666246702e-18
9.686545563215332031e+08 8.078041953795562430e-18
9.686545563217773438e+08 7.382611978599386765e-18
9.686545563220214844e+08 6.653929156481318204e-18
9.686545563222656250e+08 5.954862291507644597e-18
9.686545563225097656e+08 5.238715809142475275e-18
9.686545563227539062e+08 4.526664138701335969e-18
9.686545563229980469e+08 3.812335017317143138e-18
9.686545563232421875e+08 3.090389820531029457e-18
9.686545563234863281e+08 2.359107131232835672e-18
9.686545563237304688e+08 1.624021106288324173e-18
9.686545563239746094e+08 8.837161674361770819e-19
9.686545563242187500e+08 1.436032868860006433e-19
9.686545563244628906e+08 -6.100895029703529478e-19
9.686545563247070312e+08 -1.368767060245807610e-18
9.686545563249511719e+08 -2.108696917902039304e-18
9.686545563251953125e+08 -2.862103916873909167e-18
9.686545563254394531e+08 -3.598701326003758914e-18
9.686545563256835938e+08 -4.336915636928199242e-18
9.686545563259277344e+08 -5.060214851763980035e-18
9.686545563261718750e+08 -5.795401151032229241e-18
9.686545563264160156e+08 -6.519355410441254206e-18
9.686545563266601562e+08 -7.243683621651596613e-18
9.686545563269042969e+08 -7.968379695075661328e-18
9.686545563271484375e+08 -8.686408257525429196e-18
9.686545563273925781e+08 -9.400247544765808130e-18
9.686545563276367188e+08 -1.011947018374585003e-17
9.686545563278808594e+08 -1.081977032001556948e-17
9.686545563281250000e+08 -1.150813898012793808e-17
9.686545563283691406e+08 -1.218425893686069089e-17
9.686545563286132812e+08 -1.283120793999607861e-17
9.686545563288574219e+08 -1.348455280197042089e-17
9.686545563291015625e+08 -1.411887432309817982e-17
9.686545563293457031e+08 -1.474969741820226534e-17
9.686545563295898438e+08 -1.536609933948483836e-17
9.686545563298339844e+08 -1.597346206075108334e-17
9.686545563300781250e+08 -1.656699402661116990e-17
9.686545563303222656e+08 -1.715203245888758912e-17
9.686545563305664062e+08 -1.773698994701276684e-17
9.686545563308105469e+08 -1.828456371659641463e-17
9.686545563310546875e+08 -1.881090303195361434e-17
9.686545563312988281e+08 -1.932560682566521845e-17
9.686545563315429688e+08 -1.980924587643857477e-17
9.686545563317871094e+08 -2.026909941272831701e-17
9.686545563320312500e+08 -2.072746037507894074e-17
9.686545563322753906e+08 -2.117006444653734716e-17
9.686545563325195312e+08 -2.158712719442319990e-17
9.686545563327636719e+08 -2.198413547914562726e-17
9.686545563330078125e+08 -2.236854443676287286e-17
9.686545563332519531e+08 -2.273907731869130376e-17
9.686545563334960938e+08 -2.309353968062543795e-17
9.686545563337402344e+08 -2.340325931911490303e-17
9.686545563339843750e+08 -2.370105904997099586e-17
9.686545563342285156e+08 -2.396758719018491685e-17
9.686545563344726562e+08 -2.419250183473608119e-17
9.686545563347167969e+08 -2.441963746087296598e-17
9.686545563349609375e+08 -2.461424015897420330e-17
9.686545563352050781e+08 -2.478553188160644045e-17
9.686545563354492188e+08 -2.494526740542400740e-17
9.686545563356933594e+08 -2.507166700557322329e-17
9.686545563359375000e+08 -2.518204570124144204e-17
9.686545563361816406e+08 -2.527708974109589518e-17
9.686545563364257812e+08 -2.534371602232252039e-17
9.686545563366699219e+08 -2.538144945657276585e-17
9.686545563369140625e+08 -2.539265213258604100e-17
9.686545563371582031e+08 -2.536565755930628755e-17
9.686545563374023438e+08 -2.531991094271728407e-17
9.686545563376464844e+08 -2.524426132263506255e-17
9.686545563378906250e+08 -2.515251193849258872e-17
9.686545563381347656e+08 -2.504610415789600362e-17
9.686545563383789062e+08 -2.490799068836939261e-17
9.686545563386230469e+08 -2.474810802233533391e-17
9.686545563388671875e+08 -2.456758245252258690e-17
9.686545563391113281e+08 -2.437873564454779843e-17
9.686545563393554688e+08 -2.416692681512138839e-17
9.686545563395996094e+08 -2.391793580520613506e-17
9.686545563398437500e+08 -2.363747515530811147e-17
9.686545563400878906e+08 -2.333401255764111733e-17
9.686545563403320312e+08 -2.301410129952139782e-17
9.686545563405761719e+08 -2.266245906622531149e-17
9.686545563408203125e+08 -2.229667387157368166e-17
9.686545563410644531e+08 -2.192664844282959574e-17
9.686545563413085938e+08 -2.151617297529736506e-17
9.686545563415527344e+08 -2.110568183280211715e-17
9.686545563417968750e+08 -2.067406432932434065e-17
9.686545563420410156e+08 -2.023369113707153432e-17
9.686545563422851562e+08 -1.976989716864429726e-17
9.686545563425292969e+08 -1.928374300463796353e-17
9.686545563427734375e+08 -1.877734006864148516e-17
9.686545563430175781e+08 -1.823885235468636871e-17
9.686545563432617188e+08 -1.769226866687041912e-17
9.686545563435058594e+08 -1.713637733969145721e-17
9.686545563437500000e+08 -1.657043529940480021e-17
9.686545563439941406e+08 -1.597917513628849756e-17
9.686545563442382812e+08 -1.539463555177977915e-17
9.686545563444824219e+08 -1.479404412412729435e-17
9.686545563447265625e+08 -1.418566240916561936e-17
9.686545563449707031e+08 -1.357096842402014587e-17
9.686545563452148438e+08 -1.294706555524464885e-17
9.686545563454589844e+08 -1.230530103602118526e-17
9.686545563457031250e+08 -1.164156248828885175e-17
9.686545563459472656e+08 -1.097238802239073052e-17
9.686545563461914062e+08 -1.029419214611146981e-17
9.686545563464355469e+08 -9.617193696348020921e-18
9.686545563466796875e+08 -8.922757947313544477e-18
9.686545563469238281e+08 -8.246191810616943117e-18
9.686545563471679688e+08 -7.561505157712498827e-18
9.686545563474121094e+08 -6.869539363089136487e-18
9.686545563476562500e+08 -6.184948950394343270e-18
9.686545563479003906e+08 -5.512644517440543729e-18
9.686545563481445312e+08 -4.818499189353756612e-18
9.686545563483886719e+08 -4.121326767830178746e-18
9.686545563486328125e+08 -3.419677241814737961e-18
9.686545563488769531e+08 -2.710410036238547790e-18
9.686545563491210938e+08 -2.012695268653765205e-18
9.686545563493652344e+08 -1.307430261882836895e-18
9.686545563496093750e+08 -6.251180881544483286e-19
9.686545563498535156e+08 6.707796140140637602e-20
9.686545563500976562e+08 7.367651580601001989e-19
9.686545563503417969e+08 1.413759461590820965e-18
9.686545563505859375e+08 2.077971505757335770e-18
9.686545563508300781e+08 2.718561943733726706e-18
9.686545563510742188e+08 3.378632915582070090e-18
9.686545563513183594e+08 4.026517347070660742e-18
9.686545563515625000e+08 4.678328384880703738e-18
9.686545563518066406e+08 5.323822381032527763e-18
9.686545563520507812e+08 5.957717305185513371e-18
9.686545563522949219e+08 6.575755304841939063e-18
9.686545563525390625e+08 7.197800586613335231e-18
9.686545563527832031e+08 7.785216679671913132e-18
9.686545563530273438e+08 8.378264429049872461e-18
9.686545563532714844e+08 8.948893993513435639e-18
9.686545563535156250e+08 9.500121515483360012e-18
9.686545563537597656e+08 1.004364133495987396e-17
9.686545563540039062e+08 1.057483358282800995e-17
9.686545563542480469e+08 1.110989200458375233e-17
9.686545563544921875e+08 1.163803843541445671e-17
9.686545563547363281e+08 1.215154986072794211e-17
9.686545563549804688e+08 1.265153191682023724e-17
9.686545563552246094e+08 1.313890841349933093e-17
9.686545563554687500e+08 1.360707881820672402e-17
9.686545563557128906e+08 1.405635453988080765e-17
9.686545563559570312e+08 1.449832807746817576e-17
9.686545563562011719e+08 1.491911906090964627e-17
9.686545563564453125e+08 1.530959453891777577e-17
9.686545563566894531e+08 1.569617208542415691e-17
9.686545563569335938e+08 1.608329176873720020e-17
9.686545563571777344e+08 1.645035031286185566e-17
9.686545563574218750e+08 1.681612884178441511e-17
9.686545563576660156e+08 1.716819389668567359e-17
9.686545563579101562e+08 1.750850021996396770e-17
9.686545563581542969e+08 1.782810370449388154e-17
9.686545563583984375e+08 1.812123137424023316e-17
9.686545563586425781e+08 1.841991211210147532e-17
9.686545563588867188e+08 1.868024446964077206e-17
9.686545563591308594e+08 1.892862990119032169e-17
9.686545563593750000e+08 1.916276218363776945e-17
9.686545563596191406e+08 1.937902792836314685e-17
9.686545563598632812e+08 1.958612330984887307e-17
9.686545563601074219e+08 1.980089600817360927e-17
9.686545563603515625e+08 2.000048804113260090e-17
9.686545563605957031e+08 2.018781212240094311e-17
9.686545563608398438e+08 2.035532589237427482e-17
9.686545563610839844e+08 2.050789919845258295e-17
9.686545563613281250e+08 2.065123728430128132e-17
9.686545563615722656e+08 2.076606751783564786e-17
9.686545563618164062e+08 2.087642574910510687e-17
9.686545563620605469e+08 2.096676265272717426e-17
9.686545563623046875e+08 2.104303923752357713e-17
9.686545563625488281e+08 2.109585962063709868e-17
9.686545563627929688e+08 2.116896593203790740e-17
9.686545563630371094e+08 2.121959543180418174e-17
9.686545563632812500e+08 2.126818635438743520e-17
9.686545563635253906e+08 2.131175011238408034e-17
9.686545563637695312e+08 2.132135768389662532e-17
9.686545563640136719e+08 2.134176678924695054e-17
9.686545563642578125e+08 2.133290727738586856e-17
9.686545563645019531e+08 2.130212038227845359e-17
9.686545563647460938e+08 2.127398431932194995e-17
9.686545563649902344e+08 2.123133969996713099e-17
9.686545563652343750e+08 2.115753850356445777e-17
9.686545563654785156e+08 2.108853531028153488e-17
9.686545563657226562e+08 2.102218823439044920e-17
9.686545563659667969e+08 2.094639222071971192e-17
9.686545563662109375e+08 2.086542648141336480e-17
9.686545563664550781e+08 2.076929930856770842e-17
9.686545563666992188e+08 2.067132492167661426e-17
9.686545563669433594e+08 2.055260593303060534e-17
9.686545563671875000e+08 2.041547182391432551e-17
9.686545563674316406e+08 2.028102091256569785e-17
9.686545563676757812e+08 2.013406241112248886e-17
9.686545563679199219e+08 1.994765112274221611e-17
9.686545563681640625e+08 1.978453051882061834e-17
9.686545563684082031e+08 1.959008867996125027e-17
9.686545563686523438e+08 1.941646784926002560e-17
9.686545563688964844e+08 1.922028502356720617e-17
9.686545563691406250e+08 1.903638259375283828e-17
9.686545563693847656e+08 1.884180928460414153e-17
9.686545563696289062e+08 1.861598570760142784e-17
9.686545563698730469e+08 1.839983876896078230e-17
9.686545563701171875e+08 1.815645230188778002e-17
9.686545563703613281e+08 1.791543538531457559e-17
9.686545563706054688e+08 1.765173217136416162e-17
9.686545563708496094e+08 1.739069566427677612e-17
9.686545563710937500e+08 1.708936922596156639e-17
9.686545563713378906e+08 1.682659972448067405e-17
9.686545563715820312e+08 1.653165682081212876e-17
9.686545563718261719e+08 1.624773588075324755e-17
9.686545563720703125e+08 1.597066957264843132e-17
9.686545563723144531e+08 1.566141408791854925e-17
9.686545563725585938e+08 1.534703664384516375e-17
9.686545563728027344e+08 1.503705975253573859e-17
9.686545563730468750e+08 1.470286238818604446e-17
9.686545563732910156e+08 1.435697519203567020e-17
9.686545563735351562e+08 1.401003768690955473e-17
9.686545563737792969e+08 1.364323449162530246e-17
9.686545563740234375e+08 1.326842772308187897e-17
9.686545563742675781e+08 1.290245888654256611e-17
9.686545563745117188e+08 1.252937575976825316e-17
9.686545563747558594e+08 1.216190964267047512e-17
9.686545563750000000e+08 1.178622072731951558e-17
9.686545563752441406e+08 1.140231686266702702e-17
9.686545563754882812e+08 1.100846426970817722e-17
9.686545563757324219e+08 1.060286700129185368e-17
9.686545563759765625e+08 1.019021774888179285e-17
9.686545563762207031e+08 9.776233635518666284e-18
9.686545563764648438e+08 9.340573081963671394e-18
9.686545563767089844e+08 8.896194010481550486e-18
9.686545563769531250e+08 8.454352798132255508e-18
9.686545563771972656e+08 8.011160908226894336e-18
9.686545563774414062e+08 7.568446353744792337e-18
9.686545563776855469e+08 7.136256779336859077e-18
9.686545563779296875e+08 6.701307701831771402e-18
9.686545563781738281e+08 6.238237055076637621e-18
9.686545563784179688e+08 5.789695837100803666e-18
9.686545563786621094e+08 5.327269120994074967e-18
9.686545563789062500e+08 4.854159213301136246e-18
9.686545563791503906e+08 4.382717631292979806e-18
9.686545563793945312e+08 3.896726683989381200e-18
9.686545563796386719e+08 3.402810578234517979e-18
9.686545563798828125e+08 2.924188994946132360e-18
9.686545563801269531e+08 2.437348485886345424e-18
9.686545563803710938e+08 1.958861998412768425e-18
9.686545563806152344e+08 1.483705115530206172e-18
9.686545563808593750e+08 1.014263920411377533e-18
9.686545563811035156e+08 5.442422013325568286e-19
9.686545563813476562e+08 5.528154654967865361e-20
9.686545563815917969e+08 -4.230363086094255234e-19
9.686545563818359375e+08 -9.241287365767549532e-19
9.686545563820800781e+08 -1.398884007195937984e-18
9.686545563823242188e+08 -1.893151370256262097e-18
9.686545563825683594e+08 -2.393219391787792143e-18
9.686545563828125000e+08 -2.876995526090316869e-18
9.686545563830566406e+08 -3.357609909508593712e-18
9.686545563833007812e+08 -3.818701127158471326e-18
9.686545563835449219e+08 -4.275265616100651275e-18
9.686545563837890625e+08 -4.727635152855244183e-18
9.686545563840332031e+08 -5.190252746879567076e-18
9.686545563842773438e+08 -5.638588144930009176e-18
9.686545563845214844e+08 -6.081222596020573318e-18
9.686545563847656250e+08 -6.546408454440490677e-18
9.686545563850097656e+08 -6.969749544215936157e-18
9.686545563852539062e+08 -7.427790006427404595e-18
9.686545563854980469e+08 -7.862980559810415361e-18
9.686545563857421875e+08 -8.287776368693324086e-18
9.686545563859863281e+08 -8.698155038787265419e-18
9.686545563862304688e+08 -9.093277194599477217e-18
9.686545563864746094e+08 -9.472266999185398637e-18
9.686545563867187500e+08 -9.844595557919709048e-18
9.686545563869628906e+08 -1.021394427230327138e-17
9.686545563872070312e+08 -1.056543317960428264e-17
9.686545563874511719e+08 -1.093394429206928995e-17
9.686545563876953125e+08 -1.127587987369198988e-17
9.686545563879394531e+08 -1.161394325300075635e-17
9.686545563881835938e+08 -1.195020672428029254e-17
9.686545563884277344e+08 -1.227380149733533126e-17
9.686545563886718750e+08 -1.256856454918281416e-17
9.686545563889160156e+08 -1.285307640534283559e-17
9.686545563891601562e+08 -1.311400012940017275e-17
9.686545563894042969e+08 -1.336020786585962179e-17
9.686545563896484375e+08 -1.358869014094732892e-17
9.686545563898925781e+08 -1.382228826041173056e-17
9.686545563901367188e+08 -1.403270605162217732e-17
9.686545563903808594e+08 -1.423510740143881027e-17
9.686545563906250000e+08 -1.442781138131537083e-17
9.686545563908691406e+08 -1.461149984403770586e-17
9.686545563911132812e+08 -1.477157324195554200e-17
9.686545563913574219e+08 -1.492387102864022831e-17
9.686545563916015625e+08 -1.506079213705320241e-17
9.686545563918457031e+08 -1.516668597284301215e-17
9.686545563920898438e+08 -1.524833969108647729e-17
9.686545563923339844e+08 -1.531560313402641901e-17
9.686545563925781250e+08 -1.538051977357900616e-17
9.686545563928222656e+08 -1.540907340622981649e-17
9.686545563930664062e+08 -1.545052120390133718e-17
9.686545563933105469e+08 -1.546162833600523809e-17
9.686545563935546875e+08 -1.546891619176112912e-17
9.686545563937988281e+08 -1.546073766834185626e-17
9.686545563940429688e+08 -1.543722621989481344e-17
9.686545563942871094e+08 -1.540348013001179318e-17
9.686545563945312500e+08 -1.534225283105116239e-17
9.686545563947753906e+08 -1.525693241406488377e-17
9.686545563950195312e+08 -1.514897753966943857e-17
9.686545563952636719e+08 -1.503700366325303101e-17
9.686545563955078125e+08 -1.489481496229704851e-17
9.686545563957519531e+08 -1.475584521881627868e-17
9.686545563959960938e+08 -1.458831180241245132e-17
9.686545563962402344e+08 -1.443351811655658686e-17
9.686545563964843750e+08 -1.424815377324403930e-17
9.686545563967285156e+08 -1.405577585481291577e-17
9.686545563969726562e+08 -1.386942312886710094e-17
9.686545563972167969e+08 -1.364248032857742445e-17
9.686545563974609375e+08 -1.341171499197974945e-17
9.686545563977050781e+08 -1.315774043925044874e-17
9.686545563979492188e+08 -1.288470041840573558e-17
9.686545563981933594e+08 -1.259921960273464574e-17
9.686545563984375000e+08 -1.229630957616129003e-17
9.686545563986816406e+08 -1.200619267565177346e-17
9.686545563989257812e+08 -1.169900536405471151e-17
9.686545563991699219e+08 -1.138457221350578493e-17
9.686545563994140625e+08 -1.105887504025878793e-17
9.686545563996582031e+08 -1.074265610010112922e-17
9.686545563999023438e+08 -1.040265445519491540e-17
9.686545564001464844e+08 -1.005926898017774488e-17
9.686545564003906250e+08 -9.705989361691795767e-18
9.686545564006347656e+08 -9.322885328714254217e-18
9.686545564008789062e+08 -8.938981897371965998e-18
9.686545564011230469e+08 -8.544551381508791585e-18
9.686545564013671875e+08 -8.150041384154672440e-18
9.686545564016113281e+08 -7.750765970193785907e-18
9.686545564018554688e+08 -7.357589426330823609e-18
9.686545564020996094e+08 -6.961756776395889985e-18
9.686545564023437500e+08 -6.561939414675661733e-18
9.686545564025878906e+08 -6.166281690559039717e-18
9.686545564028320312e+08 -5.768072351024634644e-18
9.686545564030761719e+08 -5.358842941342075079e-18
9.686545564033203125e+08 -4.948919198302133996e-18
9.686545564035644531e+08 -4.515691248928717465e-18
9.686545564038085938e+08 -4.093989353347752942e-18
9.686545564040527344e+08 -3.667924174094110089e-18
9.686545564042968750e+08 -3.236923113675924592e-18
9.686545564045410156e+08 -2.825752968111286915e-18
9.686545564047851562e+08 -2.415266178607563527e-18
9.686545564050292969e+08 -2.006045583424887337e-18
9.686545564052734375e+08 -1.606472386045087945e-18
9.686545564055175781e+08 -1.201038155586079861e-18
9.686545564057617188e+08 -8.200284554475338755e-19
9.686545564060058594e+08 -4.123085517350601943e-19
9.686545564062500000e+08 -2.410599536336617226e-20
9.686545564064941406e+08 3.856895043654212609e-19
9.686545564067382812e+08 7.814519183399253409e-19
9.686545564069824219e+08 1.175129094212106486e-18
9.686545564072265625e+08 1.562497295061583761e-18
9.686545564074707031e+08 1.929342475521595137e-18
9.686545564077148438e+08 2.305133517939519726e-18
9.686545564079589844e+08 2.648189004288057860e-18
9.686545564082031250e+08 3.004306759585235899e-18
9.686545564084472656e+08 3.338813915873909009e-18
9.686545564086914062e+08 3.672224588607948354e-18
9.686545564089355469e+08 3.990251224252501974e-18
9.686545564091796875e+08 4.328231022820555856e-18
9.686545564094238281e+08 4.656288109244745435e-18
9.686545564096679688e+08 4.976973901515842962e-18
9.686545564099121094e+08 5.281184481659171080e-18
9.686545564101562500e+08 5.593778617862053805e-18
9.686545564104003906e+08 5.877436445859013827e-18
9.686545564106445312e+08 6.155093259205738207e-18
9.686545564108886719e+08 6.421573519206311347e-18
9.686545564111328125e+08 6.670037031814002633e-18
9.686545564113769531e+08 6.921624357432682841e-18
9.686545564116210938e+08 7.152951344683862063e-18
9.686545564118652344e+08 7.383968730212203425e-18
9.686545564121093750e+08 7.622811381244319037e-18
9.686545564123535156e+08 7.851976386046944716e-18
9.686545564125976562e+08 8.071614189525858909e-18
9.686545564128417969e+08 8.289923818575255988e-18
9.686545564130859375e+08 8.491687532072488236e-18
9.686545564133300781e+08 8.673592748889844572e-18
9.686545564135742188e+08 8.857546763430431595e-18
9.686545564138183594e+08 9.017973206248056701e-18
9.686545564140625000e+08 9.172023119639425791e-18
9.686545564143066406e+08 9.325764821133703237e-18
9.686545564145507812e+08 9.448387031270087210e-18
9.686545564147949219e+08 9.596298061507784974e-18
9.686545564150390625e+08 9.735221532812478218e-18
9.686545564152832031e+08 9.868548444612021765e-18
9.686545564155273438e+08 1.000055490253747486e-17
9.686545564157714844e+08 1.011869735635569724e-17
9.686545564160156250e+08 1.022790216450483143e-17
9.686545564162597656e+08 1.032499460886823810e-17
9.686545564165039062e+08 1.041393172205054798e-17
9.686545564167480469e+08 1.048539937992865020e-17
9.686545564169921875e+08 1.056182471330053609e-17
9.686545564172363281e+08 1.062426436209831859e-17
9.686545564174804688e+08 1.067338238306332142e-17
9.686545564177246094e+08 1.074314921131408912e-17
9.686545564179687500e+08 1.080367864782219472e-17
9.686545564182128906e+08 1.086749086630250401e-17
9.686545564184570312e+08 1.092519330388463255e-17
9.686545564187011719e+08 1.097279437431422270e-17
9.686545564189453125e+08 1.101519641006854478e-17
9.686545564191894531e+08 1.103772320467803898e-17
9.686545564194335938e+08 1.107343530738633374e-17
9.686545564196777344e+08 1.106898631529195673e-17
9.686545564199218750e+08 1.108765003983543085e-17
9.686545564201660156e+08 1.109775408353222290e-17
9.686545564204101562e+08 1.109548486118848872e-17
9.686545564206542969e+08 1.110679154524409764e-17
9.686545564208984375e+08 1.111977855422589538e-17
9.686545564211425781e+08 1.112581059627281910e-17
9.686545564213867188e+08 1.113714743308037451e-17
9.686545564216308594e+08 1.113386239775679767e-17
9.686545564218750000e+08 1.112652787639410764e-17
9.686545564221191406e+08 1.111289229780896903e-17
9.686545564223632812e+08 1.108442032982014253e-17
9.686545564226074219e+08 1.106115909028998482e-17
9.686545564228515625e+08 1.103389196395858800e-17
9.686545564230957031e+08 1.100219633302140627e-17
9.686545564233398438e+08 1.096837382934000393e-17
9.686545564235839844e+08 1.094279296587576811e-17
9.686545564238281250e+08 1.091174899035288540e-17
9.686545564240722656e+08 1.089180349104860263e-17
9.686545564243164062e+08 1.086029440658813089e-17
9.686545564245605469e+08 1.083324074253759155e-17
9.686545564248046875e+08 1.078427444377957946e-17
9.686545564250488281e+08 1.074189416223652485e-17
9.686545564252929688e+08 1.068651944830801855e-17
9.686545564255371094e+08 1.062206950000419251e-17
9.686545564257812500e+08 1.056895113151336251e-17
9.686545564260253906e+08 1.049408117523025095e-17
9.686545564262695312e+08 1.043335561121302921e-17
9.686545564265136719e+08 1.038036698337406288e-17
9.686545564267578125e+08 1.031182169995528881e-17
9.686545564270019531e+08 1.026466884044685172e-17
9.686545564272460938e+08 1.019656485976835406e-17
9.686545564274902344e+08 1.013047575476270384e-17
9.686545564277343750e+08 1.005356880558872268e-17
9.686545564279785156e+08 9.964944800937535341e-18
9.686545564282226562e+08 9.879564684653085343e-18
9.686545564284667969e+08 9.782368354727414380e-18
9.686545564287109375e+08 9.687643230976922842e-18
9.686545564289550781e+08 9.573132785628620176e-18
9.686545564291992188e+08 9.483668508526711833e-18
9.686545564294433594e+08 9.381727227566064767e-18
9.686545564296875000e+08 9.285752545707985594e-18
9.686545564299316406e+08 9.180083003906799733e-18
9.686545564301757812e+08 9.082164408715486342e-18
9.686545564304199219e+08 8.958288629022305361e-18
9.686545564306640625e+08 8.841053402821071209e-18
9.686545564309082031e+08 8.712734854975969612e-18
9.686545564311523438e+08 8.565446496269352280e-18
9.686545564313964844e+08 8.426403232154227254e-18
9.686545564316406250e+08 8.280445447209352335e-18
9.686545564318847656e+08 8.123020836635586684e-18
9.686545564321289062e+08 7.966973775619671688e-18
9.686545564323730469e+08 7.819996317068726796e-18
9.686545564326171875e+08 7.677831651806882785e-18
9.686545564328613281e+08 7.515953370437650829e-18
9.686545564331054688e+08 7.359584998524431172e-18
9.686545564333496094e+08 7.188167720876586541e-18
9.686545564335937500e+08 7.008071711164202011e-18
9.686545564338378906e+08 6.823237989481637571e-18
9.686545564340820312e+08 6.623453849039974495e-18
9.686545564343261719e+08 6.426974322869780833e-18
9.686545564345703125e+08 6.224437624486540247e-18
9.686545564348144531e+08 6.011969450493971860e-18
9.686545564350585938e+08 5.819611405496832445e-18
9.686545564353027344e+08 5.606716777032921518e-18
9.686545564355468750e+08 5.401069092461285276e-18
9.686545564357910156e+08 5.199583252573469716e-18
9.686545564360351562e+08 4.980988306047377740e-18
9.686545564362792969e+08 4.761056435044217473e-18
9.686545564365234375e+08 4.525362860393161079e-18
9.686545564367675781e+08 4.289922869317535220e-18
9.686545564370117188e+08 4.041188762369468629e-18
9.686545564372558594e+08 3.794166969729419634e-18
9.686545564375000000e+08 3.554792517905631417e-18
9.686545564377441406e+08 3.297520130861609363e-18
9.686545564379882812e+08 3.055050312483006087e-18
9.686545564382324219e+08 2.808370409382365848e-18
9.686545564384765625e+08 2.564285169078150470e-18
9.686545564387207031e+08 2.325178737533610057e-18
9.686545564389648438e+08 2.070038609449196127e-18
9.686545564392089844e+08 1.822655587500807226e-18
9.686545564394531250e+08 1.563943501519543859e-18
9.686545564396972656e+08 1.289179425323448104e-18
9.686545564399414062e+08 1.027555286732677996e-18
9.686545564401855469e+08 7.628668422475981892e-19
9.686545564404296875e+08 5.049217679647957232e-19
9.686545564406738281e+08 2.334366349687616201e-19
9.686545564409179688e+08 -1.085460805262754780e-20
9.686545564411621094e+08 -2.621247162530999127e-19
9.686545564414062500e+08 -5.117238084446170487e-19
9.686545564416503906e+08 -7.467675517842109060e-19
9.686545564418945312e+08 -9.855211730960938151e-19
9.686545564421386719e+08 -1.239929310455295533e-18
9.686545564423828125e+08 -1.484336770591553817e-18
9.686545564426269531e+08 -1.734062299899758846e-18
9.686545564428710938e+08 -1.979814973178319045e-18
9.686545564431152344e+08 -2.224652428123159983e-18
9.686545564433593750e+08 -2.447430856247972708e-18
9.686545564436035156e+08 -2.678900851181909409e-18
9.686545564438476562e+08 -2.892788374011948077e-18
9.686545564440917969e+08 -3.103183593262073784e-18
9.686545564443359375e+08 -3.302144833847150137e-18
9.686545564445800781e+08 -3.492177250015262344e-18
9.686545564448242188e+08 -3.681353350827927281e-18
9.686545564450683594e+08 -3.871588432450425110e-18
9.686545564453125000e+08 -4.061191350462675465e-18
9.686545564455566406e+08 -4.238257608908669747e-18
9.686545564458007812e+08 -4.429353276356670802e-18
9.686545564460449219e+08 -4.581447571184905326e-18
9.686545564462890625e+08 -4.735916406903250496e-18
9.686545564465332031e+08 -4.887124043624630338e-18
9.686545564467773438e+08 -5.019261054445350535e-18
9.686545564470214844e+08 -5.138273279245670103e-18
9.686545564472656250e+08 -5.244174973227111726e-18
9.686545564475097656e+08 -5.352396709712566739e-18
9.686545564477539062e+08 -5.446346037517677627e-18
9.686545564479980469e+08 -5.536995808578408069e-18
9.686545564482421875e+08 -5.632480429716616532e-18
9.686545564484863281e+08 -5.710251201862219853e-18
9.686545564487304688e+08 -5.788816463069509848e-18
9.686545564489746094e+08 -5.842330882546045681e-18
9.686545564492187500e+08 -5.888145708438092735e-18
9.686545564494628906e+08 -5.932251774789881987e-18
9.686545564497070312e+08 -5.942749702807992507e-18
9.686545564499511719e+08 -5.963963836116675932e-18
9.686545564501953125e+08 -5.955753173844784561e-18
9.686545564504394531e+08 -5.938930538107806290e-18
9.686545564506835938e+08 -5.934731162916758987e-18
9.686545564509277344e+08 -5.902732941186458515e-18
9.686545564511718750e+08 -5.886052147192991770e-18
9.686545564514160156e+08 -5.845602133903085568e-18
9.686545564516601562e+08 -5.803589052506774109e-18
9.686545564519042969e+08 -5.748802570233264108e-18
9.686545564521484375e+08 -5.686545844869358618e-18
9.686545564523925781e+08 -5.601831795005287347e-18
9.686545564526367188e+08 -5.517400863652693253e-18
9.686545564528808594e+08 -5.428238160570538831e-18
9.686545564531250000e+08 -5.304306010728402501e-18
9.686545564533691406e+08 -5.191909224119549657e-18
9.686545564536132812e+08 -5.069074985462956873e-18
9.686545564538574219e+08 -4.949931932774658710e-18
9.686545564541015625e+08 -4.830366493672657909e-18
9.686545564543457031e+08 -4.694631954859529552e-18
9.686545564545898438e+08 -4.564448270528045174e-18
9.686545564548339844e+08 -4.413723793072049844e-18
9.686545564550781250e+08 -4.260933436797630625e-18
9.686545564553222656e+08 -4.107057346848591964e-18
9.686545564555664062e+08 -3.930791735994627905e-18
9.686545564558105469e+08 -3.758657800744832907e-18
9.686545564560546875e+08 -3.571870139972094246e-18
9.686545564562988281e+08 -3.385788829768469796e-18
9.686545564565429688e+08 -3.198718745486609240e-18
9.686545564567871094e+08 -3.019130327636331321e-18
9.686545564570312500e+08 -2.845435397271417438e-18
9.686545564572753906e+08 -2.667493079286054758e-18
9.686545564575195312e+08 -2.478790574707697561e-18
9.686545564577636719e+08 -2.287985496738303044e-18
9.686545564580078125e+08 -2.099380296701833802e-18
9.686545564582519531e+08 -1.898079952276573475e-18
9.686545564584960938e+08 -1.699009344943937306e-18
9.686545564587402344e+08 -1.497719611171398123e-18
9.686545564589843750e+08 -1.295464322713246125e-18
9.686545564592285156e+08 -1.097542036214880493e-18
9.686545564594726562e+08 -9.066867251297460175e-19
9.686545564597167969e+08 -7.191914073511901205e-19
9.686545564599609375e+08 -5.493780156944534735e-19
9.686545564602050781e+08 -3.678395967101938610e-19
9.686545564604492188e+08 -1.988060116315379935e-19
9.686545564606933594e+08 -1.478208136728251025e-20
9.686545564609375000e+08 1.580432510664147302e-19
9.686545564611816406e+08 3.366426555114920313e-19
9.686545564614257812e+08 5.066586428731814162e-19
9.686545564616699219e+08 6.640673566329909619e-19
9.686545564619140625e+08 8.445180544807019221e-19
9.686545564621582031e+08 9.943853709478286594e-19
9.686545564624023438e+08 1.141745870757351594e-18
9.686545564626464844e+08 1.272646795712049662e-18
9.686545564628906250e+08 1.405459575347283310e-18
9.686545564631347656e+08 1.517375534863548944e-18
9.686545564633789062e+08 1.640286533935710007e-18
9.686545564636230469e+08 1.761366553379020708e-18
9.686545564638671875e+08 1.861955832195382650e-18
9.686545564641113281e+08 1.972515983489027613e-18
9.686545564643554688e+08 2.068149528548439649e-18
9.686545564645996094e+08 2.159878661433714431e-18
9.686545564648437500e+08 2.251730172376823777e-18
9.686545564650878906e+08 2.326048993086001003e-18
9.686545564653320312e+08 2.385768923341570018e-18
9.686545564655761719e+08 2.445625738221766323e-18
9.686545564658203125e+08 2.480929998608801826e-18
9.686545564660644531e+08 2.521407329170921933e-18
9.686545564663085938e+08 2.550940094815594759e-18
9.686545564665527344e+08 2.580696226279737944e-18
9.686545564667968750e+08 2.603254484850409833e-18
9.686545564670410156e+08 2.618160189717393002e-18
9.686545564672851562e+08 2.633214187714184870e-18
9.686545564675292969e+08 2.627655729074909360e-18
9.686545564677734375e+08 2.645288207895331161e-18
9.686545564680175781e+08 2.620882013891352490e-18
9.686545564682617188e+08 2.606673603556876397e-18
9.686545564685058594e+08 2.569946774321303542e-18
9.686545564687500000e+08 2.532828703409813251e-18
9.686545564689941406e+08 2.484345639546909225e-18
9.686545564692382812e+08 2.436224514803366010e-18
9.686545564694824219e+08 2.389916544895694522e-18
9.686545564697265625e+08 2.329795716603071558e-18
9.686545564699707031e+08 2.278903612308596433e-18
9.686545564702148438e+08 2.211983471934792470e-18
9.686545564704589844e+08 2.147910009517927756e-18
9.686545564707031250e+08 2.091714875748411435e-18
9.686545564709472656e+08 2.013780217732330339e-18
9.686545564711914062e+08 1.931357197113593233e-18
9.686545564714355469e+08 1.845259031223745661e-18
9.686545564716796875e+08 1.745412232630764062e-18
9.686545564719238281e+08 1.647405326774577132e-18
9.686545564721679688e+08 1.558126500051031924e-18
9.686545564724121094e+08 1.468001751791999352e-18
9.686545564726562500e+08 1.382749093404118610e-18
9.686545564729003906e+08 1.288644875291908458e-18
9.686545564731445312e+08 1.194326404452990781e-18
9.686545564733886719e+08 1.113574279500595093e-18
9.686545564736328125e+08 1.029897806569489136e-18
9.686545564738769531e+08 9.297574869432706092e-19
9.686545564741210938e+08 8.436494315259140130e-19
9.686545564743652344e+08 7.405573206931543059e-19
9.686545564746093750e+08 6.395746552987490616e-19
9.686545564748535156e+08 5.516525860331655089e-19
9.686545564750976562e+08 4.699881478434038629e-19
9.686545564753417969e+08 3.950250320492481940e-19
9.686545564755859375e+08 3.137740836696087169e-19
9.686545564758300781e+08 2.459789839546204435e-19
9.686545564760742188e+08 1.790420930292369258e-19
9.686545564763183594e+08 1.307944220988670751e-19
9.686545564765625000e+08 6.337321705127967909e-20
9.686545564768066406e+08 8.681036762706279333e-21
9.686545564770507812e+08 -3.523634599367987636e-20
9.686545564772949219e+08 -9.952286215054457816e-20
9.686545564775390625e+08 -1.508392538373127624e-19
9.686545564777832031e+08 -1.817530790772263770e-19
9.686545564780273438e+08 -2.026957161324447873e-19
9.686545564782714844e+08 -2.278879713729056527e-19
9.686545564785156250e+08 -2.362178469578491826e-19
9.686545564787597656e+08 -2.407326285861672201e-19
9.686545564790039062e+08 -2.376909191687342522e-19
9.686545564792480469e+08 -2.273520364717097324e-19
9.686545564794921875e+08 -2.089927600021494953e-19
9.686545564797363281e+08 -1.846662873109252111e-19
9.686545564799804688e+08 -1.678763174903169909e-19
9.686545564802246094e+08 -1.378486860934481434e-19
9.686545564804687500e+08 -1.012456049563040971e-19
9.686545564807128906e+08 -5.295781209076812793e-20
9.686545564809570312e+08 2.177891992023303351e-21
9.686545564812011719e+08 7.767627028752283727e-20
9.686545564814453125e+08 1.497665961154388578e-19
9.686545564816894531e+08 2.321535942869309542e-19
9.686545564819335938e+08 3.209926777063100361e-19
9.686545564821777344e+08 4.243764658190180834e-19
9.686545564824218750e+08 5.337669570523135687e-19
9.686545564826660156e+08 6.383808738971792955e-19
9.686545564829101562e+08 7.511581236316571332e-19
9.686545564831542969e+08 8.661579381784064019e-19
9.686545564833984375e+08 9.871458719852939722e-19
9.686545564836425781e+08 1.121196210948923231e-18
9.686545564838867188e+08 1.276051706313133395e-18
9.686545564841308594e+08 1.421760254297834166e-18
9.686545564843750000e+08 1.576739265329755589e-18
9.686545564846191406e+08 1.742336658410713738e-18
9.686545564848632812e+08 1.921317146058198760e-18
9.686545564851074219e+08 2.095411201436809720e-18
9.686545564853515625e+08 2.277378007583108670e-18
9.686545564855957031e+08 2.459410676314810816e-18
9.686545564858398438e+08 2.639700142839970386e-18
9.686545564860839844e+08 2.820598985502222942e-18
9.686545564863281250e+08 3.006372303405069108e-18
9.686545564865722656e+08 3.208594748711342436e-18
9.686545564868164062e+08 3.413481341665501489e-18
9.686545564870605469e+08 3.622193831767722604e-18
9.686545564873046875e+08 3.832443310179857100e-18
9.686545564875488281e+08 4.046257397327950264e-18
9.686545564877929688e+08 4.264381426254089379e-18
9.686545564880371094e+08 4.483649255556188483e-18
9.686545564882812500e+08 4.700541891225316441e-18
9.686545564885253906e+08 4.915292260718867761e-18
9.686545564887695312e+08 5.120116148275229533e-18
9.686545564890136719e+08 5.329083493238528334e-18
9.686545564892578125e+08 5.537774962857151214e-18
9.686545564895019531e+08 5.762705349203932971e-18
9.686545564897460938e+08 5.984394500522953821e-18
9.686545564899902344e+08 6.201704346791741385e-18
9.686545564902343750e+08 6.416896526320234221e-18
9.686545564904785156e+08 6.636194366801495367e-18
9.686545564907226562e+08 6.849744335581515297e-18
9.686545564909667969e+08 7.065442197089193914e-18
9.686545564912109375e+08 7.270446644372679715e-18
9.686545564914550781e+08 7.470321134789242411e-18
9.686545564916992188e+08 7.661218738766343577e-18
9.686545564919433594e+08 7.854157151897480311e-18
9.686545564921875000e+08 8.041094981544339166e-18
9.686545564924316406e+08 8.237660216068616723e-18
9.686545564926757812e+08 8.425865703949301858e-18
9.686545564929199219e+08 8.609897232174463836e-18
9.686545564931640625e+08 8.787177072400183427e-18
9.686545564934082031e+08 8.965308636206516612e-18
9.686545564936523438e+08 9.131783080089309892e-18
9.686545564938964844e+08 9.295388358925586201e-18
9.686545564941406250e+08 9.454595414897051165e-18
9.686545564943847656e+08 9.604259375952033583e-18
9.686545564946289062e+08 9.736018289825576923e-18
9.686545564948730469e+08 9.863755639305602847e-18
9.686545564951171875e+08 9.997127463688273585e-18
9.686545564953613281e+08 1.012921561998957642e-17
9.686545564956054688e+08 1.025300370581226162e-17
9.686545564958496094e+08 1.036179984898603792e-17
9.686545564960937500e+08 1.048267391972375559e-17
9.686545564963378906e+08 1.057400683381496001e-17
9.686545564965820312e+08 1.067540745684462580e-17
9.686545564968261719e+08 1.076577464868251381e-17
9.686545564970703125e+08 1.085355733139104460e-17
9.686545564973144531e+08 1.090892451922100132e-17
9.686545564975585938e+08 1.095592831891304217e-17
9.686545564978027344e+08 1.101921351633131223e-17
9.686545564980468750e+08 1.105963865338021929e-17
9.686545564982910156e+08 1.110861511124375965e-17
9.686545564985351562e+08 1.115132004446446501e-17
9.686545564987792969e+08 1.118531488265681911e-17
9.686545564990234375e+08 1.119950413831106183e-17
9.686545564992675781e+08 1.121661687880026435e-17
9.686545564995117188e+08 1.123222394217169474e-17
9.686545564997558594e+08 1.123326589255500750e-17
9.686545565000000000e+08 1.122218863372785830e-17
9.686545565002441406e+08 1.120245864848157024e-17
9.686545565004882812e+08 1.117206193195083620e-17
9.686545565007324219e+08 1.112956382505232981e-17
9.686545565009765625e+08 1.109942935578671541e-17
9.686545565012207031e+08 1.106253154880773200e-17
9.686545565014648438e+08 1.102535347739523878e-17
9.686545565017089844e+08 1.096277413182738896e-17
9.686545565019531250e+08 1.089935864700669352e-17
9.686545565021972656e+08 1.084128984615540614e-17
9.686545565024414062e+08 1.076780383086820053e-17
9.686545565026855469e+08 1.068170944185892206e-17
9.686545565029296875e+08 1.059764165356016947e-17
9.686545565031738281e+08 1.049036006344157944e-17
9.686545565034179688e+08 1.038677761391226687e-17
9.686545565036621094e+08 1.026357744646856076e-17
9.686545565039062500e+08 1.015906481995161831e-17
9.686545565041503906e+08 1.004553701547378385e-17
9.686545565043945312e+08 9.927872235533700226e-18
9.686545565046386719e+08 9.793560421820258973e-18
9.686545565048828125e+08 9.665904080975758309e-18
9.686545565051269531e+08 9.520171597654974680e-18
9.686545565053710938e+08 9.375579393581287626e-18
9.686545565056152344e+08 9.228563393048129400e-18
9.686545565058593750e+08 9.065453268416866994e-18
9.686545565061035156e+08 8.893323214853328603e-18
9.686545565063476562e+08 8.708583050768000827e-18
9.686545565065917969e+08 8.533951840812124609e-18
9.686545565068359375e+08 8.360306170920981128e-18
9.686545565070800781e+08 8.186138830322307967e-18
9.686545565073242188e+08 7.990982756308242198e-18
9.686545565075683594e+08 7.813817290644374523e-18
9.686545565078125000e+08 7.605416092221956187e-18
9.686545565080566406e+08 7.404059160400035933e-18
9.686545565083007812e+08 7.200646454332732478e-18
9.686545565085449219e+08 6.987464744598418876e-18
9.686545565087890625e+08 6.764542794772850720e-18
9.686545565090332031e+08 6.531189193039482330e-18
9.686545565092773438e+08 6.304696706025990090e-18
9.686545565095214844e+08 6.057572774470190880e-18
9.686545565097656250e+08 5.825482140414886733e-18
9.686545565100097656e+08 5.604425258351947359e-18
9.686545565102539062e+08 5.344479910037799400e-18
9.686545565104980469e+08 5.100672965039439811e-18
9.686545565107421875e+08 4.850248999132228897e-18
9.686545565109863281e+08 4.590311437039133678e-18
9.686545565112304688e+08 4.332298108229268596e-18
9.686545565114746094e+08 4.060652705471499593e-18
9.686545565117187500e+08 3.789797638091635383e-18
9.686545565119628906e+08 3.490282120299409254e-18
9.686545565122070312e+08 3.205055157492938157e-18
9.686545565124511719e+08 2.923682022904775541e-18
9.686545565126953125e+08 2.631055819031757420e-18
9.686545565129394531e+08 2.349265054381978123e-18
9.686545565131835938e+08 2.047448868084339368e-18
9.686545565134277344e+08 1.747368129335625372e-18
9.686545565136718750e+08 1.446685818429276613e-18
9.686545565139160156e+08 1.130871722156607780e-18
9.686545565141601562e+08 8.161084913596692185e-19
9.686545565144042969e+08 4.976516602287131101e-19
9.686545565146484375e+08 1.665230132468251330e-19
9.686545565148925781e+08 -1.705570262309983645e-19
9.686545565151367188e+08 -5.193012706394758936e-19
9.686545565153808594e+08 -8.474472634161347463e-19
9.686545565156250000e+08 -1.184169034488738718e-18
9.686545565158691406e+08 -1.519184926754087936e-18
9.686545565161132812e+08 -1.858110897091246965e-18
9.686545565163574219e+08 -2.216335338005130027e-18
9.686545565166015625e+08 -2.562665920496275189e-18
9.686545565168457031e+08 -2.921339855060456702e-18
9.686545565170898438e+08 -3.270204621507453921e-18
9.686545565173339844e+08 -3.649998466168950307e-18
9.686545565175781250e+08 -4.011565259681236058e-18
9.686545565178222656e+08 -4.388204933253039124e-18
9.686545565180664062e+08 -4.766261538175839723e-18
9.686545565183105469e+08 -5.132273969619029453e-18
9.686545565185546875e+08 -5.497913141930782139e-18
9.686545565187988281e+08 -5.857888513244787858e-18
9.686545565190429688e+08 -6.242195043423224402e-18
9.686545565192871094e+08 -6.607389813279120755e-18
9.686545565195312500e+08 -6.988803419313815135e-18
9.686545565197753906e+08 -7.365070279371367354e-18
9.686545565200195312e+08 -7.737599799232338470e-18
9.686545565202636719e+08 -8.120551993399178725e-18
9.686545565205078125e+08 -8.489769027389605574e-18
9.686545565207519531e+08 -8.885696050342140945e-18
9.686545565209960938e+08 -9.271626627999895055e-18
9.686545565212402344e+08 -9.618317426035970708e-18
9.686545565214843750e+08 -9.993399264267384839e-18
9.686545565217285156e+08 -1.034974329512759290e-17
9.686545565219726562e+08 -1.071563141917383651e-17
9.686545565222167969e+08 -1.106724594434800459e-17
9.686545565224609375e+08 -1.142933213258096604e-17
9.686545565227050781e+08 -1.178274435721276990e-17
9.686545565229492188e+08 -1.212623976794270108e-17
9.686545565231933594e+08 -1.246765300722639898e-17
9.686545565234375000e+08 -1.280870172413666115e-17
9.686545565236816406e+08 -1.315419127564627374e-17
9.686545565239257812e+08 -1.347900870991691626e-17
9.686545565241699219e+08 -1.378099844257840723e-17
9.686545565244140625e+08 -1.408754325474150320e-17
9.686545565246582031e+08 -1.437768145398541285e-17
9.686545565249023438e+08 -1.467174530842280306e-17
9.686545565251464844e+08 -1.494964444174850781e-17
9.686545565253906250e+08 -1.522209879878500911e-17
9.686545565256347656e+08 -1.548734191386806214e-17
9.686545565258789062e+08 -1.572608371050213631e-17
9.686545565261230469e+08 -1.597007238837089080e-17
9.686545565263671875e+08 -1.621162016193501578e-17
9.686545565266113281e+08 -1.643033342278673153e-17
9.686545565268554688e+08 -1.663734551025946752e-17
9.686545565270996094e+08 -1.682898093463046832e-17
9.686545565273437500e+08 -1.698228141353114574e-17
9.686545565275878906e+08 -1.714388775139191534e-17
9.686545565278320312e+08 -1.728916239495507795e-17
9.686545565280761719e+08 -1.741356364439464972e-17
9.686545565283203125e+08 -1.753611506429166827e-17
9.686545565285644531e+08 -1.762285282893907362e-17
9.686545565288085938e+08 -1.771118424674474291e-17
9.686545565290527344e+08 -1.778006026500716931e-17
9.686545565292968750e+08 -1.783443461603699925e-17
9.686545565295410156e+08 -1.787616464405729193e-17
9.686545565297851562e+08 -1.789062264330324711e-17
9.686545565300292969e+08 -1.787526228379217679e-17
9.686545565302734375e+08 -1.784187805029733273e-17
9.686545565305175781e+08 -1.778835072914376780e-17
9.686545565307617188e+08 -1.772904315795194657e-17
9.686545565310058594e+08 -1.764108624022431263e-17
9.686545565312500000e+08 -1.754891195740191576e-17
9.686545565314941406e+08 -1.741713087991658685e-17
9.686545565317382812e+08 -1.728276467765816404e-17
9.686545565319824219e+08 -1.712118320450743962e-17
9.686545565322265625e+08 -1.694434134556244244e-17
9.686545565324707031e+08 -1.676029357891113473e-17
9.686545565327148438e+08 -1.652590524655330970e-17
9.686545565329589844e+08 -1.627452739931164797e-17
9.686545565332031250e+08 -1.599972994644188858e-17
9.686545565334472656e+08 -1.571048738142170016e-17
9.686545565336914062e+08 -1.540231878428292406e-17
9.686545565339355469e+08 -1.507217712363865912e-17
9.686545565341796875e+08 -1.473106758406133220e-17
9.686545565344238281e+08 -1.435732511452183882e-17
9.686545565346679688e+08 -1.397438051387553913e-17
9.686545565349121094e+08 -1.357482805553649932e-17
9.686545565351562500e+08 -1.315318722289310525e-17
9.686545565354003906e+08 -1.271240812153056541e-17
9.686545565356445312e+08 -1.223861735428773847e-17
9.686545565358886719e+08 -1.174630133812477821e-17
9.686545565361328125e+08 -1.122508845608956524e-17
9.686545565363769531e+08 -1.070881808279214459e-17
9.686545565366210938e+08 -1.016723394630028420e-17
9.686545565368652344e+08 -9.601273491888498966e-18
9.686545565371093750e+08 -9.039072604101615146e-18
9.686545565373535156e+08 -8.439910440185522750e-18
9.686545565375976562e+08 -7.831373642035769174e-18
9.686545565378417969e+08 -7.220056258793699818e-18
9.686545565380859375e+08 -6.592067555342904499e-18
9.686545565383300781e+08 -5.937233063172014754e-18
9.686545565385742188e+08 -5.270355732458389447e-18
9.686545565388183594e+08 -4.577763787034592052e-18
9.686545565390625000e+08 -3.872671124874264361e-18
9.686545565393066406e+08 -3.177189187142280578e-18
9.686545565395507812e+08 -2.447854437952332466e-18
9.686545565397949219e+08 -1.735638308172700144e-18
9.686545565400390625e+08 -9.940518089687686398e-19
9.686545565402832031e+08 -2.517848357652366461e-19
9.686545565405273438e+08 4.984596354842090608e-19
9.686545565407714844e+08 1.261660853718033492e-18
9.686545565410156250e+08 2.014449447750025540e-18
9.686545565412597656e+08 2.782590651842169314e-18
9.686545565415039062e+08 3.575106924464190957e-18
9.686545565417480469e+08 4.362858368883180447e-18
9.686545565419921875e+08 5.151985244066816017e-18
9.686545565422363281e+08 5.945908367079303833e-18
9.686545565424804688e+08 6.750011556075764597e-18
9.686545565427246094e+08 7.523242639166970753e-18
9.686545565429687500e+08 8.320939818539027664e-18
9.686545565432128906e+08 9.118450753875034432e-18
9.686545565434570312e+08 9.899330736168237093e-18
9.686545565437011719e+08 1.067272309645056523e-17
9.686545565439453125e+08 1.145248287643513924e-17
9.686545565441894531e+08 1.223157911231536861e-17
9.686545565444335938e+08 1.300442570076878178e-17
9.686545565446777344e+08 1.380006621797411863e-17
9.686545565449218750e+08 1.455691660068328682e-17
9.686545565451660156e+08 1.531097792468399772e-17
9.686545565454101562e+08 1.606255860556536536e-17
9.686545565456542969e+08 1.678709045140798770e-17
9.686545565458984375e+08 1.751443644598259977e-17
9.686545565461425781e+08 1.823485919391758273e-17
9.686545565463867188e+08 1.892137271401666671e-17
9.686545565466308594e+08 1.961350877469821153e-17
9.686545565468750000e+08 2.027301150546267040e-17
9.686545565471191406e+08 2.093863754412245089e-17
9.686545565473632812e+08 2.159409530327852938e-17
9.686545565476074219e+08 2.224530424364190709e-17
9.686545565478515625e+08 2.286562954809613730e-17
9.686545565480957031e+08 2.345251981756076098e-17
9.686545565483398438e+08 2.403751591992580490e-17
9.686545565485839844e+08 2.459572166962028667e-17
9.686545565488281250e+08 2.513901367507697322e-17
9.686545565490722656e+08 2.566124133560705191e-17
9.686545565493164062e+08 2.615506709794625142e-17
9.686545565495605469e+08 2.664235926867396575e-17
9.686545565498046875e+08 2.708428297841114869e-17
9.686545565500488281e+08 2.753297907325635928e-17
9.686545565502929688e+08 2.796631478398072019e-17
9.686545565505371094e+08 2.836991459052486283e-17
9.686545565507812500e+08 2.873906444459876495e-17
9.686545565510253906e+08 2.910340828714670789e-17
9.686545565512695312e+08 2.942479417244933015e-17
9.686545565515136719e+08 2.971490065705145439e-17
9.686545565517578125e+08 3.000321150694910086e-17
9.686545565520019531e+08 3.024933203113662140e-17
9.686545565522460938e+08 3.047350463766332672e-17
9.686545565524902344e+08 3.066717136278861301e-17
9.686545565527343750e+08 3.084795706425663929e-17
9.686545565529785156e+08 3.099849707405651176e-17
9.686545565532226562e+08 3.113954870363094117e-17
9.686545565534667969e+08 3.125179258950112014e-17
9.686545565537109375e+08 3.133188008672033845e-17
9.686545565539550781e+08 3.138341670714986721e-17
9.686545565541992188e+08 3.140721148740676328e-17
9.686545565544433594e+08 3.140262039235645009e-17
9.686545565546875000e+08 3.137643642209290779e-17
9.686545565549316406e+08 3.132939537230132033e-17
9.686545565551757812e+08 3.124287982583550131e-17
9.686545565554199219e+08 3.112752953413265902e-17
9.686545565556640625e+08 3.100744093289850877e-17
9.686545565559082031e+08 3.085381129832298376e-17
9.686545565561523438e+08 3.068722620762203415e-17
9.686545565563964844e+08 3.050669359244149469e-17
9.686545565566406250e+08 3.028128879768951187e-17
9.686545565568847656e+08 3.003068555645173238e-17
9.686545565571289062e+08 2.975715259272037805e-17
9.686545565573730469e+08 2.945635721663364848e-17
9.686545565576171875e+08 2.914057354131207884e-17
9.686545565578613281e+08 2.879123435171937860e-17
9.686545565581054688e+08 2.842721285736624521e-17
9.686545565583496094e+08 2.802786538324890268e-17
9.686545565585937500e+08 2.762232431506740206e-17
9.686545565588378906e+08 2.720175294665065527e-17
9.686545565590820312e+08 2.676703730709643045e-17
9.686545565593261719e+08 2.631015467458344662e-17
9.686545565595703125e+08 2.582641351392927937e-17
9.686545565598144531e+08 2.531374336643910098e-17
9.686545565600585938e+08 2.478238100856559961e-17
9.686545565603027344e+08 2.423734794220241802e-17
9.686545565605468750e+08 2.367499368520614413e-17
9.686545565607910156e+08 2.309530078456075422e-17
9.686545565610351562e+08 2.248485161640720353e-17
9.686545565612792969e+08 2.187046751418731878e-17
9.686545565615234375e+08 2.124528751397612044e-17
9.686545565617675781e+08 2.060278003009681231e-17
9.686545565620117188e+08 1.996918979682003798e-17
9.686545565622558594e+08 1.930342870840549637e-17
9.686545565625000000e+08 1.862519503026454022e-17
9.686545565627441406e+08 1.792439809100961397e-17
9.686545565629882812e+08 1.721210983090796619e-17
9.686545565632324219e+08 1.648416902624506200e-17
9.686545565634765625e+08 1.575325144454422060e-17
9.686545565637207031e+08 1.500846114343779000e-17
9.686545565639648438e+08 1.424863895039149054e-17
9.686545565642089844e+08 1.348258924683168698e-17
9.686545565644531250e+08 1.270828183469095090e-17
9.686545565646972656e+08 1.194729918898570924e-17
9.686545565649414062e+08 1.116374273221973202e-17
9.686545565651855469e+08 1.038162179480576336e-17
9.686545565654296875e+08 9.580112640018436148e-18
9.686545565656738281e+08 8.771316697655134242e-18
9.686545565659179688e+08 7.953815956159924066e-18
9.686545565661621094e+08 7.132478880720227348e-18
9.686545565664062500e+08 6.309005633688498455e-18
9.686545565666503906e+08 5.483084870028177176e-18
9.686545565668945312e+08 4.643354822964143694e-18
9.686545565671386719e+08 3.812045202648420089e-18
9.686545565673828125e+08 2.971954367807365203e-18
9.686545565676269531e+08 2.155629247373972454e-18
9.686545565678710938e+08 1.329595289966270011e-18
9.686545565681152344e+08 4.895135952916970343e-19
9.686545565683593750e+08 -3.356517142294555011e-19
9.686545565686035156e+08 -1.184411086933948611e-18
9.686545565688476562e+08 -2.018282632423943486e-18
9.686545565690917969e+08 -2.861734747745150050e-18
9.686545565693359375e+08 -3.689122916038736077e-18
9.686545565695800781e+08 -4.532507679412773989e-18
9.686545565698242188e+08 -5.362751354843253535e-18
9.686545565700683594e+08 -6.191721299905856881e-18
9.686545565703125000e+08 -7.007814677281780928e-18
9.686545565705566406e+08 -7.820718344182600616e-18
9.686545565708007812e+08 -8.616039571530180794e-18
9.686545565710449219e+08 -9.416787416153732156e-18
9.686545565712890625e+08 -1.021869385607492479e-17
9.686545565715332031e+08 -1.101656305826489355e-17
9.686545565717773438e+08 -1.181165043037055009e-17
9.686545565720214844e+08 -1.259517912641075543e-17
9.686545565722656250e+08 -1.336980182803049213e-17
9.686545565725097656e+08 -1.413954897130657751e-17
9.686545565727539062e+08 -1.490722298325174020e-17
9.686545565729980469e+08 -1.564739853321743858e-17
9.686545565732421875e+08 -1.639376531205317178e-17
9.686545565734863281e+08 -1.710279219454122402e-17
9.686545565737304688e+08 -1.781080961890204447e-17
9.686545565739746094e+08 -1.851283912022076573e-17
9.686545565742187500e+08 -1.920198489311651756e-17
9.686545565744628906e+08 -1.990396750400177529e-17
9.686545565747070312e+08 -2.056656962615762951e-17
9.686545565749511719e+08 -2.123340473686033852e-17
9.686545565751953125e+08 -2.188322212136383058e-17
9.686545565754394531e+08 -2.251542441427974320e-17
9.686545565756835938e+08 -2.313862883865300099e-17
9.686545565759277344e+08 -2.374271564555063344e-17
9.686545565761718750e+08 -2.432310341012239949e-17
9.686545565764160156e+08 -2.487978621137509756e-17
9.686545565766601562e+08 -2.542642599673007157e-17
9.686545565769042969e+08 -2.597448134996389641e-17
9.686545565771484375e+08 -2.648014667268873747e-17
9.686545565773925781e+08 -2.700001372360363736e-17
9.686545565776367188e+08 -2.749182410067438654e-17
9.686545565778808594e+08 -2.796241381300482811e-17
9.686545565781250000e+08 -2.841476848442911366e-17
9.686545565783691406e+08 -2.885215639881352824e-17
9.686545565786132812e+08 -2.926175337533202764e-17
9.686545565788574219e+08 -2.965113723472509988e-17
9.686545565791015625e+08 -3.001914927453931980e-17
9.686545565793457031e+08 -3.034889024260943113e-17
9.686545565795898438e+08 -3.067334979166901652e-17
9.686545565798339844e+08 -3.097649353925388282e-17
9.686545565800781250e+08 -3.126121995083878385e-17
9.686545565803222656e+08 -3.152591449813101228e-17
9.686545565805664062e+08 -3.176437835370800613e-17
9.686545565808105469e+08 -3.198606051022442121e-17
9.686545565810546875e+08 -3.217286489422178545e-17
9.686545565812988281e+08 -3.234614294765789546e-17
9.686545565815429688e+08 -3.249223299946191791e-17
9.686545565817871094e+08 -3.261170540244984254e-17
9.686545565820312500e+08 -3.269330428041932837e-17
9.686545565822753906e+08 -3.274095466445528120e-17
9.686545565825195312e+08 -3.278221922172938661e-17
9.686545565827636719e+08 -3.278747532181601323e-17
9.686545565830078125e+08 -3.278046582927845479e-17
9.686545565832519531e+08 -3.273975043283522618e-17
9.686545565834960938e+08 -3.267904467025907016e-17
9.686545565837402344e+08 -3.258561968083614342e-17
9.686545565839843750e+08 -3.247203308844393110e-17
9.686545565842285156e+08 -3.232522961691624722e-17
9.686545565844726562e+08 -3.215315931566633282e-17
9.686545565847167969e+08 -3.194417660741884411e-17
9.686545565849609375e+08 -3.169670057190475391e-17
9.686545565852050781e+08 -3.142739539884806807e-17
9.686545565854492188e+08 -3.112513501455657986e-17
9.686545565856933594e+08 -3.080607851428733124e-17
9.686545565859375000e+08 -3.045742495071614406e-17
9.686545565861816406e+08 -3.008397566913058549e-17
9.686545565864257812e+08 -2.969130402679260645e-17
9.686545565866699219e+08 -2.924773027600009879e-17
9.686545565869140625e+08 -2.880191746552772210e-17
9.686545565871582031e+08 -2.831061992472690210e-17
9.686545565874023438e+08 -2.778785171225738749e-17
9.686545565876464844e+08 -2.725009016785535010e-17
9.686545565878906250e+08 -2.665235153531333359e-17
9.686545565881347656e+08 -2.603758914724662724e-17
9.686545565883789062e+08 -2.540625427098124698e-17
9.686545565886230469e+08 -2.473572818351116109e-17
9.686545565888671875e+08 -2.406560845272938277e-17
9.686545565891113281e+08 -2.335044409667283807e-17
9.686545565893554688e+08 -2.261934672985359814e-17
9.686545565895996094e+08 -2.185320896700064218e-17
9.686545565898437500e+08 -2.107198893901687432e-17
9.686545565900878906e+08 -2.026155696572855533e-17
9.686545565903320312e+08 -1.940456740187261405e-17
9.686545565905761719e+08 -1.854570359254252587e-17
9.686545565908203125e+08 -1.763817466624182620e-17
9.686545565910644531e+08 -1.671694447453444354e-17
9.686545565913085938e+08 -1.577008195426870573e-17
9.686545565915527344e+08 -1.481479101533174790e-17
9.686545565917968750e+08 -1.384434041878041177e-17
9.686545565920410156e+08 -1.284027247472509044e-17
9.686545565922851562e+08 -1.182552277393740951e-17
9.686545565925292969e+08 -1.079717630880039097e-17
9.686545565927734375e+08 -9.738202160105315849e-18
9.686545565930175781e+08 -8.661567008073912144e-18
9.686545565932617188e+08 -7.571088672802776139e-18
9.686545565935058594e+08 -6.452865458219359243e-18
9.686545565937500000e+08 -5.315267367823410408e-18
9.686545565939941406e+08 -4.169771991632392667e-18
9.686545565942382812e+08 -3.011986391433493123e-18
9.686545565944824219e+08 -1.850388380516474155e-18
9.686545565947265625e+08 -6.788160413832031956e-19
9.686545565949707031e+08 5.030073213641376680e-19
9.686545565952148438e+08 1.697528015978801942e-18
9.686545565954589844e+08 2.899912990836736633e-18
9.686545565957031250e+08 4.103783996187166951e-18
9.686545565959472656e+08 5.328654777520722449e-18
9.686545565961914062e+08 6.543902625493299959e-18
9.686545565964355469e+08 7.782966441119632632e-18
9.686545565966796875e+08 9.021752303078653753e-18
9.686545565969238281e+08 1.026217737755232484e-17
9.686545565971679688e+08 1.149920381953463649e-17
9.686545565974121094e+08 1.272262908712408493e-17
9.686545565976562500e+08 1.395485587648340378e-17
9.686545565979003906e+08 1.517860452812791601e-17
9.686545565981445312e+08 1.639156749299226620e-17
9.686545565983886719e+08 1.760878001174622708e-17
9.686545565986328125e+08 1.881417952447072066e-17
9.686545565988769531e+08 2.001663769338018638e-17
9.686545565991210938e+08 2.121377668075940009e-17
9.686545565993652344e+08 2.239154756584137311e-17
9.686545565996093750e+08 2.358904188333245885e-17
9.686545565998535156e+08 2.475313438914830471e-17
9.686545566000976562e+08 2.589886542989217263e-17
9.686545566003417969e+08 2.702717233547630291e-17
9.686545566005859375e+08 2.814472936875389669e-17
9.686545566008300781e+08 2.923332610725921972e-17
9.686545566010742188e+08 3.031378911622744434e-17
9.686545566013183594e+08 3.136360780557726193e-17
9.686545566015625000e+08 3.240405381479097410e-17
9.686545566018066406e+08 3.342463252958793579e-17
9.686545566020507812e+08 3.442109563181736075e-17
9.686545566022949219e+08 3.539657413643119366e-17
9.686545566025390625e+08 3.635920065697954262e-17
9.686545566027832031e+08 3.729194097589387861e-17
9.686545566030273438e+08 3.818685840180678920e-17
9.686545566032714844e+08 3.904982905670586690e-17
9.686545566035156250e+08 3.988438340492056855e-17
9.686545566037597656e+08 4.068818375907780024e-17
9.686545566040039062e+08 4.146020305593541276e-17
9.686545566042480469e+08 4.220433497304056409e-17
9.686545566044921875e+08 4.291069861337612080e-17
9.686545566047363281e+08 4.360261614162071706e-17
9.686545566049804688e+08 4.425204096132698927e-17
9.686545566052246094e+08 4.487386239675805427e-17
9.686545566054687500e+08 4.546830492920147716e-17
9.686545566057128906e+08 4.601398197422999869e-17
9.686545566059570312e+08 4.652352310628427757e-17
9.686545566062011719e+08 4.698791979126906120e-17
9.686545566064453125e+08 4.742238412513989252e-17
9.686545566066894531e+08 4.780825201524361879e-17
9.686545566069335938e+08 4.816076386341221573e-17
9.686545566071777344e+08 4.847678080794808637e-17
9.686545566074218750e+08 4.875697373403949997e-17
9.686545566076660156e+08 4.899901248250374331e-17
9.686545566079101562e+08 4.920674990675126276e-17
9.686545566081542969e+08 4.937940336704705161e-17
9.686545566083984375e+08 4.950216123743328785e-17
9.686545566086425781e+08 4.959404586503965064e-17
9.686545566088867188e+08 4.962793553937410428e-17
9.686545566091308594e+08 4.963232983129037780e-17
9.686545566093750000e+08 4.958594482680890868e-17
9.686545566096191406e+08 4.950048467077377207e-17
9.686545566098632812e+08 4.937357684630767292e-17
9.686545566101074219e+08 4.921197696858831084e-17
9.686545566103515625e+08 4.900577339751447440e-17
9.686545566105957031e+08 4.877288290309706377e-17
9.686545566108398438e+08 4.849656008415657111e-17
9.686545566110839844e+08 4.818400969412245658e-17
9.686545566113281250e+08 4.783485386238265319e-17
9.686545566115722656e+08 4.743507512770236822e-17
9.686545566118164062e+08 4.700517581029145643e-17
9.686545566120605469e+08 4.652148691151613648e-17
9.686545566123046875e+08 4.600745673031400722e-17
9.686545566125488281e+08 4.545855508253940222e-17
9.686545566127929688e+08 4.485873246127151201e-17
9.686545566130371094e+08 4.423641172545842155e-17
9.686545566132812500e+08 4.357342577254510282e-17
9.686545566135253906e+08 4.288210392228458715e-17
9.686545566137695312e+08 4.216998601770023342e-17
9.686545566140136719e+08 4.140461190069034023e-17
9.686545566142578125e+08 4.062644154497838856e-17
9.686545566145019531e+08 3.979587256219329897e-17
9.686545566147460938e+08 3.893722868088027611e-17
9.686545566149902344e+08 3.804427868427661242e-17
9.686545566152343750e+08 3.711873683878455356e-17
9.686545566154785156e+08 3.616314010588997674e-17
9.686545566157226562e+08 3.517876553092107667e-17
9.686545566159667969e+08 3.416517625955491927e-17
9.686545566162109375e+08 3.313762655929827535e-17
9.686545566164550781e+08 3.208057922444801863e-17
9.686545566166992188e+08 3.100252253633458228e-17
9.686545566169433594e+08 2.990365740829317310e-17
9.686545566171875000e+08 2.877473165459560527e-17
9.686545566174316406e+08 2.762631574454251419e-17
9.686545566176757812e+08 2.645783063338445299e-17
9.686545566179199219e+08 2.524975843611603371e-17
9.686545566181640625e+08 2.402448762454574131e-17
9.686545566184082031e+08 2.279329426223981674e-17
9.686545566186523438e+08 2.153717801852629786e-17
9.686545566188964844e+08 2.026341132329463582e-17
9.686545566191406250e+08 1.898675307465454932e-17
9.686545566193847656e+08 1.769839131343688118e-17
9.686545566196289062e+08 1.639080711032178652e-17
9.686545566198730469e+08 1.507907527911566529e-17
9.686545566201171875e+08 1.375211368895433629e-17
9.686545566203613281e+08 1.240538156233810528e-17
9.686545566206054688e+08 1.105378140710155912e-17
9.686545566208496094e+08 9.686986893220582453e-18
9.686545566210937500e+08 8.317775008294842012e-18
9.686545566213378906e+08 6.930430316918186959e-18
9.686545566215820312e+08 5.550310902782578226e-18
9.686545566218261719e+08 4.169403699200307878e-18
9.686545566220703125e+08 2.786592221830753709e-18
9.686545566223144531e+08 1.397865441223000648e-18
9.686545566225585938e+08 1.451412779293314742e-20
9.686545566228027344e+08 -1.364767126531426612e-18
9.686545566230468750e+08 -2.743107403494708733e-18
9.686545566232910156e+08 -4.136094623571205358e-18
9.686545566235351562e+08 -5.516588050407928409e-18
9.686545566237792969e+08 -6.896420122428131011e-18
9.686545566240234375e+08 -8.280459376042904508e-18
9.686545566242675781e+08 -9.650061508744187540e-18
9.686545566245117188e+08 -1.101117241787650824e-17
9.686545566247558594e+08 -1.236455581703316970e-17
9.686545566250000000e+08 -1.370848300756216673e-17
9.686545566252441406e+08 -1.503295378907055722e-17
9.686545566254882812e+08 -1.635257599984907461e-17
9.686545566257324219e+08 -1.765762025280711730e-17
9.686545566259765625e+08 -1.895083636761461475e-17
9.686545566262207031e+08 -2.023826694176502797e-17
9.686545566264648438e+08 -2.150439025061976261e-17
9.686545566267089844e+08 -2.276918823162958551e-17
9.686545566269531250e+08 -2.401618853705494487e-17
9.686545566271972656e+08 -2.523814517185768323e-17
9.686545566274414062e+08 -2.644819539228027212e-17
9.686545566276855469e+08 -2.764136088682942953e-17
9.686545566279296875e+08 -2.879970670725284351e-17
9.686545566281738281e+08 -2.993423077754333020e-17
9.686545566284179688e+08 -3.106598370311314076e-17
9.686545566286621094e+08 -3.215141589906253671e-17
9.686545566289062500e+08 -3.323619808903345776e-17
9.686545566291503906e+08 -3.428446163901113581e-17
9.686545566293945312e+08 -3.532836369789549483e-17
9.686545566296386719e+08 -3.634207192825504968e-17
9.686545566298828125e+08 -3.732494262023709382e-17
9.686545566301269531e+08 -3.829601277243207621e-17
9.686545566303710938e+08 -3.922552248348181075e-17
9.686545566306152344e+08 -4.013441415413226946e-17
9.686545566308593750e+08 -4.099617958130581110e-17
9.686545566311035156e+08 -4.184589930684590933e-17
9.686545566313476562e+08 -4.265420305794944395e-17
9.686545566315917969e+08 -4.342508379299788206e-17
9.686545566318359375e+08 -4.420038177771656496e-17
9.686545566320800781e+08 -4.491499614081186941e-17
9.686545566323242188e+08 -4.560903499844025982e-17
9.686545566325683594e+08 -4.628285574107511440e-17
9.686545566328125000e+08 -4.691842946695696027e-17
9.686545566330566406e+08 -4.752277516580065824e-17
9.686545566333007812e+08 -4.808083897768403574e-17
9.686545566335449219e+08 -4.860979698677616894e-17
9.686545566337890625e+08 -4.909258859819469114e-17
9.686545566340332031e+08 -4.954378968511324135e-17
9.686545566342773438e+08 -4.996998992237943665e-17
9.686545566345214844e+08 -5.034504279982421917e-17
9.686545566347656250e+08 -5.069366242864744247e-17
9.686545566350097656e+08 -5.100903449466729374e-17
9.686545566352539062e+08 -5.128205256777819413e-17
9.686545566354980469e+08 -5.153357725805942259e-17
9.686545566357421875e+08 -5.172954751268928329e-17
9.686545566359863281e+08 -5.190744502447108741e-17
9.686545566362304688e+08 -5.201797835445078167e-17
9.686545566364746094e+08 -5.210654985364407481e-17
9.686545566367187500e+08 -5.214348764837651086e-17
9.686545566369628906e+08 -5.214560372676284188e-17
9.686545566372070312e+08 -5.210425305615982828e-17
9.686545566374511719e+08 -5.203032774034096477e-17
9.686545566376953125e+08 -5.191054059548663977e-17
9.686545566379394531e+08 -5.176003910156064598e-17
9.686545566381835938e+08 -5.157183625265017949e-17
9.686545566384277344e+08 -5.133540780263684792e-17
9.686545566386718750e+08 -5.107494495319052274e-17
9.686545566389160156e+08 -5.076308852181192791e-17
9.686545566391601562e+08 -5.039527066088057805e-17
9.686545566394042969e+08 -5.000225164056239681e-17
9.686545566396484375e+08 -4.956173428684403606e-17
9.686545566398925781e+08 -4.908354014282390605e-17
9.686545566401367188e+08 -4.855755099657712524e-17
9.686545566403808594e+08 -4.799226237419877123e-17
9.686545566406250000e+08 -4.739926113121986477e-17
9.686545566408691406e+08 -4.675325368122103704e-17
9.686545566411132812e+08 -4.607871349113388750e-17
9.686545566413574219e+08 -4.536909815763205749e-17
9.686545566416015625e+08 -4.462201221534945201e-17
9.686545566418457031e+08 -4.382847512299118561e-17
9.686545566420898438e+08 -4.298849492194598193e-17
9.686545566423339844e+08 -4.211942325794231558e-17
9.686545566425781250e+08 -4.120303201128527927e-17
9.686545566428222656e+08 -4.025065226453706263e-17
9.686545566430664062e+08 -3.925909883264444994e-17
9.686545566433105469e+08 -3.823348597596452051e-17
9.686545566435546875e+08 -3.717540710349575109e-17
9.686545566437988281e+08 -3.608153315402165074e-17
9.686545566440429688e+08 -3.496163718543771414e-17
9.686545566442871094e+08 -3.380541868207164362e-17
9.686545566445312500e+08 -3.261744830897669593e-17
9.686545566447753906e+08 -3.140089919712601678e-17
9.686545566450195312e+08 -3.012894218808644575e-17
9.686545566452636719e+08 -2.883594409709947682e-17
9.686545566455078125e+08 -2.751244660871005065e-17
9.686545566457519531e+08 -2.615343121852270766e-17
9.686545566459960938e+08 -2.477195384873996560e-17
9.686545566462402344e+08 -2.336094640041540099e-17
9.686545566464843750e+08 -2.192887339610840268e-17
9.686545566467285156e+08 -2.047108960201594539e-17
9.686545566469726562e+08 -1.899134298467459641e-17
9.686545566472167969e+08 -1.748799122207955297e-17
9.686545566474609375e+08 -1.596538008367688934e-17
9.686545566477050781e+08 -1.440831326843689722e-17
9.686545566479492188e+08 -1.283956060379489347e-17
9.686545566481933594e+08 -1.123712991121204813e-17
9.686545566484375000e+08 -9.628262579522211740e-18
9.686545566486816406e+08 -7.996193255620781558e-18
9.686545566489257812e+08 -6.345604719716782279e-18
9.686545566491699219e+08 -4.697788834054538709e-18
9.686545566494140625e+08 -3.024356549098783935e-18
9.686545566496582031e+08 -1.341808009932669571e-18
9.686545566499023438e+08 3.415033291288622012e-19
9.686545566501464844e+08 2.030902956997083734e-18
9.686545566503906250e+08 3.742141188627761526e-18
9.686545566506347656e+08 5.443487929837569441e-18
9.686545566508789062e+08 7.178816374315589385e-18
9.686545566511230469e+08 8.902696789949782911e-18
9.686545566513671875e+08 1.062652345829271260e-17
9.686545566516113281e+08 1.234851542807319835e-17
9.686545566518554688e+08 1.408143454416225363e-17
9.686545566520996094e+08 1.579546210271856349e-17
9.686545566523437500e+08 1.751033789714414120e-17
9.686545566525878906e+08 1.922589646135397357e-17
9.686545566528320312e+08 2.092033259640280685e-17
9.686545566530761719e+08 2.260802226274459230e-17
9.686545566533203125e+08 2.428570136525256583e-17
9.686545566535644531e+08 2.596067831860866996e-17
9.686545566538085938e+08 2.761882524187852304e-17
9.686545566540527344e+08 2.926766637152783752e-17
9.686545566542968750e+08 3.089567429139813866e-17
9.686545566545410156e+08 3.250468613522156899e-17
9.686545566547851562e+08 3.409360555026764492e-17
9.686545566550292969e+08 3.566496393950610439e-17
9.686545566552734375e+08 3.721541588140610727e-17
9.686545566555175781e+08 3.872942024993178925e-17
9.686545566557617188e+08 4.022309838746787148e-17
9.686545566560058594e+08 4.168679829162060220e-17
9.686545566562500000e+08 4.312331567394805441e-17
9.686545566564941406e+08 4.453766055989661688e-17
9.686545566567382812e+08 4.592497818163620044e-17
9.686545566569824219e+08 4.727794621693036029e-17
9.686545566572265625e+08 4.858820805436740996e-17
9.686545566574707031e+08 4.987796688664208830e-17
9.686545566577148438e+08 5.112694963656944415e-17
9.686545566579589844e+08 5.233337895751668963e-17
9.686545566582031250e+08 5.350127448573585548e-17
9.686545566584472656e+08 5.462367480546021229e-17
9.686545566586914062e+08 5.571239029951042957e-17
9.686545566589355469e+08 5.675200838167395897e-17
9.686545566591796875e+08 5.774789470572508904e-17
9.686545566594238281e+08 5.871132923578308839e-17
9.686545566596679688e+08 5.962821939882217667e-17
9.686545566599121094e+08 6.050471298224478363e-17
9.686545566601562500e+08 6.132533478580846670e-17
9.686545566604003906e+08 6.210458199596866611e-17
9.686545566606445312e+08 6.283080448264075387e-17
9.686545566608886719e+08 6.350458952908379627e-17
9.686545566611328125e+08 6.413708940549940809e-17
9.686545566613769531e+08 6.471201314926181431e-17
9.686545566616210938e+08 6.522488440281916596e-17
9.686545566618652344e+08 6.568969513707758042e-17
9.686545566621093750e+08 6.611187717778168790e-17
9.686545566623535156e+08 6.648944723711306235e-17
9.686545566625976562e+08 6.680905659738233686e-17
9.686545566628417969e+08 6.707694764111512885e-17
9.686545566630859375e+08 6.728601874801141159e-17
9.686545566633300781e+08 6.743892259580216647e-17
9.686545566635742188e+08 6.754542974075683059e-17
9.686545566638183594e+08 6.759462285440231741e-17
9.686545566640625000e+08 6.758895203009639806e-17
9.686545566643066406e+08 6.751394594845495184e-17
9.686545566645507812e+08 6.739504062826282847e-17
9.686545566647949219e+08 6.722069569983907009e-17
9.686545566650390625e+08 6.699132954708547022e-17
9.686545566652832031e+08 6.672172904256167548e-17
9.686545566655273438e+08 6.639038864492901185e-17
9.686545566657714844e+08 6.601016784675542803e-17
9.686545566660156250e+08 6.556883495235633762e-17
9.686545566662597656e+08 6.507760871620653105e-17
9.686545566665039062e+08 6.453974684810790998e-17
9.686545566667480469e+08 6.393850782258920518e-17
9.686545566669921875e+08 6.328988110758123202e-17
9.686545566672363281e+08 6.259256255549475446e-17
9.686545566674804688e+08 6.182827050965598945e-17
9.686545566677246094e+08 6.103648458647754182e-17
9.686545566679687500e+08 6.018606346633496555e-17
9.686545566682128906e+08 5.930018933474001543e-17
9.686545566684570312e+08 5.835802754879782463e-17
9.686545566687011719e+08 5.737669167573001198e-17
9.686545566689453125e+08 5.633696048768508933e-17
9.686545566691894531e+08 5.526403752156583992e-17
9.686545566694335938e+08 5.414044837681560163e-17
9.686545566696777344e+08 5.297221695702068713e-17
9.686545566699218750e+08 5.177636770788454639e-17
9.686545566701660156e+08 5.051921050055894213e-17
9.686545566704101562e+08 4.922330484932309096e-17
9.686545566706542969e+08 4.789803803091450244e-17
9.686545566708984375e+08 4.653689508950550661e-17
9.686545566711425781e+08 4.514110018319311674e-17
9.686545566713867188e+08 4.372083625235894878e-17
9.686545566716308594e+08 4.224316189621639039e-17
9.686545566718750000e+08 4.075202849990916626e-17
9.686545566721191406e+08 3.922155907227417361e-17
9.686545566723632812e+08 3.766215477149262622e-17
9.686545566726074219e+08 3.607451799598608834e-17
9.686545566728515625e+08 3.446009656219141164e-17
9.686545566730957031e+08 3.281416839055962546e-17
9.686545566733398438e+08 3.113641361071697834e-17
9.686545566735839844e+08 2.945871696798922129e-17
9.686545566738281250e+08 2.774614591044061498e-17
9.686545566740722656e+08 2.602511805467196110e-17
9.686545566743164062e+08 2.428190323585949470e-17
9.686545566745605469e+08 2.251413197013436326e-17
9.686545566748046875e+08 2.073727102715037533e-17
9.686545566750488281e+08 1.893828412629865748e-17
9.686545566752929688e+08 1.713064347512206024e-17
9.686545566755371094e+08 1.531676102690297085e-17
9.686545566757812500e+08 1.348302811237356569e-17
9.686545566760253906e+08 1.163805766009172914e-17
9.686545566762695312e+08 9.787252669798268084e-18
9.686545566765136719e+08 7.934377577958096720e-18
9.686545566767578125e+08 6.080244239318987989e-18
9.686545566770019531e+08 4.234242289512155285e-18
9.686545566772460938e+08 2.373066072374700634e-18
9.686545566774902344e+08 5.138766759052963524e-19
9.686545566777343750e+08 -1.346364545262645891e-18
9.686545566779785156e+08 -3.208556286270412902e-18
9.686545566782226562e+08 -5.048341878568720172e-18
9.686545566784667969e+08 -6.906014213812879186e-18
9.686545566787109375e+08 -8.738313468720807975e-18
9.686545566789550781e+08 -1.058462001581835381e-17
9.686545566791992188e+08 -1.240790832587671970e-17
9.686545566794433594e+08 -1.421833814881121497e-17
9.686545566796875000e+08 -1.601151980689971652e-17
9.686545566799316406e+08 -1.779647336107387455e-17
9.686545566801757812e+08 -1.956641413664093339e-17
9.686545566804199219e+08 -2.132295106033640896e-17
9.686545566806640625e+08 -2.306975630632033192e-17
9.686545566809082031e+08 -2.478534094445002375e-17
9.686545566811523438e+08 -2.649428613266772733e-17
9.686545566813964844e+08 -2.817584386547435810e-17
9.686545566816406250e+08 -2.983375422868226845e-17
9.686545566818847656e+08 -3.149056189376838004e-17
9.686545566821289062e+08 -3.309924798989376268e-17
9.686545566823730469e+08 -3.469112474653410119e-17
9.686545566826171875e+08 -3.625876549205893236e-17
9.686545566828613281e+08 -3.779393228639520919e-17
9.686545566831054688e+08 -3.929385805498332682e-17
9.686545566833496094e+08 -4.078559327787740788e-17
9.686545566835937500e+08 -4.223900827887755322e-17
9.686545566838378906e+08 -4.366231495473210396e-17
9.686545566840820312e+08 -4.505431878645025991e-17
9.686545566843261719e+08 -4.640478866842839303e-17
9.686545566845703125e+08 -4.773828169095324865e-17
9.686545566848144531e+08 -4.904101948755156091e-17
9.686545566850585938e+08 -5.029364178144921675e-17
9.686545566853027344e+08 -5.151902920441457236e-17
9.686545566855468750e+08 -5.269721858807109514e-17
9.686545566857910156e+08 -5.384042127780771181e-17
9.686545566860351562e+08 -5.495425216529928760e-17
9.686545566862792969e+08 -5.602346994589889614e-17
9.686545566865234375e+08 -5.706757882414019290e-17
9.686545566867675781e+08 -5.805637351145375044e-17
9.686545566870117188e+08 -5.900277119178898377e-17
9.686545566872558594e+08 -5.992128973606854870e-17
9.686545566875000000e+08 -6.079786318376805393e-17
9.686545566877441406e+08 -6.162969317796848074e-17
9.686545566879882812e+08 -6.242547576466567791e-17
9.686545566882324219e+08 -6.316437343060729213e-17
9.686545566884765625e+08 -6.385477105359366035e-17
9.686545566887207031e+08 -6.451099897568891879e-17
9.686545566889648438e+08 -6.512340009431334066e-17
9.686545566892089844e+08 -6.569517654846418577e-17
9.686545566894531250e+08 -6.621371634843841879e-17
9.686545566896972656e+08 -6.669035905085589723e-17
9.686545566899414062e+08 -6.712453937255444762e-17
9.686545566901855469e+08 -6.750624581587368143e-17
9.686545566904296875e+08 -6.784829514672658210e-17
9.686545566906738281e+08 -6.814621667692390336e-17
9.686545566909179688e+08 -6.838437987248869743e-17
9.686545566911621094e+08 -6.857947606216400223e-17
9.686545566914062500e+08 -6.871592308311031969e-17
9.686545566916503906e+08 -6.881706603039227920e-17
9.686545566918945312e+08 -6.886964102639814151e-17
9.686545566921386719e+08 -6.887593044312299323e-17
9.686545566923828125e+08 -6.883673235200394732e-17
9.686545566926269531e+08 -6.874161304093354789e-17
9.686545566928710938e+08 -6.859606821379170681e-17
9.686545566931152344e+08 -6.840915943568836593e-17
9.686545566933593750e+08 -6.817980211834506750e-17
9.686545566936035156e+08 -6.788836450429409616e-17
9.686545566938476562e+08 -6.754933087745642442e-17
9.686545566940917969e+08 -6.716240269455469633e-17
9.686545566943359375e+08 -6.672736378815373392e-17
9.686545566945800781e+08 -6.624212678352283078e-17
9.686545566948242188e+08 -6.571615551857910209e-17
9.686545566950683594e+08 -6.514009499590295680e-17
9.686545566953125000e+08 -6.451591354556579148e-17
9.686545566955566406e+08 -6.384043745665744334e-17
9.686545566958007812e+08 -6.311558604295939676e-17
9.686545566960449219e+08 -6.234328755614669969e-17
9.686545566962890625e+08 -6.153461998711781997e-17
9.686545566965332031e+08 -6.068186441510316557e-17
9.686545566967773438e+08 -5.975976060172503121e-17
9.686545566970214844e+08 -5.880990349740738471e-17
9.686545566972656250e+08 -5.780167189997430553e-17
9.686545566975097656e+08 -5.675966913654706465e-17
9.686545566977539062e+08 -5.566175942329000196e-17
9.686545566979980469e+08 -5.454239982633227201e-17
9.686545566982421875e+08 -5.335660336281257946e-17
9.686545566984863281e+08 -5.213971625147442739e-17
9.686545566987304688e+08 -5.087387216020900005e-17
9.686545566989746094e+08 -4.956968918523252445e-17
9.686545566992187500e+08 -4.823523196500469451e-17
9.686545566994628906e+08 -4.684116860381184024e-17
9.686545566997070312e+08 -4.541646970894495054e-17
9.686545566999511719e+08 -4.394910412313574943e-17
9.686545567001953125e+08 -4.243353771454507458e-17
9.686545567004394531e+08 -4.090008787430442849e-17
9.686545567006835938e+08 -3.932420900961557590e-17
9.686545567009277344e+08 -3.771020681460592474e-17
9.686545567011718750e+08 -3.606473307656398877e-17
9.686545567014160156e+08 -3.437873332540065019e-17
9.686545567016601562e+08 -3.266133144884356871e-17
9.686545567019042969e+08 -3.092426858684918719e-17
9.686545567021484375e+08 -2.915451309855315844e-17
9.686545567023925781e+08 -2.733926690674868434e-17
9.686545567026367188e+08 -2.550881769297346356e-17
9.686545567028808594e+08 -2.363235199078248334e-17
9.686545567031250000e+08 -2.174401131828673845e-17
9.686545567033691406e+08 -1.983220242210934508e-17
9.686545567036132812e+08 -1.790492291346103781e-17
9.686545567038574219e+08 -1.594465158752448044e-17
9.686545567041015625e+08 -1.396172844707697756e-17
9.686545567043457031e+08 -1.196706443707163003e-17
9.686545567045898438e+08 -9.949486966526822469e-18
9.686545567048339844e+08 -7.917021608542467143e-18
9.686545567050781250e+08 -5.875310904185852581e-18
9.686545567053222656e+08 -3.801083133688526813e-18
9.686545567055664062e+08 -1.730675774164263468e-18
9.686545567058105469e+08 3.745801889217788375e-19
9.686545567060546875e+08 2.468046179501237738e-18
9.686545567062988281e+08 4.569908998433970974e-18
9.686545567065429688e+08 6.682133684584584722e-18
9.686545567067871094e+08 8.780917852411445950e-18
9.686545567070312500e+08 1.090685349918848908e-17
9.686545567072753906e+08 1.302850277735678971e-17
9.686545567075195312e+08 1.515448005557913449e-17
9.686545567077636719e+08 1.726409542977679355e-17
9.686545567080078125e+08 1.938752323628196547e-17
9.686545567082519531e+08 2.149657629238768248e-17
9.686545567084960938e+08 2.360288973400892297e-17
9.686545567087402344e+08 2.570489503184818250e-17
9.686545567089843750e+08 2.779550264089861813e-17
9.686545567092285156e+08 2.986292455607871003e-17
9.686545567094726562e+08 3.191614940092411979e-17
9.686545567097167969e+08 3.395903529340100794e-17
9.686545567099609375e+08 3.599248303123512081e-17
9.686545567102050781e+08 3.800133669343124511e-17
9.686545567104492188e+08 3.999478254679071689e-17
9.686545567106933594e+08 4.195437717951835179e-17
9.686545567109375000e+08 4.389588601912510515e-17
9.686545567111816406e+08 4.582268296791229943e-17
9.686545567114257812e+08 4.771995914643708983e-17
9.686545567116699219e+08 4.959033635809838321e-17
9.686545567119140625e+08 5.142037957109556627e-17
9.686545567121582031e+08 5.322001046324935607e-17
9.686545567124023438e+08 5.497712174461536466e-17
9.686545567126464844e+08 5.670930099475916426e-17
9.686545567128906250e+08 5.841058707228768010e-17
9.686545567131347656e+08 6.007096918908540919e-17
9.686545567133789062e+08 6.168818737773782907e-17
9.686545567136230469e+08 6.325529144768738538e-17
9.686545567138671875e+08 6.479433343687406101e-17
9.686545567141113281e+08 6.629384558420434053e-17
9.686545567143554688e+08 6.774154771624707223e-17
9.686545567145996094e+08 6.913513705812975815e-17
9.686545567148437500e+08 7.049450642928184410e-17
9.686545567150878906e+08 7.178171684915663707e-17
9.686545567153320312e+08 7.302845137594546035e-17
9.686545567155761719e+08 7.422942735082844129e-17
9.686545567158203125e+08 7.536480013149665848e-17
9.686545567160644531e+08 7.646919212491711107e-17
9.686545567163085938e+08 7.749166946885877960e-17
9.686545567165527344e+08 7.847048824105260102e-17
9.686545567167968750e+08 7.939491770353468886e-17
9.686545567170410156e+08 8.026095027603423716e-17
9.686545567172851562e+08 8.107448341027060250e-17
9.686545567175292969e+08 8.182500197738220464e-17
9.686545567177734375e+08 8.250028059448609180e-17
9.686545567180175781e+08 8.312497175806761634e-17
9.686545567182617188e+08 8.368137345244133141e-17
9.686545567185058594e+08 8.416930783635746751e-17
9.686545567187500000e+08 8.461082502894462070e-17
9.686545567189941406e+08 8.498232996907299363e-17
9.686545567192382812e+08 8.528472575650182064e-17
9.686545567194824219e+08 8.552902121073156184e-17
9.686545567197265625e+08 8.570345061548932007e-17
9.686545567199707031e+08 8.582924967715135866e-17
9.686545567202148438e+08 8.587806823924254533e-17
9.686545567204589844e+08 8.586108262201036133e-17
9.686545567207031250e+08 8.577995703441447203e-17
9.686545567209472656e+08 8.561197024864623582e-17
9.686545567211914062e+08 8.540174648348118205e-17
9.686545567214355469e+08 8.511363030308795625e-17
9.686545567216796875e+08 8.476919166583041740e-17
9.686545567219238281e+08 8.435725170727597469e-17
9.686545567221679688e+08 8.387532184872714620e-17
9.686545567224121094e+08 8.334418695845048891e-17
9.686545567226562500e+08 8.272974130463169921e-17
9.686545567229003906e+08 8.207997040872855657e-17
9.686545567231445312e+08 8.135032533405495484e-17
9.686545567233886719e+08 8.055962402868514713e-17
9.686545567236328125e+08 7.970210301546482365e-17
9.686545567238769531e+08 7.876614531069923993e-17
9.686545567241210938e+08 7.779184280198040811e-17
9.686545567243652344e+08 7.675024308310030172e-17
9.686545567246093750e+08 7.565938821499593173e-17
9.686545567248535156e+08 7.449950411320426219e-17
9.686545567250976562e+08 7.330178906327032390e-17
9.686545567253417969e+08 7.201968689520405107e-17
9.686545567255859375e+08 7.070646745157245932e-17
9.686545567258300781e+08 6.935356731743979421e-17
9.686545567260742188e+08 6.791194525211260935e-17
9.686545567263183594e+08 6.644099691517475698e-17
9.686545567265625000e+08 6.490047326221031752e-17
9.686545567268066406e+08 6.331607063283775600e-17
9.686545567270507812e+08 6.168558062246112955e-17
9.686545567272949219e+08 6.001703181567953740e-17
9.686545567275390625e+08 5.829535820936112120e-17
9.686545567277832031e+08 5.653269817192349119e-17
9.686545567280273438e+08 5.473418985776529248e-17
9.686545567282714844e+08 5.288399344179622698e-17
9.686545567285156250e+08 5.101628460602114393e-17
9.686545567287597656e+08 4.909898483098849553e-17
9.686545567290039062e+08 4.714968160010619015e-17
9.686545567292480469e+08 4.515238309576224504e-17
9.686545567294921875e+08 4.313114964117826668e-17
9.686545567297363281e+08 4.106239000865616750e-17
9.686545567299804688e+08 3.896939455705281386e-17
9.686545567302246094e+08 3.686973507194028755e-17
9.686545567304687500e+08 3.473164712223797962e-17
9.686545567307128906e+08 3.256322198989601785e-17
9.686545567309570312e+08 3.037598233479128504e-17
9.686545567312011719e+08 2.817745796416676548e-17
9.686545567314453125e+08 2.595544327033459146e-17
9.686545567316894531e+08 2.371515599492496955e-17
9.686545567319335938e+08 2.146848186831013866e-17
9.686545567321777344e+08 1.919222134704803309e-17
9.686545567324218750e+08 1.689117944516812266e-17
9.686545567326660156e+08 1.459142095361162128e-17
9.686545567329101562e+08 1.228763347096185966e-17
9.686545567331542969e+08 9.974460594688777499e-18
9.686545567333984375e+08 7.648618913956832798e-18
9.686545567336425781e+08 5.337518771735482211e-18
9.686545567338867188e+08 3.021594137122559716e-18
9.686545567341308594e+08 6.898803050150020819e-19
9.686545567343750000e+08 -1.605524182532724193e-18
9.686545567346191406e+08 -3.923325642495178201e-18
9.686545567348632812e+08 -6.229695783066251367e-18
9.686545567351074219e+08 -8.540759019498729537e-18
9.686545567353515625e+08 -1.084097558000438401e-17
9.686545567355957031e+08 -1.313351720386765454e-17
9.686545567358398438e+08 -1.541603507641372506e-17
9.686545567360839844e+08 -1.766816932835963650e-17
9.686545567363281250e+08 -1.991639345146247540e-17
9.686545567365722656e+08 -2.213856964928355591e-17
9.686545567368164062e+08 -2.435503344198360841e-17
9.686545567370605469e+08 -2.654461151182255927e-17
9.686545567373046875e+08 -2.869381130657497953e-17
9.686545567375488281e+08 -3.083926644229220614e-17
9.686545567377929688e+08 -3.296069962877418115e-17
9.686545567380371094e+08 -3.505771434095378793e-17
9.686545567382812500e+08 -3.713917387161354473e-17
9.686545567385253906e+08 -3.919113867086345860e-17
9.686545567387695312e+08 -4.120289077951067867e-17
9.686545567390136719e+08 -4.317144013219729839e-17
9.686545567392578125e+08 -4.512763982844109939e-17
9.686545567395019531e+08 -4.703290503597921653e-17
9.686545567397460938e+08 -4.891655576262864793e-17
9.686545567399902344e+08 -5.074459445904988603e-17
9.686545567402343750e+08 -5.253325104599607735e-17
9.686545567404785156e+08 -5.430191011945808554e-17
9.686545567407226562e+08 -5.601837138799979515e-17
9.686545567409667969e+08 -5.771035251561657706e-17
9.686545567412109375e+08 -5.936300110532911655e-17
9.686545567414550781e+08 -6.096423351001910599e-17
9.686545567416992188e+08 -6.251863806399025136e-17
9.686545567419433594e+08 -6.402378509458980838e-17
9.686545567421875000e+08 -6.549132428407950444e-17
9.686545567424316406e+08 -6.690263838255416724e-17
9.686545567426757812e+08 -6.826013481050462735e-17
9.686545567429199219e+08 -6.957898177258430823e-17
9.686545567431640625e+08 -7.083156421924189036e-17
9.686545567434082031e+08 -7.204523181583706197e-17
9.686545567436523438e+08 -7.320899567045692025e-17
9.686545567438964844e+08 -7.433088622465668976e-17
9.686545567441406250e+08 -7.541023465110630526e-17
9.686545567443847656e+08 -7.641114722784191153e-17
9.686545567446289062e+08 -7.736775191292718586e-17
9.686545567448730469e+08 -7.826365051442712665e-17
9.686545567451171875e+08 -7.911413200533980263e-17
9.686545567453613281e+08 -7.990062074122412292e-17
9.686545567456054688e+08 -8.062014526376767630e-17
9.686545567458496094e+08 -8.129120260862967533e-17
9.686545567460937500e+08 -8.189498506128359646e-17
9.686545567463378906e+08 -8.244615469985456340e-17
9.686545567465820312e+08 -8.295726922206307497e-17
9.686545567468261719e+08 -8.340306471033433056e-17
9.686545567470703125e+08 -8.380847385113239084e-17
9.686545567473144531e+08 -8.413510530555143331e-17
9.686545567475585938e+08 -8.440068259672181769e-17
9.686545567478027344e+08 -8.461092614839334886e-17
9.686545567480468750e+08 -8.476421888058791145e-17
9.686545567482910156e+08 -8.484013753888523576e-17
9.686545567485351562e+08 -8.486440005078827913e-17
9.686545567487792969e+08 -8.483448731587668024e-17
9.686545567490234375e+08 -8.471999372969751851e-17
9.686545567492675781e+08 -8.457979605975418524e-17
9.686545567495117188e+08 -8.436689215913144832e-17
9.686545567497558594e+08 -8.411149390267542696e-17
9.686545567500000000e+08 -8.379494345047148556e-17
9.686545567502441406e+08 -8.340390153796641053e-17
9.686545567504882812e+08 -8.296008000955402407e-17
9.686545567507324219e+08 -8.245225098339321841e-17
9.686545567509765625e+08 -8.188697188054524925e-17
9.686545567512207031e+08 -8.125447401733862235e-17
9.686545567514648438e+08 -8.056561537994665462e-17
9.686545567517089844e+08 -7.981623214466933582e-17
9.686545567519531250e+08 -7.900623863436791825e-17
9.686545567521972656e+08 -7.815036800086495209e-17
9.686545567524414062e+08 -7.724034448455142965e-17
9.686545567526855469e+08 -7.628951627625911271e-17
9.686545567529296875e+08 -7.527347319751244370e-17
9.686545567531738281e+08 -7.418996624205569956e-17
9.686545567534179688e+08 -7.306176087004216347e-17
9.686545567536621094e+08 -7.186474119528422057e-17
9.686545567539062500e+08 -7.062313572064016911e-17
9.686545567541503906e+08 -6.933335833135210552e-17
9.686545567543945312e+08 -6.797102097235309423e-17
9.686545567546386719e+08 -6.656366606475398413e-17
9.686545567548828125e+08 -6.510871581801856906e-17
9.686545567551269531e+08 -6.361786570773649702e-17
9.686545567553710938e+08 -6.206900264901436853e-17
9.686545567556152344e+08 -6.049490336531858870e-17
9.686545567558593750e+08 -5.886106418261478620e-17
9.686545567561035156e+08 -5.717506384824569909e-17
9.686545567563476562e+08 -5.543520700325464629e-17
9.686545567565917969e+08 -5.365878702581370285e-17
9.686545567568359375e+08 -5.185120341280893687e-17
9.686545567570800781e+08 -4.997603321593735823e-17
9.686545567573242188e+08 -4.806602846069718612e-17
9.686545567575683594e+08 -4.611774696030405024e-17
9.686545567578125000e+08 -4.412669436295058011e-17
9.686545567580566406e+08 -4.211766986273956575e-17
9.686545567583007812e+08 -4.006084098308683017e-17
9.686545567585449219e+08 -3.799970836873665094e-17
9.686545567587890625e+08 -3.587996375775574503e-17
9.686545567590332031e+08 -3.372103746272938571e-17
9.686545567592773438e+08 -3.154723766155533661e-17
9.686545567595214844e+08 -2.933497747549217256e-17
9.686545567597656250e+08 -2.710045932318751364e-17
9.686545567600097656e+08 -2.482055874145616183e-17
9.686545567602539062e+08 -2.252612916609901347e-17
9.686545567604980469e+08 -2.020070049901242747e-17
9.686545567607421875e+08 -1.786255031919978536e-17
9.686545567609863281e+08 -1.551041493205352812e-17
9.686545567612304688e+08 -1.314606490362353186e-17
9.686545567614746094e+08 -1.077391661738990112e-17
9.686545567617187500e+08 -8.372854128657695150e-18
9.686545567619628906e+08 -5.956574438029207809e-18
9.686545567622070312e+08 -3.529565141918146284e-18
9.686545567624511719e+08 -1.090394210267773186e-18
9.686545567626953125e+08 1.358554704117527829e-18
9.686545567629394531e+08 3.816981647513631579e-18
9.686545567631835938e+08 6.279784046058282978e-18
9.686545567634277344e+08 8.758542526142012328e-18
9.686545567636718750e+08 1.121793460862633341e-17
9.686545567639160156e+08 1.367525450352717103e-17
9.686545567641601562e+08 1.612108158231637074e-17
9.686545567644042969e+08 1.855738789734573921e-17
9.686545567646484375e+08 2.099322524584739356e-17
9.686545567648925781e+08 2.343827414575386657e-17
9.686545567651367188e+08 2.586347467380924759e-17
9.686545567653808594e+08 2.825936871796024665e-17
9.686545567656250000e+08 3.067483352796068879e-17
9.686545567658691406e+08 3.306744439180889244e-17
9.686545567661132812e+08 3.543828183498422689e-17
9.686545567663574219e+08 3.779866958609347586e-17
9.686545567666015625e+08 4.012547600281312784e-17
9.686545567668457031e+08 4.241966019759689359e-17
9.686545567670898438e+08 4.468277493482649898e-17
9.686545567673339844e+08 4.691521661861465740e-17
9.686545567675781250e+08 4.913784831690443095e-17
9.686545567678222656e+08 5.132761048413973865e-17
9.686545567680664062e+08 5.347597964686237757e-17
9.686545567683105469e+08 5.559752043163315413e-17
9.686545567685546875e+08 5.769487569342445529e-17
9.686545567687988281e+08 5.975184945160203936e-17
9.686545567690429688e+08 6.176869842512996192e-17
9.686545567692871094e+08 6.374632707190613697e-17
9.686545567695312500e+08 6.567065664485439912e-17
9.686545567697753906e+08 6.754585190932528847e-17
9.686545567700195312e+08 6.936135211693667314e-17
9.686545567702636719e+08 7.113113806372588378e-17
9.686545567705078125e+08 7.287311072633727734e-17
9.686545567707519531e+08 7.455554039634722386e-17
9.686545567709960938e+08 7.618692290955449233e-17
9.686545567712402344e+08 7.775919679263471441e-17
9.686545567714843750e+08 7.929821221444051518e-17
9.686545567717285156e+08 8.077307381620132330e-17
9.686545567719726562e+08 8.219250377314749944e-17
9.686545567722167969e+08 8.355487513315402050e-17
9.686545567724609375e+08 8.484456310563281733e-17
9.686545567727050781e+08 8.606662769998209636e-17
9.686545567729492188e+08 8.722126696132928551e-17
9.686545567731933594e+08 8.831174481892715367e-17
9.686545567734375000e+08 8.935276050070484067e-17
9.686545567736816406e+08 9.032829660534731686e-17
9.686545567739257812e+08 9.123226316970466580e-17
9.686545567741699219e+08 9.207349537110808521e-17
9.686545567744140625e+08 9.285427506347888714e-17
9.686545567746582031e+08 9.358123421038332520e-17
9.686545567749023438e+08 9.422220725857593875e-17
9.686545567751464844e+08 9.479626896330929626e-17
9.686545567753906250e+08 9.529296835324447771e-17
9.686545567756347656e+08 9.571212993054295905e-17
9.686545567758789062e+08 9.605541824099197613e-17
9.686545567761230469e+08 9.631774364742401436e-17
9.686545567763671875e+08 9.653729341131555547e-17
9.686545567766113281e+08 9.667428634721365245e-17
9.686545567768554688e+08 9.674301641224242845e-17
9.686545567770996094e+08 9.674000642004694944e-17
9.686545567773437500e+08 9.667179497983678751e-17
9.686545567775878906e+08 9.654671933253138722e-17
9.686545567778320312e+08 9.632436857483640170e-17
9.686545567780761719e+08 9.604512379048507442e-17
9.686545567783203125e+08 9.568032402293731858e-17
9.686545567785644531e+08 9.523851561569658515e-17
9.686545567788085938e+08 9.470797588077822300e-17
9.686545567790527344e+08 9.413061168620865093e-17
9.686545567792968750e+08 9.348593182231616788e-17
9.686545567795410156e+08 9.276483681213322844e-17
9.686545567797851562e+08 9.197951293871782537e-17
9.686545567800292969e+08 9.113868062784083975e-17
9.686545567802734375e+08 9.022767781674071938e-17
9.686545567805175781e+08 8.925476619039413888e-17
9.686545567807617188e+08 8.820821883199721773e-17
9.686545567810058594e+08 8.710471805681082771e-17
9.686545567812500000e+08 8.591422366050116996e-17
9.686545567814941406e+08 8.464752251526621598e-17
9.686545567817382812e+08 8.333208746772423336e-17
9.686545567819824219e+08 8.196300274424673768e-17
9.686545567822265625e+08 8.053190182756870446e-17
9.686545567824707031e+08 7.904775985357146043e-17
9.686545567827148438e+08 7.750275115584958632e-17
9.686545567829589844e+08 7.591047785939298372e-17
9.686545567832031250e+08 7.426418296216364891e-17
9.686545567834472656e+08 7.257438629682600730e-17
9.686545567836914062e+08 7.082914295380579749e-17
9.686545567839355469e+08 6.902285083754036784e-17
9.686545567841796875e+08 6.715174662162806844e-17
9.686545567844238281e+08 6.523833427190498136e-17
9.686545567846679688e+08 6.327673950356759888e-17
9.686545567849121094e+08 6.127183690422431097e-17
9.686545567851562500e+08 5.925106266532917996e-17
9.686545567854003906e+08 5.715569775275798488e-17
9.686545567856445312e+08 5.504549560755830346e-17
9.686545567858886719e+08 5.289400416694954254e-17
9.686545567861328125e+08 5.071798139786091527e-17
9.686545567863769531e+08 4.851063697090474850e-17
9.686545567866210938e+08 4.626491650870133905e-17
9.686545567868652344e+08 4.397754728664846933e-17
9.686545567871093750e+08 4.165572973318085213e-17
9.686545567873535156e+08 3.930515739272733005e-17
9.686545567875976562e+08 3.692385673408524618e-17
9.686545567878417969e+08 3.452343538551874857e-17
9.686545567880859375e+08 3.212778670697222836e-17
9.686545567883300781e+08 2.968268319832691371e-17
9.686545567885742188e+08 2.723437715438021873e-17
9.686545567888183594e+08 2.479148815038888271e-17
9.686545567890625000e+08 2.232053811089613157e-17
9.686545567893066406e+08 1.985368990946433173e-17
9.686545567895507812e+08 1.736133337482937715e-17
9.686545567897949219e+08 1.486031972485541782e-17
9.686545567900390625e+08 1.233339978666540815e-17
9.686545567902832031e+08 9.814314367531224372e-18
9.686545567905273438e+08 7.284449172836338497e-18
9.686545567907714844e+08 4.761929857594974272e-18
9.686545567910156250e+08 2.249552915433640822e-18
9.686545567912597656e+08 -2.641291005009807761e-19
9.686545567915039062e+08 -2.769180929481095075e-18
9.686545567917480469e+08 -5.258347440408934821e-18
9.686545567919921875e+08 -7.737421859623690456e-18
9.686545567922363281e+08 -1.019654582833776905e-17
9.686545567924804688e+08 -1.266177241634350296e-17
9.686545567927246094e+08 -1.511093344532791798e-17
9.686545567929687500e+08 -1.755703803313901106e-17
9.686545567932128906e+08 -1.999280751845612718e-17
9.686545567934570312e+08 -2.239991678196674972e-17
9.686545567937011719e+08 -2.478794486201007620e-17
9.686545567939453125e+08 -2.713979917730624437e-17
9.686545567941894531e+08 -2.947781668438224439e-17
9.686545567944335938e+08 -3.177223907173391909e-17
9.686545567946777344e+08 -3.404394880538167019e-17
9.686545567949218750e+08 -3.628049479851961673e-17
9.686545567951660156e+08 -3.847890977673413139e-17
9.686545567954101562e+08 -4.066284776207062111e-17
9.686545567956542969e+08 -4.282000091735951675e-17
9.686545567958984375e+08 -4.494531007489665037e-17
9.686545567961425781e+08 -4.704334001119168561e-17
9.686545567963867188e+08 -4.909956645329910975e-17
9.686545567966308594e+08 -5.111222275841005143e-17
9.686545567968750000e+08 -5.307183575198504260e-17
9.686545567971191406e+08 -5.499736042416241143e-17
9.686545567973632812e+08 -5.687635766058036748e-17
9.686545567976074219e+08 -5.870732524592462361e-17
9.686545567978515625e+08 -6.048425839660177371e-17
9.686545567980957031e+08 -6.221945594477517370e-17
9.686545567983398438e+08 -6.390786856722748694e-17
9.686545567985839844e+08 -6.557719151941982324e-17
9.686545567988281250e+08 -6.719773775737692717e-17
9.686545567990722656e+08 -6.875654085248166339e-17
9.686545567993164062e+08 -7.026553334095963036e-17
9.686545567995605469e+08 -7.171461510327993086e-17
9.686545567998046875e+08 -7.312798476437021570e-17
9.686545568000488281e+08 -7.446656377208264010e-17
9.686545568002929688e+08 -7.575134212465546078e-17
9.686545568005371094e+08 -7.697758873845584481e-17
9.686545568007812500e+08 -7.812979340852335140e-17
9.686545568010253906e+08 -7.925425231287083320e-17
9.686545568012695312e+08 -8.030246756650106574e-17
9.686545568015136719e+08 -8.132941916778200581e-17
9.686545568017578125e+08 -8.228685847684569552e-17
9.686545568020019531e+08 -8.318672309697040403e-17
9.686545568022460938e+08 -8.402888042801214914e-17
9.686545568024902344e+08 -8.480327668383767295e-17
9.686545568027343750e+08 -8.550975834017485499e-17
9.686545568029785156e+08 -8.617023381401980738e-17
9.686545568032226562e+08 -8.674034289515273399e-17
9.686545568034667969e+08 -8.725511124700796600e-17
9.686545568037109375e+08 -8.771282163267643424e-17
9.686545568039550781e+08 -8.809962312354051916e-17
9.686545568041992188e+08 -8.844277111242305986e-17
9.686545568044433594e+08 -8.872418066617900930e-17
9.686545568046875000e+08 -8.895874141558984170e-17
9.686545568049316406e+08 -8.912992319808906707e-17
9.686545568051757812e+08 -8.922678695511051020e-17
9.686545568054199219e+08 -8.925312336139714678e-17
9.686545568056640625e+08 -8.921956533032597873e-17
9.686545568059082031e+08 -8.913229551778710911e-17
9.686545568061523438e+08 -8.895425371727551704e-17
9.686545568063964844e+08 -8.870830485851737788e-17
9.686545568066406250e+08 -8.841937213252211877e-17
9.686545568068847656e+08 -8.805070499489243846e-17
9.686545568071289062e+08 -8.764335222465237133e-17
9.686545568073730469e+08 -8.718407534491015262e-17
9.686545568076171875e+08 -8.666103329434288310e-17
9.686545568078613281e+08 -8.607743394272631593e-17
9.686545568081054688e+08 -8.541772887844085871e-17
9.686545568083496094e+08 -8.470673245175715860e-17
9.686545568085937500e+08 -8.392758637130854586e-17
9.686545568088378906e+08 -8.308286830832889535e-17
9.686545568090820312e+08 -8.216848616409942087e-17
9.686545568093261719e+08 -8.119806378151979694e-17
9.686545568095703125e+08 -8.016505219714707368e-17
9.686545568098144531e+08 -7.908461538541705365e-17
9.686545568100585938e+08 -7.795155670425774292e-17
9.686545568103027344e+08 -7.677433510412705999e-17
9.686545568105468750e+08 -7.553638157399833940e-17
9.686545568107910156e+08 -7.424965726605338710e-17
9.686545568110351562e+08 -7.289051216163874200e-17
9.686545568112792969e+08 -7.148410698824075374e-17
9.686545568115234375e+08 -7.001964912326253229e-17
9.686545568117675781e+08 -6.849392270500048319e-17
9.686545568120117188e+08 -6.691986881712729016e-17
9.686545568122558594e+08 -6.528062817569387371e-17
9.686545568125000000e+08 -6.360469429073240484e-17
9.686545568127441406e+08 -6.187364596184797427e-17
9.686545568129882812e+08 -6.011894054970404961e-17
9.686545568132324219e+08 -5.831303651673036468e-17
9.686545568134765625e+08 -5.647749923524863320e-17
9.686545568137207031e+08 -5.457503303068445408e-17
9.686545568139648438e+08 -5.264401220949410358e-17
9.686545568142089844e+08 -5.065793565023108323e-17
9.686545568144531250e+08 -4.863584532606492781e-17
9.686545568146972656e+08 -4.656347875893183553e-17
9.686545568149414062e+08 -4.444373662911877943e-17
9.686545568151855469e+08 -4.229398151752608174e-17
9.686545568154296875e+08 -4.010163192496294581e-17
9.686545568156738281e+08 -3.789397594778923303e-17
9.686545568159179688e+08 -3.564666194295356992e-17
9.686545568161621094e+08 -3.339979372624040741e-17
9.686545568164062500e+08 -3.110463888585893094e-17
9.686545568166503906e+08 -2.878679566308131035e-17
9.686545568168945312e+08 -2.643087165013884951e-17
9.686545568171386719e+08 -2.406470159841989772e-17
9.686545568173828125e+08 -2.166011783363302348e-17
9.686545568176269531e+08 -1.922154954819344041e-17
9.686545568178710938e+08 -1.676899151933596475e-17
9.686545568181152344e+08 -1.428342203677805497e-17
9.686545568183593750e+08 -1.180278837627236580e-17
9.686545568186035156e+08 -9.299465219849305671e-18
9.686545568188476562e+08 -6.807326644330478231e-18
9.686545568190917969e+08 -4.303638298858257487e-18
9.686545568193359375e+08 -1.789842756949443788e-18
9.686545568195800781e+08 7.364464088459568414e-19
9.686545568198242188e+08 3.251849907646631483e-18
9.686545568200683594e+08 5.797422326195431557e-18
9.686545568203125000e+08 8.334162265316015134e-18
9.686545568205566406e+08 1.088486894808064446e-17
9.686545568208007812e+08 1.344127150328012094e-17
9.686545568210449219e+08 1.598109425588274892e-17
9.686545568212890625e+08 1.852012635333220787e-17
9.686545568215332031e+08 2.103424238281567106e-17
9.686545568217773438e+08 2.353469888494386405e-17
9.686545568220214844e+08 2.601570124165007289e-17
9.686545568222656250e+08 2.848443632049256620e-17
9.686545568225097656e+08 3.093316045891919286e-17
9.686545568227539062e+08 3.336553517038197163e-17
9.686545568229980469e+08 3.580131257843028452e-17
9.686545568232421875e+08 3.819718223298321045e-17
9.686545568234863281e+08 4.059597962298783582e-17
9.686545568237304688e+08 4.295122207128489027e-17
9.686545568239746094e+08 4.530071531572632241e-17
9.686545568242187500e+08 4.759236085582578578e-17
9.686545568244628906e+08 4.985363489146772561e-17
9.686545568247070312e+08 5.207844812997614303e-17
9.686545568249511719e+08 5.424462479360762234e-17
9.686545568251953125e+08 5.639788013318862662e-17
9.686545568254394531e+08 5.849237454863546518e-17
9.686545568256835938e+08 6.056635835495683020e-17
9.686545568259277344e+08 6.260148717679449195e-17
9.686545568261718750e+08 6.458550644314741658e-17
9.686545568264160156e+08 6.653686610473667754e-17
9.686545568266601562e+08 6.844126311805283795e-17
9.686545568269042969e+08 7.029219451504798386e-17
9.686545568271484375e+08 7.209001032696702079e-17
9.686545568273925781e+08 7.382495783953540140e-17
9.686545568276367188e+08 7.549343170222399849e-17
9.686545568278808594e+08 7.710108841640574776e-17
9.686545568281250000e+08 7.866407185047094875e-17
9.686545568283691406e+08 8.016267462309046022e-17
9.686545568286132812e+08 8.160423799975226896e-17
9.686545568288574219e+08 8.298950747032478676e-17
9.686545568291015625e+08 8.431546229189852867e-17
9.686545568293457031e+08 8.559075519158859067e-17
9.686545568295898438e+08 8.679709914419575918e-17
9.686545568298339844e+08 8.794359074169226129e-17
9.686545568300781250e+08 8.899499645795175163e-17
9.686545568303222656e+08 8.999088962640831541e-17
9.686545568305664062e+08 9.090083615786198821e-17
9.686545568308105469e+08 9.174019928959259493e-17
9.686545568310546875e+08 9.250781231643835148e-17
9.686545568312988281e+08 9.319934599406499781e-17
9.686545568315429688e+08 9.383855385288108363e-17
9.686545568317871094e+08 9.438998176508462758e-17
9.686545568320312500e+08 9.488746117774847691e-17
9.686545568322753906e+08 9.531348564628100517e-17
9.686545568325195312e+08 9.566671987071339731e-17
9.686545568327636719e+08 9.594137673102642411e-17
9.686545568330078125e+08 9.613952077565919019e-17
9.686545568332519531e+08 9.623631647046143814e-17
9.686545568334960938e+08 9.626798126743063655e-17
9.686545568337402344e+08 9.621405110933711472e-17
9.686545568339843750e+08 9.608697396369175924e-17
9.686545568342285156e+08 9.587976569181482734e-17
9.686545568344726562e+08 9.561722663297611352e-17
9.686545568347167969e+08 9.526550604354137090e-17
9.686545568349609375e+08 9.486131105499588945e-17
9.686545568352050781e+08 9.439236015293287491e-17
9.686545568354492188e+08 9.383786216682112337e-17
9.686545568356933594e+08 9.320229928303713087e-17
9.686545568359375000e+08 9.249040649102976986e-17
9.686545568361816406e+08 9.169093298638690503e-17
9.686545568364257812e+08 9.081645498533988227e-17
9.686545568366699219e+08 8.987643026608970552e-17
9.686545568369140625e+08 8.886390639383911275e-17
9.686545568371582031e+08 8.776626866031144606e-17
9.686545568374023438e+08 8.663736296612598505e-17
9.686545568376464844e+08 8.542454076522691520e-17
9.686545568378906250e+08 8.415111534955389920e-17
9.686545568381347656e+08 8.282274520136577515e-17
9.686545568383789062e+08 8.143254311169829845e-17
9.686545568386230469e+08 7.997030926499124083e-17
9.686545568388671875e+08 7.842690887489817908e-17
9.686545568391113281e+08 7.682668217508818710e-17
9.686545568393554688e+08 7.516356399610305357e-17
9.686545568395996094e+08 7.343425751616031084e-17
9.686545568398437500e+08 7.164996189820609151e-17
9.686545568400878906e+08 6.982147322474254939e-17
9.686545568403320312e+08 6.793006836573007718e-17
9.686545568405761719e+08 6.601867194324893322e-17
9.686545568408203125e+08 6.403451506855399988e-17
9.686545568410644531e+08 6.202858496953451482e-17
9.686545568413085938e+08 5.996858394533434753e-17
9.686545568415527344e+08 5.785105824651973312e-17
9.686545568417968750e+08 5.568585005818434060e-17
9.686545568420410156e+08 5.346874463883625625e-17
9.686545568422851562e+08 5.122211767383135325e-17
9.686545568425292969e+08 4.892078222558292218e-17
9.686545568427734375e+08 4.658851447152491436e-17
9.686545568430175781e+08 4.422416941212397459e-17
9.686545568432617188e+08 4.185054560741769436e-17
9.686545568435058594e+08 3.943289246674092524e-17
9.686545568437500000e+08 3.700530695051857596e-17
9.686545568439941406e+08 3.456063324344884336e-17
9.686545568442382812e+08 3.207534078326745885e-17
9.686545568444824219e+08 2.956965118831044263e-17
9.686545568447265625e+08 2.704511887464976434e-17
9.686545568449707031e+08 2.448217237629773475e-17
9.686545568452148438e+08 2.191659777055841941e-17
9.686545568454589844e+08 1.931877616446613283e-17
9.686545568457031250e+08 1.672549663560812499e-17
9.686545568459472656e+08 1.412016106817708991e-17
9.686545568461914062e+08 1.151512686246286422e-17
9.686545568464355469e+08 8.914153720520786199e-18
9.686545568466796875e+08 6.318731984425611506e-18
9.686545568469238281e+08 3.722105795022997698e-18
9.686545568471679688e+08 1.134974190285143640e-18
9.686545568474121094e+08 -1.472689311212929703e-18
9.686545568476562500e+08 -4.082251159639556821e-18
9.686545568479003906e+08 -6.678054726745856607e-18
9.686545568481445312e+08 -9.268853669881428989e-18
9.686545568483886719e+08 -1.185142327266479327e-17
9.686545568486328125e+08 -1.443172720573704177e-17
9.686545568488769531e+08 -1.697832149038276204e-17
9.686545568491210938e+08 -1.949420523404278293e-17
9.686545568493652344e+08 -2.199374229280829208e-17
9.686545568496093750e+08 -2.446194082878944789e-17
9.686545568498535156e+08 -2.690970274311399233e-17
9.686545568500976562e+08 -2.932584149476813480e-17
9.686545568503417969e+08 -3.173490701492309763e-17
9.686545568505859375e+08 -3.411943156055698411e-17
9.686545568508300781e+08 -3.647590129466651389e-17
9.686545568510742188e+08 -3.879933752533713286e-17
9.686545568513183594e+08 -4.110312737461198523e-17
9.686545568515625000e+08 -4.335400152278639269e-17
9.686545568518066406e+08 -4.556971405261336271e-17
9.686545568520507812e+08 -4.774047171943980494e-17
9.686545568522949219e+08 -4.985211114644767208e-17
9.686545568525390625e+08 -5.193825891322673372e-17
9.686545568527832031e+08 -5.396198416850252439e-17
9.686545568530273438e+08 -5.595454783399215459e-17
9.686545568532714844e+08 -5.790870589686884350e-17
9.686545568535156250e+08 -5.981844763430720500e-17
9.686545568537597656e+08 -6.168598299849520199e-17
9.686545568540039062e+08 -6.350626220713901570e-17
9.686545568542480469e+08 -6.528188474582614791e-17
9.686545568544921875e+08 -6.699573402151816614e-17
9.686545568547363281e+08 -6.865170344895465995e-17
9.686545568549804688e+08 -7.024818639745027018e-17
9.686545568552246094e+08 -7.177595020465979967e-17
9.686545568554687500e+08 -7.324453635586181007e-17
9.686545568557128906e+08 -7.467298488765940905e-17
9.686545568559570312e+08 -7.601640321336206762e-17
9.686545568562011719e+08 -7.732497607992453085e-17
9.686545568564453125e+08 -7.859572969520602712e-17
9.686545568566894531e+08 -7.977835856234748003e-17
9.686545568569335938e+08 -8.092404179682248257e-17
9.686545568571777344e+08 -8.199064111447835324e-17
9.686545568574218750e+08 -8.301555633485200142e-17
9.686545568576660156e+08 -8.394556353675281355e-17
9.686545568579101562e+08 -8.480929392330673372e-17
9.686545568581542969e+08 -8.561514566064503523e-17
9.686545568583984375e+08 -8.633846187636127279e-17
9.686545568586425781e+08 -8.699049306021597598e-17
9.686545568588867188e+08 -8.760547072286269150e-17
9.686545568591308594e+08 -8.814514477395970900e-17
9.686545568593750000e+08 -8.861962549557227336e-17
9.686545568596191406e+08 -8.904123597762255043e-17
9.686545568598632812e+08 -8.939428961750486572e-17
9.686545568601074219e+08 -8.968198979935136407e-17
9.686545568603515625e+08 -8.990016036933842630e-17
9.686545568605957031e+08 -9.004067495964145110e-17
9.686545568608398438e+08 -9.009073000175716774e-17
9.686545568610839844e+08 -9.008989813956133119e-17
9.686545568613281250e+08 -9.000642438811553742e-17
9.686545568615722656e+08 -8.985859329559072865e-17
9.686545568618164062e+08 -8.964867161179594743e-17
9.686545568620605469e+08 -8.938231340741829313e-17
9.686545568623046875e+08 -8.905171604451076820e-17
9.686545568625488281e+08 -8.864980884672945196e-17
9.686545568627929688e+08 -8.819719315818670866e-17
9.686545568630371094e+08 -8.766638689316696118e-17
9.686545568632812500e+08 -8.707352664990550127e-17
9.686545568635253906e+08 -8.640188875237752955e-17
9.686545568637695312e+08 -8.565787705586607983e-17
9.686545568640136719e+08 -8.484320466643851472e-17
9.686545568642578125e+08 -8.395943080448189596e-17
9.686545568645019531e+08 -8.301894776327798418e-17
9.686545568647460938e+08 -8.202565807555271098e-17
9.686545568649902344e+08 -8.097444251431345086e-17
9.686545568652343750e+08 -7.986831887472306161e-17
9.686545568654785156e+08 -7.869428128504114819e-17
9.686545568657226562e+08 -7.746036811410039588e-17
9.686545568659667969e+08 -7.618781843449762975e-17
9.686545568662109375e+08 -7.483661156779662703e-17
9.686545568664550781e+08 -7.340910018189286839e-17
9.686545568666992188e+08 -7.193011420600037726e-17
9.686545568669433594e+08 -7.039412316296918747e-17
9.686545568671875000e+08 -6.879307748187142683e-17
9.686545568674316406e+08 -6.714519234575283831e-17
9.686545568676757812e+08 -6.545755779536504490e-17
9.686545568679199219e+08 -6.371406662513274445e-17
9.686545568681640625e+08 -6.191555792665610048e-17
9.686545568684082031e+08 -6.008818099649044000e-17
9.686545568686523438e+08 -5.820587696653968178e-17
9.686545568688964844e+08 -5.627977481014062111e-17
9.686545568691406250e+08 -5.430038833637113205e-17
9.686545568693847656e+08 -5.226472869266866773e-17
9.686545568696289062e+08 -5.019017315006182274e-17
9.686545568698730469e+08 -4.804890963760718390e-17
9.686545568701171875e+08 -4.588758959592910727e-17
9.686545568703613281e+08 -4.367471796574651437e-17
9.686545568706054688e+08 -4.144547271265827153e-17
9.686545568708496094e+08 -3.918212743319791669e-17
9.686545568710937500e+08 -3.688569882725792894e-17
9.686545568713378906e+08 -3.454512237750105507e-17
9.686545568715820312e+08 -3.220442384913143816e-17
9.686545568718261719e+08 -2.980814908169376673e-17
9.686545568720703125e+08 -2.738923253864392545e-17
9.686545568723144531e+08 -2.493818488300424092e-17
9.686545568725585938e+08 -2.244357002568930058e-17
9.686545568728027344e+08 -1.992995022092301487e-17
9.686545568730468750e+08 -1.739866071840213947e-17
9.686545568732910156e+08 -1.484245712199364928e-17
9.686545568735351562e+08 -1.227907560876126993e-17
9.686545568737792969e+08 -9.710258013523273352e-18
9.686545568740234375e+08 -7.126195070732454256e-18
9.686545568742675781e+08 -4.531625214848424530e-18
9.686545568745117188e+08 -1.925737850898535854e-18
9.686545568747558594e+08 6.655203465205762570e-19
9.686545568750000000e+08 3.304054485537324487e-18
9.686545568752441406e+08 5.937982329676628630e-18
9.686545568754882812e+08 8.594086320340410166e-18
9.686545568757324219e+08 1.124088858909727889e-17
9.686545568759765625e+08 1.388701978900902167e-17
9.686545568762207031e+08 1.652701720573284190e-17
9.686545568764648438e+08 1.915540345678259080e-17
9.686545568767089844e+08 2.177069668238118097e-17
9.686545568769531250e+08 2.437239869161157731e-17
9.686545568771972656e+08 2.696273052444695079e-17
9.686545568774414062e+08 2.953198381702887896e-17
9.686545568776855469e+08 3.209224592663529336e-17
9.686545568779296875e+08 3.464583933055417455e-17
9.686545568781738281e+08 3.719133716606124398e-17
9.686545568784179688e+08 3.971748953085226955e-17
9.686545568786621094e+08 4.222333875091048268e-17
9.686545568789062500e+08 4.469954726456889325e-17
9.686545568791503906e+08 4.713787187985894079e-17
9.686545568793945312e+08 4.954968023246042340e-17
9.686545568796386719e+08 5.191291404844040435e-17
9.686545568798828125e+08 5.426115870639670602e-17
9.686545568801269531e+08 5.655913572176113270e-17
9.686545568803710938e+08 5.881532547114460283e-17
9.686545568806152344e+08 6.103924995600398368e-17
9.686545568808593750e+08 6.323651155469468238e-17
9.686545568811035156e+08 6.539478186248202527e-17
9.686545568813476562e+08 6.750566294480383471e-17
9.686545568815917969e+08 6.958371566861075538e-17
9.686545568818359375e+08 7.160260038191036246e-17
9.686545568820800781e+08 7.357009991583348371e-17
9.686545568823242188e+08 7.546949192458596184e-17
9.686545568825683594e+08 7.732790052384403295e-17
9.686545568828125000e+08 7.912767407196147754e-17
9.686545568830566406e+08 8.086424698914797189e-17
9.686545568833007812e+08 8.252540092108865774e-17
9.686545568835449219e+08 8.414998090988999175e-17
9.686545568837890625e+08 8.573330764549968541e-17
9.686545568840332031e+08 8.723384411466519005e-17
9.686545568842773438e+08 8.869907302997735133e-17
9.686545568845214844e+08 9.008441554756813284e-17
9.686545568847656250e+08 9.140254512670394346e-17
9.686545568850097656e+08 9.264537822581862327e-17
9.686545568852539062e+08 9.382716462710305229e-17
9.686545568854980469e+08 9.492682258848758924e-17
9.686545568857421875e+08 9.595195673959206639e-17
9.686545568859863281e+08 9.691142689810141733e-17
9.686545568862304688e+08 9.777904414401556886e-17
9.686545568864746094e+08 9.859271750524458837e-17
9.686545568867187500e+08 9.933614921917480761e-17
9.686545568869628906e+08 1.000132610119037475e-16
9.686545568872070312e+08 1.006204714211434449e-16
9.686545568874511719e+08 1.011485793200546780e-16
9.686545568876953125e+08 1.015814184256314713e-16
9.686545568879394531e+08 1.019569161985429702e-16
9.686545568881835938e+08 1.022334781852796983e-16
9.686545568884277344e+08 1.024367696630943903e-16
9.686545568886718750e+08 1.025563602846511502e-16
9.686545568889160156e+08 1.025835453113132796e-16
9.686545568891601562e+08 1.025429599363181881e-16
9.686545568894042969e+08 1.024172183894861448e-16
9.686545568896484375e+08 1.022471725135997660e-16
9.686545568898925781e+08 1.019846139145963974e-16
9.686545568901367188e+08 1.016555873997312084e-16
9.686545568903808594e+08 1.012407037436640204e-16
9.686545568906250000e+08 1.007418945424655709e-16
9.686545568908691406e+08 1.001609996215524629e-16
9.686545568911132812e+08 9.950398155573872266e-17
9.686545568913574219e+08 9.877495086701958890e-17
9.686545568916015625e+08 9.794185532649442321e-17
9.686545568918457031e+08 9.704697335691513141e-17
9.686545568920898438e+08 9.607288664521974407e-17
9.686545568923339844e+08 9.502870801958611848e-17
9.686545568925781250e+08 9.393375676043035975e-17
9.686545568928222656e+08 9.276462536280619790e-17
9.686545568930664062e+08 9.153151324034251237e-17
9.686545568933105469e+08 9.021457946196552200e-17
9.686545568935546875e+08 8.882248295332831490e-17
9.686545568937988281e+08 8.736942633802009648e-17
9.686545568940429688e+08 8.583710933683836888e-17
9.686545568942871094e+08 8.424449793522990032e-17
9.686545568945312500e+08 8.257888812304804339e-17
9.686545568947753906e+08 8.084942450118377689e-17
9.686545568950195312e+08 7.904705698635408684e-17
9.686545568952636719e+08 7.721407439763299368e-17
9.686545568955078125e+08 7.532579772895123675e-17
9.686545568957519531e+08 7.338522320865236845e-17
9.686545568959960938e+08 7.138599983156135234e-17
9.686545568962402344e+08 6.932571398846150117e-17
9.686545568964843750e+08 6.721662437733572054e-17
9.686545568967285156e+08 6.505077135231009595e-17
9.686545568969726562e+08 6.283842776818633136e-17
9.686545568972167969e+08 6.057335585829817124e-17
9.686545568974609375e+08 5.826653809609553522e-17
9.686545568977050781e+08 5.589939501117334365e-17
9.686545568979492188e+08 5.350476939429358241e-17
9.686545568981933594e+08 5.108171136168477859e-17
9.686545568984375000e+08 4.862347611640037658e-17
9.686545568986816406e+08 4.614512526363834186e-17
9.686545568989257812e+08 4.362457753757289866e-17
9.686545568991699219e+08 4.107529567738173514e-17
9.686545568994140625e+08 3.848624258970299694e-17
9.686545568996582031e+08 3.586698237654959652e-17
9.686545568999023438e+08 3.325122236184593889e-17
9.686545569001464844e+08 3.057532935708721088e-17
9.686545569003906250e+08 2.788378671066195585e-17
9.686545569006347656e+08 2.517772449781174536e-17
9.686545569008789062e+08 2.245080855131334698e-17
9.686545569011230469e+08 1.973594140383612428e-17
9.686545569013671875e+08 1.700701595823524195e-17
9.686545569016113281e+08 1.427606867395054246e-17
9.686545569018554688e+08 1.153866171981245316e-17
9.686545569020996094e+08 8.785592538121930003e-18
9.686545569023437500e+08 6.027817522357325250e-18
9.686545569025878906e+08 3.271147868926733415e-18
9.686545569028320312e+08 5.189357841843729585e-19
9.686545569030761719e+08 -2.239492713106904841e-18
9.686545569033203125e+08 -4.999568934707266771e-18
9.686545569035644531e+08 -7.749168056805056200e-18
9.686545569038085938e+08 -1.049153673962167675e-17
9.686545569040527344e+08 -1.319814037891455047e-17
9.686545569042968750e+08 -1.588882049519361048e-17
9.686545569045410156e+08 -1.856203588402639485e-17
9.686545569047851562e+08 -2.122004125205994523e-17
9.686545569050292969e+08 -2.386261085491300167e-17
9.686545569052734375e+08 -2.648647013576199498e-17
9.686545569055175781e+08 -2.908351952582429836e-17
9.686545569057617188e+08 -3.165026672025262753e-17
9.686545569060058594e+08 -3.420895733366419946e-17
9.686545569062500000e+08 -3.672899131470927787e-17
9.686545569064941406e+08 -3.924190561432115264e-17
9.686545569067382812e+08 -4.168691349686178958e-17
9.686545569069824219e+08 -4.409532299526732086e-17
9.686545569072265625e+08 -4.646366631747439806e-17
9.686545569074707031e+08 -4.879128085746001909e-17
9.686545569077148438e+08 -5.108812988528880154e-17
9.686545569079589844e+08 -5.333828188948313116e-17
9.686545569082031250e+08 -5.555304280066132264e-17
9.686545569084472656e+08 -5.772261867140455642e-17
9.686545569086914062e+08 -5.984335090901087045e-17
9.686545569089355469e+08 -6.192420704633877449e-17
9.686545569091796875e+08 -6.396874211192954048e-17
9.686545569094238281e+08 -6.595532049147595643e-17
9.686545569096679688e+08 -6.788857792092701046e-17
9.686545569099121094e+08 -6.974960430646780414e-17
9.686545569101562500e+08 -7.156198343299212691e-17
9.686545569104003906e+08 -7.330869033102510777e-17
9.686545569106445312e+08 -7.501835224201222136e-17
9.686545569108886719e+08 -7.665877376294251661e-17
9.686545569111328125e+08 -7.825540062355291198e-17
9.686545569113769531e+08 -7.978224117213806290e-17
9.686545569116210938e+08 -8.124887640599524137e-17
9.686545569118652344e+08 -8.267148730322747130e-17
9.686545569121093750e+08 -8.402930575468489550e-17
9.686545569123535156e+08 -8.533657936758465508e-17
9.686545569125976562e+08 -8.655331352038841701e-17
9.686545569128417969e+08 -8.769883456824092092e-17
9.686545569130859375e+08 -8.879358780759770188e-17
9.686545569133300781e+08 -8.979947281929255689e-17
9.686545569135742188e+08 -9.076793657961736512e-17
9.686545569138183594e+08 -9.164532505011103203e-17
9.686545569140625000e+08 -9.248800489443097471e-17
9.686545569143066406e+08 -9.324201676328389183e-17
9.686545569145507812e+08 -9.392231860564298519e-17
9.686545569147949219e+08 -9.456833908128669008e-17
9.686545569150390625e+08 -9.513505747036499176e-17
9.686545569152832031e+08 -9.563325452781118881e-17
9.686545569155273438e+08 -9.605441476564754094e-17
9.686545569157714844e+08 -9.639576338335676309e-17
9.686545569160156250e+08 -9.666620519861106037e-17
9.686545569162597656e+08 -9.685934431465944249e-17
9.686545569165039062e+08 -9.699972274470816482e-17
9.686545569167480469e+08 -9.707966532643996389e-17
9.686545569169921875e+08 -9.706871850790662622e-17
9.686545569172363281e+08 -9.699742592835904313e-17
9.686545569174804688e+08 -9.686678932101388044e-17
9.686545569177246094e+08 -9.667421017226337821e-17
9.686545569179687500e+08 -9.640744994221675300e-17
9.686545569182128906e+08 -9.607115762399958115e-17
9.686545569184570312e+08 -9.565543482204860303e-17
9.686545569187011719e+08 -9.517141183234091033e-17
9.686545569189453125e+08 -9.461137479618416201e-17
9.686545569191894531e+08 -9.398443891126347257e-17
9.686545569194335938e+08 -9.330764275724724495e-17
9.686545569196777344e+08 -9.254805920997545032e-17
9.686545569199218750e+08 -9.173634021832581567e-17
9.686545569201660156e+08 -9.085159387940272992e-17
9.686545569204101562e+08 -8.990354816943548079e-17
9.686545569206542969e+08 -8.890627419230875497e-17
9.686545569208984375e+08 -8.784067608845472439e-17
9.686545569211425781e+08 -8.672184568539521069e-17
9.686545569213867188e+08 -8.550953532816561198e-17
9.686545569216308594e+08 -8.424324399309305624e-17
9.686545569218750000e+08 -8.291277929577984443e-17
9.686545569221191406e+08 -8.152489882964707941e-17
9.686545569223632812e+08 -8.008345615190083784e-17
9.686545569226074219e+08 -7.858360633788700919e-17
9.686545569228515625e+08 -7.702375553322929047e-17
9.686545569230957031e+08 -7.540022486274120896e-17
9.686545569233398438e+08 -7.373730680742290391e-17
9.686545569235839844e+08 -7.202613704503468048e-17
9.686545569238281250e+08 -7.026560541458084038e-17
9.686545569240722656e+08 -6.842547154019276286e-17
9.686545569243164062e+08 -6.654610607320986421e-17
9.686545569245605469e+08 -6.461409203965151069e-17
9.686545569248046875e+08 -6.261607561943829537e-17
9.686545569250488281e+08 -6.058837624418497191e-17
9.686545569252929688e+08 -5.851207653801324871e-17
9.686545569255371094e+08 -5.638802869036553001e-17
9.686545569257812500e+08 -5.421868078831352203e-17
9.686545569260253906e+08 -5.200296284101058898e-17
9.686545569262695312e+08 -4.976092803441044258e-17
9.686545569265136719e+08 -4.749002105611061590e-17
9.686545569267578125e+08 -4.517022150573003111e-17
9.686545569270019531e+08 -4.280785404950637376e-17
9.686545569272460938e+08 -4.040897202918760954e-17
9.686545569274902344e+08 -3.796087775980072089e-17
9.686545569277343750e+08 -3.548765831736677716e-17
9.686545569279785156e+08 -3.298626992675138134e-17
9.686545569282226562e+08 -3.045557175148751381e-17
9.686545569284667969e+08 -2.790553191983626883e-17
9.686545569287109375e+08 -2.531515777498393298e-17
9.686545569289550781e+08 -2.270237181693578436e-17
9.686545569291992188e+08 -2.008572784111482206e-17
9.686545569294433594e+08 -1.744257241236488608e-17
9.686545569296875000e+08 -1.479037455956034073e-17
9.686545569299316406e+08 -1.210668975127792430e-17
9.686545569301757812e+08 -9.385511630143433735e-18
9.686545569304199219e+08 -6.675379852875670543e-18
9.686545569306640625e+08 -3.934616880873240354e-18
9.686545569309082031e+08 -1.199061234333335747e-18
9.686545569311523438e+08 1.544111401473297381e-18
9.686545569313964844e+08 4.301661879124223290e-18
9.686545569316406250e+08 7.074289234877714048e-18
9.686545569318847656e+08 9.823438862043478618e-18
9.686545569321289062e+08 1.257752748417935830e-17
9.686545569323730469e+08 1.532559925202922943e-17
9.686545569326171875e+08 1.806844002158469250e-17
9.686545569328613281e+08 2.082034623591242741e-17
9.686545569331054688e+08 2.356869219661784065e-17
9.686545569333496094e+08 2.630537838402580888e-17
9.686545569335937500e+08 2.904062156067234345e-17
9.686545569338378906e+08 3.174312217288789640e-17
9.686545569340820312e+08 3.444018166781159632e-17
9.686545569343261719e+08 3.711142334052651530e-17
9.686545569345703125e+08 3.978319347595091162e-17
9.686545569348144531e+08 4.241699257988703165e-17
9.686545569350585938e+08 4.501309634826156244e-17
9.686545569353027344e+08 4.759957096873459278e-17
9.686545569355468750e+08 5.014307434774200933e-17
9.686545569357910156e+08 5.267603137433781508e-17
9.686545569360351562e+08 5.518751656256963561e-17
9.686545569362792969e+08 5.765763028210324609e-17
9.686545569365234375e+08 6.008266981694674442e-17
9.686545569367675781e+08 6.248147015109225550e-17
9.686545569370117188e+08 6.483169893219250451e-17
9.686545569372558594e+08 6.714835672785963418e-17
9.686545569375000000e+08 6.942041087369995175e-17
9.686545569377441406e+08 7.164760519803048003e-17
9.686545569379882812e+08 7.381280217599152881e-17
9.686545569382324219e+08 7.593801923512595767e-17
9.686545569384765625e+08 7.800441623129625980e-17
9.686545569387207031e+08 8.003652949476920003e-17
9.686545569389648438e+08 8.201723866164715090e-17
9.686545569392089844e+08 8.394452858609009887e-17
9.686545569394531250e+08 8.579633061279851961e-17
9.686545569396972656e+08 8.760702416536364205e-17
9.686545569399414062e+08 8.933595466159075283e-17
9.686545569401855469e+08 9.103638624172441133e-17
9.686545569404296875e+08 9.265960381272697329e-17
9.686545569406738281e+08 9.421227247102276403e-17
9.686545569409179688e+08 9.568459152263145830e-17
9.686545569411621094e+08 9.709877670339742419e-17
9.686545569414062500e+08 9.844504997504903819e-17
9.686545569416503906e+08 9.972710121269342396e-17
9.686545569418945312e+08 1.009445443647752801e-16
9.686545569421386719e+08 1.020895951528415512e-16
9.686545569423828125e+08 1.031526970624395435e-16
9.686545569426269531e+08 1.041431391850530954e-16
9.686545569428710938e+08 1.050603818402076157e-16
9.686545569431152344e+08 1.059088486793110760e-16
9.686545569433593750e+08 1.066781299123735218e-16
9.686545569436035156e+08 1.073612492935107967e-16
9.686545569438476562e+08 1.079584436544162309e-16
9.686545569440917969e+08 1.084721982073670764e-16
9.686545569443359375e+08 1.089228973432665751e-16
9.686545569445800781e+08 1.092897408726208195e-16
9.686545569448242188e+08 1.095899476450768887e-16
9.686545569450683594e+08 1.097921735130556390e-16
9.686545569453125000e+08 1.099228002564877036e-16
9.686545569455566406e+08 1.099694495228719675e-16
9.686545569458007812e+08 1.099252553435143720e-16
9.686545569460449219e+08 1.098294643455914623e-16
9.686545569462890625e+08 1.096167454082845523e-16
9.686545569465332031e+08 1.093400885213027910e-16
9.686545569467773438e+08 1.089599990869419058e-16
9.686545569470214844e+08 1.085085737875134644e-16
9.686545569472656250e+08 1.079822367795039111e-16
9.686545569475097656e+08 1.073712291810816284e-16
9.686545569477539062e+08 1.066935894582781069e-16
9.686545569479980469e+08 1.059261835294511303e-16
9.686545569482421875e+08 1.050755126966196540e-16
9.686545569484863281e+08 1.041419024955894217e-16
9.686545569487304688e+08 1.031475784656823043e-16
9.686545569489746094e+08 1.020690205376546126e-16
9.686545569492187500e+08 1.009082125037432172e-16
9.686545569494628906e+08 9.966474795256216439e-17
9.686545569497070312e+08 9.835195217977222416e-17
9.686545569499511719e+08 9.695009370218542526e-17
9.686545569501953125e+08 9.549810385465920670e-17
9.686545569504394531e+08 9.397156417491762509e-17
9.686545569506835938e+08 9.238243911570801624e-17
9.686545569509277344e+08 9.070798573503941964e-17
9.686545569511718750e+08 8.896227845726973332e-17
9.686545569514160156e+08 8.715873327209221391e-17
9.686545569516601562e+08 8.529717765413748321e-17
9.686545569519042969e+08 8.337128855267678754e-17
9.686545569521484375e+08 8.137299217272121608e-17
9.686545569523925781e+08 7.931672011586675476e-17
9.686545569526367188e+08 7.718734523238364412e-17
9.686545569528808594e+08 7.501470103399359092e-17
9.686545569531250000e+08 7.278522477163769030e-17
9.686545569533691406e+08 7.050584127850480619e-17
9.686545569536132812e+08 6.817106415579448663e-17
9.686545569538574219e+08 6.579249123275646231e-17
9.686545569541015625e+08 6.334522910199152819e-17
9.686545569543457031e+08 6.086766398930452285e-17
9.686545569545898438e+08 5.835544919097123116e-17
9.686545569548339844e+08 5.579270036211404814e-17
9.686545569550781250e+08 5.318228582204429965e-17
9.686545569553222656e+08 5.053690141089571980e-17
9.686545569555664062e+08 4.784458358956397612e-17
9.686545569558105469e+08 4.512247139990248524e-17
9.686545569560546875e+08 4.237869735372576068e-17
9.686545569562988281e+08 3.960498666818051621e-17
9.686545569565429688e+08 3.680050839662057692e-17
9.686545569567871094e+08 3.396394266337439389e-17
9.686545569570312500e+08 3.111624772682238251e-17
9.686545569572753906e+08 2.822926869177865777e-17
9.686545569575195312e+08 2.536058541532694359e-17
9.686545569577636719e+08 2.244842644401475269e-17
9.686545569580078125e+08 1.953073922590628062e-17
9.686545569582519531e+08 1.659112516994819634e-17
9.686545569584960938e+08 1.363968408589482541e-17
9.686545569587402344e+08 1.067332634737905469e-17
9.686545569589843750e+08 7.724934754309832927e-18
9.686545569592285156e+08 4.771762113800793357e-18
9.686545569594726562e+08 1.801190564469659127e-18
9.686545569597167969e+08 -1.150857373046458755e-18
9.686545569599609375e+08 -4.121222363995521848e-18
9.686545569602050781e+08 -7.049919053317672329e-18
9.686545569604492188e+08 -9.989933205071982368e-18
9.686545569606933594e+08 -1.291744976927033916e-17
9.686545569609375000e+08 -1.583123683437557898e-17
9.686545569611816406e+08 -1.873597063677779982e-17
9.686545569614257812e+08 -2.163684822668200374e-17
9.686545569616699219e+08 -2.450267166017412293e-17
9.686545569619140625e+08 -2.734417977948114175e-17
9.686545569621582031e+08 -3.016353555175175460e-17
9.686545569624023438e+08 -3.295818556253910623e-17
9.686545569626464844e+08 -3.572463570444047631e-17
9.686545569628906250e+08 -3.847778679615268341e-17
9.686545569631347656e+08 -4.117656450245593020e-17
9.686545569633789062e+08 -4.384271717272490500e-17
9.686545569636230469e+08 -4.647872189746764733e-17
9.686545569638671875e+08 -4.908603249553264307e-17
9.686545569641113281e+08 -5.165440388696365821e-17
9.686545569643554688e+08 -5.417855280676447739e-17
9.686545569645996094e+08 -5.667152412979567879e-17
9.686545569648437500e+08 -5.909920667684579129e-17
9.686545569650878906e+08 -6.149650663725848804e-17
9.686545569653320312e+08 -6.384580079987136625e-17
9.686545569655761719e+08 -6.614030821466313315e-17
9.686545569658203125e+08 -6.839562437723046582e-17
9.686545569660644531e+08 -7.058466911445275474e-17
9.686545569663085938e+08 -7.271702157661523131e-17
9.686545569665527344e+08 -7.479950561169391864e-17
9.686545569667968750e+08 -7.683809571785593455e-17
9.686545569670410156e+08 -7.880800868796718934e-17
9.686545569672851562e+08 -8.072936711786808397e-17
9.686545569675292969e+08 -8.259440640342246115e-17
9.686545569677734375e+08 -8.437783443965435978e-17
9.686545569680175781e+08 -8.611437568698681301e-17
9.686545569682617188e+08 -8.778678198881346695e-17
9.686545569685058594e+08 -8.939473182014340898e-17
9.686545569687500000e+08 -9.094907715329862458e-17
9.686545569689941406e+08 -9.240228558667330664e-17
9.686545569692382812e+08 -9.381005613720846277e-17
9.686545569694824219e+08 -9.514711003324082916e-17
9.686545569697265625e+08 -9.640722083954550711e-17
9.686545569699707031e+08 -9.762559112011466903e-17
9.686545569702148438e+08 -9.875923233879865695e-17
9.686545569704589844e+08 -9.982402563979824458e-17
9.686545569707031250e+08 -1.008072614016749817e-16
9.686545569709472656e+08 -1.017295359518910792e-16
9.686545569711914062e+08 -1.025846281569880261e-16
9.686545569714355469e+08 -1.033579013065644705e-16
9.686545569716796875e+08 -1.040602186158306175e-16
9.686545569719238281e+08 -1.046809928930989671e-16
9.686545569721679688e+08 -1.052172755634573955e-16
9.686545569724121094e+08 -1.056958691316011348e-16
9.686545569726562500e+08 -1.061119106383789959e-16
9.686545569729003906e+08 -1.064388096676356589e-16
9.686545569731445312e+08 -1.066859660417533804e-16
9.686545569733886719e+08 -1.068761780842204109e-16
9.686545569736328125e+08 -1.069764751039016178e-16
9.686545569738769531e+08 -1.070031173175391538e-16
9.686545569741210938e+08 -1.069621694358457986e-16
9.686545569743652344e+08 -1.068461415248177098e-16
9.686545569746093750e+08 -1.066502052749178086e-16
9.686545569748535156e+08 -1.063698986497337790e-16
9.686545569750976562e+08 -1.060141357096286437e-16
9.686545569753417969e+08 -1.055915869593317613e-16
9.686545569755859375e+08 -1.051021841937304734e-16
9.686545569758300781e+08 -1.045285173862248500e-16
9.686545569760742188e+08 -1.039037289000427901e-16
9.686545569763183594e+08 -1.031772248087351406e-16
9.686545569765625000e+08 -1.023858069424642611e-16
9.686545569768066406e+08 -1.015306930614519229e-16
9.686545569770507812e+08 -1.006171355915101247e-16
9.686545569772949219e+08 -9.961076977061144146e-17
9.686545569775390625e+08 -9.853083329229785500e-17
9.686545569777832031e+08 -9.738736821852317921e-17
9.686545569780273438e+08 -9.617057904209829393e-17
9.686545569782714844e+08 -9.488509205116432101e-17
9.686545569785156250e+08 -9.353808018774460649e-17
9.686545569787597656e+08 -9.212498087113905746e-17
9.686545569790039062e+08 -9.065060000310633136e-17
9.686545569792480469e+08 -8.909733673188457798e-17
9.686545569794921875e+08 -8.749250481804018285e-17
9.686545569797363281e+08 -8.582925310056412651e-17
9.686545569799804688e+08 -8.409685977716967043e-17
9.686545569802246094e+08 -8.230590333599895434e-17
9.686545569804687500e+08 -8.044701708356402619e-17
9.686545569807128906e+08 -7.852243735440225691e-17
9.686545569809570312e+08 -7.654612592002193743e-17
9.686545569812011719e+08 -7.451256433222188120e-17
9.686545569814453125e+08 -7.243592286348724231e-17
9.686545569816894531e+08 -7.030093979891800614e-17
9.686545569819335938e+08 -6.810149408893190818e-17
9.686545569821777344e+08 -6.587193463582715313e-17
9.686545569824218750e+08 -6.357843313669202875e-17
9.686545569826660156e+08 -6.124324541077237697e-17
9.686545569829101562e+08 -5.886885265022409378e-17
9.686545569831542969e+08 -5.643576546216401893e-17
9.686545569833984375e+08 -5.395808760624906088e-17
9.686545569836425781e+08 -5.142826936751922759e-17
9.686545569838867188e+08 -4.885764951519899619e-17
9.686545569841308594e+08 -4.625300219966448315e-17
9.686545569843750000e+08 -4.362946242359918900e-17
9.686545569846191406e+08 -4.094493191990475348e-17
9.686545569848632812e+08 -3.824949791856528549e-17
9.686545569851074219e+08 -3.551193103373627913e-17
9.686545569853515625e+08 -3.272292624799595597e-17
9.686545569855957031e+08 -2.995166572085695445e-17
9.686545569858398438e+08 -2.712811383805879598e-17
9.686545569860839844e+08 -2.427225564795209155e-17
9.686545569863281250e+08 -2.139880259146117742e-17
9.686545569865722656e+08 -1.848704459483758927e-17
9.686545569868164062e+08 -1.556993229130962952e-17
9.686545569870605469e+08 -1.263450070241172485e-17
9.686545569873046875e+08 -9.689202086755490941e-18
9.686545569875488281e+08 -6.726222415479467645e-18
9.686545569877929688e+08 -3.757039616642636000e-18
9.686545569880371094e+08 -7.668468601016235679e-19
9.686545569882812500e+08 2.212652208201845548e-18
9.686545569885253906e+08 5.197035311324249776e-18
9.686545569887695312e+08 8.191525448766706449e-18
9.686545569890136719e+08 1.119367195367530255e-17
9.686545569892578125e+08 1.419519010642026819e-17
9.686545569895019531e+08 1.719908776856595603e-17
9.686545569897460938e+08 2.019160006524451889e-17
9.686545569899902344e+08 2.317321389989665590e-17
9.686545569902343750e+08 2.615337077522546357e-17
9.686545569904785156e+08 2.910929771565660342e-17
9.686545569907226562e+08 3.205025113870219325e-17
9.686545569909667969e+08 3.499420687870938741e-17
9.686545569912109375e+08 3.789231485844548049e-17
9.686545569914550781e+08 4.077273981462735162e-17
9.686545569916992188e+08 4.363602130327927761e-17
9.686545569919433594e+08 4.648145529553323731e-17
9.686545569921875000e+08 4.930571378356861545e-17
9.686545569924316406e+08 5.210264827255305752e-17
9.686545569926757812e+08 5.486112792240505003e-17
9.686545569929199219e+08 5.758214506905431906e-17
9.686545569931640625e+08 6.028067431848244720e-17
9.686545569934082031e+08 6.292278849529361217e-17
9.686545569936523438e+08 6.553164736637491393e-17
9.686545569938964844e+08 6.810703848422737661e-17
9.686545569941406250e+08 7.061914905746828237e-17
9.686545569943847656e+08 7.307421881674065425e-17
9.686545569946289062e+08 7.550807522759832219e-17
9.686545569948730469e+08 7.789337669986117232e-17
9.686545569951171875e+08 8.022466358878487094e-17
9.686545569953613281e+08 8.250612997028246611e-17
9.686545569956054688e+08 8.473279252966478241e-17
9.686545569958496094e+08 8.689984140135719719e-17
9.686545569960937500e+08 8.899673633127921103e-17
9.686545569963378906e+08 9.104417127616860881e-17
9.686545569965820312e+08 9.302221705462064632e-17
9.686545569968261719e+08 9.493010562396676680e-17
9.686545569970703125e+08 9.676758024221440086e-17
9.686545569973144531e+08 9.853903826428552939e-17
9.686545569975585938e+08 1.002420298857582062e-16
9.686545569978027344e+08 1.018967191853159431e-16
9.686545569980468750e+08 1.034627662085849542e-16
9.686545569982910156e+08 1.049701000528223131e-16
9.686545569985351562e+08 1.063937033730611209e-16
9.686545569987792969e+08 1.077359678993043436e-16
9.686545569990234375e+08 1.090123224241177402e-16
9.686545569992675781e+08 1.101908385249819935e-16
9.686545569995117188e+08 1.113003646621576339e-16
9.686545569997558594e+08 1.123256514707241314e-16
9.686545570000000000e+08 1.132540276787763726e-16
9.686545570002441406e+08 1.141113456645481597e-16
9.686545570004882812e+08 1.149000375001467740e-16
9.686545570007324219e+08 1.155986859345900991e-16
9.686545570009765625e+08 1.162051614546051051e-16
9.686545570012207031e+08 1.167548864712770683e-16
9.686545570014648438e+08 1.171963322305938994e-16
9.686545570017089844e+08 1.175524636054480502e-16
9.686545570019531250e+08 1.178206091071206336e-16
9.686545570021972656e+08 1.180029558367602731e-16
9.686545570024414062e+08 1.181013177443660299e-16
9.686545570026855469e+08 1.180969132538284305e-16
9.686545570029296875e+08 1.180042489706837581e-16
9.686545570031738281e+08 1.178260851134971148e-16
9.686545570034179688e+08 1.175694780100932886e-16
9.686545570036621094e+08 1.172316200531924106e-16
9.686545570039062500e+08 1.168090506195139824e-16
9.686545570041503906e+08 1.162836708326473378e-16
9.686545570043945312e+08 1.156909686187125770e-16
9.686545570046386719e+08 1.150056370237981890e-16
9.686545570048828125e+08 1.142299519739239643e-16
9.686545570051269531e+08 1.133579793689698989e-16
9.686545570053710938e+08 1.124243996983144027e-16
9.686545570056152344e+08 1.113825201824174404e-16
9.686545570058593750e+08 1.102463685900741102e-16
9.686545570061035156e+08 1.090488702916130569e-16
9.686545570063476562e+08 1.077679600938842186e-16
9.686545570065917969e+08 1.064179825330677229e-16
9.686545570068359375e+08 1.049868216094311215e-16
9.686545570070800781e+08 1.034780431302376809e-16
9.686545570073242188e+08 1.018933723362129264e-16
9.686545570075683594e+08 1.002331461270337591e-16
9.686545570078125000e+08 9.849583252112784871e-17
9.686545570080566406e+08 9.667943336310622938e-17
9.686545570083007812e+08 9.479754784775363171e-17
9.686545570085449219e+08 9.283473250744410580e-17
9.686545570087890625e+08 9.079277345553095498e-17
9.686545570090332031e+08 8.869862573755096888e-17
9.686545570092773438e+08 8.654965128469815530e-17
9.686545570095214844e+08 8.433496025590071014e-17
9.686545570097656250e+08 8.206066338005885911e-17
9.686545570100097656e+08 7.973893140034505331e-17
9.686545570102539062e+08 7.734922926257495102e-17
9.686545570104980469e+08 7.490738353939942732e-17
9.686545570107421875e+08 7.240161485313456861e-17
9.686545570109863281e+08 6.985007467553399317e-17
9.686545570112304688e+08 6.724638729364352036e-17
9.686545570114746094e+08 6.458255471467040558e-17
9.686545570117187500e+08 6.186840063014739093e-17
9.686545570119628906e+08 5.912299375235358191e-17
9.686545570122070312e+08 5.634888008257578829e-17
9.686545570124511719e+08 5.353887720093805647e-17
9.686545570126953125e+08 5.069336569562853670e-17
9.686545570129394531e+08 4.781203063871726054e-17
9.686545570131835938e+08 4.489690530323126887e-17
9.686545570134277344e+08 4.196189946511095125e-17
9.686545570136718750e+08 3.898588121065409731e-17
9.686545570139160156e+08 3.598212834512246519e-17
9.686545570141601562e+08 3.295546754925455178e-17
9.686545570144042969e+08 2.989876884964530053e-17
9.686545570146484375e+08 2.682814395576414699e-17
9.686545570148925781e+08 2.374543707734072014e-17
9.686545570151367188e+08 2.067312597573453168e-17
9.686545570153808594e+08 1.757107776376742867e-17
9.686545570156250000e+08 1.448077298197434969e-17
9.686545570158691406e+08 1.137357006955411880e-17
9.686545570161132812e+08 8.269227630136769156e-18
9.686545570163574219e+08 5.161540710391432212e-18
9.686545570166015625e+08 2.045268845345915643e-18
9.686545570168457031e+08 -1.065143454259420514e-18
9.686545570170898438e+08 -4.164425076148646972e-18
9.686545570173339844e+08 -7.280817325200931671e-18
9.686545570175781250e+08 -1.037001584721478284e-17
9.686545570178222656e+08 -1.343284729956936490e-17
9.686545570180664062e+08 -1.648726199009297337e-17
9.686545570183105469e+08 -1.951800367987606774e-17
9.686545570185546875e+08 -2.252369535269572398e-17
9.686545570187988281e+08 -2.550925755841736741e-17
9.686545570190429688e+08 -2.846001089611959468e-17
9.686545570192871094e+08 -3.140545469388017782e-17
9.686545570195312500e+08 -3.431128103783561347e-17
9.686545570197753906e+08 -3.719090189631222163e-17
9.686545570200195312e+08 -4.005563355158561400e-17
9.686545570202636719e+08 -4.287765211200719815e-17
9.686545570205078125e+08 -4.566761203417794017e-17
9.686545570207519531e+08 -4.840539933571312133e-17
9.686545570209960938e+08 -5.109720329184353194e-17
9.686545570212402344e+08 -5.375246489803413021e-17
9.686545570214843750e+08 -5.634774453418545535e-17
9.686545570217285156e+08 -5.890736706231423114e-17
9.686545570219726562e+08 -6.142123372798533994e-17
9.686545570222167969e+08 -6.387300342572960821e-17
9.686545570224609375e+08 -6.629203624841388825e-17
9.686545570227050781e+08 -6.866065883122293827e-17
9.686545570229492188e+08 -7.097291790207534290e-17
9.686545570231933594e+08 -7.324887052192318244e-17
9.686545570234375000e+08 -7.544872010126150841e-17
9.686545570236816406e+08 -7.758824878923912653e-17
9.686545570239257812e+08 -7.965594188332500952e-17
9.686545570241699219e+08 -8.166983088031335015e-17
9.686545570244140625e+08 -8.361516644477124748e-17
9.686545570246582031e+08 -8.548636729270528640e-17
9.686545570249023438e+08 -8.730504367827338938e-17
9.686545570251464844e+08 -8.905363656683488776e-17
9.686545570253906250e+08 -9.074687717018538135e-17
9.686545570256347656e+08 -9.237345563011537269e-17
9.686545570258789062e+08 -9.393558128418413935e-17
9.686545570261230469e+08 -9.543877360556864275e-17
9.686545570263671875e+08 -9.685383974559419202e-17
9.686545570266113281e+08 -9.819206447663633084e-17
9.686545570268554688e+08 -9.945924717091043308e-17
9.686545570270996094e+08 -1.006413498666610702e-16
9.686545570273437500e+08 -1.017572381173891737e-16
9.686545570275878906e+08 -1.027887880455817228e-16
9.686545570278320312e+08 -1.037524771396831912e-16
9.686545570280761719e+08 -1.046409428091291487e-16
9.686545570283203125e+08 -1.054657821700740736e-16
9.686545570285644531e+08 -1.062096410034164725e-16
9.686545570288085938e+08 -1.068921421694916799e-16
9.686545570290527344e+08 -1.074960742858091804e-16
9.686545570292968750e+08 -1.080097931902028462e-16
9.686545570295410156e+08 -1.084451362544418836e-16
9.686545570297851562e+08 -1.087930037148390054e-16
9.686545570300292969e+08 -1.090683920537440694e-16
9.686545570302734375e+08 -1.092551353264655992e-16
9.686545570305175781e+08 -1.093728865643578668e-16
9.686545570307617188e+08 -1.094071518726986284e-16
9.686545570310058594e+08 -1.093645231594201118e-16
9.686545570312500000e+08 -1.092672968724305614e-16
9.686545570314941406e+08 -1.090852296635665860e-16
9.686545570317382812e+08 -1.088281421240933322e-16
9.686545570319824219e+08 -1.085115285929583367e-16
9.686545570322265625e+08 -1.080920369358513007e-16
9.686545570324707031e+08 -1.075964473944723380e-16
9.686545570327148438e+08 -1.070236156804688422e-16
9.686545570329589844e+08 -1.063687233496228170e-16
9.686545570332031250e+08 -1.056421650648887832e-16
9.686545570334472656e+08 -1.048323475354379525e-16
9.686545570336914062e+08 -1.039518790242086669e-16
9.686545570339355469e+08 -1.030103779544176694e-16
9.686545570341796875e+08 -1.019963266133191606e-16
9.686545570344238281e+08 -1.009183934216814425e-16
9.686545570346679688e+08 -9.978503360144897153e-17
9.686545570349121094e+08 -9.856475051328450224e-17
9.686545570351562500e+08 -9.727244295792309840e-17
9.686545570354003906e+08 -9.590563921973316542e-17
9.686545570356445312e+08 -9.446201625434057643e-17
9.686545570358886719e+08 -9.296188116696942399e-17
9.686545570361328125e+08 -9.137854204846064891e-17
9.686545570363769531e+08 -8.973531854964711349e-17
9.686545570366210938e+08 -8.803428040402551933e-17
9.686545570368652344e+08 -8.627333588026327064e-17
9.686545570371093750e+08 -8.446564872274722421e-17
9.686545570373535156e+08 -8.260072030501949791e-17
9.686545570375976562e+08 -8.067818556974070556e-17
9.686545570378417969e+08 -7.869222386885515484e-17
9.686545570380859375e+08 -7.665041062588712154e-17
9.686545570383300781e+08 -7.453947457618712400e-17
9.686545570385742188e+08 -7.237667104150467906e-17
9.686545570388183594e+08 -7.015215335171077042e-17
9.686545570390625000e+08 -6.788460622847986421e-17
9.686545570393066406e+08 -6.555851244046980340e-17
9.686545570395507812e+08 -6.318660120981490075e-17
9.686545570397949219e+08 -6.077970106154899678e-17
9.686545570400390625e+08 -5.833181447269622926e-17
9.686545570402832031e+08 -5.585532526001087222e-17
9.686545570405273438e+08 -5.333963801117917821e-17
9.686545570407714844e+08 -5.076991450690583281e-17
9.686545570410156250e+08 -4.815766326171735830e-17
9.686545570412597656e+08 -4.549914515910669299e-17
9.686545570415039062e+08 -4.281021274934885386e-17
9.686545570417480469e+08 -4.008499241461295327e-17
9.686545570419921875e+08 -3.731920346306397779e-17
9.686545570422363281e+08 -3.452416456420969352e-17
9.686545570424804688e+08 -3.171554697069915821e-17
9.686545570427246094e+08 -2.888265842579135915e-17
9.686545570429687500e+08 -2.603237697148693758e-17
9.686545570432128906e+08 -2.316848661285215393e-17
9.686545570434570312e+08 -2.029378335916491545e-17
9.686545570437011719e+08 -1.737864637747970530e-17
9.686545570439453125e+08 -1.445701261036748647e-17
9.686545570441894531e+08 -1.150022953658544450e-17
9.686545570444335938e+08 -8.539695896552050086e-18
9.686545570446777344e+08 -5.566829849696171897e-18
9.686545570449218750e+08 -2.580671556687265501e-18
9.686545570451660156e+08 4.218483096299019175e-19
9.686545570454101562e+08 3.407552460900724717e-18
9.686545570456542969e+08 6.395971516465495918e-18
9.686545570458984375e+08 9.363177747216309459e-18
9.686545570461425781e+08 1.233156168290495152e-17
9.686545570463867188e+08 1.529494481453929862e-17
9.686545570466308594e+08 1.825168962287746224e-17
9.686545570468750000e+08 2.121257875686601870e-17
9.686545570471191406e+08 2.416638614173983290e-17
9.686545570473632812e+08 2.710069840850130332e-17
9.686545570476074219e+08 3.003508281412199793e-17
9.686545570478515625e+08 3.295003534307186462e-17
9.686545570480957031e+08 3.584280052985203027e-17
9.686545570483398438e+08 3.870931623071236737e-17
9.686545570485839844e+08 4.153416439486525779e-17
9.686545570488281250e+08 4.433433379347557893e-17
9.686545570490722656e+08 4.708667518466915691e-17
9.686545570493164062e+08 4.982147552826081085e-17
9.686545570495605469e+08 5.253096374277848295e-17
9.686545570498046875e+08 5.520420211563025765e-17
9.686545570500488281e+08 5.784741880885875077e-17
9.686545570502929688e+08 6.046307121022048293e-17
9.686545570505371094e+08 6.303008748807319440e-17
9.686545570507812500e+08 6.556523289446960622e-17
9.686545570510253906e+08 6.804771784946296082e-17
9.686545570512695312e+08 7.047676103019484658e-17
9.686545570515136719e+08 7.285000127917924037e-17
9.686545570517578125e+08 7.515886829932519870e-17
9.686545570520019531e+08 7.741692837198572513e-17
9.686545570522460938e+08 7.960881299391103176e-17
9.686545570524902344e+08 8.176468693924075525e-17
9.686545570527343750e+08 8.387112769723615746e-17
9.686545570529785156e+08 8.591443546829988322e-17
9.686545570532226562e+08 8.789130656084789922e-17
9.686545570534667969e+08 8.983129827971306254e-17
9.686545570537109375e+08 9.168774732489368841e-17
9.686545570539550781e+08 9.348328600578082199e-17
9.686545570541992188e+08 9.519450241152068544e-17
9.686545570544433594e+08 9.683964609724394031e-17
9.686545570546875000e+08 9.838393781300237049e-17
9.686545570549316406e+08 9.987123572918104673e-17
9.686545570551757812e+08 1.012915176241553795e-16
9.686545570554199219e+08 1.026255465403739592e-16
9.686545570556640625e+08 1.039074326861498646e-16
9.686545570559082031e+08 1.051015266854211007e-16
9.686545570561523438e+08 1.062364630559403282e-16
9.686545570563964844e+08 1.072830602402579855e-16
9.686545570566406250e+08 1.082496025520183819e-16
9.686545570568847656e+08 1.091485128919535825e-16
9.686545570571289062e+08 1.099500604812093488e-16
9.686545570573730469e+08 1.106379649229070946e-16
9.686545570576171875e+08 1.112569695535298584e-16
9.686545570578613281e+08 1.117849509054182448e-16
9.686545570581054688e+08 1.122387479839400385e-16
9.686545570583496094e+08 1.126090080499114866e-16
9.686545570585937500e+08 1.128960844979254687e-16
9.686545570588378906e+08 1.131034782775098810e-16
9.686545570590820312e+08 1.132346491012842912e-16
9.686545570593261719e+08 1.132752186462134772e-16
9.686545570595703125e+08 1.132415522935177866e-16
9.686545570598144531e+08 1.131189977655086998e-16
9.686545570600585938e+08 1.128868462317412445e-16
9.686545570603027344e+08 1.125659486424997923e-16
9.686545570605468750e+08 1.121520960555357046e-16
9.686545570607910156e+08 1.116545876005733680e-16
9.686545570610351562e+08 1.110771902940369920e-16
9.686545570612792969e+08 1.104207855129233724e-16
9.686545570615234375e+08 1.096958142756007052e-16
9.686545570617675781e+08 1.088716005572734586e-16
9.686545570620117188e+08 1.079792107159099336e-16
9.686545570622558594e+08 1.070226466364817702e-16
9.686545570625000000e+08 1.059680833516810539e-16
9.686545570627441406e+08 1.048358370007448264e-16
9.686545570629882812e+08 1.036150364240433018e-16
9.686545570632324219e+08 1.023009125905601982e-16
9.686545570634765625e+08 1.009049286294736749e-16
9.686545570637207031e+08 9.943846676828033253e-17
9.686545570639648438e+08 9.789775205865094423e-17
9.686545570642089844e+08 9.629459588094899593e-17
9.686545570644531250e+08 9.462474633921121297e-17
9.686545570646972656e+08 9.287624203910777316e-17
9.686545570649414062e+08 9.108972444130103986e-17
9.686545570651855469e+08 8.921578744892567388e-17
9.686545570654296875e+08 8.729494263529004659e-17
9.686545570656738281e+08 8.529278397908777630e-17
9.686545570659179688e+08 8.321402054248783992e-17
9.686545570661621094e+08 8.106361497087566927e-17
9.686545570664062500e+08 7.885451532693885635e-17
9.686545570666503906e+08 7.659738261780400606e-17
9.686545570668945312e+08 7.428872512263869820e-17
9.686545570671386719e+08 7.192977267593830057e-17
9.686545570673828125e+08 6.951407424506124810e-17
9.686545570676269531e+08 6.707784345802735997e-17
9.686545570678710938e+08 6.459038984573057995e-17
9.686545570681152344e+08 6.204934303502068853e-17
9.686545570683593750e+08 5.948655100913909514e-17
9.686545570686035156e+08 5.686667521080776290e-17
9.686545570688476562e+08 5.418595589509991567e-17
9.686545570690917969e+08 5.145998829348699317e-17
9.686545570693359375e+08 4.871554928142859784e-17
9.686545570695800781e+08 4.593221521311880089e-17
9.686545570698242188e+08 4.313543832765016838e-17
9.686545570700683594e+08 4.029740033874772207e-17
9.686545570703125000e+08 3.746260811515072780e-17
9.686545570705566406e+08 3.459469493534410111e-17
9.686545570708007812e+08 3.171411332250320422e-17
9.686545570710449219e+08 2.882984366900939682e-17
9.686545570712890625e+08 2.592446914001901654e-17
9.686545570715332031e+08 2.299615685222349588e-17
9.686545570717773438e+08 2.003559053712238666e-17
9.686545570720214844e+08 1.707621551207537066e-17
9.686545570722656250e+08 1.409484679689095976e-17
9.686545570725097656e+08 1.112673961335544737e-17
9.686545570727539062e+08 8.160207237915751641e-18
9.686545570729980469e+08 5.203909203552896240e-18
9.686545570732421875e+08 2.244184755091997090e-18
9.686545570734863281e+08 -6.913015689853328146e-19
9.686545570737304688e+08 -3.613327205515318550e-18
9.686545570739746094e+08 -6.528825653732540817e-18
9.686545570742187500e+08 -9.421560401770948435e-18
9.686545570744628906e+08 -1.231972013802072510e-17
9.686545570747070312e+08 -1.520794668505844547e-17
9.686545570749511719e+08 -1.809247629277334124e-17
9.686545570751953125e+08 -2.093855864496757253e-17
9.686545570754394531e+08 -2.376230042420184929e-17
9.686545570756835938e+08 -2.655279460970035620e-17
9.686545570759277344e+08 -2.931835017216072285e-17
9.686545570761718750e+08 -3.204398583697762665e-17
9.686545570764160156e+08 -3.472505053930031124e-17
9.686545570766601562e+08 -3.737660827010856960e-17
9.686545570769042969e+08 -3.997740448420041002e-17
9.686545570771484375e+08 -4.254426224247358415e-17
9.686545570773925781e+08 -4.509225622698261362e-17
9.686545570776367188e+08 -4.761237682020997603e-17
9.686545570778808594e+08 -5.007763529713693906e-17
9.686545570781250000e+08 -5.251508294443343531e-17
9.686545570783691406e+08 -5.487801619191903468e-17
9.686545570786132812e+08 -5.721571745305362075e-17
9.686545570788574219e+08 -5.947772008162379379e-17
9.686545570791015625e+08 -6.168376480947807209e-17
9.686545570793457031e+08 -6.384104128232900186e-17
9.686545570795898438e+08 -6.592677848040383392e-17
9.686545570798339844e+08 -6.796099001986162496e-17
9.686545570800781250e+08 -6.993204928128614482e-17
9.686545570803222656e+08 -7.187461900743218792e-17
9.686545570805664062e+08 -7.376414486379665185e-17
9.686545570808105469e+08 -7.559006780677952510e-17
9.686545570810546875e+08 -7.735698232291683901e-17
9.686545570812988281e+08 -7.904871136259492603e-17
9.686545570815429688e+08 -8.068459611018574177e-17
9.686545570817871094e+08 -8.224705081878042129e-17
9.686545570820312500e+08 -8.372504562215948332e-17
9.686545570822753906e+08 -8.514454534054034103e-17
9.686545570825195312e+08 -8.647923460712735467e-17
9.686545570827636719e+08 -8.775092106329951580e-17
9.686545570830078125e+08 -8.896238435309642362e-17
9.686545570832519531e+08 -9.011254250650922136e-17
9.686545570834960938e+08 -9.121707803297796007e-17
9.686545570837402344e+08 -9.223454835013312855e-17
9.686545570839843750e+08 -9.319134207598653280e-17
9.686545570842285156e+08 -9.406723712004950597e-17
9.686545570844726562e+08 -9.485835489696691664e-17
9.686545570847167969e+08 -9.558532755597068636e-17
9.686545570849609375e+08 -9.622309734903620432e-17
9.686545570852050781e+08 -9.679666786374849519e-17
9.686545570854492188e+08 -9.727648642012785461e-17
9.686545570856933594e+08 -9.768461307098437592e-17
9.686545570859375000e+08 -9.804096787977846810e-17
9.686545570861816406e+08 -9.833553244497050757e-17
9.686545570864257812e+08 -9.856104445853024036e-17
9.686545570866699219e+08 -9.871758147037738689e-17
9.686545570869140625e+08 -9.879225092413843468e-17
9.686545570871582031e+08 -9.880085925250590415e-17
9.686545570874023438e+08 -9.872814065600646724e-17
9.686545570876464844e+08 -9.857378251639769585e-17
9.686545570878906250e+08 -9.835431632790881277e-17
9.686545570881347656e+08 -9.804407051117647370e-17
9.686545570883789062e+08 -9.765764644306512579e-17
9.686545570886230469e+08 -9.721409077830203567e-17
9.686545570888671875e+08 -9.670185792422884436e-17
9.686545570891113281e+08 -9.614356192931031964e-17
9.686545570893554688e+08 -9.551817888415654968e-17
9.686545570895996094e+08 -9.481843707192314160e-17
9.686545570898437500e+08 -9.406400371939001565e-17
9.686545570900878906e+08 -9.322472618889967958e-17
9.686545570903320312e+08 -9.231647487174666905e-17
9.686545570905761719e+08 -9.135227194629270579e-17
9.686545570908203125e+08 -9.030147567323567768e-17
9.686545570910644531e+08 -8.918354704958822195e-17
9.686545570913085938e+08 -8.799379385624681475e-17
9.686545570915527344e+08 -8.676200070605444819e-17
9.686545570917968750e+08 -8.546891047562906221e-17
9.686545570920410156e+08 -8.413580692374356804e-17
9.686545570922851562e+08 -8.275529795249899332e-17
9.686545570925292969e+08 -8.130098500236740104e-17
9.686545570927734375e+08 -7.979567448743220310e-17
9.686545570930175781e+08 -7.823068559946360215e-17
9.686545570932617188e+08 -7.661466562476627489e-17
9.686545570935058594e+08 -7.493268406961505865e-17
9.686545570937500000e+08 -7.318341029430583806e-17
9.686545570939941406e+08 -7.139340850229178646e-17
9.686545570942382812e+08 -6.954226241900915841e-17
9.686545570944824219e+08 -6.764660218574428669e-17
9.686545570947265625e+08 -6.571765923839513957e-17
9.686545570949707031e+08 -6.378197343494510159e-17
9.686545570952148438e+08 -6.177427629553515684e-17
9.686545570954589844e+08 -5.972964835322600228e-17
9.686545570957031250e+08 -5.764665829575714726e-17
9.686545570959472656e+08 -5.552112299122317583e-17
9.686545570961914062e+08 -5.335187223564705527e-17
9.686545570964355469e+08 -5.113479762628595406e-17
9.686545570966796875e+08 -4.889473130484820111e-17
9.686545570969238281e+08 -4.658663645448735083e-17
9.686545570971679688e+08 -4.426231626273042079e-17
9.686545570974121094e+08 -4.191888726036775552e-17
9.686545570976562500e+08 -3.955324673941929359e-17
9.686545570979003906e+08 -3.718509445913705886e-17
9.686545570981445312e+08 -3.478075123100850820e-17
9.686545570983886719e+08 -3.235825893977278237e-17
9.686545570986328125e+08 -2.990338631574889103e-17
9.686545570988769531e+08 -2.742788871392440546e-17
9.686545570991210938e+08 -2.494043051703377948e-17
9.686545570993652344e+08 -2.242153829002785223e-17
9.686545570996093750e+08 -1.988895404646363343e-17
9.686545570998535156e+08 -1.732049038155308862e-17
9.686545571000976562e+08 -1.474746051207367440e-17
9.686545571003417969e+08 -1.218052309422958338e-17
9.686545571005859375e+08 -9.620046248043295809e-18
9.686545571008300781e+08 -7.071030501312923493e-18
9.686545571010742188e+08 -4.500902493719890657e-18
9.686545571013183594e+08 -1.931995900832506525e-18
9.686545571015625000e+08 6.346441264797695022e-19
9.686545571018066406e+08 3.197863770428641024e-18
9.686545571020507812e+08 5.762130458875771280e-18
9.686545571022949219e+08 8.338973642714772242e-18
9.686545571025390625e+08 1.090613639028497183e-17
9.686545571027832031e+08 1.347368306811185603e-17
9.686545571030273438e+08 1.603066987936008855e-17
9.686545571032714844e+08 1.856834193724847034e-17
9.686545571035156250e+08 2.106652812510531206e-17
9.686545571037597656e+08 2.353562463150637711e-17
9.686545571040039062e+08 2.599547973286497234e-17
9.686545571042480469e+08 2.843590268427630291e-17
9.686545571044921875e+08 3.085165617972464276e-17
9.686545571047363281e+08 3.325631358323726503e-17
9.686545571049804688e+08 3.562388046033904568e-17
9.686545571052246094e+08 3.798817403375633477e-17
9.686545571054687500e+08 4.031723106996063647e-17
9.686545571057128906e+08 4.263942456968979289e-17
9.686545571059570312e+08 4.490868294242948534e-17
9.686545571062011719e+08 4.713725385840070670e-17
9.686545571064453125e+08 4.931786377092338503e-17
9.686545571066894531e+08 5.143908971146398071e-17
9.686545571069335938e+08 5.353994874406337808e-17
9.686545571071777344e+08 5.559560158194412394e-17
9.686545571074218750e+08 5.760122606661909177e-17
9.686545571076660156e+08 5.958759132398747411e-17
9.686545571079101562e+08 6.150752879571403470e-17
9.686545571081542969e+08 6.341009516176552962e-17
9.686545571083984375e+08 6.526535961880395447e-17
9.686545571086425781e+08 6.706720624653385200e-17
9.686545571088867188e+08 6.882704088546703447e-17
9.686545571091308594e+08 7.051002710604936553e-17
9.686545571093750000e+08 7.212178313197419687e-17
9.686545571096191406e+08 7.366943162807178322e-17
9.686545571098632812e+08 7.518081455074483325e-17
9.686545571101074219e+08 7.662327256061417682e-17
9.686545571103515625e+08 7.800833278762783335e-17
9.686545571105957031e+08 7.934209287126957421e-17
9.686545571108398438e+08 8.061856737350832624e-17
9.686545571110839844e+08 8.184139972048619071e-17
9.686545571113281250e+08 8.300697283940979046e-17
9.686545571115722656e+08 8.411717845733928661e-17
9.686545571118164062e+08 8.514617164993551818e-17
9.686545571120605469e+08 8.610916365858150867e-17
9.686545571123046875e+08 8.697426356174184078e-17
9.686545571125488281e+08 8.777368625915328502e-17
9.686545571127929688e+08 8.852194266898418914e-17
9.686545571130371094e+08 8.920189048162578004e-17
9.686545571132812500e+08 8.979370476967213915e-17
9.686545571135253906e+08 9.034161476994361643e-17
9.686545571137695312e+08 9.081821264873286155e-17
9.686545571140136719e+08 9.123140954931591116e-17
9.686545571142578125e+08 9.158683988470249588e-17
9.686545571145019531e+08 9.186879554222238153e-17
9.686545571147460938e+08 9.206545855592218628e-17
9.686545571149902344e+08 9.219370477058502334e-17
9.686545571152343750e+08 9.222284006605823021e-17
9.686545571154785156e+08 9.218666935988582767e-17
9.686545571157226562e+08 9.209274225914959369e-17
9.686545571159667969e+08 9.190811909569755163e-17
9.686545571162109375e+08 9.168024482069309761e-17
9.686545571164550781e+08 9.135985163829483711e-17
9.686545571166992188e+08 9.099274041893311340e-17
9.686545571169433594e+08 9.055402315112677992e-17
9.686545571171875000e+08 9.006464476772028115e-17
9.686545571174316406e+08 8.951264142295150842e-17
9.686545571176757812e+08 8.886687603518860043e-17
9.686545571179199219e+08 8.814856915210642561e-17
9.686545571181640625e+08 8.734759556962459572e-17
9.686545571184082031e+08 8.649274793112414466e-17
9.686545571186523438e+08 8.556215581254889243e-17
9.686545571188964844e+08 8.457818624637239053e-17
9.686545571191406250e+08 8.352893297173544981e-17
9.686545571193847656e+08 8.241855809022991228e-17
9.686545571196289062e+08 8.125518259491065859e-17
9.686545571198730469e+08 8.004764939534684854e-17
9.686545571201171875e+08 7.878816410376444332e-17
9.686545571203613281e+08 7.746427230513856243e-17
9.686545571206054688e+08 7.607606126022930959e-17
9.686545571208496094e+08 7.462048564339727562e-17
9.686545571210937500e+08 7.309066325048812182e-17
9.686545571213378906e+08 7.153038071956998267e-17
9.686545571215820312e+08 6.989576858225725503e-17
9.686545571218261719e+08 6.823875690823241976e-17
9.686545571220703125e+08 6.652347749184644140e-17
9.686545571223144531e+08 6.475866592824489625e-17
9.686545571225585938e+08 6.297156070165566591e-17
9.686545571228027344e+08 6.115115539450485875e-17
9.686545571230468750e+08 5.928582205830303403e-17
9.686545571232910156e+08 5.738629250624120484e-17
9.686545571235351562e+08 5.543617442661872441e-17
9.686545571237792969e+08 5.343017863950079417e-17
9.686545571240234375e+08 5.138686153028705562e-17
9.686545571242675781e+08 4.931153597889631528e-17
9.686545571245117188e+08 4.721875073863960101e-17
9.686545571247558594e+08 4.508494516364398780e-17
9.686545571250000000e+08 4.293293605807974695e-17
9.686545571252441406e+08 4.075217442182836057e-17
9.686545571254882812e+08 3.857545666723659504e-17
9.686545571257324219e+08 3.637594263271197058e-17
9.686545571259765625e+08 3.416511633480163546e-17
9.686545571262207031e+08 3.193517330766742439e-17
9.686545571264648438e+08 2.966461240982717666e-17
9.686545571267089844e+08 2.737672425474904992e-17
9.686545571269531250e+08 2.507569254647514663e-17
9.686545571271972656e+08 2.277155085600668356e-17
9.686545571274414062e+08 2.045196622173446220e-17
9.686545571276855469e+08 1.813136052965127585e-17
9.686545571279296875e+08 1.580812052352349466e-17
9.686545571281738281e+08 1.349925785838565549e-17
9.686545571284179688e+08 1.118777685599798112e-17
9.686545571286621094e+08 8.893328928263890489e-18
9.686545571289062500e+08 6.617179645798003313e-18
9.686545571291503906e+08 4.320110652154949933e-18
9.686545571293945312e+08 2.035207676982478243e-18
9.686545571296386719e+08 -2.580438991169669066e-19
9.686545571298828125e+08 -2.542943490390700147e-18
9.686545571301269531e+08 -4.802012178519436882e-18
9.686545571303710938e+08 -7.067460816858278077e-18
9.686545571306152344e+08 -9.281703043201322441e-18
9.686545571308593750e+08 -1.150393691552993727e-17
9.686545571311035156e+08 -1.368541344844836042e-17
9.686545571313476562e+08 -1.583106039681101906e-17
9.686545571315917969e+08 -1.796002918769827859e-17
9.686545571318359375e+08 -2.004057782692780569e-17
9.686545571320800781e+08 -2.212080165207511256e-17
9.686545571323242188e+08 -2.416356352570870104e-17
9.686545571325683594e+08 -2.621591122935349209e-17
9.686545571328125000e+08 -2.821421598100842057e-17
9.686545571330566406e+08 -3.018134121945511168e-17
9.686545571333007812e+08 -3.211701243901755172e-17
9.686545571335449219e+08 -3.402148992351899754e-17
9.686545571337890625e+08 -3.587425283858397189e-17
9.686545571340332031e+08 -3.769984689282484016e-17
9.686545571342773438e+08 -3.945186446460011183e-17
9.686545571345214844e+08 -4.116944694542372683e-17
9.686545571347656250e+08 -4.284021056793177671e-17
9.686545571350097656e+08 -4.447634202566889204e-17
9.686545571352539062e+08 -4.607697270822037617e-17
9.686545571354980469e+08 -4.766588966451467657e-17
9.686545571357421875e+08 -4.917997856543268788e-17
9.686545571359863281e+08 -5.066045360343207051e-17
9.686545571362304688e+08 -5.209625828620792346e-17
9.686545571364746094e+08 -5.346885371122289475e-17
9.686545571367187500e+08 -5.480516771623774253e-17
9.686545571369628906e+08 -5.606540949052896813e-17
9.686545571372070312e+08 -5.729098858748270676e-17
9.686545571374511719e+08 -5.842447653351318608e-17
9.686545571376953125e+08 -5.952618761626298491e-17
9.686545571379394531e+08 -6.058935225956703657e-17
9.686545571381835938e+08 -6.161515215986412044e-17
9.686545571384277344e+08 -6.258334970947104494e-17
9.686545571386718750e+08 -6.351423844649673350e-17
9.686545571389160156e+08 -6.437527214953068114e-17
9.686545571391601562e+08 -6.518384430530980075e-17
9.686545571394042969e+08 -6.594523002038452344e-17
9.686545571396484375e+08 -6.663688777733062337e-17
9.686545571398925781e+08 -6.726617835366278847e-17
9.686545571401367188e+08 -6.783515818420003505e-17
9.686545571403808594e+08 -6.835274457403954381e-17
9.686545571406250000e+08 -6.879234542662268426e-17
9.686545571408691406e+08 -6.921807156559570788e-17
9.686545571411132812e+08 -6.958357494857880285e-17
9.686545571413574219e+08 -6.991181706188539282e-17
9.686545571416015625e+08 -7.017891444211520034e-17
9.686545571418457031e+08 -7.037553449077698550e-17
9.686545571420898438e+08 -7.054091163971389471e-17
9.686545571423339844e+08 -7.064337341659784509e-17
9.686545571425781250e+08 -7.068198417425311433e-17
9.686545571428222656e+08 -7.066167805380926437e-17
9.686545571430664062e+08 -7.058148173275692503e-17
9.686545571433105469e+08 -7.043316801707526326e-17
9.686545571435546875e+08 -7.025019172649727735e-17
9.686545571437988281e+08 -7.002315576455481962e-17
9.686545571440429688e+08 -6.976274198549095017e-17
9.686545571442871094e+08 -6.944819023782166137e-17
9.686545571445312500e+08 -6.907930293778497366e-17
9.686545571447753906e+08 -6.866056826824743908e-17
9.686545571450195312e+08 -6.820001283050011870e-17
9.686545571452636719e+08 -6.768429128784159725e-17
9.686545571455078125e+08 -6.711599408994762681e-17
9.686545571457519531e+08 -6.649361383029686902e-17
9.686545571459960938e+08 -6.580977420451805657e-17
9.686545571462402344e+08 -6.508497721998251202e-17
9.686545571464843750e+08 -6.431081639472143112e-17
9.686545571467285156e+08 -6.351889472394786026e-17
9.686545571469726562e+08 -6.268839136560259365e-17
9.686545571472167969e+08 -6.181957719743322698e-17
9.686545571474609375e+08 -6.089710804720393437e-17
9.686545571477050781e+08 -5.994697518066270113e-17
9.686545571479492188e+08 -5.894192321531165716e-17
9.686545571481933594e+08 -5.791183441071351143e-17
9.686545571484375000e+08 -5.684026546686440470e-17
9.686545571486816406e+08 -5.570362215130269731e-17
9.686545571489257812e+08 -5.452753789437083958e-17
9.686545571491699219e+08 -5.332580397789899376e-17
9.686545571494140625e+08 -5.208510097737888487e-17
9.686545571496582031e+08 -5.083993310695037906e-17
9.686545571499023438e+08 -4.955125653701194813e-17
9.686545571501464844e+08 -4.824644668912390974e-17
9.686545571503906250e+08 -4.690466101229712305e-17
9.686545571506347656e+08 -4.553366479966624320e-17
9.686545571508789062e+08 -4.413630754099426634e-17
9.686545571511230469e+08 -4.270360794111211016e-17
9.686545571513671875e+08 -4.125130833035697679e-17
9.686545571516113281e+08 -3.974635306218156609e-17
9.686545571518554688e+08 -3.822249499642766412e-17
9.686545571520996094e+08 -3.667356790892937552e-17
9.686545571523437500e+08 -3.511001752289115527e-17
9.686545571525878906e+08 -3.354882656200127929e-17
9.686545571528320312e+08 -3.196548792505876980e-17
9.686545571530761719e+08 -3.036536659348825294e-17
9.686545571533203125e+08 -2.874053534940911494e-17
9.686545571535644531e+08 -2.711545494648372463e-17
9.686545571538085938e+08 -2.546357020844240241e-17
9.686545571540527344e+08 -2.379888953166987979e-17
9.686545571542968750e+08 -2.211407473897990095e-17
9.686545571545410156e+08 -2.040842325416978141e-17
9.686545571547851562e+08 -1.868686880864557576e-17
9.686545571550292969e+08 -1.695401231186482015e-17
9.686545571552734375e+08 -1.523895321093891947e-17
9.686545571555175781e+08 -1.351946891044562508e-17
9.686545571557617188e+08 -1.179491829416064404e-17
9.686545571560058594e+08 -1.006770495908237942e-17
9.686545571562500000e+08 -8.347071115888250269e-18
9.686545571564941406e+08 -6.608322373664863870e-18
9.686545571567382812e+08 -4.879473737216309721e-18
9.686545571569824219e+08 -3.142572443375602434e-18
9.686545571572265625e+08 -1.408793480239040162e-18
9.686545571574707031e+08 3.374885861607969006e-19
9.686545571577148438e+08 2.086213145402793449e-18
9.686545571579589844e+08 3.822280978778298220e-18
9.686545571582031250e+08 5.545984627329233146e-18
9.686545571584472656e+08 7.246499323735429603e-18
9.686545571586914062e+08 8.932241031894420762e-18
9.686545571589355469e+08 1.061862481155251121e-17
9.686545571591796875e+08 1.228787828751168972e-17
9.686545571594238281e+08 1.392863845826788884e-17
9.686545571596679688e+08 1.558199754391813266e-17
9.686545571599121094e+08 1.721192595649425606e-17
9.686545571601562500e+08 1.883866643156451066e-17
9.686545571604003906e+08 2.044627517301291234e-17
9.686545571606445312e+08 2.205621652887813026e-17
9.686545571608886719e+08 2.363444057260579075e-17
9.686545571611328125e+08 2.517321879419069746e-17
9.686545571613769531e+08 2.668749200793403325e-17
9.686545571616210938e+08 2.817523481525038220e-17
9.686545571618652344e+08 2.964483158107806112e-17
9.686545571621093750e+08 3.109050060986173401e-17
9.686545571623535156e+08 3.249807138508986027e-17
9.686545571625976562e+08 3.388663794990849073e-17
9.686545571628417969e+08 3.525280515322762731e-17
9.686545571630859375e+08 3.659844060630958917e-17
9.686545571633300781e+08 3.793358958923406383e-17
9.686545571635742188e+08 3.922375020356170681e-17
9.686545571638183594e+08 4.048242230526655032e-17
9.686545571640625000e+08 4.169055877506125774e-17
9.686545571643066406e+08 4.286248393419643715e-17
9.686545571645507812e+08 4.400353359869131860e-17
9.686545571647949219e+08 4.508792050930092765e-17
9.686545571650390625e+08 4.616324615484073398e-17
9.686545571652832031e+08 4.719286351313895865e-17
9.686545571655273438e+08 4.817878220555743120e-17
9.686545571657714844e+08 4.913981538800245482e-17
9.686545571660156250e+08 5.006351792292982942e-17
9.686545571662597656e+08 5.095808731832662696e-17
9.686545571665039062e+08 5.182332175346977431e-17
9.686545571667480469e+08 5.261619247565871099e-17
9.686545571669921875e+08 5.337589822905608124e-17
9.686545571672363281e+08 5.407560403897431107e-17
9.686545571674804688e+08 5.473112409385848922e-17
9.686545571677246094e+08 5.535368626732586083e-17
9.686545571679687500e+08 5.592553185812236478e-17
9.686545571682128906e+08 5.645527148750407618e-17
9.686545571684570312e+08 5.694474686855793022e-17
9.686545571687011719e+08 5.738467662537712351e-17
9.686545571689453125e+08 5.780063200484248142e-17
9.686545571691894531e+08 5.817507687028613910e-17
9.686545571694335938e+08 5.848961121891912520e-17
9.686545571696777344e+08 5.875952725500280658e-17
9.686545571699218750e+08 5.896884614803145523e-17
9.686545571701660156e+08 5.913284454749567036e-17
9.686545571704101562e+08 5.924315745796112234e-17
9.686545571706542969e+08 5.931837704995226933e-17
9.686545571708984375e+08 5.933737108689742302e-17
9.686545571711425781e+08 5.930856014010357946e-17
9.686545571713867188e+08 5.923978113928052924e-17
9.686545571716308594e+08 5.912190083092611458e-17
9.686545571718750000e+08 5.898028921981065663e-17
9.686545571721191406e+08 5.878956593117896262e-17
9.686545571723632812e+08 5.854917662640052903e-17
9.686545571726074219e+08 5.826298508976675190e-17
9.686545571728515625e+08 5.791360933699857761e-17
9.686545571730957031e+08 5.751979869559789150e-17
9.686545571733398438e+08 5.707968528610488921e-17
9.686545571735839844e+08 5.660568600129812439e-17
9.686545571738281250e+08 5.607411499635975514e-17
9.686545571740722656e+08 5.550263049525435507e-17
9.686545571743164062e+08 5.489563344483790964e-17
9.686545571745605469e+08 5.424992856688468319e-17
9.686545571748046875e+08 5.358561850185061255e-17
9.686545571750488281e+08 5.286601838892169149e-17
9.686545571752929688e+08 5.211044133278607551e-17
9.686545571755371094e+08 5.130875524694216243e-17
9.686545571757812500e+08 5.045890835410848185e-17
9.686545571760253906e+08 4.957731080017518606e-17
9.686545571762695312e+08 4.864023597058621989e-17
9.686545571765136719e+08 4.769525051376931390e-17
9.686545571767578125e+08 4.669183259529106645e-17
9.686545571770019531e+08 4.565355396696812553e-17
9.686545571772460938e+08 4.460056678089802404e-17
9.686545571774902344e+08 4.352116094312431639e-17
9.686545571777343750e+08 4.242168839382893639e-17
9.686545571779785156e+08 4.128950087067760681e-17
9.686545571782226562e+08 4.011677266873156150e-17
9.686545571784667969e+08 3.892659776402048005e-17
9.686545571787109375e+08 3.768981748020001446e-17
9.686545571789550781e+08 3.643612230761974109e-17
9.686545571791992188e+08 3.514631122065377059e-17
9.686545571794433594e+08 3.384484717554151074e-17
9.686545571796875000e+08 3.251090143356347822e-17
9.686545571799316406e+08 3.116534345440555727e-17
9.686545571801757812e+08 2.981343655025327491e-17
9.686545571804199219e+08 2.843519203055394366e-17
9.686545571806640625e+08 2.706469442633277068e-17
9.686545571809082031e+08 2.567161238117648173e-17
9.686545571811523438e+08 2.425230108010813417e-17
9.686545571813964844e+08 2.282636715081614392e-17
9.686545571816406250e+08 2.137052604484102173e-17
9.686545571818847656e+08 1.991285097058214947e-17
9.686545571821289062e+08 1.844637235224826863e-17
9.686545571823730469e+08 1.696822883140326535e-17
9.686545571826171875e+08 1.548767451880342620e-17
9.686545571828613281e+08 1.400264438574975308e-17
9.686545571831054688e+08 1.252073766741451969e-17
9.686545571833496094e+08 1.104141047818199393e-17
9.686545571835937500e+08 9.576631895092776430e-18
9.686545571838378906e+08 8.102663588076638366e-18
9.686545571840820312e+08 6.623514021894262368e-18
9.686545571843261719e+08 5.147599843885618872e-18
9.686545571845703125e+08 3.673886609814875869e-18
9.686545571848144531e+08 2.192502540823981730e-18
9.686545571850585938e+08 7.367837114843598595e-19
9.686545571853027344e+08 -7.289676728888140448e-19
9.686545571855468750e+08 -2.169700997895393823e-18
9.686545571857910156e+08 -3.604517875232612182e-18
9.686545571860351562e+08 -5.031066501744523836e-18
9.686545571862792969e+08 -6.425756953704215123e-18
9.686545571865234375e+08 -7.803137156187771007e-18
9.686545571867675781e+08 -9.171700252139345093e-18
9.686545571870117188e+08 -1.053331195928853992e-17
9.686545571872558594e+08 -1.187239232817738183e-17
9.686545571875000000e+08 -1.320234349328205339e-17
9.686545571877441406e+08 -1.451366193328932130e-17
9.686545571879882812e+08 -1.581116598316510962e-17
9.686545571882324219e+08 -1.707130654650368945e-17
9.686545571884765625e+08 -1.832847141382639396e-17
9.686545571887207031e+08 -1.955733928820854846e-17
9.686545571889648438e+08 -2.074679609341645547e-17
9.686545571892089844e+08 -2.190787639147432861e-17
9.686545571894531250e+08 -2.303966352046775508e-17
9.686545571896972656e+08 -2.415581087818803540e-17
9.686545571899414062e+08 -2.524237910639519568e-17
9.686545571901855469e+08 -2.630903403864166075e-17
9.686545571904296875e+08 -2.734461260535592930e-17
9.686545571906738281e+08 -2.836574044328004374e-17
9.686545571909179688e+08 -2.934453326936916612e-17
9.686545571911621094e+08 -3.030100220150317970e-17
9.686545571914062500e+08 -3.123032455244318074e-17
9.686545571916503906e+08 -3.211662304036561206e-17
9.686545571918945312e+08 -3.297027776367072588e-17
9.686545571921386719e+08 -3.378711525031398836e-17
9.686545571923828125e+08 -3.456361024436742525e-17
9.686545571926269531e+08 -3.531538892025561345e-17
9.686545571928710938e+08 -3.604522827704302111e-17
9.686545571931152344e+08 -3.673308266111448678e-17
9.686545571933593750e+08 -3.739726926155932419e-17
9.686545571936035156e+08 -3.803462996856470356e-17
9.686545571938476562e+08 -3.863583610758953093e-17
9.686545571940917969e+08 -3.919045538724404068e-17
9.686545571943359375e+08 -3.973132883490509464e-17
9.686545571945800781e+08 -4.021729339118174594e-17
9.686545571948242188e+08 -4.066630179063139118e-17
9.686545571950683594e+08 -4.108669011687117042e-17
9.686545571953125000e+08 -4.145021883006580549e-17
9.686545571955566406e+08 -4.180955273433273026e-17
9.686545571958007812e+08 -4.212576806180270507e-17
9.686545571960449219e+08 -4.240769311810696207e-17
9.686545571962890625e+08 -4.265945854560976162e-17
9.686545571965332031e+08 -4.288866525432738670e-17
9.686545571967773438e+08 -4.306968085355030845e-17
9.686545571970214844e+08 -4.322889704381431411e-17
9.686545571972656250e+08 -4.334528639240618998e-17
9.686545571975097656e+08 -4.342776213797280405e-17
9.686545571977539062e+08 -4.347214617172836060e-17
9.686545571979980469e+08 -4.348165621852028725e-17
9.686545571982421875e+08 -4.345007785303995073e-17
9.686545571984863281e+08 -4.340352559876949380e-17
9.686545571987304688e+08 -4.332606226499436733e-17
9.686545571989746094e+08 -4.320450693841950514e-17
9.686545571992187500e+08 -4.307327856947933630e-17
9.686545571994628906e+08 -4.290551369806763885e-17
9.686545571997070312e+08 -4.269388451777470906e-17
9.686545571999511719e+08 -4.247800476846325134e-17
9.686545572001953125e+08 -4.221660173493387019e-17
9.686545572004394531e+08 -4.191303275540811078e-17
9.686545572006835938e+08 -4.159004467761552301e-17
9.686545572009277344e+08 -4.123221769415874927e-17
9.686545572011718750e+08 -4.083780904864273526e-17
9.686545572014160156e+08 -4.043115158486206242e-17
9.686545572016601562e+08 -3.999663810902386369e-17
9.686545572019042969e+08 -3.952953678469787360e-17
9.686545572021484375e+08 -3.905756008312688538e-17
9.686545572023925781e+08 -3.853134181103356125e-17
9.686545572026367188e+08 -3.801644024642748757e-17
9.686545572028808594e+08 -3.744497171972256340e-17
9.686545572031250000e+08 -3.686722593757735972e-17
9.686545572033691406e+08 -3.625874205725920129e-17
9.686545572036132812e+08 -3.561085025246392748e-17
9.686545572038574219e+08 -3.494977266449454920e-17
9.686545572041015625e+08 -3.425921476347524994e-17
9.686545572043457031e+08 -3.356072756820029947e-17
9.686545572045898438e+08 -3.284560610031050855e-17
9.686545572048339844e+08 -3.208674245650973056e-17
9.686545572050781250e+08 -3.133921034153826735e-17
9.686545572053222656e+08 -3.055963837027285567e-17
9.686545572055664062e+08 -2.975969966179333470e-17
9.686545572058105469e+08 -2.895351460453470021e-17
9.686545572060546875e+08 -2.811465516455409446e-17
9.686545572062988281e+08 -2.725803119381209845e-17
9.686545572065429688e+08 -2.637235465013713053e-17
9.686545572067871094e+08 -2.548021395847220521e-17
9.686545572070312500e+08 -2.457284963486770215e-17
9.686545572072753906e+08 -2.365760486104872613e-17
9.686545572075195312e+08 -2.271638666629767045e-17
9.686545572077636719e+08 -2.176641750489728385e-17
9.686545572080078125e+08 -2.082463457392587357e-17
9.686545572082519531e+08 -1.984215756292419171e-17
9.686545572084960938e+08 -1.885956970051930822e-17
9.686545572087402344e+08 -1.787540260016413045e-17
9.686545572089843750e+08 -1.686249008090780514e-17
9.686545572092285156e+08 -1.583257135878287940e-17
9.686545572094726562e+08 -1.479832522313030023e-17
9.686545572097167969e+08 -1.375670085606749727e-17
9.686545572099609375e+08 -1.270268911933093539e-17
9.686545572102050781e+08 -1.165106032325482170e-17
9.686545572104492188e+08 -1.058638014488821036e-17
9.686545572106933594e+08 -9.515661219130269049e-18
9.686545572109375000e+08 -8.443139273318311463e-18
9.686545572111816406e+08 -7.357113851223398646e-18
9.686545572114257812e+08 -6.283114142604101655e-18
9.686545572116699219e+08 -5.197399235977281500e-18
9.686545572119140625e+08 -4.092346195975463657e-18
9.686545572121582031e+08 -2.988889527100173998e-18
9.686545572124023438e+08 -1.888076837378888236e-18
9.686545572126464844e+08 -7.721848755097912382e-19
9.686545572128906250e+08 3.307065565672261774e-19
9.686545572131347656e+08 1.429794642192376421e-18
9.686545572133789062e+08 2.547931234123199275e-18
9.686545572136230469e+08 3.657399588877732393e-18
9.686545572138671875e+08 4.741400228917698018e-18
9.686545572141113281e+08 5.847454960796151677e-18
9.686545572143554688e+08 6.941847277415942439e-18
9.686545572145996094e+08 8.023750872319563426e-18
9.686545572148437500e+08 9.125118225132099845e-18
9.686545572150878906e+08 1.021399606459769807e-17
9.686545572153320312e+08 1.129408954982947488e-17
9.686545572155761719e+08 1.237346812653707162e-17
9.686545572158203125e+08 1.343593908134200453e-17
9.686545572160644531e+08 1.449790613258498389e-17
9.686545572163085938e+08 1.554818757273568500e-17
9.686545572165527344e+08 1.658872902180367619e-17
9.686545572167968750e+08 1.761366033745200163e-17
9.686545572170410156e+08 1.863183882012304964e-17
9.686545572172851562e+08 1.962894083949328695e-17
9.686545572175292969e+08 2.062600792502529775e-17
9.686545572177734375e+08 2.161456446306422138e-17
9.686545572180175781e+08 2.258846582907618962e-17
9.686545572182617188e+08 2.354537639071963288e-17
9.686545572185058594e+08 2.448838334940340347e-17
9.686545572187500000e+08 2.541315324345684696e-17
9.686545572189941406e+08 2.631939017233682808e-17
9.686545572192382812e+08 2.721727059335717429e-17
9.686545572194824219e+08 2.808048057890006395e-17
9.686545572197265625e+08 2.893276951668128284e-17
9.686545572199707031e+08 2.975916410560118881e-17
9.686545572202148438e+08 3.057642810368302895e-17
9.686545572204589844e+08 3.135409862905218694e-17
9.686545572207031250e+08 3.214027752175491881e-17
9.686545572209472656e+08 3.289209687144122179e-17
9.686545572211914062e+08 3.361448837410990936e-17
9.686545572214355469e+08 3.432475768113338701e-17
9.686545572216796875e+08 3.499752927234441772e-17
9.686545572219238281e+08 3.565543416348682287e-17
9.686545572221679688e+08 3.628027757135123671e-17
9.686545572224121094e+08 3.688402523534808808e-17
9.686545572226562500e+08 3.744960645541845554e-17
9.686545572229003906e+08 3.799719038393503594e-17
9.686545572231445312e+08 3.852075106466236451e-17
9.686545572233886719e+08 3.899905932443393158e-17
9.686545572236328125e+08 3.947931747473744658e-17
9.686545572238769531e+08 3.991859147359658194e-17
9.686545572241210938e+08 4.032071391110984129e-17
9.686545572243652344e+08 4.069646232473139223e-17
9.686545572246093750e+08 4.103743639802303407e-17
9.686545572248535156e+08 4.135770967681550888e-17
9.686545572250976562e+08 4.164066251873113978e-17
9.686545572253417969e+08 4.188684460153908061e-17
9.686545572255859375e+08 4.210387020904376630e-17
9.686545572258300781e+08 4.229581508344598380e-17
9.686545572260742188e+08 4.243743884673918180e-17
9.686545572263183594e+08 4.256196689324922342e-17
9.686545572265625000e+08 4.266112624826561544e-17
9.686545572268066406e+08 4.271813784714155410e-17
9.686545572270507812e+08 4.273726200822887456e-17
9.686545572272949219e+08 4.272773341604222038e-17
9.686545572275390625e+08 4.268201669484640977e-17
9.686545572277832031e+08 4.261643909661863770e-17
9.686545572280273438e+08 4.250318067175232312e-17
9.686545572282714844e+08 4.235833759820802117e-17
9.686545572285156250e+08 4.218048375837126374e-17
9.686545572287597656e+08 4.196396665234695778e-17
9.686545572290039062e+08 4.172111296741160482e-17
9.686545572292480469e+08 4.144889830147868792e-17
9.686545572294921875e+08 4.114412149715163668e-17
9.686545572297363281e+08 4.080619333853217843e-17
9.686545572299804688e+08 4.043817039800948400e-17
9.686545572302246094e+08 4.002601189138599421e-17
9.686545572304687500e+08 3.959359918631617985e-17
9.686545572307128906e+08 3.912445716448760861e-17
9.686545572309570312e+08 3.863228907763602765e-17
9.686545572312011719e+08 3.809941852996051220e-17
9.686545572314453125e+08 3.753619099141039443e-17
9.686545572316894531e+08 3.694738265559635900e-17
9.686545572319335938e+08 3.632632646384558411e-17
9.686545572321777344e+08 3.567821940436831906e-17
9.686545572324218750e+08 3.501885509436699560e-17
9.686545572326660156e+08 3.431504996900600000e-17
9.686545572329101562e+08 3.359041230607289431e-17
9.686545572331542969e+08 3.283061218543082645e-17
9.686545572333984375e+08 3.204663538263398691e-17
9.686545572336425781e+08 3.126103124900161723e-17
9.686545572338867188e+08 3.042628499572323300e-17
9.686545572341308594e+08 2.957032143435289522e-17
9.686545572343750000e+08 2.869932335486759200e-17
9.686545572346191406e+08 2.780542056017540530e-17
9.686545572348632812e+08 2.688692206240474613e-17
9.686545572351074219e+08 2.595023944043203837e-17
9.686545572353515625e+08 2.502096350798508860e-17
9.686545572355957031e+08 2.404632828789556687e-17
9.686545572358398438e+08 2.305187535565924073e-17
9.686545572360839844e+08 2.204077792690401505e-17
9.686545572363281250e+08 2.103252860175684944e-17
9.686545572365722656e+08 1.999903846034815016e-17
9.686545572368164062e+08 1.894659900654109854e-17
9.686545572370605469e+08 1.789656890237689651e-17
9.686545572373046875e+08 1.681867026440371189e-17
9.686545572375488281e+08 1.573876861237623939e-17
9.686545572377929688e+08 1.465004043445971124e-17
9.686545572380371094e+08 1.355543932707207176e-17
9.686545572382812500e+08 1.245088316190120493e-17
9.686545572385253906e+08 1.134943135686160773e-17
9.686545572387695312e+08 1.021850872996349840e-17
9.686545572390136719e+08 9.096978206046461128e-18
9.686545572392578125e+08 7.977391837754034371e-18
9.686545572395019531e+08 6.855416494468008295e-18
9.686545572397460938e+08 5.723458610239541933e-18
9.686545572399902344e+08 4.605336504416747814e-18
9.686545572402343750e+08 3.469057662291581195e-18
9.686545572404785156e+08 2.347828051362535692e-18
9.686545572407226562e+08 1.232656664315784804e-18
9.686545572409667969e+08 1.168553765995573333e-19
9.686545572412109375e+08 -9.892874902090738121e-19
9.686545572414550781e+08 -2.104171361629477738e-18
9.686545572416992188e+08 -3.205682472895935575e-18
9.686545572419433594e+08 -4.306704045023310123e-18
9.686545572421875000e+08 -5.385245615745124613e-18
9.686545572424316406e+08 -6.444669502874078679e-18
9.686545572426757812e+08 -7.522486612537997981e-18
9.686545572429199219e+08 -8.568714816796425659e-18
9.686545572431640625e+08 -9.611599366794081538e-18
9.686545572434082031e+08 -1.064159543923652694e-17
9.686545572436523438e+08 -1.165674343048430756e-17
9.686545572438964844e+08 -1.266160074331091994e-17
9.686545572441406250e+08 -1.362985528436718377e-17
9.686545572443847656e+08 -1.461055312486647360e-17
9.686545572446289062e+08 -1.558141285935382355e-17
9.686545572448730469e+08 -1.651015229061060638e-17
9.686545572451171875e+08 -1.742107322430329208e-17
9.686545572453613281e+08 -1.831932013508962000e-17
9.686545572456054688e+08 -1.921202897715975162e-17
9.686545572458496094e+08 -2.006584740569929687e-17
9.686545572460937500e+08 -2.091668326187579391e-17
9.686545572463378906e+08 -2.173887406438984185e-17
9.686545572465820312e+08 -2.253399395175515935e-17
9.686545572468261719e+08 -2.331169321724697860e-17
9.686545572470703125e+08 -2.406515424834564469e-17
9.686545572473144531e+08 -2.482124745488464040e-17
9.686545572475585938e+08 -2.553554801706557191e-17
9.686545572478027344e+08 -2.622980171652278232e-17
9.686545572480468750e+08 -2.689321079135941804e-17
9.686545572482910156e+08 -2.753577286389191500e-17
9.686545572485351562e+08 -2.816248994424368683e-17
9.686545572487792969e+08 -2.876368273596665065e-17
9.686545572490234375e+08 -2.933731443117939111e-17
9.686545572492675781e+08 -2.989576353575414923e-17
9.686545572495117188e+08 -3.041396684965050784e-17
9.686545572497558594e+08 -3.091023932098992904e-17
9.686545572500000000e+08 -3.139518340988818026e-17
9.686545572502441406e+08 -3.185458112933028644e-17
9.686545572504882812e+08 -3.229377284406501360e-17
9.686545572507324219e+08 -3.270337292674502098e-17
9.686545572509765625e+08 -3.307622615427130503e-17
9.686545572512207031e+08 -3.342753566248699842e-17
9.686545572514648438e+08 -3.376818350801063588e-17
9.686545572517089844e+08 -3.407367222503758522e-17
9.686545572519531250e+08 -3.436249853333174626e-17
9.686545572521972656e+08 -3.461658791883248451e-17
9.686545572524414062e+08 -3.485586472071466152e-17
9.686545572526855469e+08 -3.505933095870684926e-17
9.686545572529296875e+08 -3.525045249408215482e-17
9.686545572531738281e+08 -3.543252791292917735e-17
9.686545572534179688e+08 -3.558047225206050428e-17
9.686545572536621094e+08 -3.570373623181587963e-17
9.686545572539062500e+08 -3.579242810789131282e-17
9.686545572541503906e+08 -3.586868487690169512e-17
9.686545572543945312e+08 -3.592106661826916159e-17
9.686545572546386719e+08 -3.594382536128567268e-17
9.686545572548828125e+08 -3.596296974059033090e-17
9.686545572551269531e+08 -3.594293974039311656e-17
9.686545572553710938e+08 -3.590856020877390094e-17
9.686545572556152344e+08 -3.584842583905079940e-17
9.686545572558593750e+08 -3.577691033251322933e-17
9.686545572561035156e+08 -3.570336980440746352e-17
9.686545572563476562e+08 -3.557443687469729958e-17
9.686545572565917969e+08 -3.544549194367325051e-17
9.686545572568359375e+08 -3.527959436398267239e-17
9.686545572570800781e+08 -3.510496977988755439e-17
9.686545572573242188e+08 -3.490432043747768881e-17
9.686545572575683594e+08 -3.469785600224646708e-17
9.686545572578125000e+08 -3.446011579730349269e-17
9.686545572580566406e+08 -3.420583203775062431e-17
9.686545572583007812e+08 -3.393499670115646423e-17
9.686545572585449219e+08 -3.364332241537973745e-17
9.686545572587890625e+08 -3.335239984415893947e-17
9.686545572590332031e+08 -3.303699319366065554e-17
9.686545572592773438e+08 -3.270980333614858456e-17
9.686545572595214844e+08 -3.234795945984683635e-17
9.686545572597656250e+08 -3.197119633175910854e-17
9.686545572600097656e+08 -3.157708627208240524e-17
9.686545572602539062e+08 -3.118492858822164027e-17
9.686545572604980469e+08 -3.075470813495815196e-17
9.686545572607421875e+08 -3.032648257313540204e-17
9.686545572609863281e+08 -2.986766604771312538e-17
9.686545572612304688e+08 -2.940394661789786692e-17
9.686545572614746094e+08 -2.892270830217653486e-17
9.686545572617187500e+08 -2.843471190964316210e-17
9.686545572619628906e+08 -2.794320238060083647e-17
9.686545572622070312e+08 -2.741806338777456360e-17
9.686545572624511719e+08 -2.688189076042447920e-17
9.686545572626953125e+08 -2.632256044334848457e-17
9.686545572629394531e+08 -2.576709447596166043e-17
9.686545572631835938e+08 -2.517980728942898345e-17
9.686545572634277344e+08 -2.459516976905439016e-17
9.686545572636718750e+08 -2.399214298711754956e-17
9.686545572639160156e+08 -2.337082897252511655e-17
9.686545572641601562e+08 -2.274014746727587293e-17
9.686545572644042969e+08 -2.209995969454285369e-17
9.686545572646484375e+08 -2.146852681511903007e-17
9.686545572648925781e+08 -2.081260661643043734e-17
9.686545572651367188e+08 -2.013211387444116380e-17
9.686545572653808594e+08 -1.945160696044371644e-17
9.686545572656250000e+08 -1.874805125536030594e-17
9.686545572658691406e+08 -1.803605090707393249e-17
9.686545572661132812e+08 -1.731717521556037816e-17
9.686545572663574219e+08 -1.659041027103126973e-17
9.686545572666015625e+08 -1.584044967280343004e-17
9.686545572668457031e+08 -1.508580053500936118e-17
9.686545572670898438e+08 -1.432444432796183461e-17
9.686545572673339844e+08 -1.355866697775246083e-17
9.686545572675781250e+08 -1.279323901924462084e-17
9.686545572678222656e+08 -1.201486164105923854e-17
9.686545572680664062e+08 -1.121651678613067792e-17
9.686545572683105469e+08 -1.040324379320114940e-17
9.686545572685546875e+08 -9.583043950884295786e-18
9.686545572687988281e+08 -8.761704592027547419e-18
9.686545572690429688e+08 -7.924602593391385710e-18
9.686545572692871094e+08 -7.083120020645865722e-18
9.686545572695312500e+08 -6.225786900972721918e-18
9.686545572697753906e+08 -5.380148329611284338e-18
9.686545572700195312e+08 -4.506852308225363579e-18
9.686545572702636719e+08 -3.652678020553732923e-18
9.686545572705078125e+08 -2.798221096244909664e-18
9.686545572707519531e+08 -1.918424578704241246e-18
9.686545572709960938e+08 -1.046702302878809070e-18
9.686545572712402344e+08 -1.428830526791902363e-19
9.686545572714843750e+08 7.534876633934904305e-19
9.686545572717285156e+08 1.648463203089631270e-18
9.686545572719726562e+08 2.553976602930394461e-18
9.686545572722167969e+08 3.469886138313437900e-18
9.686545572724609375e+08 4.372549172970909495e-18
9.686545572727050781e+08 5.286678487128677627e-18
9.686545572729492188e+08 6.207088624261605635e-18
9.686545572731933594e+08 7.106764555995407989e-18
9.686545572734375000e+08 8.008235634075653678e-18
9.686545572736816406e+08 8.916036254345305284e-18
9.686545572739257812e+08 9.833194231620056583e-18
9.686545572741699219e+08 1.075520693734422420e-17
9.686545572744140625e+08 1.167718074332056018e-17
9.686545572746582031e+08 1.258783001665448165e-17
9.686545572749023438e+08 1.349436330283867943e-17
9.686545572751464844e+08 1.440993981088133503e-17
9.686545572753906250e+08 1.532190621933479236e-17
9.686545572756347656e+08 1.622511339373182678e-17
9.686545572758789062e+08 1.712193084681043218e-17
9.686545572761230469e+08 1.799637279048539382e-17
9.686545572763671875e+08 1.886859025262427101e-17
9.686545572766113281e+08 1.974169535810893112e-17
9.686545572768554688e+08 2.060301938558448270e-17
9.686545572770996094e+08 2.148758443635548662e-17
9.686545572773437500e+08 2.233299948658961341e-17
9.686545572775878906e+08 2.318192310827238357e-17
9.686545572778320312e+08 2.402387441223184551e-17
9.686545572780761719e+08 2.485067314086564297e-17
9.686545572783203125e+08 2.566725414105257911e-17
9.686545572785644531e+08 2.647458607372771365e-17
9.686545572788085938e+08 2.725909448253514999e-17
9.686545572790527344e+08 2.802299855570083473e-17
9.686545572792968750e+08 2.877362493623714733e-17
9.686545572795410156e+08 2.951442523417333122e-17
9.686545572797851562e+08 3.024142747534272376e-17
9.686545572800292969e+08 3.096618507956844648e-17
9.686545572802734375e+08 3.167549648931232147e-17
9.686545572805175781e+08 3.235085353720461522e-17
9.686545572807617188e+08 3.302376488320130831e-17
9.686545572810058594e+08 3.366737745039652283e-17
9.686545572812500000e+08 3.430585056929893651e-17
9.686545572814941406e+08 3.491033382977928281e-17
9.686545572817382812e+08 3.549135372981322314e-17
9.686545572819824219e+08 3.603609302478991771e-17
9.686545572822265625e+08 3.656293863292056524e-17
9.686545572824707031e+08 3.708432324001211245e-17
9.686545572827148438e+08 3.757904154908036545e-17
9.686545572829589844e+08 3.805924220368574653e-17
9.686545572832031250e+08 3.851489830918189005e-17
9.686545572834472656e+08 3.893177122712145614e-17
9.686545572836914062e+08 3.934594197835399017e-17
9.686545572839355469e+08 3.972048682527338852e-17
9.686545572841796875e+08 4.007960955766399546e-17
9.686545572844238281e+08 4.039716999848231046e-17
9.686545572846679688e+08 4.068306726612955526e-17
9.686545572849121094e+08 4.093525425859982350e-17
9.686545572851562500e+08 4.116576805981172386e-17
9.686545572854003906e+08 4.138215119161512360e-17
9.686545572856445312e+08 4.155409617167025416e-17
9.686545572858886719e+08 4.173753281778735431e-17
9.686545572861328125e+08 4.185171300138331258e-17
9.686545572863769531e+08 4.195503181774284482e-17
9.686545572866210938e+08 4.202892814672292222e-17
9.686545572868652344e+08 4.207604936789950046e-17
9.686545572871093750e+08 4.209280438313931650e-17
9.686545572873535156e+08 4.206701540158656120e-17
9.686545572875976562e+08 4.201221488650127460e-17
9.686545572878417969e+08 4.191390617876494090e-17
9.686545572880859375e+08 4.180484030764017314e-17
9.686545572883300781e+08 4.165829394350001886e-17
9.686545572885742188e+08 4.149445165492581257e-17
9.686545572888183594e+08 4.131157669606275416e-17
9.686545572890625000e+08 4.108576333573220798e-17
9.686545572893066406e+08 4.082753214336842445e-17
9.686545572895507812e+08 4.054844552915856781e-17
9.686545572897949219e+08 4.024512570205587480e-17
9.686545572900390625e+08 3.991334392702354248e-17
9.686545572902832031e+08 3.953480331261590724e-17
9.686545572905273438e+08 3.913220266412266385e-17
9.686545572907714844e+08 3.869205167792283069e-17
9.686545572910156250e+08 3.822657629341487448e-17
9.686545572912597656e+08 3.775285728906537355e-17
9.686545572915039062e+08 3.724881370649999636e-17
9.686545572917480469e+08 3.672126461130872828e-17
9.686545572919921875e+08 3.616566118518310441e-17
9.686545572922363281e+08 3.558845283498165816e-17
9.686545572924804688e+08 3.498937008527288602e-17
9.686545572927246094e+08 3.436765761552516133e-17
9.686545572929687500e+08 3.371376347078618051e-17
9.686545572932128906e+08 3.303271656092252007e-17
9.686545572934570312e+08 3.232484503907069402e-17
9.686545572937011719e+08 3.158535224072143545e-17
9.686545572939453125e+08 3.084284784761689926e-17
9.686545572941894531e+08 3.006801368100912299e-17
9.686545572944335938e+08 2.929286668425343826e-17
9.686545572946777344e+08 2.851125282562613030e-17
9.686545572949218750e+08 2.767502500775563938e-17
9.686545572951660156e+08 2.685888539744830861e-17
9.686545572954101562e+08 2.600790168120296169e-17
9.686545572956542969e+08 2.514644832567233941e-17
9.686545572958984375e+08 2.426615890316966076e-17
9.686545572961425781e+08 2.336316309687394358e-17
9.686545572963867188e+08 2.243347044164347204e-17
9.686545572966308594e+08 2.149650361995773932e-17
9.686545572968750000e+08 2.054871172172766653e-17
9.686545572971191406e+08 1.960021295232917220e-17
9.686545572973632812e+08 1.865361476956500384e-17
9.686545572976074219e+08 1.768567308453807928e-17
9.686545572978515625e+08 1.671235655721859383e-17
9.686545572980957031e+08 1.573074667594292816e-17
9.686545572983398438e+08 1.474934479215079326e-17
9.686545572985839844e+08 1.375421430381697683e-17
9.686545572988281250e+08 1.275620354936607169e-17
9.686545572990722656e+08 1.173152495812032177e-17
9.686545572993164062e+08 1.070283437607717699e-17
9.686545572995605469e+08 9.674934291171539529e-18
9.686545572998046875e+08 8.650539195131530100e-18
9.686545573000488281e+08 7.627234942431409037e-18
9.686545573002929688e+08 6.614735891500840010e-18
9.686545573005371094e+08 5.610326152673030115e-18
9.686545573007812500e+08 4.571234638942812429e-18
9.686545573010253906e+08 3.575615579338137681e-18
9.686545573012695312e+08 2.562920360643904344e-18
9.686545573015136719e+08 1.548398405380830356e-18
9.686545573017578125e+08 5.420494838091783195e-19
9.686545573020019531e+08 -4.765735053355549731e-19
9.686545573022460938e+08 -1.494647972143682269e-18
9.686545573024902344e+08 -2.502545594212265564e-18
9.686545573027343750e+08 -3.488023880186232692e-18
9.686545573029785156e+08 -4.480864371256328876e-18
9.686545573032226562e+08 -5.436262853805484099e-18
9.686545573034667969e+08 -6.409190944454368022e-18
9.686545573037109375e+08 -7.366144704239712462e-18
9.686545573039550781e+08 -8.305223766725803193e-18
9.686545573041992188e+08 -9.239263534029259194e-18
9.686545573044433594e+08 -1.015698662108529291e-17
9.686545573046875000e+08 -1.108402589953380911e-17
9.686545573049316406e+08 -1.199590831623581889e-17
9.686545573051757812e+08 -1.291186218387383493e-17
9.686545573054199219e+08 -1.379865497003862449e-17
9.686545573056640625e+08 -1.467586256605228931e-17
9.686545573059082031e+08 -1.553483487578930355e-17
9.686545573061523438e+08 -1.635410024688929667e-17
9.686545573063964844e+08 -1.719259391949154186e-17
9.686545573066406250e+08 -1.800262874025363994e-17
9.686545573068847656e+08 -1.878654664500407034e-17
9.686545573071289062e+08 -1.955673896920302851e-17
9.686545573073730469e+08 -2.032437034307906076e-17
9.686545573076171875e+08 -2.108137444489904905e-17
9.686545573078613281e+08 -2.182492458883623317e-17
9.686545573081054688e+08 -2.256043943854387489e-17
9.686545573083496094e+08 -2.327454056193645865e-17
9.686545573085937500e+08 -2.396145261880773942e-17
9.686545573088378906e+08 -2.462495090576837429e-17
9.686545573090820312e+08 -2.526522043225437903e-17
9.686545573093261719e+08 -2.589463450263658289e-17
9.686545573095703125e+08 -2.650620874345672230e-17
9.686545573098144531e+08 -2.707718470943338300e-17
9.686545573100585938e+08 -2.765239635093862933e-17
9.686545573103027344e+08 -2.820952204954004196e-17
9.686545573105468750e+08 -2.875137920203330717e-17
9.686545573107910156e+08 -2.928474864021876373e-17
9.686545573110351562e+08 -2.980371199235932581e-17
9.686545573112792969e+08 -3.029526666921970014e-17
9.686545573115234375e+08 -3.075016439797608092e-17
9.686545573117675781e+08 -3.119343400105508714e-17
9.686545573120117188e+08 -3.160617236751380862e-17
9.686545573122558594e+08 -3.200667805462584980e-17
9.686545573125000000e+08 -3.238079159287173754e-17
9.686545573127441406e+08 -3.272710988252456605e-17
9.686545573129882812e+08 -3.306547074081838498e-17
9.686545573132324219e+08 -3.337698666113703497e-17
9.686545573134765625e+08 -3.369410870180459080e-17
9.686545573137207031e+08 -3.398615513041663637e-17
9.686545573139648438e+08 -3.425702219299955713e-17
9.686545573142089844e+08 -3.450912032357054440e-17
9.686545573144531250e+08 -3.473166578372099108e-17
9.686545573146972656e+08 -3.491939966498602617e-17
9.686545573149414062e+08 -3.508957403057598567e-17
9.686545573151855469e+08 -3.524341111622956170e-17
9.686545573154296875e+08 -3.537553026806526343e-17
9.686545573156738281e+08 -3.547470089562962154e-17
9.686545573159179688e+08 -3.556169448487031156e-17
9.686545573161621094e+08 -3.563390402661178268e-17
9.686545573164062500e+08 -3.570107179273658402e-17
9.686545573166503906e+08 -3.574903553289096401e-17
9.686545573168945312e+08 -3.576378508524245777e-17
9.686545573171386719e+08 -3.577421266984707727e-17
9.686545573173828125e+08 -3.573877474340424391e-17
9.686545573176269531e+08 -3.567012978771739192e-17
9.686545573178710938e+08 -3.559170196372931620e-17
9.686545573181152344e+08 -3.550791387074014377e-17
9.686545573183593750e+08 -3.536729843454034339e-17
9.686545573186035156e+08 -3.522524463088798956e-17
9.686545573188476562e+08 -3.506365725168284886e-17
9.686545573190917969e+08 -3.487885748107492034e-17
9.686545573193359375e+08 -3.469913175697318685e-17
9.686545573195800781e+08 -3.449804325356944476e-17
9.686545573198242188e+08 -3.425721550275719899e-17
9.686545573200683594e+08 -3.401430041551315408e-17
9.686545573203125000e+08 -3.372283938374888923e-17
9.686545573205566406e+08 -3.341303491604266702e-17
9.686545573208007812e+08 -3.308083321020558498e-17
9.686545573210449219e+08 -3.273369272611587740e-17
9.686545573212890625e+08 -3.235680786122189726e-17
9.686545573215332031e+08 -3.196277337722434546e-17
9.686545573217773438e+08 -3.154482900514078618e-17
9.686545573220214844e+08 -3.112353711363392321e-17
9.686545573222656250e+08 -3.069172934718914856e-17
9.686545573225097656e+08 -3.023847580269977154e-17
9.686545573227539062e+08 -2.976312702005043668e-17
9.686545573229980469e+08 -2.925947877939486917e-17
9.686545573232421875e+08 -2.873810938790460064e-17
9.686545573234863281e+08 -2.817100351422540198e-17
9.686545573237304688e+08 -2.760287640664250231e-17
9.686545573239746094e+08 -2.701440902555239142e-17
9.686545573242187500e+08 -2.639406524880234817e-17
9.686545573244628906e+08 -2.575924682896261535e-17
9.686545573247070312e+08 -2.510868962249272287e-17
9.686545573249511719e+08 -2.445910420554828518e-17
9.686545573251953125e+08 -2.379159454880355108e-17
9.686545573254394531e+08 -2.310856967877021843e-17
9.686545573256835938e+08 -2.241233539210092364e-17
9.686545573259277344e+08 -2.167293101399603792e-17
9.686545573261718750e+08 -2.093110588806166180e-17
9.686545573264160156e+08 -2.014867574337030703e-17
9.686545573266601562e+08 -1.936543349985364938e-17
9.686545573269042969e+08 -1.856716590763027261e-17
9.686545573271484375e+08 -1.773090960348382678e-17
9.686545573273925781e+08 -1.689258433968665880e-17
9.686545573276367188e+08 -1.605039543209499850e-17
9.686545573278808594e+08 -1.520040270091034396e-17
9.686545573281250000e+08 -1.434520132518282567e-17
9.686545573283691406e+08 -1.347459619547196345e-17
9.686545573286132812e+08 -1.258732211163515111e-17
9.686545573288574219e+08 -1.168183911699610409e-17
9.686545573291015625e+08 -1.075262925746403631e-17
9.686545573293457031e+08 -9.808934785680267950e-18
9.686545573295898438e+08 -8.865224078379862392e-18
9.686545573298339844e+08 -7.904166029810803554e-18
9.686545573300781250e+08 -6.933779850329390964e-18
9.686545573303222656e+08 -5.945063924340869718e-18
9.686545573305664062e+08 -4.968628577032096989e-18
9.686545573308105469e+08 -3.987849893658035470e-18
9.686545573310546875e+08 -3.012561630846966648e-18
9.686545573312988281e+08 -2.026640933842662514e-18
9.686545573315429688e+08 -1.035293348494234825e-18
9.686545573317871094e+08 -2.889254962146092567e-20
9.686545573320312500e+08 9.886212595216053489e-19
9.686545573322753906e+08 2.021101309171014886e-18
9.686545573325195312e+08 3.037272869675799756e-18
9.686545573327636719e+08 4.062368347482637167e-18
9.686545573330078125e+08 5.098132061093213041e-18
9.686545573332519531e+08 6.129973358282149454e-18
9.686545573334960938e+08 7.148040546946371537e-18
9.686545573337402344e+08 8.146720910936082032e-18
9.686545573339843750e+08 9.149710926619858876e-18
9.686545573342285156e+08 1.014142026325805277e-17
9.686545573344726562e+08 1.114430115132855215e-17
9.686545573347167969e+08 1.214164938735010949e-17
9.686545573349609375e+08 1.314458147962158343e-17
9.686545573352050781e+08 1.414159061368309744e-17
9.686545573354492188e+08 1.512111962854812094e-17
9.686545573356933594e+08 1.611087651929463739e-17
9.686545573359375000e+08 1.708413654272330894e-17
9.686545573361816406e+08 1.804211171807582735e-17
9.686545573364257812e+08 1.898037807530088670e-17
9.686545573366699219e+08 1.989373351918375574e-17
9.686545573369140625e+08 2.079504163870310306e-17
9.686545573371582031e+08 2.168073840986549196e-17
9.686545573374023438e+08 2.256333225774195103e-17
9.686545573376464844e+08 2.342944719116549794e-17
9.686545573378906250e+08 2.428943691734741759e-17
9.686545573381347656e+08 2.513250673120335852e-17
9.686545573383789062e+08 2.596064335429675902e-17
9.686545573386230469e+08 2.677773034462325073e-17
9.686545573388671875e+08 2.757120239117115580e-17
9.686545573391113281e+08 2.834029833715716133e-17
9.686545573393554688e+08 2.906845623552635374e-17
9.686545573395996094e+08 2.977026904357174056e-17
9.686545573398437500e+08 3.045108877949732904e-17
9.686545573400878906e+08 3.111769972585587371e-17
9.686545573403320312e+08 3.175283656035816158e-17
9.686545573405761719e+08 3.238565528646577256e-17
9.686545573408203125e+08 3.299309714691690074e-17
9.686545573410644531e+08 3.356816563289340372e-17
9.686545573413085938e+08 3.412988111521693520e-17
9.686545573415527344e+08 3.466617445739984001e-17
9.686545573417968750e+08 3.516607586508970960e-17
9.686545573420410156e+08 3.564121753199990942e-17
9.686545573422851562e+08 3.607545656334859603e-17
9.686545573425292969e+08 3.645704261166216517e-17
9.686545573427734375e+08 3.683125068243351920e-17
9.686545573430175781e+08 3.716779182856100830e-17
9.686545573432617188e+08 3.749393369749940911e-17
9.686545573435058594e+08 3.778578038325236309e-17
9.686545573437500000e+08 3.805926282468036937e-17
9.686545573439941406e+08 3.828609942192769138e-17
9.686545573442382812e+08 3.850485042369278459e-17
9.686545573444824219e+08 3.869228400156209896e-17
9.686545573447265625e+08 3.883814394518132838e-17
9.686545573449707031e+08 3.894913814310452217e-17
9.686545573452148438e+08 3.901247625251877959e-17
9.686545573454589844e+08 3.905079500446407102e-17
9.686545573457031250e+08 3.904922577043840108e-17
9.686545573459472656e+08 3.902513089353721728e-17
9.686545573461914062e+08 3.896931408689369474e-17
9.686545573464355469e+08 3.890820795174934727e-17
9.686545573466796875e+08 3.879014642733419576e-17
9.686545573469238281e+08 3.866834331934582267e-17
9.686545573471679688e+08 3.850261764888022747e-17
9.686545573474121094e+08 3.831664102508683831e-17
9.686545573476562500e+08 3.810484680147970599e-17
9.686545573479003906e+08 3.784129244977424041e-17
9.686545573481445312e+08 3.754218622434291826e-17
9.686545573483886719e+08 3.720620699921436821e-17
9.686545573486328125e+08 3.684041799804906736e-17
9.686545573488769531e+08 3.646056864542541310e-17
9.686545573491210938e+08 3.605822653160294947e-17
9.686545573493652344e+08 3.561885259978287118e-17
9.686545573496093750e+08 3.517462926781201316e-17
9.686545573498535156e+08 3.469778765391822528e-17
9.686545573500976562e+08 3.419793306080504701e-17
9.686545573503417969e+08 3.368133370779000636e-17
9.686545573505859375e+08 3.312819425719117357e-17
9.686545573508300781e+08 3.254079654353013784e-17
9.686545573510742188e+08 3.191784485255525556e-17
9.686545573513183594e+08 3.127095358375709382e-17
9.686545573515625000e+08 3.061025357365948484e-17
9.686545573518066406e+08 2.991465921205598637e-17
9.686545573520507812e+08 2.922425725520848712e-17
9.686545573522949219e+08 2.851015218394176624e-17
9.686545573525390625e+08 2.778744315006436246e-17
9.686545573527832031e+08 2.704118138102351718e-17
9.686545573530273438e+08 2.627393956961016947e-17
9.686545573532714844e+08 2.550667172442740624e-17
9.686545573535156250e+08 2.470431684003245733e-17
9.686545573537597656e+08 2.387342065364284668e-17
9.686545573540039062e+08 2.302008149302945737e-17
9.686545573542480469e+08 2.215385767071556617e-17
9.686545573544921875e+08 2.128363108667894082e-17
9.686545573547363281e+08 2.039129130228448853e-17
9.686545573549804688e+08 1.950798307775476417e-17
9.686545573552246094e+08 1.860851959871175486e-17
9.686545573554687500e+08 1.771134389583672836e-17
9.686545573557128906e+08 1.680096561737526976e-17
9.686545573559570312e+08 1.587926290585044271e-17
9.686545573562011719e+08 1.496653684552080489e-17
9.686545573564453125e+08 1.402759284485849399e-17
9.686545573566894531e+08 1.306869745210682858e-17
9.686545573569335938e+08 1.210466793692686227e-17
9.686545573571777344e+08 1.112951648058253974e-17
9.686545573574218750e+08 1.015888719996716229e-17
9.686545573576660156e+08 9.187432343051774592e-18
9.686545573579101562e+08 8.224509287264217743e-18
9.686545573581542969e+08 7.269597758744824499e-18
9.686545573583984375e+08 6.305461757849588045e-18
9.686545573586425781e+08 5.350115062289708292e-18
9.686545573588867188e+08 4.393818901293238858e-18
9.686545573591308594e+08 3.451356625293721818e-18
9.686545573593750000e+08 2.487080863000603199e-18
9.686545573596191406e+08 1.515687136983969926e-18
9.686545573598632812e+08 5.535504154422096688e-19
9.686545573601074219e+08 -4.079165955823439043e-19
9.686545573603515625e+08 -1.369031855778850759e-18
9.686545573605957031e+08 -2.305229573805772092e-18
9.686545573608398438e+08 -3.234065162641663544e-18
9.686545573610839844e+08 -4.160638763252264618e-18
9.686545573613281250e+08 -5.057426595468814878e-18
9.686545573615722656e+08 -5.961487440180926537e-18
9.686545573618164062e+08 -6.850931831244381516e-18
9.686545573620605469e+08 -7.720052661522218101e-18
9.686545573623046875e+08 -8.599099776977414849e-18
9.686545573625488281e+08 -9.480948685831161062e-18
9.686545573627929688e+08 -1.034700761581073192e-17
9.686545573630371094e+08 -1.119592506816292166e-17
9.686545573632812500e+08 -1.204940671759860237e-17
9.686545573635253906e+08 -1.287046071362669419e-17
9.686545573637695312e+08 -1.367104892085846016e-17
9.686545573640136719e+08 -1.446067319230316327e-17
9.686545573642578125e+08 -1.522858027564543201e-17
9.686545573645019531e+08 -1.598114518065284202e-17
9.686545573647460938e+08 -1.671684734148499338e-17
9.686545573649902344e+08 -1.743415413665509583e-17
9.686545573652343750e+08 -1.815569818694519469e-17
9.686545573654785156e+08 -1.887201772685648928e-17
9.686545573657226562e+08 -1.956483449149450036e-17
9.686545573659667969e+08 -2.024797336036131400e-17
9.686545573662109375e+08 -2.091118148008795117e-17
9.686545573664550781e+08 -2.154549491084392426e-17
9.686545573666992188e+08 -2.216008168163953311e-17
9.686545573669433594e+08 -2.275079153160384269e-17
9.686545573671875000e+08 -2.332180728695993774e-17
9.686545573674316406e+08 -2.386117180841655839e-17
9.686545573676757812e+08 -2.439257849135267895e-17
9.686545573679199219e+08 -2.490441148216268506e-17
9.686545573681640625e+08 -2.541631037896625266e-17
9.686545573684082031e+08 -2.591468464394340503e-17
9.686545573686523438e+08 -2.639227506156467954e-17
9.686545573688964844e+08 -2.684960517615968893e-17
9.686545573691406250e+08 -2.728273753641062681e-17
9.686545573693847656e+08 -2.768085654768706623e-17
9.686545573696289062e+08 -2.807121502658328990e-17
9.686545573698730469e+08 -2.842663302628474084e-17
9.686545573701171875e+08 -2.875155136529456343e-17
9.686545573703613281e+08 -2.906965812128393829e-17
9.686545573706054688e+08 -2.935006296296774167e-17
9.686545573708496094e+08 -2.962361856891064651e-17
9.686545573710937500e+08 -2.989340861769491747e-17
9.686545573713378906e+08 -3.014259435334004544e-17
9.686545573715820312e+08 -3.037490818673586476e-17
9.686545573718261719e+08 -3.057986826819606037e-17
9.686545573720703125e+08 -3.076512467319288109e-17
9.686545573723144531e+08 -3.090796807883557199e-17
9.686545573725585938e+08 -3.104161214126188010e-17
9.686545573728027344e+08 -3.113698199858042280e-17
9.686545573730468750e+08 -3.121297091653414875e-17
9.686545573732910156e+08 -3.126236645520972227e-17
9.686545573735351562e+08 -3.128451567591394611e-17
9.686545573737792969e+08 -3.130955754231324491e-17
9.686545573740234375e+08 -3.131258453658176966e-17
9.686545573742675781e+08 -3.130419066734583956e-17
9.686545573745117188e+08 -3.126209492188569930e-17
9.686545573747558594e+08 -3.121550394671155184e-17
9.686545573750000000e+08 -3.111206932947442924e-17
9.686545573752441406e+08 -3.100515765921121782e-17
9.686545573754882812e+08 -3.086690262962483484e-17
9.686545573757324219e+08 -3.070425116970829216e-17
9.686545573759765625e+08 -3.050967381955658274e-17
9.686545573762207031e+08 -3.028702274955375124e-17
9.686545573764648438e+08 -3.005637522828220931e-17
9.686545573767089844e+08 -2.980855439036617146e-17
9.686545573769531250e+08 -2.955121552425602579e-17
9.686545573771972656e+08 -2.926817315804784988e-17
9.686545573774414062e+08 -2.897123982543557499e-17
9.686545573776855469e+08 -2.865017324470718384e-17
9.686545573779296875e+08 -2.829616444589194586e-17
9.686545573781738281e+08 -2.791622921033115348e-17
9.686545573784179688e+08 -2.751683526532022416e-17
9.686545573786621094e+08 -2.708226854477593633e-17
9.686545573789062500e+08 -2.663554558169843962e-17
9.686545573791503906e+08 -2.615631778717138337e-17
9.686545573793945312e+08 -2.566452004078059005e-17
9.686545573796386719e+08 -2.515857796249636261e-17
9.686545573798828125e+08 -2.464962946338104483e-17
9.686545573801269531e+08 -2.411258144581407315e-17
9.686545573803710938e+08 -2.357287619866355463e-17
9.686545573806152344e+08 -2.299791624307286457e-17
9.686545573808593750e+08 -2.238668303300610849e-17
9.686545573811035156e+08 -2.178226816623388392e-17
9.686545573813476562e+08 -2.112496420948262691e-17
9.686545573815917969e+08 -2.045982358273384551e-17
9.686545573818359375e+08 -1.977888875574265862e-17
9.686545573820800781e+08 -1.906224422136046851e-17
9.686545573823242188e+08 -1.835306490707120079e-17
9.686545573825683594e+08 -1.762523091418461644e-17
9.686545573828125000e+08 -1.689209325128290071e-17
9.686545573830566406e+08 -1.614816634927253200e-17
9.686545573833007812e+08 -1.538293710659781006e-17
9.686545573835449219e+08 -1.460693054775709397e-17
9.686545573837890625e+08 -1.379945354225202333e-17
9.686545573840332031e+08 -1.298716100443971254e-17
9.686545573842773438e+08 -1.214624467075771128e-17
9.686545573845214844e+08 -1.129355027125890753e-17
9.686545573847656250e+08 -1.042466206920013869e-17
9.686545573850097656e+08 -9.536353876534233874e-18
9.686545573852539062e+08 -8.658415739549623425e-18
9.686545573854980469e+08 -7.777801381488697797e-18
9.686545573857421875e+08 -6.884957845676566731e-18
9.686545573859863281e+08 -5.991560113095438911e-18
9.686545573862304688e+08 -5.082680115315220724e-18
9.686545573864746094e+08 -4.173289033682026376e-18
9.686545573867187500e+08 -3.239345410998273199e-18
9.686545573869628906e+08 -2.296137758460480937e-18
9.686545573872070312e+08 -1.360300233080198792e-18
9.686545573874511719e+08 -3.962892331408996683e-19
9.686545573876953125e+08 5.685132088400104201e-19
9.686545573879394531e+08 1.532020262134049046e-18
9.686545573881835938e+08 2.498442029790434639e-18
9.686545573884277344e+08 3.443962472401918611e-18
9.686545573886718750e+08 4.392102361310658773e-18
9.686545573889160156e+08 5.341849458299064634e-18
9.686545573891601562e+08 6.281630767432880532e-18
9.686545573894042969e+08 7.229031969019870315e-18
9.686545573896484375e+08 8.191962082614694822e-18
9.686545573898925781e+08 9.134655032838794232e-18
9.686545573901367188e+08 1.009113116446467712e-17
9.686545573903808594e+08 1.103842489203763499e-17
9.686545573906250000e+08 1.198706048618979575e-17
9.686545573908691406e+08 1.293447521216653466e-17
9.686545573911132812e+08 1.384965350773434508e-17
9.686545573913574219e+08 1.475171353489706193e-17
9.686545573916015625e+08 1.564107368643288339e-17
9.686545573918457031e+08 1.651808246823436942e-17
9.686545573920898438e+08 1.738794131709866127e-17
9.686545573923339844e+08 1.824996254393547385e-17
9.686545573925781250e+08 1.910774721128740996e-17
9.686545573928222656e+08 1.993881382602022164e-17
9.686545573930664062e+08 2.077401734884006387e-17
9.686545573933105469e+08 2.160742931521461900e-17
9.686545573935546875e+08 2.240235290115602761e-17
9.686545573937988281e+08 2.319031879844088390e-17
9.686545573940429688e+08 2.394813249603554256e-17
9.686545573942871094e+08 2.467658087344017162e-17
9.686545573945312500e+08 2.538786933654985603e-17
9.686545573947753906e+08 2.606885211820703832e-17
9.686545573950195312e+08 2.673377814690332962e-17
9.686545573952636719e+08 2.739616311334342414e-17
9.686545573955078125e+08 2.802280485622847678e-17
9.686545573957519531e+08 2.863660465251534057e-17
9.686545573959960938e+08 2.923123348750223416e-17
9.686545573962402344e+08 2.980994359687859329e-17
9.686545573964843750e+08 3.035664033142694517e-17
9.686545573967285156e+08 3.087757133957885536e-17
9.686545573969726562e+08 3.135895622070495643e-17
9.686545573972167969e+08 3.179846981165316488e-17
9.686545573974609375e+08 3.222226976688079337e-17
9.686545573977050781e+08 3.261404146308665882e-17
9.686545573979492188e+08 3.297445247696396325e-17
9.686545573981933594e+08 3.331892879998322552e-17
9.686545573984375000e+08 3.363328848795346980e-17
9.686545573986816406e+08 3.392366654821446611e-17
9.686545573989257812e+08 3.419594788189053699e-17
9.686545573991699219e+08 3.442635923853439274e-17
9.686545573994140625e+08 3.463616693073436075e-17
9.686545573996582031e+08 3.481367616094292507e-17
9.686545573999023438e+08 3.493503952894718556e-17
9.686545574001464844e+08 3.502672303741199475e-17
9.686545574003906250e+08 3.509637556960413389e-17
9.686545574006347656e+08 3.511449859003907130e-17
9.686545574008789062e+08 3.512826748186484680e-17
9.686545574011230469e+08 3.510634763700905087e-17
9.686545574013671875e+08 3.504366367180297157e-17
9.686545574016113281e+08 3.497868667523327033e-17
9.686545574018554688e+08 3.486523807546373293e-17
9.686545574020996094e+08 3.473720782978245916e-17
9.686545574023437500e+08 3.457106699660510786e-17
9.686545574025878906e+08 3.437094989187344234e-17
9.686545574028320312e+08 3.412717485413351996e-17
9.686545574030761719e+08 3.384505150006443398e-17
9.686545574033203125e+08 3.354567847279634186e-17
9.686545574035644531e+08 3.320485570248925505e-17
9.686545574038085938e+08 3.284420333489932301e-17
9.686545574040527344e+08 3.245948925613672614e-17
9.686545574042968750e+08 3.204996297407898828e-17
9.686545574045410156e+08 3.161225468734885743e-17
9.686545574047851562e+08 3.115512953026227761e-17
9.686545574050292969e+08 3.067592138683753311e-17
9.686545574052734375e+08 3.016847174169534122e-17
9.686545574055175781e+08 2.963257345753256102e-17
9.686545574057617188e+08 2.904349571146299973e-17
9.686545574060058594e+08 2.844711154739609435e-17
9.686545574062500000e+08 2.782490970878919141e-17
9.686545574064941406e+08 2.716844257724512066e-17
9.686545574067382812e+08 2.650401995401257966e-17
9.686545574069824219e+08 2.581684934303015147e-17
9.686545574072265625e+08 2.512384013891575306e-17
9.686545574074707031e+08 2.439971130343609646e-17
9.686545574077148438e+08 2.367149390279546129e-17
9.686545574079589844e+08 2.292765936275307592e-17
9.686545574082031250e+08 2.216874000888142466e-17
9.686545574084472656e+08 2.137183664520618503e-17
9.686545574086914062e+08 2.054701283955180705e-17
9.686545574089355469e+08 1.972953353415815586e-17
9.686545574091796875e+08 1.887101678346378608e-17
9.686545574094238281e+08 1.801746497455763496e-17
9.686545574096679688e+08 1.715499137415536048e-17
9.686545574099121094e+08 1.627738359207416903e-17
9.686545574101562500e+08 1.540133879150878906e-17
9.686545574104003906e+08 1.452486575743049792e-17
9.686545574106445312e+08 1.363593251376911442e-17
9.686545574108886719e+08 1.274569433170435467e-17
9.686545574111328125e+08 1.184095087091849869e-17
9.686545574113769531e+08 1.092356779466494790e-17
9.686545574116210938e+08 9.993737873201378671e-18
9.686545574118652344e+08 9.064288543154681094e-18
9.686545574121093750e+08 8.119906759533293526e-18
9.686545574123535156e+08 7.194158914098090084e-18
9.686545574125976562e+08 6.265823470505801441e-18
9.686545574128417969e+08 5.331089210012506993e-18
9.686545574130859375e+08 4.416859658694570237e-18
9.686545574133300781e+08 3.499533969082989697e-18
9.686545574135742188e+08 2.593577011689948209e-18
9.686545574138183594e+08 1.686567566531367045e-18
9.686545574140625000e+08 7.837673086651603172e-19
9.686545574143066406e+08 -1.250537244012188013e-19
9.686545574145507812e+08 -1.034648623460748656e-18
9.686545574147949219e+08 -1.929550304910629820e-18
9.686545574150390625e+08 -2.819111736748944017e-18
9.686545574152832031e+08 -3.709587378567395882e-18
9.686545574155273438e+08 -4.574304818548888793e-18
9.686545574157714844e+08 -5.426273890230944651e-18
9.686545574160156250e+08 -6.267258012758596643e-18
9.686545574162597656e+08 -7.083086637624189855e-18
9.686545574165039062e+08 -7.892439745736112757e-18
9.686545574167480469e+08 -8.686563340473934422e-18
9.686545574169921875e+08 -9.475263986191772364e-18
9.686545574172363281e+08 -1.025771193233368789e-17
9.686545574174804688e+08 -1.102764130450436290e-17
9.686545574177246094e+08 -1.178194606406269264e-17
9.686545574179687500e+08 -1.251522078740357610e-17
9.686545574182128906e+08 -1.324262637945533382e-17
9.686545574184570312e+08 -1.393377181434766915e-17
9.686545574187011719e+08 -1.461547533836512088e-17
9.686545574189453125e+08 -1.527450703323874161e-17
9.686545574191894531e+08 -1.590915905277843538e-17
9.686545574194335938e+08 -1.650685494940649056e-17
9.686545574196777344e+08 -1.711270946701237362e-17
9.686545574199218750e+08 -1.769448971080619559e-17
9.686545574201660156e+08 -1.826092863586891912e-17
9.686545574204101562e+08 -1.881490385928026259e-17
9.686545574206542969e+08 -1.934666693347860582e-17
9.686545574208984375e+08 -1.986368206632540308e-17
9.686545574211425781e+08 -2.034415782915539732e-17
9.686545574213867188e+08 -2.081494476979412036e-17
9.686545574216308594e+08 -2.125292565655366313e-17
9.686545574218750000e+08 -2.167052983303280652e-17
9.686545574221191406e+08 -2.204768632669973436e-17
9.686545574223632812e+08 -2.242103208557318827e-17
9.686545574226074219e+08 -2.276261284726697684e-17
9.686545574228515625e+08 -2.309095855138266545e-17
9.686545574230957031e+08 -2.341382608553430574e-17
9.686545574233398438e+08 -2.369759245507643370e-17
9.686545574235839844e+08 -2.398817652478987680e-17
9.686545574238281250e+08 -2.422722169921339048e-17
9.686545574240722656e+08 -2.445851009835773012e-17
9.686545574243164062e+08 -2.465908412119919368e-17
9.686545574245605469e+08 -2.484256590077666730e-17
9.686545574248046875e+08 -2.498387871572539803e-17
9.686545574250488281e+08 -2.510546595265504351e-17
9.686545574252929688e+08 -2.520662505581658492e-17
9.686545574255371094e+08 -2.529179268555619909e-17
9.686545574257812500e+08 -2.537005511700818736e-17
9.686545574260253906e+08 -2.542063339114901564e-17
9.686545574262695312e+08 -2.545894625019941265e-17
9.686545574265136719e+08 -2.547534522377352592e-17
9.686545574267578125e+08 -2.546408611709203611e-17
9.686545574270019531e+08 -2.543316876995955894e-17
9.686545574272460938e+08 -2.538892133712588268e-17
9.686545574274902344e+08 -2.530738255876218251e-17
9.686545574277343750e+08 -2.520208416362915687e-17
9.686545574279785156e+08 -2.507664824363532330e-17
9.686545574282226562e+08 -2.494085729622061691e-17
9.686545574284667969e+08 -2.478377737472253115e-17
9.686545574287109375e+08 -2.461684746630325231e-17
9.686545574289550781e+08 -2.442877175991823423e-17
9.686545574291992188e+08 -2.423449901647489208e-17
9.686545574294433594e+08 -2.402156091796977867e-17
9.686545574296875000e+08 -2.377489661738206272e-17
9.686545574299316406e+08 -2.352331681232760060e-17
9.686545574301757812e+08 -2.325143779931385592e-17
9.686545574304199219e+08 -2.295116934907371133e-17
9.686545574306640625e+08 -2.263032777040727579e-17
9.686545574309082031e+08 -2.229467238420545970e-17
9.686545574311523438e+08 -2.194366470640150942e-17
9.686545574313964844e+08 -2.159042819652080734e-17
9.686545574316406250e+08 -2.122536674009250329e-17
9.686545574318847656e+08 -2.084251669164315532e-17
9.686545574321289062e+08 -2.044935144991897724e-17
9.686545574323730469e+08 -2.004522651120880328e-17
9.686545574326171875e+08 -1.962026247690662789e-17
9.686545574328613281e+08 -1.918273285661460470e-17
9.686545574331054688e+08 -1.873054287876385903e-17
9.686545574333496094e+08 -1.826048339596556653e-17
9.686545574335937500e+08 -1.777314763403365902e-17
9.686545574338378906e+08 -1.726599179057872707e-17
9.686545574340820312e+08 -1.676810444247636245e-17
9.686545574343261719e+08 -1.624740942465787894e-17
9.686545574345703125e+08 -1.573290614621169010e-17
9.686545574348144531e+08 -1.520595947720118755e-17
9.686545574350585938e+08 -1.466595675295725573e-17
9.686545574353027344e+08 -1.412606138895593324e-17
9.686545574355468750e+08 -1.356187560847391562e-17
9.686545574357910156e+08 -1.300079376615626631e-17
9.686545574360351562e+08 -1.242063839785259124e-17
9.686545574362792969e+08 -1.182637319055343597e-17
9.686545574365234375e+08 -1.122771502466549993e-17
9.686545574367675781e+08 -1.060369154305408106e-17
9.686545574370117188e+08 -1.000006919437276263e-17
9.686545574372558594e+08 -9.391050171710628127e-18
9.686545574375000000e+08 -8.767174977302694236e-18
9.686545574377441406e+08 -8.155397826728062612e-18
9.686545574379882812e+08 -7.525409733231488314e-18
9.686545574382324219e+08 -6.908155647879487151e-18
9.686545574384765625e+08 -6.267771582450774926e-18
9.686545574387207031e+08 -5.629418693143045896e-18
9.686545574389648438e+08 -4.975535878293194835e-18
9.686545574392089844e+08 -4.328618137064941950e-18
9.686545574394531250e+08 -3.661578872166524816e-18
9.686545574396972656e+08 -2.996194981876674922e-18
9.686545574399414062e+08 -2.345283820258136985e-18
9.686545574401855469e+08 -1.684721783653997359e-18
9.686545574404296875e+08 -1.032440877625698360e-18
9.686545574406738281e+08 -3.812247707761584921e-19
9.686545574409179688e+08 2.644722217766429176e-19
9.686545574411621094e+08 9.181593764668741900e-19
9.686545574414062500e+08 1.572966395102605883e-18
9.686545574416503906e+08 2.220181224440517099e-18
9.686545574418945312e+08 2.878093623949785348e-18
9.686545574421386719e+08 3.536989488205649951e-18
9.686545574423828125e+08 4.200771805383007856e-18
9.686545574426269531e+08 4.845337646634733988e-18
9.686545574428710938e+08 5.479649391208808291e-18
9.686545574431152344e+08 6.116416303586869296e-18
9.686545574433593750e+08 6.744432691252532206e-18
9.686545574436035156e+08 7.361539466357979431e-18
9.686545574438476562e+08 7.965815374717211489e-18
9.686545574440917969e+08 8.582631674058662895e-18
9.686545574443359375e+08 9.182102573291559258e-18
9.686545574445800781e+08 9.779730601018649592e-18
9.686545574448242188e+08 1.037191977357408534e-17
9.686545574450683594e+08 1.095883632610521892e-17
9.686545574453125000e+08 1.155390828501066004e-17
9.686545574455566406e+08 1.211545706569140982e-17
9.686545574458007812e+08 1.266947104563473648e-17
9.686545574460449219e+08 1.321485991650062621e-17
9.686545574462890625e+08 1.373608377636672077e-17
9.686545574465332031e+08 1.425989532169122176e-17
9.686545574467773438e+08 1.476298089788178863e-17
9.686545574470214844e+08 1.525818092102369222e-17
9.686545574472656250e+08 1.573436746972825905e-17
9.686545574475097656e+08 1.621549027931927458e-17
9.686545574477539062e+08 1.667082502149934475e-17
9.686545574479980469e+08 1.713321127123967480e-17
9.686545574482421875e+08 1.757108479107885753e-17
9.686545574484863281e+08 1.799155602142109779e-17
9.686545574487304688e+08 1.839292919123969420e-17
9.686545574489746094e+08 1.877381236447111908e-17
9.686545574492187500e+08 1.914058034479656803e-17
9.686545574494628906e+08 1.948454005510128128e-17
9.686545574497070312e+08 1.982092580854189467e-17
9.686545574499511719e+08 2.013224392378302491e-17
9.686545574501953125e+08 2.043018832592292797e-17
9.686545574504394531e+08 2.072441284401476635e-17
9.686545574506835938e+08 2.099069308882506220e-17
9.686545574509277344e+08 2.124762660592829576e-17
9.686545574511718750e+08 2.149795034487304928e-17
9.686545574514160156e+08 2.170068279858933814e-17
9.686545574516601562e+08 2.190021678669822599e-17
9.686545574519042969e+08 2.206160102065516190e-17
9.686545574521484375e+08 2.221037693044566921e-17
9.686545574523925781e+08 2.235060264045029765e-17
9.686545574526367188e+08 2.244252769044588940e-17
9.686545574528808594e+08 2.254832257056641620e-17
9.686545574531250000e+08 2.261673267650923099e-17
9.686545574533691406e+08 2.267169435749703498e-17
9.686545574536132812e+08 2.271300348053474608e-17
9.686545574538574219e+08 2.273899107142743712e-17
9.686545574541015625e+08 2.274622092646266424e-17
9.686545574543457031e+08 2.271035172315901289e-17
9.686545574545898438e+08 2.266201040786085862e-17
9.686545574548339844e+08 2.259366821092543203e-17
9.686545574550781250e+08 2.249792565781672720e-17
9.686545574553222656e+08 2.238521232447754049e-17
9.686545574555664062e+08 2.225474078278105681e-17
9.686545574558105469e+08 2.211001332063612801e-17
9.686545574560546875e+08 2.193435153225766330e-17
9.686545574562988281e+08 2.175953744565649836e-17
9.686545574565429688e+08 2.155524975378114194e-17
9.686545574567871094e+08 2.134550301748081354e-17
9.686545574570312500e+08 2.111212239570368834e-17
9.686545574572753906e+08 2.084284428194384394e-17
9.686545574575195312e+08 2.056225731359485084e-17
9.686545574577636719e+08 2.026559315184620226e-17
9.686545574580078125e+08 1.994141029643815924e-17
9.686545574582519531e+08 1.960989958990371192e-17
9.686545574584960938e+08 1.926012386573313633e-17
9.686545574587402344e+08 1.888988912244669763e-17
9.686545574589843750e+08 1.851206169452631515e-17
9.686545574592285156e+08 1.812266316951052783e-17
9.686545574594726562e+08 1.771744129732046821e-17
9.686545574597167969e+08 1.730694698255744887e-17
9.686545574599609375e+08 1.687124557958879163e-17
9.686545574602050781e+08 1.641698366443495199e-17
9.686545574604492188e+08 1.594931306644761849e-17
9.686545574606933594e+08 1.546813084046918033e-17
9.686545574609375000e+08 1.497957620936092572e-17
9.686545574611816406e+08 1.447247340497751975e-17
9.686545574614257812e+08 1.396845441576014386e-17
9.686545574616699219e+08 1.344510880799709167e-17
9.686545574619140625e+08 1.291816342295549876e-17
9.686545574621582031e+08 1.238716749392687528e-17
9.686545574624023438e+08 1.185466299165725834e-17
9.686545574626464844e+08 1.131408465623383256e-17
9.686545574628906250e+08 1.076079650520267474e-17
9.686545574631347656e+08 1.019285464304398208e-17
9.686545574633789062e+08 9.621067122675877537e-18
9.686545574636230469e+08 9.050832524163117621e-18
9.686545574638671875e+08 8.473688463402052521e-18
9.686545574641113281e+08 7.889154429693826694e-18
9.686545574643554688e+08 7.303689916785245726e-18
9.686545574645996094e+08 6.723742980517503471e-18
9.686545574648437500e+08 6.143730848338282549e-18
9.686545574650878906e+08 5.568144917823811810e-18
9.686545574653320312e+08 4.997115308293904306e-18
9.686545574655761719e+08 4.427566534766907021e-18
9.686545574658203125e+08 3.848373648698038183e-18
9.686545574660644531e+08 3.271811957810493232e-18
9.686545574663085938e+08 2.692173598446889721e-18
9.686545574665527344e+08 2.127940637553589305e-18
9.686545574667968750e+08 1.550677337129091959e-18
9.686545574670410156e+08 9.940619094655926598e-19
9.686545574672851562e+08 4.438301514199616036e-19
9.686545574675292969e+08 -1.024811767451748996e-19
9.686545574677734375e+08 -6.384650840991885047e-19
9.686545574680175781e+08 -1.152591227768105081e-18
9.686545574682617188e+08 -1.665941791729915051e-18
9.686545574685058594e+08 -2.169639764491980576e-18
9.686545574687500000e+08 -2.672857231065385689e-18
9.686545574689941406e+08 -3.174770459770459650e-18
9.686545574692382812e+08 -3.651764555581085272e-18
9.686545574694824219e+08 -4.123961653678577745e-18
9.686545574697265625e+08 -4.590778696694944000e-18
9.686545574699707031e+08 -5.040152902775071451e-18
9.686545574702148438e+08 -5.471016594877912731e-18
9.686545574704589844e+08 -5.895720830346211613e-18
9.686545574707031250e+08 -6.297832966317322400e-18
9.686545574709472656e+08 -6.686549018757459658e-18
9.686545574711914062e+08 -7.048742754707076424e-18
9.686545574714355469e+08 -7.411778660606534989e-18
9.686545574716796875e+08 -7.768964706764885635e-18
9.686545574719238281e+08 -8.113602149334010479e-18
9.686545574721679688e+08 -8.430504373413898774e-18
9.686545574724121094e+08 -8.741207817384609282e-18
9.686545574726562500e+08 -9.042471679313245521e-18
9.686545574729003906e+08 -9.304468143463474015e-18
9.686545574731445312e+08 -9.566476871883901030e-18
9.686545574733886719e+08 -9.808843962000565424e-18
9.686545574736328125e+08 -1.003266330167547876e-17
9.686545574738769531e+08 -1.022484268089140439e-17
9.686545574741210938e+08 -1.041485524687050312e-17
9.686545574743652344e+08 -1.058108794041949861e-17
9.686545574746093750e+08 -1.075360354719565299e-17
9.686545574748535156e+08 -1.090011745082378185e-17
9.686545574750976562e+08 -1.101988098750747798e-17
9.686545574753417969e+08 -1.114146120458128065e-17
9.686545574755859375e+08 -1.123812957670020373e-17
9.686545574758300781e+08 -1.130661617861698101e-17
9.686545574760742188e+08 -1.137299098162624549e-17
9.686545574763183594e+08 -1.142390802520263959e-17
9.686545574765625000e+08 -1.144720915327674824e-17
9.686545574768066406e+08 -1.145537021151945383e-17
9.686545574770507812e+08 -1.144378566078258603e-17
9.686545574772949219e+08 -1.142579066963316901e-17
9.686545574775390625e+08 -1.140318946472670943e-17
9.686545574777832031e+08 -1.136371419622452790e-17
9.686545574780273438e+08 -1.130510355695858218e-17
9.686545574782714844e+08 -1.123822642709384279e-17
9.686545574785156250e+08 -1.114629933179521670e-17
9.686545574787597656e+08 -1.104719495075695437e-17
9.686545574790039062e+08 -1.094020044701281726e-17
9.686545574792480469e+08 -1.080640989142459571e-17
9.686545574794921875e+08 -1.066127935934764484e-17
9.686545574797363281e+08 -1.050330835517264882e-17
9.686545574799804688e+08 -1.032737600495998798e-17
9.686545574802246094e+08 -1.015817786299401871e-17
9.686545574804687500e+08 -9.983538633643529576e-18
9.686545574807128906e+08 -9.788790538086864596e-18
9.686545574809570312e+08 -9.595272491486827691e-18
9.686545574812011719e+08 -9.374183402906571587e-18
9.686545574814453125e+08 -9.157251161141167764e-18
9.686545574816894531e+08 -8.924266139659736671e-18
9.686545574819335938e+08 -8.681076462450112182e-18
9.686545574821777344e+08 -8.434835355387130874e-18
9.686545574824218750e+08 -8.166467090525424610e-18
9.686545574826660156e+08 -7.897833675839440293e-18
9.686545574829101562e+08 -7.611318157214998118e-18
9.686545574831542969e+08 -7.351312055881750050e-18
9.686545574833984375e+08 -7.077541922537911841e-18
9.686545574836425781e+08 -6.790139815120849091e-18
9.686545574838867188e+08 -6.503291756789479754e-18
9.686545574841308594e+08 -6.213695325225682631e-18
9.686545574843750000e+08 -5.910332342370666313e-18
9.686545574846191406e+08 -5.601416710602717928e-18
9.686545574848632812e+08 -5.294323780201044385e-18
9.686545574851074219e+08 -4.981951929121470594e-18
9.686545574853515625e+08 -4.661316415436003408e-18
9.686545574855957031e+08 -4.330737430184411457e-18
9.686545574858398438e+08 -4.011684377018850404e-18
9.686545574860839844e+08 -3.704451791918474480e-18
9.686545574863281250e+08 -3.394382035714936140e-18
9.686545574865722656e+08 -3.071137785901007253e-18
9.686545574868164062e+08 -2.762718980607346769e-18
9.686545574870605469e+08 -2.438565113048669222e-18
9.686545574873046875e+08 -2.118893575168251517e-18
9.686545574875488281e+08 -1.787317598680900607e-18
9.686545574877929688e+08 -1.480312729303131815e-18
9.686545574880371094e+08 -1.152684451222966942e-18
9.686545574882812500e+08 -8.269304534109689086e-19
9.686545574885253906e+08 -5.056790700059158409e-19
9.686545574887695312e+08 -1.900275288409184072e-19
9.686545574890136719e+08 1.141184141365509093e-19
9.686545574892578125e+08 4.073696265307368176e-19
9.686545574895019531e+08 7.214480240296832166e-19
9.686545574897460938e+08 1.013465305201287232e-18
9.686545574899902344e+08 1.316759530352040327e-18
9.686545574902343750e+08 1.621593207415122941e-18
9.686545574904785156e+08 1.916471696417601474e-18
9.686545574907226562e+08 2.205215067622069319e-18
9.686545574909667969e+08 2.498676234262197671e-18
9.686545574912109375e+08 2.793302134314899151e-18
9.686545574914550781e+08 3.080522171072656268e-18
9.686545574916992188e+08 3.358584521292247001e-18
9.686545574919433594e+08 3.621509808678549268e-18
9.686545574921875000e+08 3.882520209876219855e-18
9.686545574924316406e+08 4.145425104653066067e-18
9.686545574926757812e+08 4.403753732326406757e-18
9.686545574929199219e+08 4.658165670573430896e-18
9.686545574931640625e+08 4.913030458548429854e-18
9.686545574934082031e+08 5.156910594831430136e-18
9.686545574936523438e+08 5.404236623052984337e-18
9.686545574938964844e+08 5.640642891361006297e-18
9.686545574941406250e+08 5.889666313429034633e-18
9.686545574943847656e+08 6.125528015310925502e-18
9.686545574946289062e+08 6.349149814453029346e-18
9.686545574948730469e+08 6.548380792010250087e-18
9.686545574951171875e+08 6.753884919328588155e-18
9.686545574953613281e+08 6.965382788651821117e-18
9.686545574956054688e+08 7.164830140604559957e-18
9.686545574958496094e+08 7.366872712834942639e-18
9.686545574960937500e+08 7.563794528669458003e-18
9.686545574963378906e+08 7.740489291747556794e-18
9.686545574965820312e+08 7.940517805502186041e-18
9.686545574968261719e+08 8.121087917688591026e-18
9.686545574970703125e+08 8.300333119148164183e-18
9.686545574973144531e+08 8.480337798742258478e-18
9.686545574975585938e+08 8.635119108791170685e-18
9.686545574978027344e+08 8.776117245348673018e-18
9.686545574980468750e+08 8.916207018810835131e-18
9.686545574982910156e+08 9.072758168150398589e-18
9.686545574985351562e+08 9.194925652529594200e-18
9.686545574987792969e+08 9.336276340892887651e-18
9.686545574990234375e+08 9.463269426610309971e-18
9.686545574992675781e+08 9.588476229149454767e-18
9.686545574995117188e+08 9.703249745310677294e-18
9.686545574997558594e+08 9.829877499165791712e-18
9.686545575000000000e+08 9.941991380151840372e-18
9.686545575002441406e+08 1.003908209803102085e-17
9.686545575004882812e+08 1.013383877579183803e-17
9.686545575007324219e+08 1.018306304494872634e-17
9.686545575009765625e+08 1.027235594885768148e-17
9.686545575012207031e+08 1.033627272914107866e-17
9.686545575014648438e+08 1.039356655916244330e-17
9.686545575017089844e+08 1.046506719849556355e-17
9.686545575019531250e+08 1.052022658729116219e-17
9.686545575021972656e+08 1.055731144083705434e-17
9.686545575024414062e+08 1.059757192271796986e-17
9.686545575026855469e+08 1.064254738934118925e-17
9.686545575029296875e+08 1.067355205473804161e-17
9.686545575031738281e+08 1.068366569601618730e-17
9.686545575034179688e+08 1.067934803787876445e-17
9.686545575036621094e+08 1.066874968261516335e-17
9.686545575039062500e+08 1.064804597375485784e-17
9.686545575041503906e+08 1.063226638422469376e-17
9.686545575043945312e+08 1.059934126530323345e-17
9.686545575046386719e+08 1.057550257866078447e-17
9.686545575048828125e+08 1.053182517842277517e-17
9.686545575051269531e+08 1.047343851116286767e-17
9.686545575053710938e+08 1.043064152464907867e-17
9.686545575056152344e+08 1.036186370379883642e-17
9.686545575058593750e+08 1.028897834657078810e-17
9.686545575061035156e+08 1.021072739707177599e-17
9.686545575063476562e+08 1.009129670496522441e-17
9.686545575065917969e+08 9.978906295494861556e-18
9.686545575068359375e+08 9.860326064520669437e-18
9.686545575070800781e+08 9.729588394911721612e-18
9.686545575073242188e+08 9.601210155969999730e-18
9.686545575075683594e+08 9.460370062390881256e-18
9.686545575078125000e+08 9.307913669867786786e-18
9.686545575080566406e+08 9.146639305582060884e-18
9.686545575083007812e+08 8.976193448522081351e-18
9.686545575085449219e+08 8.810926133868727517e-18
9.686545575087890625e+08 8.623620628075057073e-18
9.686545575090332031e+08 8.425141590524713698e-18
9.686545575092773438e+08 8.190361411768877031e-18
9.686545575095214844e+08 7.957328544975868336e-18
9.686545575097656250e+08 7.730628103750224850e-18
9.686545575100097656e+08 7.482318209142905961e-18
9.686545575102539062e+08 7.230869591718789042e-18
9.686545575104980469e+08 6.983673105329198162e-18
9.686545575107421875e+08 6.714414786578512970e-18
9.686545575109863281e+08 6.435186315033936868e-18
9.686545575112304688e+08 6.149473002281995476e-18
9.686545575114746094e+08 5.875573616846751734e-18
9.686545575117187500e+08 5.576200272198122081e-18
9.686545575119628906e+08 5.249109845477277029e-18
9.686545575122070312e+08 4.919582050975597666e-18
9.686545575124511719e+08 4.569283883704785035e-18
9.686545575126953125e+08 4.231750211967945048e-18
9.686545575129394531e+08 3.884371214324916196e-18
9.686545575131835938e+08 3.536303098466696990e-18
9.686545575134277344e+08 3.181590732188552647e-18
9.686545575136718750e+08 2.801133881685577964e-18
9.686545575139160156e+08 2.443246405780734796e-18
9.686545575141601562e+08 2.065942715834040003e-18
9.686545575144042969e+08 1.687135143755538238e-18
9.686545575146484375e+08 1.296780755622899291e-18
9.686545575148925781e+08 8.950333965704260993e-19
9.686545575151367188e+08 4.612791029230289227e-19
9.686545575153808594e+08 4.478613394142417876e-20
9.686545575156250000e+08 -3.633715114238324577e-19
9.686545575158691406e+08 -7.921801288180443978e-19
9.686545575161132812e+08 -1.195266610795755544e-18
9.686545575163574219e+08 -1.628735774040339954e-18
9.686545575166015625e+08 -2.044049200640774691e-18
9.686545575168457031e+08 -2.471725265795704826e-18
9.686545575170898438e+08 -2.895645640671800878e-18
9.686545575173339844e+08 -3.315250014363519024e-18
9.686545575175781250e+08 -3.749499650883512715e-18
9.686545575178222656e+08 -4.187357589263070881e-18
9.686545575180664062e+08 -4.642794682791065705e-18
9.686545575183105469e+08 -5.072166060754803911e-18
9.686545575185546875e+08 -5.515197602572509914e-18
9.686545575187988281e+08 -5.932428242123350004e-18
9.686545575190429688e+08 -6.358490645549317998e-18
9.686545575192871094e+08 -6.776654068108339690e-18
9.686545575195312500e+08 -7.195437835542764540e-18
9.686545575197753906e+08 -7.599402878509263651e-18
9.686545575200195312e+08 -8.005285112147203882e-18
9.686545575202636719e+08 -8.402841683240660372e-18
9.686545575205078125e+08 -8.799612946574041179e-18
9.686545575207519531e+08 -9.208817393813522600e-18
9.686545575209960938e+08 -9.606171471098461238e-18
9.686545575212402344e+08 -9.993350313167022730e-18
9.686545575214843750e+08 -1.037791723900576779e-17
9.686545575217285156e+08 -1.072959997710242658e-17
9.686545575219726562e+08 -1.107147399513324780e-17
9.686545575222167969e+08 -1.142335355667336286e-17
9.686545575224609375e+08 -1.175046521379108994e-17
9.686545575227050781e+08 -1.206507883049626946e-17
9.686545575229492188e+08 -1.236869918677415457e-17
9.686545575231933594e+08 -1.266975129640723384e-17
9.686545575234375000e+08 -1.294957518450330049e-17
9.686545575236816406e+08 -1.324109080119450035e-17
9.686545575239257812e+08 -1.352612572148293110e-17
9.686545575241699219e+08 -1.377402929194355793e-17
9.686545575244140625e+08 -1.401990491976037467e-17
9.686545575246582031e+08 -1.422893409454723379e-17
9.686545575249023438e+08 -1.443832603724739352e-17
9.686545575251464844e+08 -1.462517022027691909e-17
9.686545575253906250e+08 -1.479581044977214278e-17
9.686545575256347656e+08 -1.494540272661720947e-17
9.686545575258789062e+08 -1.509176451920558726e-17
9.686545575261230469e+08 -1.520573716828487537e-17
9.686545575263671875e+08 -1.532519317412752429e-17
9.686545575266113281e+08 -1.543850386779757838e-17
9.686545575268554688e+08 -1.552942071303267013e-17
9.686545575270996094e+08 -1.560150389046185246e-17
9.686545575273437500e+08 -1.564839666597532069e-17
9.686545575275878906e+08 -1.566524111450345512e-17
9.686545575278320312e+08 -1.567343559609666170e-17
9.686545575280761719e+08 -1.566033388972881811e-17
9.686545575283203125e+08 -1.562507767228175781e-17
9.686545575285644531e+08 -1.557703265594892929e-17
9.686545575288085938e+08 -1.550301300001266151e-17
9.686545575290527344e+08 -1.542307381484299910e-17
9.686545575292968750e+08 -1.533264179876508893e-17
9.686545575295410156e+08 -1.523868148574237242e-17
9.686545575297851562e+08 -1.511877886956288726e-17
9.686545575300292969e+08 -1.496940303160776438e-17
9.686545575302734375e+08 -1.480351449541630492e-17
9.686545575305175781e+08 -1.461291242368258959e-17
9.686545575307617188e+08 -1.440196774835737517e-17
9.686545575310058594e+08 -1.417889719941734156e-17
9.686545575312500000e+08 -1.394281132758032597e-17
9.686545575314941406e+08 -1.368178891332466440e-17
9.686545575317382812e+08 -1.340717915366979007e-17
9.686545575319824219e+08 -1.312806760197880711e-17
9.686545575322265625e+08 -1.282523259003386807e-17
9.686545575324707031e+08 -1.253933847247093424e-17
9.686545575327148438e+08 -1.221898192352214367e-17
9.686545575329589844e+08 -1.187825594593940155e-17
9.686545575332031250e+08 -1.151827540836650601e-17
9.686545575334472656e+08 -1.114330870040694785e-17
9.686545575336914062e+08 -1.075299828871057346e-17
9.686545575339355469e+08 -1.035264057680171756e-17
9.686545575341796875e+08 -9.932587775269039064e-18
9.686545575344238281e+08 -9.510313521332083585e-18
9.686545575346679688e+08 -9.072159147182575561e-18
9.686545575349121094e+08 -8.622438995795259555e-18
9.686545575351562500e+08 -8.178842004503791283e-18
9.686545575354003906e+08 -7.730766753077653934e-18
9.686545575356445312e+08 -7.274051910511023418e-18
9.686545575358886719e+08 -6.800068787788441070e-18
9.686545575361328125e+08 -6.304116598243230928e-18
9.686545575363769531e+08 -5.799442754697819665e-18
9.686545575366210938e+08 -5.295193143633275755e-18
9.686545575368652344e+08 -4.781450504909998766e-18
9.686545575371093750e+08 -4.251842315251748123e-18
9.686545575373535156e+08 -3.727505817713273532e-18
9.686545575375976562e+08 -3.196631569004309252e-18
9.686545575378417969e+08 -2.667333025283955481e-18
9.686545575380859375e+08 -2.144389559642906538e-18
9.686545575383300781e+08 -1.630619945192382412e-18
9.686545575385742188e+08 -1.105374181266013498e-18
9.686545575388183594e+08 -5.687750844049798877e-19
9.686545575390625000e+08 -2.162251616346768851e-20
9.686545575393066406e+08 5.202665852571750350e-19
9.686545575395507812e+08 1.071913945261822086e-18
9.686545575397949219e+08 1.614171486002710458e-18
9.686545575400390625e+08 2.165777655979578098e-18
9.686545575402832031e+08 2.722013025080377296e-18
9.686545575405273438e+08 3.245425253693131755e-18
9.686545575407714844e+08 3.788420270150525390e-18
9.686545575410156250e+08 4.296123141241595522e-18
9.686545575412597656e+08 4.809225945375723564e-18
9.686545575415039062e+08 5.312911033214626033e-18
9.686545575417480469e+08 5.832086414689623868e-18
9.686545575419921875e+08 6.357238637055921030e-18
9.686545575422363281e+08 6.858022228663727192e-18
9.686545575424804688e+08 7.372992513419401241e-18
9.686545575427246094e+08 7.874356645115689668e-18
9.686545575429687500e+08 8.369353191349858425e-18
9.686545575432128906e+08 8.862004298652120567e-18
9.686545575434570312e+08 9.330940944944010939e-18
9.686545575437011719e+08 9.790879466109354558e-18
9.686545575439453125e+08 1.022526197953925988e-17
9.686545575441894531e+08 1.066342515334806568e-17
9.686545575444335938e+08 1.108588391208141878e-17
9.686545575446777344e+08 1.151564578642929558e-17
9.686545575449218750e+08 1.195265179735390537e-17
9.686545575451660156e+08 1.235559330847597530e-17
9.686545575454101562e+08 1.276875730592308361e-17
9.686545575456542969e+08 1.316555453743372577e-17
9.686545575458984375e+08 1.355359203711306687e-17
9.686545575461425781e+08 1.393079966568731180e-17
9.686545575463867188e+08 1.428542811649390143e-17
9.686545575466308594e+08 1.462348031090961608e-17
9.686545575468750000e+08 1.494142481867027357e-17
9.686545575471191406e+08 1.525651879514585185e-17
9.686545575473632812e+08 1.556036858432124047e-17
9.686545575476074219e+08 1.585175017602794506e-17
9.686545575478515625e+08 1.615770807802288937e-17
9.686545575480957031e+08 1.643793786048680668e-17
9.686545575483398438e+08 1.671118559699694201e-17
9.686545575485839844e+08 1.696539874731396030e-17
9.686545575488281250e+08 1.722055846701135468e-17
9.686545575490722656e+08 1.746137382630729525e-17
9.686545575493164062e+08 1.766333718424101230e-17
9.686545575495605469e+08 1.786742851034906941e-17
9.686545575498046875e+08 1.804276095399070747e-17
9.686545575500488281e+08 1.820822117817297345e-17
9.686545575502929688e+08 1.836686161187444475e-17
9.686545575505371094e+08 1.852422661219467814e-17
9.686545575507812500e+08 1.868181271798501210e-17
9.686545575510253906e+08 1.881341176032103433e-17
9.686545575512695312e+08 1.894513450955205047e-17
9.686545575515136719e+08 1.905975080091836126e-17
9.686545575517578125e+08 1.916891652693297334e-17
9.686545575520019531e+08 1.925462213343704011e-17
9.686545575522460938e+08 1.932839326343577432e-17
9.686545575524902344e+08 1.937173045027121432e-17
9.686545575527343750e+08 1.941608595496634696e-17
9.686545575529785156e+08 1.942993479953784223e-17
9.686545575532226562e+08 1.944406608510402551e-17
9.686545575534667969e+08 1.947410633239159029e-17
9.686545575537109375e+08 1.947782629323407463e-17
9.686545575539550781e+08 1.947792103538905589e-17
9.686545575541992188e+08 1.947062723610913438e-17
9.686545575544433594e+08 1.944620800585119370e-17
9.686545575546875000e+08 1.941207915647789253e-17
9.686545575549316406e+08 1.936572137083987450e-17
9.686545575551757812e+08 1.929089297105400468e-17
9.686545575554199219e+08 1.921703380551191886e-17
9.686545575556640625e+08 1.910367561916467190e-17
9.686545575559082031e+08 1.899295305058566895e-17
9.686545575561523438e+08 1.888349143259834067e-17
9.686545575563964844e+08 1.877254160372314331e-17
9.686545575566406250e+08 1.865876585398196593e-17
9.686545575568847656e+08 1.852529391004806856e-17
9.686545575571289062e+08 1.838860201159293647e-17
9.686545575573730469e+08 1.824200517609955953e-17
9.686545575576171875e+08 1.807772502304068478e-17
9.686545575578613281e+08 1.790806370377685997e-17
9.686545575581054688e+08 1.771290007751322982e-17
9.686545575583496094e+08 1.749906772056996729e-17
9.686545575585937500e+08 1.727424946743717751e-17
9.686545575588378906e+08 1.704489614052699423e-17
9.686545575590820312e+08 1.681739057671718563e-17
9.686545575593261719e+08 1.658670855621370214e-17
9.686545575595703125e+08 1.634751593808173300e-17
9.686545575598144531e+08 1.609863953337284068e-17
9.686545575600585938e+08 1.584625207229454803e-17
9.686545575603027344e+08 1.557795909221035010e-17
9.686545575605468750e+08 1.530279011058119687e-17
9.686545575607910156e+08 1.500828490049439515e-17
9.686545575610351562e+08 1.469006225194000971e-17
9.686545575612792969e+08 1.438093182706671359e-17
9.686545575615234375e+08 1.403064934666817794e-17
9.686545575617675781e+08 1.368672369638026309e-17
9.686545575620117188e+08 1.334403383687321408e-17
9.686545575622558594e+08 1.301263053728695218e-17
9.686545575625000000e+08 1.265715096757299272e-17
9.686545575627441406e+08 1.229947715878180165e-17
9.686545575629882812e+08 1.193520275376480561e-17
9.686545575632324219e+08 1.156479640314611830e-17
9.686545575634765625e+08 1.117556090330057497e-17
9.686545575637207031e+08 1.076892226521119044e-17
9.686545575639648438e+08 1.035364642272707741e-17
9.686545575642089844e+08 9.923842531509173360e-18
9.686545575644531250e+08 9.472013075411668173e-18
9.686545575646972656e+08 9.031224729027823142e-18
9.686545575649414062e+08 8.584503126379842774e-18
9.686545575651855469e+08 8.135879714988974297e-18
9.686545575654296875e+08 7.693822235217101160e-18
9.686545575656738281e+08 7.232054805805777232e-18
9.686545575659179688e+08 6.767416769225129412e-18
9.686545575661621094e+08 6.294795442132215908e-18
9.686545575664062500e+08 5.817064045295956657e-18
9.686545575666503906e+08 5.312938201498162080e-18
9.686545575668945312e+08 4.793911337141848712e-18
9.686545575671386719e+08 4.277390431620479859e-18
9.686545575673828125e+08 3.742192813038730131e-18
9.686545575676269531e+08 3.211156113573442952e-18
9.686545575678710938e+08 2.681790942632508110e-18
9.686545575681152344e+08 2.157534773390564641e-18
9.686545575683593750e+08 1.628498325051848586e-18
9.686545575686035156e+08 1.091325749198562645e-18
9.686545575688476562e+08 5.572844543995777594e-19
9.686545575690917969e+08 1.334313498081127125e-20
9.686545575693359375e+08 -5.431178818047598717e-19
9.686545575695800781e+08 -1.118061794937538346e-18
9.686545575698242188e+08 -1.686139532206230800e-18
9.686545575700683594e+08 -2.268921943004088126e-18
9.686545575703125000e+08 -2.857762875428693268e-18
9.686545575705566406e+08 -3.439207816721274729e-18
9.686545575708007812e+08 -4.015912377140121349e-18
9.686545575710449219e+08 -4.578070877432293608e-18
9.686545575712890625e+08 -5.154195352548914283e-18
9.686545575715332031e+08 -5.718522995878262226e-18
9.686545575717773438e+08 -6.290904595757874215e-18
9.686545575720214844e+08 -6.857836053858223336e-18
9.686545575722656250e+08 -7.434053568157061400e-18
9.686545575725097656e+08 -8.020387171203372546e-18
9.686545575727539062e+08 -8.608251184946132645e-18
9.686545575729980469e+08 -9.189268140248253408e-18
9.686545575732421875e+08 -9.787080537649907791e-18
9.686545575734863281e+08 -1.034879749949771481e-17
9.686545575737304688e+08 -1.091451381072254719e-17
9.686545575739746094e+08 -1.146124762310395314e-17
9.686545575742187500e+08 -1.200791657363608975e-17
9.686545575744628906e+08 -1.254622919802030048e-17
9.686545575747070312e+08 -1.307201182661574218e-17
9.686545575749511719e+08 -1.360658285087120178e-17
9.686545575751953125e+08 -1.413024613225542544e-17
9.686545575754394531e+08 -1.466149660866075592e-17
9.686545575756835938e+08 -1.517792499783216562e-17
9.686545575759277344e+08 -1.570604309126117192e-17
9.686545575761718750e+08 -1.621664264193041396e-17
9.686545575764160156e+08 -1.669872631722649241e-17
9.686545575766601562e+08 -1.717216057457047308e-17
9.686545575769042969e+08 -1.762768292781928073e-17
9.686545575771484375e+08 -1.806857755094187057e-17
9.686545575773925781e+08 -1.849462291571045237e-17
9.686545575776367188e+08 -1.891333473244664357e-17
9.686545575778808594e+08 -1.931706430481867266e-17
9.686545575781250000e+08 -1.971473596659332734e-17
9.686545575783691406e+08 -2.011948830920757609e-17
9.686545575786132812e+08 -2.049510592936247466e-17
9.686545575788574219e+08 -2.085942256011134957e-17
9.686545575791015625e+08 -2.122519126995840446e-17
9.686545575793457031e+08 -2.154734952309169881e-17
9.686545575795898438e+08 -2.184377916036649525e-17
9.686545575798339844e+08 -2.212586248549273787e-17
9.686545575800781250e+08 -2.239160659705401115e-17
9.686545575803222656e+08 -2.262225443006388933e-17
9.686545575805664062e+08 -2.285777216232978487e-17
9.686545575808105469e+08 -2.305972835211532741e-17
9.686545575810546875e+08 -2.326819809413298934e-17
9.686545575812988281e+08 -2.346030611744227281e-17
9.686545575815429688e+08 -2.362230799514824371e-17
9.686545575817871094e+08 -2.378201395265986040e-17
9.686545575820312500e+08 -2.392023234469762570e-17
9.686545575822753906e+08 -2.401454488912308756e-17
9.686545575825195312e+08 -2.408992986765085609e-17
9.686545575827636719e+08 -2.413166905169290316e-17
9.686545575830078125e+08 -2.416384067502792815e-17
9.686545575832519531e+08 -2.415542295951595694e-17
9.686545575834960938e+08 -2.414483576097088298e-17
9.686545575837402344e+08 -2.411647564963180973e-17
9.686545575839843750e+08 -2.407459736752465014e-17
9.686545575842285156e+08 -2.401390566200188776e-17
9.686545575844726562e+08 -2.392891031364325696e-17
9.686545575847167969e+08 -2.384094225684518699e-17
9.686545575849609375e+08 -2.371403204585476351e-17
9.686545575852050781e+08 -2.356086511475577701e-17
9.686545575854492188e+08 -2.337181061434149572e-17
9.686545575856933594e+08 -2.316260980957932054e-17
9.686545575859375000e+08 -2.294078697945964501e-17
9.686545575861816406e+08 -2.267971429844889315e-17
9.686545575864257812e+08 -2.241667263580887966e-17
9.686545575866699219e+08 -2.213815103700518372e-17
9.686545575869140625e+08 -2.183621505735308266e-17
9.686545575871582031e+08 -2.153863856546209458e-17
9.686545575874023438e+08 -2.119854157202008620e-17
9.686545575876464844e+08 -2.087216782146466634e-17
9.686545575878906250e+08 -2.050112580701334151e-17
9.686545575881347656e+08 -2.009631088885125406e-17
9.686545575883789062e+08 -1.967798018353321056e-17
9.686545575886230469e+08 -1.923787208769134642e-17
9.686545575888671875e+08 -1.877886714486633365e-17
9.686545575891113281e+08 -1.830150606408699002e-17
9.686545575893554688e+08 -1.781862910366523902e-17
9.686545575895996094e+08 -1.731603772424791984e-17
9.686545575898437500e+08 -1.681974030139403601e-17
9.686545575900878906e+08 -1.629960886782891543e-17
9.686545575903320312e+08 -1.576304070337897971e-17
9.686545575905761719e+08 -1.524045394231715866e-17
9.686545575908203125e+08 -1.467348716245837531e-17
9.686545575910644531e+08 -1.409031210006726156e-17
9.686545575913085938e+08 -1.349048992015970156e-17
9.686545575915527344e+08 -1.288213590088573434e-17
9.686545575917968750e+08 -1.225590686113021976e-17
9.686545575920410156e+08 -1.162417947428355370e-17
9.686545575922851562e+08 -1.098543936074417021e-17
9.686545575925292969e+08 -1.034581418184871831e-17
9.686545575927734375e+08 -9.702775116801277427e-18
9.686545575930175781e+08 -9.062783482227124427e-18
9.686545575932617188e+08 -8.415157474922254779e-18
9.686545575935058594e+08 -7.767028807738883408e-18
9.686545575937500000e+08 -7.098473041996821149e-18
9.686545575939941406e+08 -6.422731652124773345e-18
9.686545575942382812e+08 -5.731381041745898395e-18
9.686545575944824219e+08 -5.035134763976320942e-18
9.686545575947265625e+08 -4.339642185886195234e-18
9.686545575949707031e+08 -3.637854759022773649e-18
9.686545575952148438e+08 -2.943731526755417467e-18
9.686545575954589844e+08 -2.258402943145227562e-18
9.686545575957031250e+08 -1.587057834607813485e-18
9.686545575959472656e+08 -9.039289742805885638e-19
9.686545575961914062e+08 -2.304026817650376299e-19
9.686545575964355469e+08 4.318235465271875710e-19
9.686545575966796875e+08 1.107573265040357255e-18
9.686545575969238281e+08 1.788481447988723357e-18
9.686545575971679688e+08 2.473468795466853207e-18
9.686545575974121094e+08 3.151088906473961584e-18
9.686545575976562500e+08 3.828815273372115776e-18
9.686545575979003906e+08 4.498310611578486756e-18
9.686545575981445312e+08 5.152117523958974151e-18
9.686545575983886719e+08 5.782135820438458839e-18
9.686545575986328125e+08 6.413028588458460425e-18
9.686545575988769531e+08 7.029851459627830319e-18
9.686545575991210938e+08 7.628608641952326781e-18
9.686545575993652344e+08 8.223643582065757190e-18
9.686545575996093750e+08 8.825225684872049640e-18
9.686545575998535156e+08 9.416138627868869994e-18
9.686545576000976562e+08 1.000985851315706478e-17
9.686545576003417969e+08 1.059146780922634497e-17
9.686545576005859375e+08 1.116511310876381272e-17
9.686545576008300781e+08 1.172014667548250681e-17
9.686545576010742188e+08 1.225345825021953550e-17
9.686545576013183594e+08 1.276816507946196796e-17
9.686545576015625000e+08 1.327128561323263651e-17
9.686545576018066406e+08 1.375686979908371139e-17
9.686545576020507812e+08 1.421924505989235388e-17
9.686545576022949219e+08 1.468419764315770818e-17
9.686545576025390625e+08 1.513649997522225753e-17
9.686545576027832031e+08 1.558922784555940238e-17
9.686545576030273438e+08 1.602429711945303940e-17
9.686545576032714844e+08 1.645562714790954427e-17
9.686545576035156250e+08 1.687274388215393181e-17
9.686545576037597656e+08 1.726201679519869788e-17
9.686545576040039062e+08 1.763837736811298097e-17
9.686545576042480469e+08 1.798070845385835918e-17
9.686545576044921875e+08 1.831152576962495585e-17
9.686545576047363281e+08 1.863676832210201133e-17
9.686545576049804688e+08 1.892655881613137178e-17
9.686545576052246094e+08 1.921784627996501444e-17
9.686545576054687500e+08 1.949987149444137771e-17
9.686545576057128906e+08 1.976956554526211532e-17
9.686545576059570312e+08 2.003893153349849585e-17
9.686545576062011719e+08 2.029232163114270416e-17
9.686545576064453125e+08 2.052489264173016364e-17
9.686545576066894531e+08 2.074473848513233307e-17
9.686545576069335938e+08 2.092646506116770805e-17
9.686545576071777344e+08 2.110617643562077739e-17
9.686545576074218750e+08 2.126169415167742448e-17
9.686545576076660156e+08 2.139980167812819820e-17
9.686545576079101562e+08 2.151821840015509342e-17
9.686545576081542969e+08 2.163262117772482193e-17
9.686545576083984375e+08 2.174174995471867750e-17
9.686545576086425781e+08 2.184795715734189497e-17
9.686545576088867188e+08 2.192686824733205904e-17
9.686545576091308594e+08 2.201401499440200007e-17
9.686545576093750000e+08 2.208082284264178908e-17
9.686545576096191406e+08 2.212150727883802185e-17
9.686545576098632812e+08 2.214947514580508924e-17
9.686545576101074219e+08 2.214084196357761369e-17
9.686545576103515625e+08 2.214603003728678320e-17
9.686545576105957031e+08 2.211260957433508850e-17
9.686545576108398438e+08 2.206728667826229850e-17
9.686545576110839844e+08 2.202385764915783566e-17
9.686545576113281250e+08 2.197374073164339487e-17
9.686545576115722656e+08 2.191899764938698628e-17
9.686545576118164062e+08 2.186536071725149136e-17
9.686545576120605469e+08 2.178676335989696932e-17
9.686545576123046875e+08 2.170542137546738491e-17
9.686545576125488281e+08 2.159026212980718047e-17
9.686545576127929688e+08 2.147426339593654000e-17
9.686545576130371094e+08 2.131877808742275738e-17
9.686545576132812500e+08 2.117546400363292803e-17
9.686545576135253906e+08 2.100629592229313414e-17
9.686545576137695312e+08 2.082639970064406091e-17
9.686545576140136719e+08 2.064749895037863321e-17
9.686545576142578125e+08 2.045810678980275963e-17
9.686545576145019531e+08 2.027908589415235638e-17
9.686545576147460938e+08 2.007844959462506341e-17
9.686545576149902344e+08 1.988584600305048663e-17
9.686545576152343750e+08 1.966503589856003327e-17
9.686545576154785156e+08 1.943313504584669309e-17
9.686545576157226562e+08 1.917577613203223696e-17
9.686545576159667969e+08 1.890924449136222435e-17
9.686545576162109375e+08 1.864002854103866604e-17
9.686545576164550781e+08 1.835059837417178912e-17
9.686545576166992188e+08 1.805125768000065775e-17
9.686545576169433594e+08 1.775682099973338187e-17
9.686545576171875000e+08 1.746118410798587131e-17
9.686545576174316406e+08 1.715919131686685053e-17
9.686545576176757812e+08 1.685292964140321339e-17
9.686545576179199219e+08 1.654802171383210940e-17
9.686545576181640625e+08 1.621209755288032692e-17
9.686545576184082031e+08 1.587151879922774655e-17
9.686545576186523438e+08 1.551196940658624457e-17
9.686545576188964844e+08 1.513642300388517246e-17
9.686545576191406250e+08 1.477096089666906522e-17
9.686545576193847656e+08 1.437757735328812095e-17
9.686545576196289062e+08 1.397896992062591439e-17
9.686545576198730469e+08 1.358034440146509062e-17
9.686545576201171875e+08 1.318998959306987858e-17
9.686545576203613281e+08 1.279384547250833053e-17
9.686545576206054688e+08 1.238875587382976073e-17
9.686545576208496094e+08 1.198955442583137126e-17
9.686545576210937500e+08 1.156217231446753286e-17
9.686545576213378906e+08 1.112583101278732746e-17
9.686545576215820312e+08 1.068110543904659191e-17
9.686545576218261719e+08 1.021498964460711836e-17
9.686545576220703125e+08 9.759050627864392821e-18
9.686545576223144531e+08 9.282904401090478300e-18
9.686545576225585938e+08 8.800618945416462134e-18
9.686545576228027344e+08 8.325273744868273398e-18
9.686545576230468750e+08 7.859647257256643452e-18
9.686545576232910156e+08 7.381760206125066414e-18
9.686545576235351562e+08 6.914768126836440398e-18
9.686545576237792969e+08 6.426415867201132059e-18
9.686545576240234375e+08 5.944875554100021048e-18
9.686545576242675781e+08 5.434508354777389884e-18
9.686545576245117188e+08 4.919239766835543027e-18
9.686545576247558594e+08 4.406210346960505964e-18
9.686545576250000000e+08 3.871739185824192125e-18
9.686545576252441406e+08 3.349896387676809302e-18
9.686545576254882812e+08 2.819236061839709755e-18
9.686545576257324219e+08 2.300925960274033166e-18
9.686545576259765625e+08 1.770095511019860879e-18
9.686545576262207031e+08 1.268474105912766362e-18
9.686545576264648438e+08 7.532383476564315732e-19
9.686545576267089844e+08 2.282824589133544652e-19
9.686545576269531250e+08 -2.959071461694428186e-19
9.686545576271972656e+08 -8.304710393591421547e-19
9.686545576274414062e+08 -1.367250447501210973e-18
9.686545576276855469e+08 -1.912874001963782197e-18
9.686545576279296875e+08 -2.456553475385146272e-18
9.686545576281738281e+08 -2.986883728212892958e-18
9.686545576284179688e+08 -3.531215123060457455e-18
9.686545576286621094e+08 -4.054300840827085063e-18
9.686545576289062500e+08 -4.576416191422224376e-18
9.686545576291503906e+08 -5.079185115271442646e-18
9.686545576293945312e+08 -5.582153458597666741e-18
9.686545576296386719e+08 -6.088699091041599206e-18
9.686545576298828125e+08 -6.593154294264320533e-18
9.686545576301269531e+08 -7.109177212421985063e-18
9.686545576303710938e+08 -7.607851368889316862e-18
9.686545576306152344e+08 -8.119787732103936878e-18
9.686545576308593750e+08 -8.624830512095935781e-18
9.686545576311035156e+08 -9.110048019475333053e-18
9.686545576313476562e+08 -9.595680134167916859e-18
9.686545576315917969e+08 -1.006442306062426227e-17
9.686545576318359375e+08 -1.051888027039534807e-17
9.686545576320800781e+08 -1.095412267188340034e-17
9.686545576323242188e+08 -1.138309712217148374e-17
9.686545576325683594e+08 -1.181127503241153008e-17
9.686545576328125000e+08 -1.223595693844083060e-17
9.686545576330566406e+08 -1.266069000511438963e-17
9.686545576333007812e+08 -1.306379755498618452e-17
9.686545576335449219e+08 -1.347733527607035690e-17
9.686545576337890625e+08 -1.385813316405982416e-17
9.686545576340332031e+08 -1.423726012481863377e-17
9.686545576342773438e+08 -1.461184978039208001e-17
9.686545576345214844e+08 -1.494948982283755391e-17
9.686545576347656250e+08 -1.526658573333432781e-17
9.686545576350097656e+08 -1.557486991088338294e-17
9.686545576352539062e+08 -1.586309779256522953e-17
9.686545576354980469e+08 -1.614620409445614559e-17
9.686545576357421875e+08 -1.642290464374007501e-17
9.686545576359863281e+08 -1.668444075383925210e-17
9.686545576362304688e+08 -1.693995410289862678e-17
9.686545576364746094e+08 -1.717551229699124061e-17
9.686545576367187500e+08 -1.739704337408263581e-17
9.686545576369628906e+08 -1.761013389204127933e-17
9.686545576372070312e+08 -1.779179049508437079e-17
9.686545576374511719e+08 -1.795481755099451047e-17
9.686545576376953125e+08 -1.808664476984114583e-17
9.686545576379394531e+08 -1.820434448157143438e-17
9.686545576381835938e+08 -1.829732290402135366e-17
9.686545576384277344e+08 -1.838853257454233344e-17
9.686545576386718750e+08 -1.846729058536253953e-17
9.686545576389160156e+08 -1.853969239066056425e-17
9.686545576391601562e+08 -1.858344078441079426e-17
9.686545576394042969e+08 -1.862008011993373332e-17
9.686545576396484375e+08 -1.863108978439872908e-17
9.686545576398925781e+08 -1.862704747166989280e-17
9.686545576401367188e+08 -1.860360314607645398e-17
9.686545576403808594e+08 -1.855030120131649884e-17
9.686545576406250000e+08 -1.847146657530842535e-17
9.686545576408691406e+08 -1.836972135116915334e-17
9.686545576411132812e+08 -1.826081511890861683e-17
9.686545576413574219e+08 -1.812496305333893469e-17
9.686545576416015625e+08 -1.800650107665857685e-17
9.686545576418457031e+08 -1.784673739650680037e-17
9.686545576420898438e+08 -1.769234498861261162e-17
9.686545576423339844e+08 -1.751905488251757993e-17
9.686545576425781250e+08 -1.731087892345252338e-17
9.686545576428222656e+08 -1.710095010912285620e-17
9.686545576430664062e+08 -1.687010004293893560e-17
9.686545576433105469e+08 -1.661541131265130199e-17
9.686545576435546875e+08 -1.633016835485873038e-17
9.686545576437988281e+08 -1.603630886515688563e-17
9.686545576440429688e+08 -1.572324467489391115e-17
9.686545576442871094e+08 -1.541471446216649133e-17
9.686545576445312500e+08 -1.508896548332182982e-17
9.686545576447753906e+08 -1.476481932869942982e-17
9.686545576450195312e+08 -1.441714095759952766e-17
9.686545576452636719e+08 -1.406797212974875171e-17
9.686545576455078125e+08 -1.368757662475689556e-17
9.686545576457519531e+08 -1.331927800424704186e-17
9.686545576459960938e+08 -1.292292797646990566e-17
9.686545576462402344e+08 -1.251017126564522147e-17
9.686545576464843750e+08 -1.207429335724168919e-17
9.686545576467285156e+08 -1.163926864949964645e-17
9.686545576469726562e+08 -1.118978629213364925e-17
9.686545576472167969e+08 -1.074911804716863873e-17
9.686545576474609375e+08 -1.030943470449718680e-17
9.686545576477050781e+08 -9.851862181878891315e-18
9.686545576479492188e+08 -9.396115001148303392e-18
9.686545576481933594e+08 -8.946005875986446708e-18
9.686545576484375000e+08 -8.476887984380456643e-18
9.686545576486816406e+08 -8.003825306288948915e-18
9.686545576489257812e+08 -7.525227186234628920e-18
9.686545576491699219e+08 -7.039912775930086112e-18
9.686545576494140625e+08 -6.544037543633962987e-18
9.686545576496582031e+08 -6.033698201662576724e-18
9.686545576499023438e+08 -5.541904631203918790e-18
9.686545576501464844e+08 -5.055639092123076861e-18
9.686545576503906250e+08 -4.565569989033576753e-18
9.686545576506347656e+08 -4.092452473476497701e-18
9.686545576508789062e+08 -3.610482885186530681e-18
9.686545576511230469e+08 -3.142996879162978018e-18
9.686545576513671875e+08 -2.659760627204379795e-18
9.686545576516113281e+08 -2.196026569559377901e-18
9.686545576518554688e+08 -1.721981385993587345e-18
9.686545576520996094e+08 -1.240146233461951942e-18
9.686545576523437500e+08 -7.626245393474811656e-19
9.686545576525878906e+08 -2.880643257561835344e-19
9.686545576528320312e+08 1.685533873137280793e-19
9.686545576530761719e+08 6.127184140339084140e-19
9.686545576533203125e+08 1.048277955372615174e-18
9.686545576535644531e+08 1.468760072239771491e-18
9.686545576538085938e+08 1.880466867404020906e-18
9.686545576540527344e+08 2.295318206260400300e-18
9.686545576542968750e+08 2.694755530376106683e-18
9.686545576545410156e+08 3.085753021126448088e-18
9.686545576547851562e+08 3.469574478795768366e-18
9.686545576550292969e+08 3.862415999376521243e-18
9.686545576552734375e+08 4.246034465326264182e-18
9.686545576555175781e+08 4.614230813941941583e-18
9.686545576557617188e+08 4.966120824976359119e-18
9.686545576560058594e+08 5.297543662438173192e-18
9.686545576562500000e+08 5.609951192834894554e-18
9.686545576564941406e+08 5.925068956323242145e-18
9.686545576567382812e+08 6.209294133327086042e-18
9.686545576569824219e+08 6.492189561855301312e-18
9.686545576572265625e+08 6.764176042378233330e-18
9.686545576574707031e+08 7.031711487072655048e-18
9.686545576577148438e+08 7.285791461072032070e-18
9.686545576579589844e+08 7.532680471096199093e-18
9.686545576582031250e+08 7.785690710386732958e-18
9.686545576584472656e+08 8.011245414845929946e-18
9.686545576586914062e+08 8.215723002979775381e-18
9.686545576589355469e+08 8.401135370529505402e-18
9.686545576591796875e+08 8.575344361414218068e-18
9.686545576594238281e+08 8.736811181009122494e-18
9.686545576596679688e+08 8.889807627673173626e-18
9.686545576599121094e+08 9.027627419918792216e-18
9.686545576601562500e+08 9.153741892489874648e-18
9.686545576604003906e+08 9.274483756737444584e-18
9.686545576606445312e+08 9.384520848015972004e-18
9.686545576608886719e+08 9.492332935924251442e-18
9.686545576611328125e+08 9.597712411733589334e-18
9.686545576613769531e+08 9.683379551636314604e-18
9.686545576616210938e+08 9.745809662721010727e-18
9.686545576618652344e+08 9.800454047926515993e-18
9.686545576621093750e+08 9.844529520889289959e-18
9.686545576623535156e+08 9.870837950992686317e-18
9.686545576625976562e+08 9.887922411438620004e-18
9.686545576628417969e+08 9.908401959582999035e-18
9.686545576630859375e+08 9.912863461495394866e-18
9.686545576633300781e+08 9.897389287367253754e-18
9.686545576635742188e+08 9.906574001359365751e-18
9.686545576638183594e+08 9.903693003483629279e-18
9.686545576640625000e+08 9.890478694112853964e-18
9.686545576643066406e+08 9.867357752726183679e-18
9.686545576645507812e+08 9.833042409415935834e-18
9.686545576647949219e+08 9.788572226285265512e-18
9.686545576650390625e+08 9.727673297491251329e-18
9.686545576652832031e+08 9.669715573911148081e-18
9.686545576655273438e+08 9.598965623484049259e-18
9.686545576657714844e+08 9.531614899854707230e-18
9.686545576660156250e+08 9.454403813353512160e-18
9.686545576662597656e+08 9.376934116560104539e-18
9.686545576665039062e+08 9.303556122997220422e-18
9.686545576667480469e+08 9.237712215361996216e-18
9.686545576669921875e+08 9.159578518910805377e-18
9.686545576672363281e+08 9.084953930459019151e-18
9.686545576674804688e+08 8.994234299516805285e-18
9.686545576677246094e+08 8.899301199319689561e-18
9.686545576679687500e+08 8.794167432308289698e-18
9.686545576682128906e+08 8.684695366237920323e-18
9.686545576684570312e+08 8.588896822968553906e-18
9.686545576687011719e+08 8.483162259542804139e-18
9.686545576689453125e+08 8.383940137093230346e-18
9.686545576691894531e+08 8.274689891539607967e-18
9.686545576694335938e+08 8.187473438399648797e-18
9.686545576696777344e+08 8.101464275625558440e-18
9.686545576699218750e+08 8.009675836658455568e-18
9.686545576701660156e+08 7.921214060855807075e-18
9.686545576704101562e+08 7.818099539970835844e-18
9.686545576706542969e+08 7.714396344064236802e-18
9.686545576708984375e+08 7.608649081225376320e-18
9.686545576711425781e+08 7.507797523856865438e-18
9.686545576713867188e+08 7.408467857894466076e-18
9.686545576716308594e+08 7.314896647606856683e-18
9.686545576718750000e+08 7.216840894521211156e-18
9.686545576721191406e+08 7.121841825809419895e-18
9.686545576723632812e+08 7.051421321956263437e-18
9.686545576726074219e+08 6.976160986959488741e-18
9.686545576728515625e+08 6.900980568190336110e-18
9.686545576730957031e+08 6.829634409701573119e-18
9.686545576733398438e+08 6.746771688853146096e-18
9.686545576735839844e+08 6.663844835544997198e-18
9.686545576738281250e+08 6.580503536434039708e-18
9.686545576740722656e+08 6.501812028776352234e-18
9.686545576743164062e+08 6.432710311621542652e-18
9.686545576745605469e+08 6.359559686629360238e-18
9.686545576748046875e+08 6.289022206784288828e-18
9.686545576750488281e+08 6.223277791095238472e-18
9.686545576752929688e+08 6.172951129386449111e-18
9.686545576755371094e+08 6.122452412810561090e-18
9.686545576757812500e+08 6.079396638019709834e-18
9.686545576760253906e+08 6.023406267855469351e-18
9.686545576762695312e+08 5.960480109270628024e-18
9.686545576765136719e+08 5.910705277258585340e-18
9.686545576767578125e+08 5.844406500086109278e-18
9.686545576770019531e+08 5.796032727731582554e-18
9.686545576772460938e+08 5.743445013029406210e-18
9.686545576774902344e+08 5.693952327691479034e-18
9.686545576777343750e+08 5.637678458529701770e-18
9.686545576779785156e+08 5.593356219687289412e-18
9.686545576782226562e+08 5.566182843579556296e-18
9.686545576784667969e+08 5.525767206277977227e-18
9.686545576787109375e+08 5.491300055310650540e-18
9.686545576789550781e+08 5.448259725819001732e-18
9.686545576791992188e+08 5.406240430633027810e-18
9.686545576794433594e+08 5.358206796014341244e-18
9.686545576796875000e+08 5.295537304050256277e-18
9.686545576799316406e+08 5.257200366131251734e-18
9.686545576801757812e+08 5.206812086826712218e-18
9.686545576804199219e+08 5.170246418786980952e-18
9.686545576806640625e+08 5.099319351460602318e-18
9.686545576809082031e+08 5.065946157981716081e-18
9.686545576811523438e+08 5.028015064856553051e-18
9.686545576813964844e+08 4.988482285916363114e-18
9.686545576816406250e+08 4.947597178472486392e-18
9.686545576818847656e+08 4.887100779145041610e-18
9.686545576821289062e+08 4.839610259630398567e-18
9.686545576823730469e+08 4.772340602629510979e-18
9.686545576826171875e+08 4.699527519662314893e-18
9.686545576828613281e+08 4.652155551179733930e-18
9.686545576831054688e+08 4.580980443006600740e-18
9.686545576833496094e+08 4.513516064250853145e-18
9.686545576835937500e+08 4.440726736667016786e-18
9.686545576838378906e+08 4.380590547046014669e-18
9.686545576840820312e+08 4.317000923750912516e-18
9.686545576843261719e+08 4.256963080452628953e-18
9.686545576845703125e+08 4.195180115366927999e-18
9.686545576848144531e+08 4.101178060236918115e-18
9.686545576850585938e+08 4.025665914591557170e-18
9.686545576853027344e+08 3.930185043091079068e-18
9.686545576855468750e+08 3.844853157910725586e-18
9.686545576857910156e+08 3.753021980568118002e-18
9.686545576860351562e+08 3.662987498117887674e-18
9.686545576862792969e+08 3.569036375456553825e-18
9.686545576865234375e+08 3.470371359414715790e-18
9.686545576867675781e+08 3.380031176697025427e-18
9.686545576870117188e+08 3.282685856533515809e-18
9.686545576872558594e+08 3.203372756208519491e-18
9.686545576875000000e+08 3.090849045206108386e-18
9.686545576877441406e+08 2.984076592573663166e-18
9.686545576879882812e+08 2.877166034422757982e-18
9.686545576882324219e+08 2.763522756112638596e-18
9.686545576884765625e+08 2.640277853250466916e-18
9.686545576887207031e+08 2.535709444178123787e-18
9.686545576889648438e+08 2.424169274196471857e-18
9.686545576892089844e+08 2.296774294020239867e-18
9.686545576894531250e+08 2.183064101648810043e-18
9.686545576896972656e+08 2.070171404133712791e-18
9.686545576899414062e+08 1.963125424701364462e-18
9.686545576901855469e+08 1.849990961367359039e-18
9.686545576904296875e+08 1.730953341409695903e-18
9.686545576906738281e+08 1.616848069354354504e-18
9.686545576909179688e+08 1.492774404816152175e-18
9.686545576911621094e+08 1.367089549410182960e-18
9.686545576914062500e+08 1.235310308474147515e-18
9.686545576916503906e+08 1.136042035895819601e-18
9.686545576918945312e+08 1.005543170775956765e-18
9.686545576921386719e+08 8.757734823306343293e-19
9.686545576923828125e+08 7.648558753689022890e-19
9.686545576926269531e+08 6.615018288273936832e-19
9.686545576928710938e+08 5.441316997611619096e-19
9.686545576931152344e+08 4.422471263954607116e-19
9.686545576933593750e+08 3.332430341955573370e-19
9.686545576936035156e+08 2.174366430938382753e-19
9.686545576938476562e+08 1.022684004242377495e-19
9.686545576940917969e+08 -8.669189128829712805e-21
9.686545576943359375e+08 -1.154876347561183966e-19
9.686545576945800781e+08 -2.159894881115753377e-19
9.686545576948242188e+08 -3.275935563078388353e-19
9.686545576950683594e+08 -4.302553656860076514e-19
9.686545576953125000e+08 -5.225867153203521027e-19
9.686545576955566406e+08 -6.124430891462070975e-19
9.686545576958007812e+08 -6.897125248795911942e-19
9.686545576960449219e+08 -7.749213034705418950e-19
9.686545576962890625e+08 -8.622216659761000959e-19
9.686545576965332031e+08 -9.477044993971736140e-19
9.686545576967773438e+08 -1.028407485596216514e-18
9.686545576970214844e+08 -1.122735740091438722e-18
9.686545576972656250e+08 -1.190617777918288800e-18
9.686545576975097656e+08 -1.261466551246644619e-18
9.686545576977539062e+08 -1.334792879688637188e-18
9.686545576979980469e+08 -1.404806981819060588e-18
9.686545576982421875e+08 -1.463627507052139270e-18
9.686545576984863281e+08 -1.515560583921276314e-18
9.686545576987304688e+08 -1.564241666582109035e-18
9.686545576989746094e+08 -1.624234127617044602e-18
9.686545576992187500e+08 -1.677735468916442435e-18
9.686545576994628906e+08 -1.721397777214643784e-18
9.686545576997070312e+08 -1.781468913438073537e-18
9.686545576999511719e+08 -1.828211288432005151e-18
9.686545577001953125e+08 -1.861922538367603169e-18
9.686545577004394531e+08 -1.907554585696941888e-18
9.686545577006835938e+08 -1.950364771061836895e-18
9.686545577009277344e+08 -1.984540976614518263e-18
9.686545577011718750e+08 -2.009808129622885496e-18
9.686545577014160156e+08 -2.045528497628620918e-18
9.686545577016601562e+08 -2.069397660852745287e-18
9.686545577019042969e+08 -2.090180680107392200e-18
9.686545577021484375e+08 -2.118893839949362740e-18
9.686545577023925781e+08 -2.154828981440486030e-18
9.686545577026367188e+08 -2.180929174956968691e-18
9.686545577028808594e+08 -2.209979845256476998e-18
9.686545577031250000e+08 -2.226645831547742814e-18
9.686545577033691406e+08 -2.257744031016716979e-18
9.686545577036132812e+08 -2.279763701516925746e-18
9.686545577038574219e+08 -2.301490768441087301e-18
9.686545577041015625e+08 -2.324333752685449036e-18
9.686545577043457031e+08 -2.347426964178788717e-18
9.686545577045898438e+08 -2.360318493986164236e-18
9.686545577048339844e+08 -2.385553737023981219e-18
9.686545577050781250e+08 -2.413272774267704446e-18
9.686545577053222656e+08 -2.439926707783021328e-18
9.686545577055664062e+08 -2.474632797306077681e-18
9.686545577058105469e+08 -2.502354273633734098e-18
9.686545577060546875e+08 -2.532497066542016000e-18
9.686545577062988281e+08 -2.555244482824568243e-18
9.686545577065429688e+08 -2.600365792851388723e-18
9.686545577067871094e+08 -2.629755671605105675e-18
9.686545577070312500e+08 -2.666683048422493379e-18
9.686545577072753906e+08 -2.697295821040271437e-18
9.686545577075195312e+08 -2.729562786881993489e-18
9.686545577077636719e+08 -2.781324130785670693e-18
9.686545577080078125e+08 -2.810811918597853815e-18
9.686545577082519531e+08 -2.869812342898062218e-18
9.686545577084960938e+08 -2.926386289272579908e-18
9.686545577087402344e+08 -2.980840619641211600e-18
9.686545577089843750e+08 -3.023949971097503456e-18
9.686545577092285156e+08 -3.086089565266223466e-18
9.686545577094726562e+08 -3.149332339344696238e-18
9.686545577097167969e+08 -3.201292702067546966e-18
9.686545577099609375e+08 -3.277157069543766416e-18
9.686545577102050781e+08 -3.324772245037029034e-18
9.686545577104492188e+08 -3.403564039353816529e-18
9.686545577106933594e+08 -3.465950968806107053e-18
9.686545577109375000e+08 -3.544101895937939145e-18
9.686545577111816406e+08 -3.628549382161894785e-18
9.686545577114257812e+08 -3.712506082781625344e-18
9.686545577116699219e+08 -3.787279896344965505e-18
9.686545577119140625e+08 -3.866468323807021034e-18
9.686545577121582031e+08 -3.955221448516135341e-18
9.686545577124023438e+08 -4.035932863726886626e-18
9.686545577126464844e+08 -4.129075621437982173e-18
9.686545577128906250e+08 -4.202407639489021737e-18
9.686545577131347656e+08 -4.299934971671160173e-18
9.686545577133789062e+08 -4.381406601992717323e-18
9.686545577136230469e+08 -4.473551372003324916e-18
9.686545577138671875e+08 -4.572353593321561001e-18
9.686545577141113281e+08 -4.666997388048437514e-18
9.686545577143554688e+08 -4.758729252948433042e-18
9.686545577145996094e+08 -4.850779419356838543e-18
9.686545577148437500e+08 -4.935676528639500956e-18
9.686545577150878906e+08 -5.027045741894409429e-18
9.686545577153320312e+08 -5.113522574338518079e-18
9.686545577155761719e+08 -5.194902292043278764e-18
9.686545577158203125e+08 -5.285962751037255327e-18
9.686545577160644531e+08 -5.357626158660473397e-18
9.686545577163085938e+08 -5.441890874637205577e-18
9.686545577165527344e+08 -5.522837450360928101e-18
9.686545577167968750e+08 -5.599400203617213534e-18
9.686545577170410156e+08 -5.667498403374439203e-18
9.686545577172851562e+08 -5.742124360524732780e-18
9.686545577175292969e+08 -5.801910834008488385e-18
9.686545577177734375e+08 -5.847035175183890852e-18
9.686545577180175781e+08 -5.905265968824617733e-18
9.686545577182617188e+08 -5.948647220595070821e-18
9.686545577185058594e+08 -5.989335275573599729e-18
9.686545577187500000e+08 -6.024867848306318509e-18
9.686545577189941406e+08 -6.051405218023775269e-18
9.686545577192382812e+08 -6.073364053794416757e-18
9.686545577194824219e+08 -6.083703464773678259e-18
9.686545577197265625e+08 -6.102370362840394387e-18
9.686545577199707031e+08 -6.097531159657942630e-18
9.686545577202148438e+08 -6.095788258643338151e-18
9.686545577204589844e+08 -6.070491870062157611e-18
9.686545577207031250e+08 -6.036471426029061666e-18
9.686545577209472656e+08 -6.012548770184594634e-18
9.686545577211914062e+08 -5.954121746813214890e-18
9.686545577214355469e+08 -5.909231153200157015e-18
9.686545577216796875e+08 -5.840393704459368584e-18
9.686545577219238281e+08 -5.768531036155191693e-18
9.686545577221679688e+08 -5.680936039043956845e-18
9.686545577224121094e+08 -5.582824520634832162e-18
9.686545577226562500e+08 -5.485754923605664671e-18
9.686545577229003906e+08 -5.367633834980701160e-18
9.686545577231445312e+08 -5.241169482912623898e-18
9.686545577233886719e+08 -5.091670081429511780e-18
9.686545577236328125e+08 -4.944571124373526093e-18
9.686545577238769531e+08 -4.782652392528270456e-18
9.686545577241210938e+08 -4.597231981553385467e-18
9.686545577243652344e+08 -4.415389198250757616e-18
9.686545577246093750e+08 -4.220999789675001801e-18
9.686545577248535156e+08 -4.000450138889964203e-18
9.686545577250976562e+08 -3.789841692476729333e-18
9.686545577253417969e+08 -3.551401603220817291e-18
9.686545577255859375e+08 -3.307321775615245252e-18
9.686545577258300781e+08 -3.064289900093856132e-18
9.686545577260742188e+08 -2.795492512925224848e-18
9.686545577263183594e+08 -2.499611028920011522e-18
9.686545577265625000e+08 -2.210731767601338400e-18
9.686545577268066406e+08 -1.917871146928725839e-18
9.686545577270507812e+08 -1.594083124785914215e-18
9.686545577272949219e+08 -1.275111704300526345e-18
9.686545577275390625e+08 -9.364682138188160824e-19
9.686545577277832031e+08 -6.058117279516373041e-19
9.686545577280273438e+08 -2.499000074493069983e-19
9.686545577282714844e+08 1.161119307305110186e-19
9.686545577285156250e+08 4.722985603696412693e-19
9.686545577287597656e+08 8.589498198240349733e-19
9.686545577290039062e+08 1.242313275834049498e-18
9.686545577292480469e+08 1.651704865648275807e-18
9.686545577294921875e+08 2.050360286490143255e-18
9.686545577297363281e+08 2.473285726849730990e-18
9.686545577299804688e+08 2.882730255019172522e-18
9.686545577302246094e+08 3.308290317818300083e-18
9.686545577304687500e+08 3.737439702264948193e-18
9.686545577307128906e+08 4.162778630927469782e-18
9.686545577309570312e+08 4.608485360934364108e-18
9.686545577312011719e+08 5.036162287099657442e-18
9.686545577314453125e+08 5.478648839172313602e-18
9.686545577316894531e+08 5.927370729585347289e-18
9.686545577319335938e+08 6.386251985687522490e-18
9.686545577321777344e+08 6.840653391736213702e-18
9.686545577324218750e+08 7.284419223605732317e-18
9.686545577326660156e+08 7.751051284688705220e-18
9.686545577329101562e+08 8.198003239160656128e-18
9.686545577331542969e+08 8.642112159725543883e-18
9.686545577333984375e+08 9.096120022884862509e-18
9.686545577336425781e+08 9.530528261466315833e-18
9.686545577338867188e+08 9.972774574377036249e-18
9.686545577341308594e+08 1.041555746637385040e-17
9.686545577343750000e+08 1.083859404746678381e-17
9.686545577346191406e+08 1.127440614127124703e-17
9.686545577348632812e+08 1.169892032783796396e-17
9.686545577351074219e+08 1.212745476248345239e-17
9.686545577353515625e+08 1.253048652168595666e-17
9.686545577355957031e+08 1.293970861256453961e-17
9.686545577358398438e+08 1.333189741444884793e-17
9.686545577360839844e+08 1.371313821643340463e-17
9.686545577363281250e+08 1.408914081877288269e-17
9.686545577365722656e+08 1.444197629530102958e-17
9.686545577368164062e+08 1.479931630912936002e-17
9.686545577370605469e+08 1.513563271488629771e-17
9.686545577373046875e+08 1.546032762976543003e-17
9.686545577375488281e+08 1.577704861877355752e-17
9.686545577377929688e+08 1.608387701571058867e-17
9.686545577380371094e+08 1.638259843382534538e-17
9.686545577382812500e+08 1.665738858229287482e-17
9.686545577385253906e+08 1.691355609557932616e-17
9.686545577387695312e+08 1.716299811356449728e-17
9.686545577390136719e+08 1.738371290600204547e-17
9.686545577392578125e+08 1.759717413107415845e-17
9.686545577395019531e+08 1.777920261727820787e-17
9.686545577397460938e+08 1.796417284000979284e-17
9.686545577399902344e+08 1.811322400808925462e-17
9.686545577402343750e+08 1.825886980919969810e-17
9.686545577404785156e+08 1.837802893787462303e-17
9.686545577407226562e+08 1.849851546383386904e-17
9.686545577409667969e+08 1.858904530219376008e-17
9.686545577412109375e+08 1.865356426598477018e-17
9.686545577414550781e+08 1.871368522536272831e-17
9.686545577416992188e+08 1.873478389425260861e-17
9.686545577419433594e+08 1.874437028873625794e-17
9.686545577421875000e+08 1.872691989404334128e-17
9.686545577424316406e+08 1.869389568423860023e-17
9.686545577426757812e+08 1.864199133736311730e-17
9.686545577429199219e+08 1.856521289654932499e-17
9.686545577431640625e+08 1.847989724865037144e-17
9.686545577434082031e+08 1.836742748823049522e-17
9.686545577436523438e+08 1.824311476596619010e-17
9.686545577438964844e+08 1.810406822094413080e-17
9.686545577441406250e+08 1.793855597687139109e-17
9.686545577443847656e+08 1.774035966777393172e-17
9.686545577446289062e+08 1.753094623131309369e-17
9.686545577448730469e+08 1.730097541214165154e-17
9.686545577451171875e+08 1.704540574210920166e-17
9.686545577453613281e+08 1.677333192833464274e-17
9.686545577456054688e+08 1.649000589084810629e-17
9.686545577458496094e+08 1.617700870599819638e-17
9.686545577460937500e+08 1.585444145127883339e-17
9.686545577463378906e+08 1.551243524773383307e-17
9.686545577465820312e+08 1.517803491358908270e-17
9.686545577468261719e+08 1.479223110817031373e-17
9.686545577470703125e+08 1.440429988515260628e-17
9.686545577473144531e+08 1.400015135740563088e-17
9.686545577475585938e+08 1.356890825431974348e-17
9.686545577478027344e+08 1.312147407359130797e-17
9.686545577480468750e+08 1.265675787296771702e-17
9.686545577482910156e+08 1.218193993492549612e-17
9.686545577485351562e+08 1.169073628590814274e-17
9.686545577487792969e+08 1.119421332289600331e-17
9.686545577490234375e+08 1.067918874399706266e-17
9.686545577492675781e+08 1.015707433140762000e-17
9.686545577495117188e+08 9.624941030423681452e-18
9.686545577497558594e+08 9.081310703052454813e-18
9.686545577500000000e+08 8.521341255896092539e-18
9.686545577502441406e+08 7.945975100733482943e-18
9.686545577504882812e+08 7.361716540157237404e-18
9.686545577507324219e+08 6.765684312999251304e-18
9.686545577509765625e+08 6.162212598031738818e-18
9.686545577512207031e+08 5.546904021956209669e-18
9.686545577514648438e+08 4.927602525377033061e-18
9.686545577517089844e+08 4.303322847253835510e-18
9.686545577519531250e+08 3.678922911572416568e-18
9.686545577521972656e+08 3.043579590964571068e-18
9.686545577524414062e+08 2.415165973524836262e-18
9.686545577526855469e+08 1.770365356198500254e-18
9.686545577529296875e+08 1.130783410398029055e-18
9.686545577531738281e+08 4.771230694099687973e-19
9.686545577534179688e+08 -1.854799140007961323e-19
9.686545577536621094e+08 -8.484255886953290902e-19
9.686545577539062500e+08 -1.515759362195553807e-18
9.686545577541503906e+08 -2.180027036255652259e-18
9.686545577543945312e+08 -2.840358241673965156e-18
9.686545577546386719e+08 -3.503059736013471761e-18
9.686545577548828125e+08 -4.164601361343823252e-18
9.686545577551269531e+08 -4.809776931265037930e-18
9.686545577553710938e+08 -5.451567328479955561e-18
9.686545577556152344e+08 -6.103585314231512674e-18
9.686545577558593750e+08 -6.751168065195774828e-18
9.686545577561035156e+08 -7.395669937644080555e-18
9.686545577563476562e+08 -8.041395020427513425e-18
9.686545577565917969e+08 -8.690697776903013645e-18
9.686545577568359375e+08 -9.327678609106364729e-18
9.686545577570800781e+08 -9.952362907310022941e-18
9.686545577573242188e+08 -1.057636807291052351e-17
9.686545577575683594e+08 -1.119174687407042869e-17
9.686545577578125000e+08 -1.178770181703197283e-17
9.686545577580566406e+08 -1.237447892069910976e-17
9.686545577583007812e+08 -1.295692475432557763e-17
9.686545577585449219e+08 -1.353036068613476901e-17
9.686545577587890625e+08 -1.409569405790076446e-17
9.686545577590332031e+08 -1.466098539650306025e-17
9.686545577592773438e+08 -1.522151191262431684e-17
9.686545577595214844e+08 -1.577129234921226399e-17
9.686545577597656250e+08 -1.630587806240712247e-17
9.686545577600097656e+08 -1.682668060047672458e-17
9.686545577602539062e+08 -1.735050178993919309e-17
9.686545577604980469e+08 -1.783395661092734912e-17
9.686545577607421875e+08 -1.831002804407049161e-17
9.686545577609863281e+08 -1.878184804956175269e-17
9.686545577612304688e+08 -1.923054181591364454e-17
9.686545577614746094e+08 -1.966493700522242220e-17
9.686545577617187500e+08 -2.010247836143063590e-17
9.686545577619628906e+08 -2.052976005823813803e-17
9.686545577622070312e+08 -2.093749438832670717e-17
9.686545577624511719e+08 -2.133647872932385517e-17
9.686545577626953125e+08 -2.171839807959993659e-17
9.686545577629394531e+08 -2.208835383590272721e-17
9.686545577631835938e+08 -2.243943897053115064e-17
9.686545577634277344e+08 -2.277187797131740238e-17
9.686545577636718750e+08 -2.307454737775478217e-17
9.686545577639160156e+08 -2.337660694449593828e-17
9.686545577641601562e+08 -2.364914906713435330e-17
9.686545577644042969e+08 -2.391679985859982789e-17
9.686545577646484375e+08 -2.417639423805164963e-17
9.686545577648925781e+08 -2.441715134947400668e-17
9.686545577651367188e+08 -2.464909419786867036e-17
9.686545577653808594e+08 -2.486416191494244785e-17
9.686545577656250000e+08 -2.506249494603472945e-17
9.686545577658691406e+08 -2.523905772704336517e-17
9.686545577661132812e+08 -2.540324678473137827e-17
9.686545577663574219e+08 -2.553748604987343097e-17
9.686545577666015625e+08 -2.565152637340345054e-17
9.686545577668457031e+08 -2.575840044162088234e-17
9.686545577670898438e+08 -2.582789918879253686e-17
9.686545577673339844e+08 -2.590541366861919686e-17
9.686545577675781250e+08 -2.595529233866804473e-17
9.686545577678222656e+08 -2.599621146788130962e-17
9.686545577680664062e+08 -2.602663979704747343e-17
9.686545577683105469e+08 -2.603089548633433198e-17
9.686545577685546875e+08 -2.603321649175785792e-17
9.686545577687988281e+08 -2.600611532375489980e-17
9.686545577690429688e+08 -2.595304936760624178e-17
9.686545577692871094e+08 -2.587473351196143756e-17
9.686545577695312500e+08 -2.578081993138263537e-17
9.686545577697753906e+08 -2.567960492893769861e-17
9.686545577700195312e+08 -2.553439586725074023e-17
9.686545577702636719e+08 -2.539238208553149803e-17
9.686545577705078125e+08 -2.523746935837276046e-17
9.686545577707519531e+08 -2.505821114531060434e-17
9.686545577709960938e+08 -2.488360455706176436e-17
9.686545577712402344e+08 -2.467879441290590302e-17
9.686545577714843750e+08 -2.445299697862955847e-17
9.686545577717285156e+08 -2.420843622429910371e-17
9.686545577719726562e+08 -2.394420536172620380e-17
9.686545577722167969e+08 -2.365069499014517765e-17
9.686545577724609375e+08 -2.333208768814837491e-17
9.686545577727050781e+08 -2.300621333391612978e-17
9.686545577729492188e+08 -2.264842362387229542e-17
9.686545577731933594e+08 -2.228932309355607768e-17
9.686545577734375000e+08 -2.191712973273516664e-17
9.686545577736816406e+08 -2.151913166708143979e-17
9.686545577739257812e+08 -2.112130902762948235e-17
9.686545577741699219e+08 -2.069692706829728178e-17
9.686545577744140625e+08 -2.025772166345877498e-17
9.686545577746582031e+08 -1.978744861910436281e-17
9.686545577749023438e+08 -1.929505177583201296e-17
9.686545577751464844e+08 -1.878990426825383335e-17
9.686545577753906250e+08 -1.825782507111609117e-17
9.686545577756347656e+08 -1.770279975520056168e-17
9.686545577758789062e+08 -1.713380230668027670e-17
9.686545577761230469e+08 -1.655755901087299196e-17
9.686545577763671875e+08 -1.597249957303762348e-17
9.686545577766113281e+08 -1.537185539087888627e-17
9.686545577768554688e+08 -1.475196192280913750e-17
9.686545577770996094e+08 -1.411739605089812886e-17
9.686545577773437500e+08 -1.346737750957218680e-17
9.686545577775878906e+08 -1.279865194092348703e-17
9.686545577778320312e+08 -1.209598889754585964e-17
9.686545577780761719e+08 -1.137363452262405179e-17
9.686545577783203125e+08 -1.065558157562388367e-17
9.686545577785644531e+08 -9.895289287346924242e-18
9.686545577788085938e+08 -9.131843161493902007e-18
9.686545577790527344e+08 -8.370821357004331254e-18
9.686545577792968750e+08 -7.584207787456522990e-18
9.686545577795410156e+08 -6.800915258882107357e-18
9.686545577797851562e+08 -5.997324352448875572e-18
9.686545577800292969e+08 -5.185162538060985383e-18
9.686545577802734375e+08 -4.349824877018917449e-18
9.686545577805175781e+08 -3.514310554344320507e-18
9.686545577807617188e+08 -2.639363651296706233e-18
9.686545577810058594e+08 -1.762963180661719897e-18
9.686545577812500000e+08 -8.781851963581328604e-19
9.686545577814941406e+08 3.350037392022287701e-20
9.686545577817382812e+08 9.450319916271963241e-19
9.686545577819824219e+08 1.856108615167351788e-18
9.686545577822265625e+08 2.767526851562433948e-18
9.686545577824707031e+08 3.690127688111648750e-18
9.686545577827148438e+08 4.610664266567277491e-18
9.686545577829589844e+08 5.538597440326842165e-18
9.686545577832031250e+08 6.484313205132339170e-18
9.686545577834472656e+08 7.437718757930624951e-18
9.686545577836914062e+08 8.400394045583403193e-18
9.686545577839355469e+08 9.369140006281843654e-18
9.686545577841796875e+08 1.034452089614962620e-17
9.686545577844238281e+08 1.132875415964364595e-17
9.686545577846679688e+08 1.230393444844877702e-17
9.686545577849121094e+08 1.327138270364380346e-17
9.686545577851562500e+08 1.424429507057808316e-17
9.686545577854003906e+08 1.519591489362050279e-17
9.686545577856445312e+08 1.615407841997217651e-17
9.686545577858886719e+08 1.711260888384275812e-17
9.686545577861328125e+08 1.806726966080031109e-17
9.686545577863769531e+08 1.902867600523604314e-17
9.686545577866210938e+08 1.998917110293998969e-17
9.686545577868652344e+08 2.094277509775366878e-17
9.686545577871093750e+08 2.190760530999552172e-17
9.686545577873535156e+08 2.285359424962836483e-17
9.686545577875976562e+08 2.378222778851725498e-17
9.686545577878417969e+08 2.469372370686461285e-17
9.686545577880859375e+08 2.560384199500738598e-17
9.686545577883300781e+08 2.648106584624357207e-17
9.686545577885742188e+08 2.735163831390581947e-17
9.686545577888183594e+08 2.822170973012846522e-17
9.686545577890625000e+08 2.906641676786778458e-17
9.686545577893066406e+08 2.991633391070965421e-17
9.686545577895507812e+08 3.075774263529846379e-17
9.686545577897949219e+08 3.157699581831009829e-17
9.686545577900390625e+08 3.238706104140218266e-17
9.686545577902832031e+08 3.317945595747654963e-17
9.686545577905273438e+08 3.394216754416396564e-17
9.686545577907714844e+08 3.468482889142868711e-17
9.686545577910156250e+08 3.538632468651467229e-17
9.686545577912597656e+08 3.607978104846828853e-17
9.686545577915039062e+08 3.674325705091169172e-17
9.686545577917480469e+08 3.739034278744116360e-17
9.686545577919921875e+08 3.801366659138028984e-17
9.686545577922363281e+08 3.862820826302922432e-17
9.686545577924804688e+08 3.922080857338671601e-17
9.686545577927246094e+08 3.977347097205225642e-17
9.686545577929687500e+08 4.032676634119011136e-17
9.686545577932128906e+08 4.084469347045791916e-17
9.686545577934570312e+08 4.131981242662205249e-17
9.686545577937011719e+08 4.175613802033144996e-17
9.686545577939453125e+08 4.217350165495085068e-17
9.686545577941894531e+08 4.255032421774621096e-17
9.686545577944335938e+08 4.289134017534351967e-17
9.686545577946777344e+08 4.321900240963598068e-17
9.686545577949218750e+08 4.350769167656960735e-17
9.686545577951660156e+08 4.377875677686095954e-17
9.686545577954101562e+08 4.403532687884694796e-17
9.686545577956542969e+08 4.423965138917055735e-17
9.686545577958984375e+08 4.442352023270785070e-17
9.686545577961425781e+08 4.458086067250233866e-17
9.686545577963867188e+08 4.467937877042631483e-17
9.686545577966308594e+08 4.475677937599059322e-17
9.686545577968750000e+08 4.477854576534107953e-17
9.686545577971191406e+08 4.477774951650497762e-17
9.686545577973632812e+08 4.473524444849759769e-17
9.686545577976074219e+08 4.466389182005812747e-17
9.686545577978515625e+08 4.455539333299082043e-17
9.686545577980957031e+08 4.443526235991948864e-17
9.686545577983398438e+08 4.428929836231082371e-17
9.686545577985839844e+08 4.409153792500596724e-17
9.686545577988281250e+08 4.387860611904191807e-17
9.686545577990722656e+08 4.361170893800154851e-17
9.686545577993164062e+08 4.332791347807789513e-17
9.686545577995605469e+08 4.297323557318033266e-17
9.686545577998046875e+08 4.259761867522613219e-17
9.686545578000488281e+08 4.218839264734414960e-17
9.686545578002929688e+08 4.173365860879717951e-17
9.686545578005371094e+08 4.126116760415016540e-17
9.686545578007812500e+08 4.075859986232090867e-17
9.686545578010253906e+08 4.024549679616215125e-17
9.686545578012695312e+08 3.967821928252292544e-17
9.686545578015136719e+08 3.910238807510097769e-17
9.686545578017578125e+08 3.849845159745078898e-17
9.686545578020019531e+08 3.784525381373141217e-17
9.686545578022460938e+08 3.715632500189386876e-17
9.686545578024902344e+08 3.644296508938602898e-17
9.686545578027343750e+08 3.568801319272402367e-17
9.686545578029785156e+08 3.490041379076607304e-17
9.686545578032226562e+08 3.408186339605803136e-17
9.686545578034667969e+08 3.325721189005606972e-17
9.686545578037109375e+08 3.240721597561210887e-17
9.686545578039550781e+08 3.152968260745387425e-17
9.686545578041992188e+08 3.065154988329196186e-17
9.686545578044433594e+08 2.972786714608569002e-17
9.686545578046875000e+08 2.880170741900306100e-17
9.686545578049316406e+08 2.783168437643361227e-17
9.686545578051757812e+08 2.684042623847954852e-17
9.686545578054199219e+08 2.581647376787760939e-17
9.686545578056640625e+08 2.477223800520207366e-17
9.686545578059082031e+08 2.370555138097632094e-17
9.686545578061523438e+08 2.262389763464640844e-17
9.686545578063964844e+08 2.152850158004141961e-17
9.686545578066406250e+08 2.042818452520796655e-17
9.686545578068847656e+08 1.932019936354142246e-17
9.686545578071289062e+08 1.818890951645558103e-17
9.686545578073730469e+08 1.705781547683685250e-17
9.686545578076171875e+08 1.591781561711634332e-17
9.686545578078613281e+08 1.475356956495957716e-17
9.686545578081054688e+08 1.355634974896322186e-17
9.686545578083496094e+08 1.236282692864967209e-17
9.686545578085937500e+08 1.114967173728238007e-17
9.686545578088378906e+08 9.918347357256319994e-18
9.686545578090820312e+08 8.701651917526412767e-18
9.686545578093261719e+08 7.460775591078031364e-18
9.686545578095703125e+08 6.249854579807243582e-18
9.686545578098144531e+08 5.021095474944286287e-18
9.686545578100585938e+08 3.798167547299975863e-18
9.686545578103027344e+08 2.575640472612613921e-18
9.686545578105468750e+08 1.361091288187785425e-18
9.686545578107910156e+08 1.152289910704858724e-19
9.686545578110351562e+08 -1.123908120864526441e-18
9.686545578112792969e+08 -2.360163744312164523e-18
9.686545578115234375e+08 -3.611326464536856962e-18
9.686545578117675781e+08 -4.865469750519036358e-18
9.686545578120117188e+08 -6.092798382901281930e-18
9.686545578122558594e+08 -7.323053305415984898e-18
9.686545578125000000e+08 -8.527829116924807649e-18
9.686545578127441406e+08 -9.721213093581618683e-18
9.686545578129882812e+08 -1.090796471783105108e-17
9.686545578132324219e+08 -1.208466714928026369e-17
9.686545578134765625e+08 -1.324735381605270867e-17
9.686545578137207031e+08 -1.441480063204115483e-17
9.686545578139648438e+08 -1.558659495911249579e-17
9.686545578142089844e+08 -1.674021787321506127e-17
9.686545578144531250e+08 -1.788534565756848855e-17
9.686545578146972656e+08 -1.902644409364703932e-17
9.686545578149414062e+08 -2.014195146877194052e-17
9.686545578151855469e+08 -2.124196022887840146e-17
9.686545578154296875e+08 -2.230198145860458507e-17
9.686545578156738281e+08 -2.335086112635026430e-17
9.686545578159179688e+08 -2.438581509153614890e-17
9.686545578161621094e+08 -2.539235316852394574e-17
9.686545578164062500e+08 -2.638420242845754941e-17
9.686545578166503906e+08 -2.737514559659686850e-17
9.686545578168945312e+08 -2.835413256871178426e-17
9.686545578171386719e+08 -2.931259686844366273e-17
9.686545578173828125e+08 -3.025245155147869573e-17
9.686545578176269531e+08 -3.117593236166693650e-17
9.686545578178710938e+08 -3.206852474452235161e-17
9.686545578181152344e+08 -3.293388270962522567e-17
9.686545578183593750e+08 -3.375363944380858762e-17
9.686545578186035156e+08 -3.457088522777616107e-17
9.686545578188476562e+08 -3.534797243198170002e-17
9.686545578190917969e+08 -3.609503381182863537e-17
9.686545578193359375e+08 -3.682997208013259580e-17
9.686545578195800781e+08 -3.755975108761827258e-17
9.686545578198242188e+08 -3.825723823577946822e-17
9.686545578200683594e+08 -3.892239323679511791e-17
9.686545578203125000e+08 -3.960014759412522846e-17
9.686545578205566406e+08 -4.022078325440648484e-17
9.686545578208007812e+08 -4.081779818957914170e-17
9.686545578210449219e+08 -4.137937644306829081e-17
9.686545578212890625e+08 -4.190618707789871234e-17
9.686545578215332031e+08 -4.239877637894655733e-17
9.686545578217773438e+08 -4.286149589677518854e-17
9.686545578220214844e+08 -4.329737679347006061e-17
9.686545578222656250e+08 -4.371536644255482171e-17
9.686545578225097656e+08 -4.410656496311416994e-17
9.686545578227539062e+08 -4.447562765002775069e-17
9.686545578229980469e+08 -4.482287840978602812e-17
9.686545578232421875e+08 -4.514333055176435669e-17
9.686545578234863281e+08 -4.543155068968021310e-17
9.686545578237304688e+08 -4.568232619467636259e-17
9.686545578239746094e+08 -4.590477479561335092e-17
9.686545578242187500e+08 -4.606725977065895809e-17
9.686545578244628906e+08 -4.621355875082256323e-17
9.686545578247070312e+08 -4.633141556610922551e-17
9.686545578249511719e+08 -4.640207283530709280e-17
9.686545578251953125e+08 -4.644910668674130543e-17
9.686545578254394531e+08 -4.648961966870521542e-17
9.686545578256835938e+08 -4.650195745539560681e-17
9.686545578259277344e+08 -4.647759757846087634e-17
9.686545578261718750e+08 -4.643787701573214718e-17
9.686545578264160156e+08 -4.635990197542989626e-17
9.686545578266601562e+08 -4.624373485601237420e-17
9.686545578269042969e+08 -4.607880513458026901e-17
9.686545578271484375e+08 -4.589059282912205384e-17
9.686545578273925781e+08 -4.565909845671034178e-17
9.686545578276367188e+08 -4.539261515451133847e-17
9.686545578278808594e+08 -4.509409304961934154e-17
9.686545578281250000e+08 -4.478299301364095659e-17
9.686545578283691406e+08 -4.444795205420657850e-17
9.686545578286132812e+08 -4.407965176718664578e-17
9.686545578288574219e+08 -4.369807450314509395e-17
9.686545578291015625e+08 -4.327607022437252989e-17
9.686545578293457031e+08 -4.283207830684354395e-17
9.686545578295898438e+08 -4.233198953046015429e-17
9.686545578298339844e+08 -4.180912752995234455e-17
9.686545578300781250e+08 -4.123774953496428155e-17
9.686545578303222656e+08 -4.063281285502649222e-17
9.686545578305664062e+08 -4.000734587202800146e-17
9.686545578308105469e+08 -3.934827162264976669e-17
9.686545578310546875e+08 -3.867322391151006323e-17
9.686545578312988281e+08 -3.797585309115806193e-17
9.686545578315429688e+08 -3.725338598029264912e-17
9.686545578317871094e+08 -3.650725820626615907e-17
9.686545578320312500e+08 -3.573718434543721353e-17
9.686545578322753906e+08 -3.493831329415786819e-17
9.686545578325195312e+08 -3.409699484420418728e-17
9.686545578327636719e+08 -3.321707951980767971e-17
9.686545578330078125e+08 -3.231536413513483332e-17
9.686545578332519531e+08 -3.136731900716467455e-17
9.686545578334960938e+08 -3.040817522794707740e-17
9.686545578337402344e+08 -2.941890297930196923e-17
9.686545578339843750e+08 -2.841892082549341018e-17
9.686545578342285156e+08 -2.740294612123805409e-17
9.686545578344726562e+08 -2.637015563601441222e-17
9.686545578347167969e+08 -2.531377569767153351e-17
9.686545578349609375e+08 -2.423196763006727036e-17
9.686545578352050781e+08 -2.313164660393603333e-17
9.686545578354492188e+08 -2.199767803301192723e-17
9.686545578356933594e+08 -2.082575145981315476e-17
9.686545578359375000e+08 -1.964193247726697367e-17
9.686545578361816406e+08 -1.842839995157700565e-17
9.686545578364257812e+08 -1.719648315144522380e-17
9.686545578366699219e+08 -1.594967127193574708e-17
9.686545578369140625e+08 -1.469596972322205800e-17
9.686545578371582031e+08 -1.343795751947465733e-17
9.686545578374023438e+08 -1.217054652815283996e-17
9.686545578376464844e+08 -1.088246781233331932e-17
9.686545578378906250e+08 -9.589154792193108286e-18
9.686545578381347656e+08 -8.278277123205301271e-18
9.686545578383789062e+08 -6.935939605374053108e-18
9.686545578386230469e+08 -5.577306749774484920e-18
9.686545578388671875e+08 -4.211905167600807609e-18
9.686545578391113281e+08 -2.820660023822757533e-18
9.686545578393554688e+08 -1.427732697259529476e-18
9.686545578395996094e+08 -3.401635569470761145e-20
9.686545578398437500e+08 1.352792122867833994e-18
9.686545578400878906e+08 2.742666313761650929e-18
9.686545578403320312e+08 4.133343911560595420e-18
9.686545578405761719e+08 5.522198302163853625e-18
9.686545578408203125e+08 6.913438284336146906e-18
9.686545578410644531e+08 8.311501113135810535e-18
9.686545578413085938e+08 9.718600487367812195e-18
9.686545578415527344e+08 1.113920938046844375e-17
9.686545578417968750e+08 1.255417113006451343e-17
9.686545578420410156e+08 1.397490322745687890e-17
9.686545578422851562e+08 1.539398306419024406e-17
9.686545578425292969e+08 1.679887032024200725e-17
9.686545578427734375e+08 1.816298573465894492e-17
9.686545578430175781e+08 1.954544547144847929e-17
9.686545578432617188e+08 2.089496306218394196e-17
9.686545578435058594e+08 2.224008665387848423e-17
9.686545578437500000e+08 2.356644835309614347e-17
9.686545578439941406e+08 2.489745959698527675e-17
9.686545578442382812e+08 2.622195016194428546e-17
9.686545578444824219e+08 2.753465298196584022e-17
9.686545578447265625e+08 2.884437797937580666e-17
9.686545578449707031e+08 3.012547867262944342e-17
9.686545578452148438e+08 3.140770449629024425e-17
9.686545578454589844e+08 3.264324557504321999e-17
9.686545578457031250e+08 3.385285610414414970e-17
9.686545578459472656e+08 3.503277864022240426e-17
9.686545578461914062e+08 3.618852449163467172e-17
9.686545578464355469e+08 3.731934819238051306e-17
9.686545578466796875e+08 3.842349720686478133e-17
9.686545578469238281e+08 3.951422317727774834e-17
9.686545578471679688e+08 4.059034689595685075e-17
9.686545578474121094e+08 4.163725025366587162e-17
9.686545578476562500e+08 4.266009744328499356e-17
9.686545578479003906e+08 4.365709643537652805e-17
9.686545578481445312e+08 4.462240525713733158e-17
9.686545578483886719e+08 4.553874140555407800e-17
9.686545578486328125e+08 4.640640004282079342e-17
9.686545578488769531e+08 4.726239275538048340e-17
9.686545578491210938e+08 4.804510376109367649e-17
9.686545578493652344e+08 4.881268269391344509e-17
9.686545578496093750e+08 4.953434942502070273e-17
9.686545578498535156e+08 5.023354577113439454e-17
9.686545578500976562e+08 5.091203972284513524e-17
9.686545578503417969e+08 5.153995901270980796e-17
9.686545578505859375e+08 5.214791038185569026e-17
9.686545578508300781e+08 5.270871251071555514e-17
9.686545578510742188e+08 5.322580484317268460e-17
9.686545578513183594e+08 5.369374012909281781e-17
9.686545578515625000e+08 5.410794460285582237e-17
9.686545578518066406e+08 5.447335919047244862e-17
9.686545578520507812e+08 5.480163940154262905e-17
9.686545578522949219e+08 5.507031908889567882e-17
9.686545578525390625e+08 5.531472951041180596e-17
9.686545578527832031e+08 5.551441570217254414e-17
9.686545578530273438e+08 5.568584724436545195e-17
9.686545578532714844e+08 5.581058658292971668e-17
9.686545578535156250e+08 5.590312050445219183e-17
9.686545578537597656e+08 5.594491947175762796e-17
9.686545578540039062e+08 5.593724115934726665e-17
9.686545578542480469e+08 5.588065592261282710e-17
9.686545578544921875e+08 5.575915157974607491e-17
9.686545578547363281e+08 5.559787843676019006e-17
9.686545578549804688e+08 5.538902822775195058e-17
9.686545578552246094e+08 5.512817496019227045e-17
9.686545578554687500e+08 5.482458192862897418e-17
9.686545578557128906e+08 5.449872924319528224e-17
9.686545578559570312e+08 5.412444836640249232e-17
9.686545578562011719e+08 5.372513229618636009e-17
9.686545578564453125e+08 5.327965376207383733e-17
9.686545578566894531e+08 5.279412077720899324e-17
9.686545578569335938e+08 5.225690031412915912e-17
9.686545578571777344e+08 5.166404926855959187e-17
9.686545578574218750e+08 5.103101976477557107e-17
9.686545578576660156e+08 5.034021668288673130e-17
9.686545578579101562e+08 4.961363020600717352e-17
9.686545578581542969e+08 4.884992020512234607e-17
9.686545578583984375e+08 4.804530258065326910e-17
9.686545578586425781e+08 4.721877873983178420e-17
9.686545578588867188e+08 4.636306771629515148e-17
9.686545578591308594e+08 4.547165579644013916e-17
9.686545578593750000e+08 4.454816335288979493e-17
9.686545578596191406e+08 4.359335384613972662e-17
9.686545578598632812e+08 4.259132968550689983e-17
9.686545578601074219e+08 4.154309464722463548e-17
9.686545578603515625e+08 4.046717230027939943e-17
9.686545578605957031e+08 3.934190176914662994e-17
9.686545578608398438e+08 3.818875512458069836e-17
9.686545578610839844e+08 3.701324998188739911e-17
9.686545578613281250e+08 3.580996480884460275e-17
9.686545578615722656e+08 3.459182667681010148e-17
9.686545578618164062e+08 3.335452715657975296e-17
9.686545578620605469e+08 3.209824507623366470e-17
9.686545578623046875e+08 3.082608323109182272e-17
9.686545578625488281e+08 2.951289416451602906e-17
9.686545578627929688e+08 2.819375839454697662e-17
9.686545578630371094e+08 2.682639627786918459e-17
9.686545578632812500e+08 2.543460811095257236e-17
9.686545578635253906e+08 2.402985051249875129e-17
9.686545578637695312e+08 2.260513132844761998e-17
9.686545578640136719e+08 2.116164068926385909e-17
9.686545578642578125e+08 1.971126385608199744e-17
9.686545578645019531e+08 1.826703510267885938e-17
9.686545578647460938e+08 1.680260283932073126e-17
9.686545578649902344e+08 1.535396284858229199e-17
9.686545578652343750e+08 1.387020673763970955e-17
9.686545578654785156e+08 1.240801518470054369e-17
9.686545578657226562e+08 1.090438801899663958e-17
9.686545578659667969e+08 9.395818762743826257e-18
9.686545578662109375e+08 7.878090931360127428e-18
9.686545578664550781e+08 6.356210315800838811e-18
9.686545578666992188e+08 4.820891765767818102e-18
9.686545578669433594e+08 3.294437012690522108e-18
9.686545578671875000e+08 1.782712718871487140e-18
9.686545578674316406e+08 2.704920025966226551e-19
9.686545578676757812e+08 -1.223325297481062057e-18
9.686545578679199219e+08 -2.708726095562999577e-18
9.686545578681640625e+08 -4.185178079061646581e-18
9.686545578684082031e+08 -5.661172251804587532e-18
9.686545578686523438e+08 -7.147225614114312698e-18
9.686545578688964844e+08 -8.612996447747757710e-18
9.686545578691406250e+08 -1.009866409469382989e-17
9.686545578693847656e+08 -1.156418012798362019e-17
9.686545578696289062e+08 -1.301652966880079111e-17
9.686545578698730469e+08 -1.445785382509966273e-17
9.686545578701171875e+08 -1.585823449447992137e-17
9.686545578703613281e+08 -1.726897156938806385e-17
9.686545578706054688e+08 -1.862191369558661664e-17
9.686545578708496094e+08 -1.997592947283205143e-17
9.686545578710937500e+08 -2.129589817438183718e-17
9.686545578713378906e+08 -2.261810679405149134e-17
9.686545578715820312e+08 -2.390447121728598137e-17
9.686545578718261719e+08 -2.520709645493626366e-17
9.686545578720703125e+08 -2.648327178632356050e-17
9.686545578723144531e+08 -2.773315256131971948e-17
9.686545578725585938e+08 -2.897080431422500563e-17
9.686545578728027344e+08 -3.015378737423128002e-17
9.686545578730468750e+08 -3.133735052655119804e-17
9.686545578732910156e+08 -3.245909004139648555e-17
9.686545578735351562e+08 -3.355635200465748098e-17
9.686545578737792969e+08 -3.462997821638094385e-17
9.686545578740234375e+08 -3.568008477244674073e-17
9.686545578742675781e+08 -3.668513632299479583e-17
9.686545578745117188e+08 -3.769469558827599902e-17
9.686545578747558594e+08 -3.867295865673407097e-17
9.686545578750000000e+08 -3.962043227260055133e-17
9.686545578752441406e+08 -4.054580588187227541e-17
9.686545578754882812e+08 -4.144761399794961240e-17
9.686545578757324219e+08 -4.229345142595504305e-17
9.686545578759765625e+08 -4.310283407964117245e-17
9.686545578762207031e+08 -4.389335566151533254e-17
9.686545578764648438e+08 -4.461602546213381641e-17
9.686545578767089844e+08 -4.531788947955084209e-17
9.686545578769531250e+08 -4.598106382181302483e-17
9.686545578771972656e+08 -4.663258931027075318e-17
9.686545578774414062e+08 -4.724134049827861400e-17
9.686545578776855469e+08 -4.782901638631405242e-17
9.686545578779296875e+08 -4.838260817876063827e-17
9.686545578781738281e+08 -4.890865141042929136e-17
9.686545578784179688e+08 -4.939506944914531929e-17
9.686545578786621094e+08 -4.982797953230985390e-17
9.686545578789062500e+08 -5.024271924325102246e-17
9.686545578791503906e+08 -5.060045365851385059e-17
9.686545578793945312e+08 -5.090324330683831234e-17
9.686545578796386719e+08 -5.118610920731927354e-17
9.686545578798828125e+08 -5.143563800093183958e-17
9.686545578801269531e+08 -5.163902443852940564e-17
9.686545578803710938e+08 -5.182134066700874353e-17
9.686545578806152344e+08 -5.198402482161604699e-17
9.686545578808593750e+08 -5.210379096438123050e-17
9.686545578811035156e+08 -5.218672409587966477e-17
9.686545578813476562e+08 -5.224203358175782581e-17
9.686545578815917969e+08 -5.224355616838779112e-17
9.686545578818359375e+08 -5.221623040548764659e-17
9.686545578820800781e+08 -5.213349095080790711e-17
9.686545578823242188e+08 -5.199710571852080174e-17
9.686545578825683594e+08 -5.184820624904150016e-17
9.686545578828125000e+08 -5.164568417258246932e-17
9.686545578830566406e+08 -5.142617044084771611e-17
9.686545578833007812e+08 -5.116497469924067233e-17
9.686545578835449219e+08 -5.089429217491039963e-17
9.686545578837890625e+08 -5.058435880025694004e-17
9.686545578840332031e+08 -5.023282370246783491e-17
9.686545578842773438e+08 -4.986190661406999444e-17
9.686545578845214844e+08 -4.942330870117382973e-17
9.686545578847656250e+08 -4.895890865969353692e-17
9.686545578850097656e+08 -4.845191693379316568e-17
9.686545578852539062e+08 -4.788661752026751817e-17
9.686545578854980469e+08 -4.730774858402162895e-17
9.686545578857421875e+08 -4.669731858509944538e-17
9.686545578859863281e+08 -4.605525575318305670e-17
9.686545578862304688e+08 -4.538176588304638605e-17
9.686545578864746094e+08 -4.470103648247411255e-17
9.686545578867187500e+08 -4.398264620884197712e-17
9.686545578869628906e+08 -4.322366584484284071e-17
9.686545578872070312e+08 -4.243778937861074232e-17
9.686545578874511719e+08 -4.161039370709053011e-17
9.686545578876953125e+08 -4.075289185971917238e-17
9.686545578879394531e+08 -3.984003155912272426e-17
9.686545578881835938e+08 -3.890732124595783534e-17
9.686545578884277344e+08 -3.793757553551065636e-17
9.686545578886718750e+08 -3.694854878581242153e-17
9.686545578889160156e+08 -3.593526567794997115e-17
9.686545578891601562e+08 -3.490842620238128326e-17
9.686545578894042969e+08 -3.385793005170951795e-17
9.686545578896484375e+08 -3.277533741678372350e-17
9.686545578898925781e+08 -3.166545729180492988e-17
9.686545578901367188e+08 -3.053095880528127687e-17
9.686545578903808594e+08 -2.936833547924273223e-17
9.686545578906250000e+08 -2.815857440734069223e-17
9.686545578908691406e+08 -2.692957689932794329e-17
9.686545578911132812e+08 -2.566972620754910797e-17
9.686545578913574219e+08 -2.439436221664371816e-17
9.686545578916015625e+08 -2.309339034481784031e-17
9.686545578918457031e+08 -2.178005708295738119e-17
9.686545578920898438e+08 -2.046043291789229729e-17
9.686545578923339844e+08 -1.911584867680918794e-17
9.686545578925781250e+08 -1.776915402708700626e-17
9.686545578928222656e+08 -1.638841328531397305e-17
9.686545578930664062e+08 -1.498926830586384111e-17
9.686545578933105469e+08 -1.357455283420104677e-17
9.686545578935546875e+08 -1.212953397498818703e-17
9.686545578937988281e+08 -1.065797350703344807e-17
9.686545578940429688e+08 -9.181562274195688297e-18
9.686545578942871094e+08 -7.680346585605222815e-18
9.686545578945312500e+08 -6.186755385702922822e-18
9.686545578947753906e+08 -4.679035273775150292e-18
9.686545578950195312e+08 -3.169036422568257511e-18
9.686545578952636719e+08 -1.659584143873849084e-18
9.686545578955078125e+08 -1.402809157572139417e-19
9.686545578957519531e+08 1.390334014425829070e-18
9.686545578959960938e+08 2.937060475300820505e-18
9.686545578962402344e+08 4.485433644858664235e-18
9.686545578964843750e+08 6.043815518562881152e-18
9.686545578967285156e+08 7.627819383265431826e-18
9.686545578969726562e+08 9.200743875341008088e-18
9.686545578972167969e+08 1.077736624690346601e-17
9.686545578974609375e+08 1.235312520880430742e-17
9.686545578977050781e+08 1.392516664110919448e-17
9.686545578979492188e+08 1.545999624734294706e-17
9.686545578981933594e+08 1.700303653420552602e-17
9.686545578984375000e+08 1.855817970534302081e-17
9.686545578986816406e+08 2.008526656284844115e-17
9.686545578989257812e+08 2.161884735479826973e-17
9.686545578991699219e+08 2.315166265582482287e-17
9.686545578994140625e+08 2.468140842156797439e-17
9.686545578996582031e+08 2.621636322939928113e-17
9.686545578999023438e+08 2.772478000223437103e-17
9.686545579001464844e+08 2.921860573748524345e-17
9.686545579003906250e+08 3.071195404707130142e-17
9.686545579006347656e+08 3.216761718541595712e-17
9.686545579008789062e+08 3.359332588093554207e-17
9.686545579011230469e+08 3.500708198044673766e-17
9.686545579013671875e+08 3.639499339794786286e-17
9.686545579016113281e+08 3.777815479605367029e-17
9.686545579018554688e+08 3.913836392509104140e-17
9.686545579020996094e+08 4.047310283077776259e-17
9.686545579023437500e+08 4.180878421745524995e-17
9.686545579025878906e+08 4.311640981887141415e-17
9.686545579028320312e+08 4.439708765620618583e-17
9.686545579030761719e+08 4.564650075153201463e-17
9.686545579033203125e+08 4.686799104610659368e-17
9.686545579035644531e+08 4.804488765469889755e-17
9.686545579038085938e+08 4.919078750370993672e-17
9.686545579040527344e+08 5.028794361380307242e-17
9.686545579042968750e+08 5.137776017813618051e-17
9.686545579045410156e+08 5.241859992828540323e-17
9.686545579047851562e+08 5.343941602572106324e-17
9.686545579050292969e+08 5.442384310335744387e-17
9.686545579052734375e+08 5.538118271467964157e-17
9.686545579055175781e+08 5.631298316294670160e-17
9.686545579057617188e+08 5.719281832383835335e-17
9.686545579060058594e+08 5.803891514312056937e-17
9.686545579062500000e+08 5.884517398344769739e-17
9.686545579064941406e+08 5.958817511109778955e-17
9.686545579067382812e+08 6.028697522597066502e-17
9.686545579069824219e+08 6.094838651366258670e-17
9.686545579072265625e+08 6.156716270286842609e-17
9.686545579074707031e+08 6.213781361781582568e-17
9.686545579077148438e+08 6.268212985883498134e-17
9.686545579079589844e+08 6.317166681429905856e-17
9.686545579082031250e+08 6.363363554784014347e-17
9.686545579084472656e+08 6.405415672926351070e-17
9.686545579086914062e+08 6.441186186872223797e-17
9.686545579089355469e+08 6.473928443245209730e-17
9.686545579091796875e+08 6.500881942150753956e-17
9.686545579094238281e+08 6.521108930359305503e-17
9.686545579096679688e+08 6.537035967356869131e-17
9.686545579099121094e+08 6.546633608036965030e-17
9.686545579101562500e+08 6.552930634977853273e-17
9.686545579104003906e+08 6.554128863790862476e-17
9.686545579106445312e+08 6.550809735751489647e-17
9.686545579108886719e+08 6.543802084171541998e-17
9.686545579111328125e+08 6.532199238933946055e-17
9.686545579113769531e+08 6.515842961783573731e-17
9.686545579116210938e+08 6.494233296778470559e-17
9.686545579118652344e+08 6.468138817268452846e-17
9.686545579121093750e+08 6.436175758917472623e-17
9.686545579123535156e+08 6.398399487739368691e-17
9.686545579125976562e+08 6.354918840390390835e-17
9.686545579128417969e+08 6.306253522779008985e-17
9.686545579130859375e+08 6.254699837441089721e-17
9.686545579133300781e+08 6.197280786350539092e-17
9.686545579135742188e+08 6.135535081672016820e-17
9.686545579138183594e+08 6.070932877547145777e-17
9.686545579140625000e+08 6.001594987684929856e-17
9.686545579143066406e+08 5.927453189472903875e-17
9.686545579145507812e+08 5.848750368341394765e-17
9.686545579147949219e+08 5.765760366242886812e-17
9.686545579150390625e+08 5.677475038564420981e-17
9.686545579152832031e+08 5.583469730154916294e-17
9.686545579155273438e+08 5.484975611615026095e-17
9.686545579157714844e+08 5.382548316392081689e-17
9.686545579160156250e+08 5.275208044250153039e-17
9.686545579162597656e+08 5.165384459426078539e-17
9.686545579165039062e+08 5.052101044260326300e-17
9.686545579167480469e+08 4.934628506833742428e-17
9.686545579169921875e+08 4.815637503757581962e-17
9.686545579172363281e+08 4.690908224196748629e-17
9.686545579174804688e+08 4.562889085213560270e-17
9.686545579177246094e+08 4.432344275526995422e-17
9.686545579179687500e+08 4.296411164134098861e-17
9.686545579182128906e+08 4.156049305376563353e-17
9.686545579184570312e+08 4.013220259726136892e-17
9.686545579187011719e+08 3.867245570902880111e-17
9.686545579189453125e+08 3.718649762154269833e-17
9.686545579191894531e+08 3.566840380677925564e-17
9.686545579194335938e+08 3.413434818948367137e-17
9.686545579196777344e+08 3.257468680183062937e-17
9.686545579199218750e+08 3.100891600176530103e-17
9.686545579201660156e+08 2.939485405686951420e-17
9.686545579204101562e+08 2.776777840026904273e-17
9.686545579206542969e+08 2.613684566554828149e-17
9.686545579208984375e+08 2.444574257738836193e-17
9.686545579211425781e+08 2.274018415752851572e-17
9.686545579213867188e+08 2.102188739854462031e-17
9.686545579216308594e+08 1.927453794158407662e-17
9.686545579218750000e+08 1.753200166548370358e-17
9.686545579221191406e+08 1.577107302158651007e-17
9.686545579223632812e+08 1.399794087668518788e-17
9.686545579226074219e+08 1.223300682014566471e-17
9.686545579228515625e+08 1.044314927060075948e-17
9.686545579230957031e+08 8.666905469745155989e-18
9.686545579233398438e+08 6.863256686640743818e-18
9.686545579235839844e+08 5.066587183466860475e-18
9.686545579238281250e+08 3.252415605196875720e-18
9.686545579240722656e+08 1.417517722205397132e-18
9.686545579243164062e+08 -4.118496676976978073e-19
9.686545579245605469e+08 -2.241089967646958672e-18
9.686545579248046875e+08 -4.061231356324903961e-18
9.686545579250488281e+08 -5.878182112460970120e-18
9.686545579252929688e+08 -7.686434468302358086e-18
9.686545579255371094e+08 -9.495201439263263312e-18
9.686545579257812500e+08 -1.127640291765258006e-17
9.686545579260253906e+08 -1.306504558562013957e-17
9.686545579262695312e+08 -1.484054490272700247e-17
9.686545579265136719e+08 -1.660371882608318471e-17
9.686545579267578125e+08 -1.837885573238468488e-17
9.686545579270019531e+08 -2.013803469142633190e-17
9.686545579272460938e+08 -2.188586170639067811e-17
9.686545579274902344e+08 -2.361677007902225972e-17
9.686545579277343750e+08 -2.533002983373980891e-17
9.686545579279785156e+08 -2.702258855588015169e-17
9.686545579282226562e+08 -2.869083244641631662e-17
9.686545579284667969e+08 -3.033385852691731563e-17
9.686545579287109375e+08 -3.195695001327557998e-17
9.686545579289550781e+08 -3.355800745199691247e-17
9.686545579291992188e+08 -3.513759993985166415e-17
9.686545579294433594e+08 -3.668591963630612520e-17
9.686545579296875000e+08 -3.824579823870970561e-17
9.686545579299316406e+08 -3.976888841819774468e-17
9.686545579301757812e+08 -4.125995803948454337e-17
9.686545579304199219e+08 -4.272656046186012252e-17
9.686545579306640625e+08 -4.416961260663085278e-17
9.686545579309082031e+08 -4.556739842816251866e-17
9.686545579311523438e+08 -4.693559514415550139e-17
9.686545579313964844e+08 -4.827215039230700632e-17
9.686545579316406250e+08 -4.956916468054716474e-17
9.686545579318847656e+08 -5.084140036440951705e-17
9.686545579321289062e+08 -5.206684027142462572e-17
9.686545579323730469e+08 -5.328575380036897780e-17
9.686545579326171875e+08 -5.445939537509858353e-17
9.686545579328613281e+08 -5.561108059305121526e-17
9.686545579331054688e+08 -5.671690223525739592e-17
9.686545579333496094e+08 -5.778609091737437059e-17
9.686545579335937500e+08 -5.881660195431871439e-17
9.686545579338378906e+08 -5.980158385174788724e-17
9.686545579340820312e+08 -6.075473617394713924e-17
9.686545579343261719e+08 -6.165559249993413487e-17
9.686545579345703125e+08 -6.251119858852415173e-17
9.686545579348144531e+08 -6.333135715736606839e-17
9.686545579350585938e+08 -6.410463949222490231e-17
9.686545579353027344e+08 -6.484662358538129526e-17
9.686545579355468750e+08 -6.555848073307638629e-17
9.686545579357910156e+08 -6.622952430783902544e-17
9.686545579360351562e+08 -6.686094294438916775e-17
9.686545579362792969e+08 -6.742574633125810388e-17
9.686545579365234375e+08 -6.796336356690800660e-17
9.686545579367675781e+08 -6.845062502304146235e-17
9.686545579370117188e+08 -6.889005116274436582e-17
9.686545579372558594e+08 -6.926633534133542604e-17
9.686545579375000000e+08 -6.960749223962109410e-17
9.686545579377441406e+08 -6.991316299255898917e-17
9.686545579379882812e+08 -7.014870139007608651e-17
9.686545579382324219e+08 -7.036463358640835745e-17
9.686545579384765625e+08 -7.053807800900669054e-17
9.686545579387207031e+08 -7.067142840133547225e-17
9.686545579389648438e+08 -7.074703041289161774e-17
9.686545579392089844e+08 -7.077148458000955976e-17
9.686545579394531250e+08 -7.076459132999452810e-17
9.686545579396972656e+08 -7.067203046686837133e-17
9.686545579399414062e+08 -7.056178235158285268e-17
9.686545579401855469e+08 -7.038587894824527987e-17
9.686545579404296875e+08 -7.016012648559415205e-17
9.686545579406738281e+08 -6.989226093672769274e-17
9.686545579409179688e+08 -6.956734306936761798e-17
9.686545579411621094e+08 -6.922041165060179142e-17
9.686545579414062500e+08 -6.882670769012216118e-17
9.686545579416503906e+08 -6.838303061443404435e-17
9.686545579418945312e+08 -6.789129527140414889e-17
9.686545579421386719e+08 -6.734344245163205081e-17
9.686545579423828125e+08 -6.675208910178997522e-17
9.686545579426269531e+08 -6.610676822741600533e-17
9.686545579428710938e+08 -6.541695839838666545e-17
9.686545579431152344e+08 -6.467715200660027135e-17
9.686545579433593750e+08 -6.388366268889712780e-17
9.686545579436035156e+08 -6.305257712794915003e-17
9.686545579438476562e+08 -6.216786867638694826e-17
9.686545579440917969e+08 -6.125918974069792618e-17
9.686545579443359375e+08 -6.029704910127818586e-17
9.686545579445800781e+08 -5.931199271022497990e-17
9.686545579448242188e+08 -5.825488091538669421e-17
9.686545579450683594e+08 -5.715800336421456599e-17
9.686545579453125000e+08 -5.602058529455222054e-17
9.686545579455566406e+08 -5.483131902256077818e-17
9.686545579458007812e+08 -5.359870649876438689e-17
9.686545579460449219e+08 -5.232551122602021129e-17
9.686545579462890625e+08 -5.100994149295177952e-17
9.686545579465332031e+08 -4.964655902906064247e-17
9.686545579467773438e+08 -4.824847098016749502e-17
9.686545579470214844e+08 -4.682023109050603494e-17
9.686545579472656250e+08 -4.536492901965625452e-17
9.686545579475097656e+08 -4.386015443255549731e-17
9.686545579477539062e+08 -4.231886209722967718e-17
9.686545579479980469e+08 -4.073692813269956171e-17
9.686545579482421875e+08 -3.911792313626060052e-17
9.686545579484863281e+08 -3.746008936766470783e-17
9.686545579487304688e+08 -3.576855453540471603e-17
9.686545579489746094e+08 -3.405581545036014291e-17
9.686545579492187500e+08 -3.227363025059209873e-17
9.686545579494628906e+08 -3.049313828121219551e-17
9.686545579497070312e+08 -2.866963530376514981e-17
9.686545579499511719e+08 -2.683206359227932708e-17
9.686545579501953125e+08 -2.497041994162317472e-17
9.686545579504394531e+08 -2.308411569370510001e-17
9.686545579506835938e+08 -2.116149728358895588e-17
9.686545579509277344e+08 -1.920847381138882208e-17
9.686545579511718750e+08 -1.723780536481088413e-17
9.686545579514160156e+08 -1.524690007867740150e-17
9.686545579516601562e+08 -1.321524909240650194e-17
9.686545579519042969e+08 -1.118443102298468800e-17
9.686545579521484375e+08 -9.117859748388826172e-18
9.686545579523925781e+08 -7.037206996171333945e-18
9.686545579526367188e+08 -4.948445005129790846e-18
9.686545579528808594e+08 -2.841896013763557333e-18
9.686545579531250000e+08 -7.485295721718088261e-19
9.686545579533691406e+08 1.369269665715799247e-18
9.686545579536132812e+08 3.505968598167585573e-18
9.686545579538574219e+08 5.648085632563821287e-18
9.686545579541015625e+08 7.793954663058469087e-18
9.686545579543457031e+08 9.952906743757271994e-18
9.686545579545898438e+08 1.212349614470974057e-17
9.686545579548339844e+08 1.428330104499476135e-17
9.686545579550781250e+08 1.645572815932335854e-17
9.686545579553222656e+08 1.862603132553774256e-17
9.686545579555664062e+08 2.078407710291623032e-17
9.686545579558105469e+08 2.293721452563351877e-17
9.686545579560546875e+08 2.506656093651730085e-17
9.686545579562988281e+08 2.721222233683119966e-17
9.686545579565429688e+08 2.933924138972737662e-17
9.686545579567871094e+08 3.144717659788626152e-17
9.686545579570312500e+08 3.357607113834896639e-17
9.686545579572753906e+08 3.566035048470065178e-17
9.686545579575195312e+08 3.774714427178328184e-17
9.686545579577636719e+08 3.981014978332438634e-17
9.686545579580078125e+08 4.186569021393715702e-17
9.686545579582519531e+08 4.388953041727637109e-17
9.686545579584960938e+08 4.588939840723890943e-17
9.686545579587402344e+08 4.785236085569819077e-17
9.686545579589843750e+08 4.978515432721259482e-17
9.686545579592285156e+08 5.170719187479746621e-17
9.686545579594726562e+08 5.359506390421209447e-17
9.686545579597167969e+08 5.545296194027650487e-17
9.686545579599609375e+08 5.729345688832119474e-17
9.686545579602050781e+08 5.907401575337088715e-17
9.686545579604492188e+08 6.083310939730133365e-17
9.686545579606933594e+08 6.256140038815404776e-17
9.686545579609375000e+08 6.424273626041974076e-17
9.686545579611816406e+08 6.589178640620886398e-17
9.686545579614257812e+08 6.748864714200527995e-17
9.686545579616699219e+08 6.903747844324811544e-17
9.686545579619140625e+08 7.052746528599332157e-17
9.686545579621582031e+08 7.198926687122238786e-17
9.686545579624023438e+08 7.341506531291910096e-17
9.686545579626464844e+08 7.477319130782152969e-17
9.686545579628906250e+08 7.609325214558910307e-17
9.686545579631347656e+08 7.734950281965329742e-17
9.686545579633789062e+08 7.856875680734671163e-17
9.686545579636230469e+08 7.972098707446906256e-17
9.686545579638671875e+08 8.083702687442408568e-17
9.686545579641113281e+08 8.188640338826920459e-17
9.686545579643554688e+08 8.286502451355492499e-17
9.686545579645996094e+08 8.378884620152911952e-17
9.686545579648437500e+08 8.464848607369576921e-17
9.686545579650878906e+08 8.546078915292560278e-17
9.686545579653320312e+08 8.620225016169867670e-17
9.686545579655761719e+08 8.688334386112225852e-17
9.686545579658203125e+08 8.750723862847534421e-17
9.686545579660644531e+08 8.806443075388787745e-17
9.686545579663085938e+08 8.855724344939350220e-17
9.686545579665527344e+08 8.899325595538043021e-17
9.686545579667968750e+08 8.936274717564322087e-17
9.686545579670410156e+08 8.966367196579107746e-17
9.686545579672851562e+08 8.988800758354238499e-17
9.686545579675292969e+08 9.004245606975586502e-17
9.686545579677734375e+08 9.013231872649625799e-17
9.686545579680175781e+08 9.015697032499088313e-17
9.686545579682617188e+08 9.011364594625981542e-17
9.686545579685058594e+08 9.001420009647124510e-17
9.686545579687500000e+08 8.983834124281897385e-17
9.686545579689941406e+08 8.957800966708458207e-17
9.686545579692382812e+08 8.927966805873100387e-17
9.686545579694824219e+08 8.890741479074253697e-17
9.686545579697265625e+08 8.846150581749701158e-17
9.686545579699707031e+08 8.794560320843996967e-17
9.686545579702148438e+08 8.736183064997614420e-17
9.686545579704589844e+08 8.670298047794301721e-17
9.686545579707031250e+08 8.598113427117504495e-17
9.686545579709472656e+08 8.519924152505935239e-17
9.686545579711914062e+08 8.435221659791489989e-17
9.686545579714355469e+08 8.343673352612963442e-17
9.686545579716796875e+08 8.245927027514479451e-17
9.686545579719238281e+08 8.141711342694050686e-17
9.686545579721679688e+08 8.031855944342530643e-17
9.686545579724121094e+08 7.915676879586309452e-17
9.686545579726562500e+08 7.792300515907119422e-17
9.686545579729003906e+08 7.664817519531157558e-17
9.686545579731445312e+08 7.529114037055269654e-17
9.686545579733886719e+08 7.387635356275051041e-17
9.686545579736328125e+08 7.241059606206055113e-17
9.686545579738769531e+08 7.089256033934859663e-17
9.686545579741210938e+08 6.931921177622548529e-17
9.686545579743652344e+08 6.769347382877847234e-17
9.686545579746093750e+08 6.601546692885108542e-17
9.686545579748535156e+08 6.427071034727461810e-17
9.686545579750976562e+08 6.249624025088546816e-17
9.686545579753417969e+08 6.067757352594622186e-17
9.686545579755859375e+08 5.879302895619336250e-17
9.686545579758300781e+08 5.687828541013032531e-17
9.686545579760742188e+08 5.490416315990051750e-17
9.686545579763183594e+08 5.288728261276881640e-17
9.686545579765625000e+08 5.083998045094351226e-17
9.686545579768066406e+08 4.874165445055414136e-17
9.686545579770507812e+08 4.662202593997347222e-17
9.686545579772949219e+08 4.445548419439065185e-17
9.686545579775390625e+08 4.226091560958114362e-17
9.686545579777832031e+08 4.001400467577005952e-17
9.686545579780273438e+08 3.776106459302327112e-17
9.686545579782714844e+08 3.547714249854340744e-17
9.686545579785156250e+08 3.315816543517420918e-17
9.686545579787597656e+08 3.081744868786368012e-17
9.686545579790039062e+08 2.843884308271730041e-17
9.686545579792480469e+08 2.604289266352256731e-17
9.686545579794921875e+08 2.362763710207873767e-17
9.686545579797363281e+08 2.120687298992393828e-17
9.686545579799804688e+08 1.876680675175767796e-17
9.686545579802246094e+08 1.629766659519187715e-17
9.686545579804687500e+08 1.383043126579950087e-17
9.686545579807128906e+08 1.134387424485922077e-17
9.686545579809570312e+08 8.848056196765905153e-18
9.686545579812011719e+08 6.349328978826423533e-18
9.686545579814453125e+08 3.858769552284367373e-18
9.686545579816894531e+08 1.347701037018715321e-18
9.686545579819335938e+08 -1.178234365878991641e-18
9.686545579821777344e+08 -3.681482025723427098e-18
9.686545579824218750e+08 -6.188546117180086423e-18
9.686545579826660156e+08 -8.697496255562707409e-18
9.686545579829101562e+08 -1.119029941392221044e-17
9.686545579831542969e+08 -1.368309618822189425e-17
9.686545579833984375e+08 -1.616858978392915289e-17
9.686545579836425781e+08 -1.863946834893040419e-17
9.686545579838867188e+08 -2.109404930849777072e-17
9.686545579841308594e+08 -2.353225188470850361e-17
9.686545579843750000e+08 -2.594728646088767414e-17
9.686545579846191406e+08 -2.836152010950802911e-17
9.686545579848632812e+08 -3.075230472565373068e-17
9.686545579851074219e+08 -3.312197818252202770e-17
9.686545579853515625e+08 -3.545680621508668918e-17
9.686545579855957031e+08 -3.777455189849131812e-17
9.686545579858398438e+08 -4.005663976628025884e-17
9.686545579860839844e+08 -4.231398726188899243e-17
9.686545579863281250e+08 -4.455435422520500510e-17
9.686545579865722656e+08 -4.675427661806354314e-17
9.686545579868164062e+08 -4.891695106214074000e-17
9.686545579870605469e+08 -5.104223792516773103e-17
9.686545579873046875e+08 -5.313483146997979138e-17
9.686545579875488281e+08 -5.520154841840826019e-17
9.686545579877929688e+08 -5.721732650197156215e-17
9.686545579880371094e+08 -5.919753845378496595e-17
9.686545579882812500e+08 -6.114135848557401728e-17
9.686545579885253906e+08 -6.301944026394420729e-17
9.686545579887695312e+08 -6.487377379549973978e-17
9.686545579890136719e+08 -6.667495626138156357e-17
9.686545579892578125e+08 -6.843709837158653092e-17
9.686545579895019531e+08 -7.014654477068879366e-17
9.686545579897460938e+08 -7.179686783441084590e-17
9.686545579899902344e+08 -7.341108453136969307e-17
9.686545579902343750e+08 -7.494963491376476466e-17
9.686545579904785156e+08 -7.646187451709345640e-17
9.686545579907226562e+08 -7.791037941463848417e-17
9.686545579909667969e+08 -7.930098954068186365e-17
9.686545579912109375e+08 -8.063245720353697969e-17
9.686545579914550781e+08 -8.191064796393770489e-17
9.686545579916992188e+08 -8.313933305234325099e-17
9.686545579919433594e+08 -8.430084851101957258e-17
9.686545579921875000e+08 -8.541579882392339881e-17
9.686545579924316406e+08 -8.645244733048245190e-17
9.686545579926757812e+08 -8.743789166835816377e-17
9.686545579929199219e+08 -8.835896295317286602e-17
9.686545579931640625e+08 -8.920747697441544099e-17
9.686545579934082031e+08 -9.001531473430444810e-17
9.686545579936523438e+08 -9.074814762337791577e-17
9.686545579938964844e+08 -9.140836506345535625e-17
9.686545579941406250e+08 -9.201612472230063280e-17
9.686545579943847656e+08 -9.253910608009535678e-17
9.686545579946289062e+08 -9.301369689711286247e-17
9.686545579948730469e+08 -9.342032031140326292e-17
9.686545579951171875e+08 -9.376707456415208413e-17
9.686545579953613281e+08 -9.403369447313908842e-17
9.686545579956054688e+08 -9.423392409772943183e-17
9.686545579958496094e+08 -9.437025029722306506e-17
9.686545579960937500e+08 -9.442585798917016433e-17
9.686545579963378906e+08 -9.444037985328234166e-17
9.686545579965820312e+08 -9.436852595336272298e-17
9.686545579968261719e+08 -9.423043238739215271e-17
9.686545579970703125e+08 -9.402413683026212479e-17
9.686545579973144531e+08 -9.373909236002305312e-17
9.686545579975585938e+08 -9.339730494312627548e-17
9.686545579978027344e+08 -9.299305433452951339e-17
9.686545579980468750e+08 -9.252241527853371439e-17
9.686545579982910156e+08 -9.196669620687786453e-17
9.686545579985351562e+08 -9.135469748346707795e-17
9.686545579987792969e+08 -9.066602784464572679e-17
9.686545579990234375e+08 -8.992173134817418208e-17
9.686545579992675781e+08 -8.910109891999123725e-17
9.686545579995117188e+08 -8.821977426543005322e-17
9.686545579997558594e+08 -8.726979498638292813e-17
9.686545580000000000e+08 -8.624966295709540136e-17
9.686545580002441406e+08 -8.515480661275642817e-17
9.686545580004882812e+08 -8.401560262452951886e-17
9.686545580007324219e+08 -8.281169778913068457e-17
9.686545580009765625e+08 -8.153660571378507159e-17
9.686545580012207031e+08 -8.020794196192322881e-17
9.686545580014648438e+08 -7.880161115827636856e-17
9.686545580017089844e+08 -7.734302938087848039e-17
9.686545580019531250e+08 -7.581317258568364480e-17
9.686545580021972656e+08 -7.423271703160515172e-17
9.686545580024414062e+08 -7.259177015207195993e-17
9.686545580026855469e+08 -7.089419143957009319e-17
9.686545580029296875e+08 -6.912934698374804580e-17
9.686545580031738281e+08 -6.731394569082995718e-17
9.686545580034179688e+08 -6.544967965989516061e-17
9.686545580036621094e+08 -6.354376858773708522e-17
9.686545580039062500e+08 -6.157670213584784956e-17
9.686545580041503906e+08 -5.955205158713874088e-17
9.686545580043945312e+08 -5.747765704604301748e-17
9.686545580046386719e+08 -5.535102285761783609e-17
9.686545580048828125e+08 -5.318120213166044517e-17
9.686545580051269531e+08 -5.096913529371587295e-17
9.686545580053710938e+08 -4.869867806303152351e-17
9.686545580056152344e+08 -4.639131715778209726e-17
9.686545580058593750e+08 -4.404718167343344572e-17
9.686545580061035156e+08 -4.165233111795312966e-17
9.686545580063476562e+08 -3.924180338522168822e-17
9.686545580065917969e+08 -3.678100717550203004e-17
9.686545580068359375e+08 -3.429056548576241559e-17
9.686545580070800781e+08 -3.177218889335855526e-17
9.686545580073242188e+08 -2.919967104420059512e-17
9.686545580075683594e+08 -2.660724217316259458e-17
9.686545580078125000e+08 -2.398353412009927560e-17
9.686545580080566406e+08 -2.133520146198850805e-17
9.686545580083007812e+08 -1.866285339078774498e-17
9.686545580085449219e+08 -1.596791377932940801e-17
9.686545580087890625e+08 -1.325394441537575130e-17
9.686545580090332031e+08 -1.051161684578226881e-17
9.686545580092773438e+08 -7.778216517860685635e-18
9.686545580095214844e+08 -5.019313947345394292e-18
9.686545580097656250e+08 -2.244048875027458351e-18
9.686545580100097656e+08 5.401448877699271929e-19
9.686545580102539062e+08 3.332503771667224831e-18
9.686545580104980469e+08 6.139045890394049701e-18
9.686545580107421875e+08 8.949397821610770234e-18
9.686545580109863281e+08 1.174393269631572909e-17
9.686545580112304688e+08 1.455448345233995019e-17
9.686545580114746094e+08 1.737128624759988640e-17
9.686545580117187500e+08 2.016584393175305261e-17
9.686545580119628906e+08 2.296221989079715796e-17
9.686545580122070312e+08 2.573777181459095545e-17
9.686545580124511719e+08 2.850705782896430339e-17
9.686545580126953125e+08 3.125454560957851256e-17
9.686545580129394531e+08 3.399339893766050290e-17
9.686545580131835938e+08 3.672410169567644389e-17
9.686545580134277344e+08 3.942624057156118735e-17
9.686545580136718750e+08 4.210558382041987062e-17
9.686545580139160156e+08 4.476724373811718629e-17
9.686545580141601562e+08 4.739574146175771062e-17
9.686545580144042969e+08 5.000047386111161311e-17
9.686545580146484375e+08 5.257297017815580895e-17
9.686545580148925781e+08 5.511877236344306986e-17
9.686545580151367188e+08 5.760697902397069224e-17
9.686545580153808594e+08 6.005552924540185058e-17
9.686545580156250000e+08 6.247460613083975380e-17
9.686545580158691406e+08 6.484426985921027340e-17
9.686545580161132812e+08 6.718225807395420538e-17
9.686545580163574219e+08 6.947351187127573252e-17
9.686545580166015625e+08 7.171354394164886467e-17
9.686545580168457031e+08 7.390495457197955233e-17
9.686545580170898438e+08 7.604528255378319008e-17
9.686545580173339844e+08 7.813485964213124085e-17
9.686545580175781250e+08 8.016764252784675006e-17
9.686545580178222656e+08 8.213845824859018089e-17
9.686545580180664062e+08 8.403139300487268275e-17
9.686545580183105469e+08 8.587889286358333316e-17
9.686545580185546875e+08 8.765600376078405712e-17
9.686545580187988281e+08 8.936831992928455351e-17
9.686545580190429688e+08 9.102815095561277361e-17
9.686545580192871094e+08 9.261328889861713187e-17
9.686545580195312500e+08 9.413372294760556547e-17
9.686545580197753906e+08 9.558456683284469880e-17
9.686545580200195312e+08 9.696210987438545424e-17
9.686545580202636719e+08 9.827253013155942321e-17
9.686545580205078125e+08 9.949902860317609107e-17
9.686545580207519531e+08 1.006464844272308114e-16
9.686545580209960938e+08 1.017093690169458665e-16
9.686545580212402344e+08 1.026940050402066917e-16
9.686545580214843750e+08 1.036046465833692278e-16
9.686545580217285156e+08 1.044354113874290014e-16
9.686545580219726562e+08 1.052001124989691984e-16
9.686545580222167969e+08 1.058730882664152796e-16
9.686545580224609375e+08 1.064643752344226615e-16
9.686545580227050781e+08 1.069938790958137250e-16
9.686545580229492188e+08 1.074039233369714992e-16
9.686545580231933594e+08 1.077696344246084456e-16
9.686545580234375000e+08 1.080258647528761767e-16
9.686545580236816406e+08 1.081959686982182694e-16
9.686545580239257812e+08 1.082748452749821920e-16
9.686545580241699219e+08 1.082798025164914502e-16
9.686545580244140625e+08 1.081942229748315681e-16
9.686545580246582031e+08 1.080254380968886312e-16
9.686545580249023438e+08 1.077861490183170844e-16
9.686545580251464844e+08 1.074563400995835998e-16
9.686545580253906250e+08 1.070464894176013485e-16
9.686545580256347656e+08 1.065391761765097817e-16
9.686545580258789062e+08 1.059735383478059512e-16
9.686545580261230469e+08 1.053135268190202095e-16
9.686545580263671875e+08 1.045606712093282491e-16
9.686545580266113281e+08 1.037211890734261624e-16
9.686545580268554688e+08 1.028080993462472873e-16
9.686545580270996094e+08 1.018129204137154404e-16
9.686545580273437500e+08 1.007263959622800266e-16
9.686545580275878906e+08 9.957742156326407710e-17
9.686545580278320312e+08 9.835964835422365108e-17
9.686545580280761719e+08 9.705731030538013297e-17
9.686545580283203125e+08 9.567463753306599260e-17
9.686545580285644531e+08 9.423512567748659551e-17
9.686545580288085938e+08 9.271483881739175681e-17
9.686545580290527344e+08 9.112664337529649493e-17
9.686545580292968750e+08 8.946303272118762405e-17
9.686545580295410156e+08 8.771885721666854581e-17
9.686545580297851562e+08 8.591355506291964501e-17
9.686545580300292969e+08 8.402469721337047144e-17
9.686545580302734375e+08 8.209821775016816130e-17
9.686545580305175781e+08 8.010192399463795334e-17
9.686545580307617188e+08 7.804897969343217727e-17
9.686545580310058594e+08 7.593883049236006055e-17
9.686545580312500000e+08 7.377690920504592278e-17
9.686545580314941406e+08 7.155728020624112119e-17
9.686545580317382812e+08 6.928755102924567943e-17
9.686545580319824219e+08 6.695637908990779482e-17
9.686545580322265625e+08 6.459062251690690805e-17
9.686545580324707031e+08 6.214485135874341500e-17
9.686545580327148438e+08 5.966752117843277002e-17
9.686545580329589844e+08 5.714626500125718170e-17
9.686545580332031250e+08 5.458040743395620585e-17
9.686545580334472656e+08 5.199057305806644946e-17
9.686545580336914062e+08 4.935753086541052866e-17
9.686545580339355469e+08 4.670719708983010627e-17
9.686545580341796875e+08 4.401378066712906384e-17
9.686545580344238281e+08 4.128425141338816297e-17
9.686545580346679688e+08 3.854372971007341515e-17
9.686545580349121094e+08 3.576531916864655183e-17
9.686545580351562500e+08 3.295654624329768021e-17
9.686545580354003906e+08 3.013294569586457880e-17
9.686545580356445312e+08 2.726612925516724390e-17
9.686545580358886719e+08 2.440555599442751938e-17
9.686545580361328125e+08 2.151493258884146867e-17
9.686545580363769531e+08 1.863530448482450698e-17
9.686545580366210938e+08 1.574618683972854316e-17
9.686545580368652344e+08 1.284839345161432528e-17
9.686545580371093750e+08 9.944715023980887274e-18
9.686545580373535156e+08 7.035751959998924519e-18
9.686545580375976562e+08 4.135872261820515742e-18
9.686545580378417969e+08 1.229956551386334517e-18
9.686545580380859375e+08 -1.687537888140990631e-18
9.686545580383300781e+08 -4.596005208503338126e-18
9.686545580385742188e+08 -7.491051812444192597e-18
9.686545580388183594e+08 -1.039320098181439474e-17
9.686545580390625000e+08 -1.326583508792991452e-17
9.686545580393066406e+08 -1.611943038769594850e-17
9.686545580395507812e+08 -1.894785709729196738e-17
9.686545580397949219e+08 -2.176254320523540579e-17
9.686545580400390625e+08 -2.456199344738938871e-17
9.686545580402832031e+08 -2.732224478533317261e-17
9.686545580405273438e+08 -3.007109109377450577e-17
9.686545580407714844e+08 -3.278646467549965127e-17
9.686545580410156250e+08 -3.548352901222877737e-17
9.686545580412597656e+08 -3.816086624127845704e-17
9.686545580415039062e+08 -4.080045804849738115e-17
9.686545580417480469e+08 -4.341072156050299132e-17
9.686545580419921875e+08 -4.597751005053469640e-17
9.686545580422363281e+08 -4.850570755721333980e-17
9.686545580424804688e+08 -5.097712335965362672e-17
9.686545580427246094e+08 -5.340770310408641832e-17
9.686545580429687500e+08 -5.581224734578996063e-17
9.686545580432128906e+08 -5.815485200763079683e-17
9.686545580434570312e+08 -6.046078748639817088e-17
9.686545580437011719e+08 -6.272053168853001023e-17
9.686545580439453125e+08 -6.493428494722160094e-17
9.686545580441894531e+08 -6.711409467272041708e-17
9.686545580444335938e+08 -6.924174548428857368e-17
9.686545580446777344e+08 -7.130333877237621001e-17
9.686545580449218750e+08 -7.331697616583998316e-17
9.686545580451660156e+08 -7.526258601552977417e-17
9.686545580454101562e+08 -7.715203401707810147e-17
9.686545580456542969e+08 -7.898270802636153158e-17
9.686545580458984375e+08 -8.073993747969663616e-17
9.686545580461425781e+08 -8.245307161281155455e-17
9.686545580463867188e+08 -8.410226197111518285e-17
9.686545580466308594e+08 -8.570105938179571505e-17
9.686545580468750000e+08 -8.722717249432656729e-17
9.686545580471191406e+08 -8.871587968052234514e-17
9.686545580473632812e+08 -9.013359860724836184e-17
9.686545580476074219e+08 -9.147925221554486407e-17
9.686545580478515625e+08 -9.274787311160132497e-17
9.686545580480957031e+08 -9.395852602566874892e-17
9.686545580483398438e+08 -9.508349595440231421e-17
9.686545580485839844e+08 -9.615134379883667676e-17
9.686545580488281250e+08 -9.714715966280669829e-17
9.686545580490722656e+08 -9.806293221972330352e-17
9.686545580493164062e+08 -9.892923395064629265e-17
9.686545580495605469e+08 -9.972599373880997296e-17
9.686545580498046875e+08 -1.004570432099135172e-16
9.686545580500488281e+08 -1.011167053354313542e-16
9.686545580502929688e+08 -1.017225480872533399e-16
9.686545580505371094e+08 -1.022334788767825707e-16
9.686545580507812500e+08 -1.026868562780844315e-16
9.686545580510253906e+08 -1.030467401334827479e-16
9.686545580512695312e+08 -1.033388587728737884e-16
9.686545580515136719e+08 -1.035499238411489607e-16
9.686545580517578125e+08 -1.037020038616482215e-16
9.686545580520019531e+08 -1.037827707009383528e-16
9.686545580522460938e+08 -1.037819485543950127e-16
9.686545580524902344e+08 -1.037269063367641867e-16
9.686545580527343750e+08 -1.036045471316917315e-16
9.686545580529785156e+08 -1.034112188202777105e-16
9.686545580532226562e+08 -1.031435034313694374e-16
9.686545580534667969e+08 -1.028176369006880660e-16
9.686545580537109375e+08 -1.023960179718060590e-16
9.686545580539550781e+08 -1.019142992926054786e-16
9.686545580541992188e+08 -1.013438553936182903e-16
9.686545580544433594e+08 -1.007191771931000008e-16
9.686545580546875000e+08 -1.000126867626771466e-16
9.686545580549316406e+08 -9.923547094508187852e-17
9.686545580551757812e+08 -9.840120824381406183e-17
9.686545580554199219e+08 -9.751300929431961467e-17
9.686545580556640625e+08 -9.654219624472658650e-17
9.686545580559082031e+08 -9.553124422107299228e-17
9.686545580561523438e+08 -9.444735283718861713e-17
9.686545580563964844e+08 -9.328947058706854039e-17
9.686545580566406250e+08 -9.206117269426116108e-17
9.686545580568847656e+08 -9.076368085833196323e-17
9.686545580571289062e+08 -8.939322942645936349e-17
9.686545580573730469e+08 -8.796938078363773720e-17
9.686545580576171875e+08 -8.648484302120580420e-17
9.686545580578613281e+08 -8.492264537495549777e-17
9.686545580581054688e+08 -8.333984659230547474e-17
9.686545580583496094e+08 -8.166724408778725138e-17
9.686545580585937500e+08 -7.996832303411495496e-17
9.686545580588378906e+08 -7.820495008898958912e-17
9.686545580590820312e+08 -7.639374488968146177e-17
9.686545580593261719e+08 -7.452083101509963024e-17
9.686545580595703125e+08 -7.257960327476776770e-17
9.686545580598144531e+08 -7.057790330462065799e-17
9.686545580600585938e+08 -6.854283538137582308e-17
9.686545580603027344e+08 -6.643201179540457251e-17
9.686545580605468750e+08 -6.428741324129402526e-17
9.686545580607910156e+08 -6.209453231946257425e-17
9.686545580610351562e+08 -5.986696898108730188e-17
9.686545580612792969e+08 -5.759802800649614307e-17
9.686545580615234375e+08 -5.527569213841577481e-17
9.686545580617675781e+08 -5.294488377135776110e-17
9.686545580620117188e+08 -5.054680217638002501e-17
9.686545580622558594e+08 -4.812669053180050597e-17
9.686545580625000000e+08 -4.564007607891003414e-17
9.686545580627441406e+08 -4.311519077393933796e-17
9.686545580629882812e+08 -4.056321951988659996e-17
9.686545580632324219e+08 -3.796982828865970644e-17
9.686545580634765625e+08 -3.535213632303016770e-17
9.686545580637207031e+08 -3.271069123414337004e-17
9.686545580639648438e+08 -3.004171010313993095e-17
9.686545580642089844e+08 -2.735364883760715379e-17
9.686545580644531250e+08 -2.465291269555397157e-17
9.686545580646972656e+08 -2.192906589074393206e-17
9.686545580649414062e+08 -1.918104898349343589e-17
9.686545580651855469e+08 -1.641758978542544252e-17
9.686545580654296875e+08 -1.362147146387053911e-17
9.686545580656738281e+08 -1.079678565181652115e-17
9.686545580659179688e+08 -7.974450905917465040e-18
9.686545580661621094e+08 -5.136918174191618656e-18
9.686545580664062500e+08 -2.286267455178503393e-18
9.686545580666503906e+08 5.601113312289888309e-19
9.686545580668945312e+08 3.412690179307808561e-18
9.686545580671386719e+08 6.258360379801715867e-18
9.686545580673828125e+08 9.103997304423937987e-18
9.686545580676269531e+08 1.194578039727732736e-17
9.686545580678710938e+08 1.477291617352422423e-17
9.686545580681152344e+08 1.760782803185005088e-17
9.686545580683593750e+08 2.045187252075432038e-17
9.686545580686035156e+08 2.329084421340113236e-17
9.686545580688476562e+08 2.610889457601908820e-17
9.686545580690917969e+08 2.891645883732269279e-17
9.686545580693359375e+08 3.172412168984352151e-17
9.686545580695800781e+08 3.448153707008866890e-17
9.686545580698242188e+08 3.723220063617000044e-17
9.686545580700683594e+08 3.995166814306661202e-17
9.686545580703125000e+08 4.263946619893162730e-17
9.686545580705566406e+08 4.528763634169955096e-17
9.686545580708007812e+08 4.792028915740561947e-17
9.686545580710449219e+08 5.053557808196648386e-17
9.686545580712890625e+08 5.311229583294975096e-17
9.686545580715332031e+08 5.567366249094212077e-17
9.686545580717773438e+08 5.819732759671913144e-17
9.686545580720214844e+08 6.068108148542877960e-17
9.686545580722656250e+08 6.311726410311477752e-17
9.686545580725097656e+08 6.551212055486279978e-17
9.686545580727539062e+08 6.785128402069940560e-17
9.686545580729980469e+08 7.014488865547465498e-17
9.686545580732421875e+08 7.236608738596975672e-17
9.686545580734863281e+08 7.457015647297579303e-17
9.686545580737304688e+08 7.669394377307169134e-17
9.686545580739746094e+08 7.877337363199140556e-17
9.686545580742187500e+08 8.084008533991674497e-17
9.686545580744628906e+08 8.282341542469220144e-17
9.686545580747070312e+08 8.476331076150819255e-17
9.686545580749511719e+08 8.662854125960717301e-17
9.686545580751953125e+08 8.844574409095987255e-17
9.686545580754394531e+08 9.018011953489052773e-17
9.686545580756835938e+08 9.184370853624214087e-17
9.686545580759277344e+08 9.345059193914707438e-17
9.686545580761718750e+08 9.496351691649922522e-17
9.686545580764160156e+08 9.642481660987977972e-17
9.686545580766601562e+08 9.780806536782312001e-17
9.686545580769042969e+08 9.913240984557794410e-17
9.686545580771484375e+08 1.003981192293819422e-16
9.686545580773925781e+08 1.015894136471658645e-16
9.686545580776367188e+08 1.027113618037608169e-16
9.686545580778808594e+08 1.037523499111942849e-16
9.686545580781250000e+08 1.047123934407651618e-16
9.686545580783691406e+08 1.055813663587664233e-16
9.686545580786132812e+08 1.063811481131860490e-16
9.686545580788574219e+08 1.070843632030372367e-16
9.686545580791015625e+08 1.077200307038541885e-16
9.686545580793457031e+08 1.082477713660787530e-16
9.686545580795898438e+08 1.087337672179133054e-16
9.686545580798339844e+08 1.091198716383472229e-16
9.686545580800781250e+08 1.094469696693248290e-16
9.686545580803222656e+08 1.097017439448049302e-16
9.686545580805664062e+08 1.098618030891196923e-16
9.686545580808105469e+08 1.099452002385991339e-16
9.686545580810546875e+08 1.099333907468488847e-16
9.686545580812988281e+08 1.098334466550345774e-16
9.686545580815429688e+08 1.096592725018638800e-16
9.686545580817871094e+08 1.093828936400381009e-16
9.686545580820312500e+08 1.090279207995102547e-16
9.686545580822753906e+08 1.085996824619216472e-16
9.686545580825195312e+08 1.080722318083512783e-16
9.686545580827636719e+08 1.074921409807275871e-16
9.686545580830078125e+08 1.068401271782614807e-16
9.686545580832519531e+08 1.061014685225975150e-16
9.686545580834960938e+08 1.052899636320183823e-16
9.686545580837402344e+08 1.043979780758684975e-16
9.686545580839843750e+08 1.034217649786267037e-16
9.686545580842285156e+08 1.023562147286493804e-16
9.686545580844726562e+08 1.012159699437328510e-16
9.686545580847167969e+08 1.000042441392000810e-16
9.686545580849609375e+08 9.869274331147687591e-17
9.686545580852050781e+08 9.732283154407951087e-17
9.686545580854492188e+08 9.588439076136132790e-17
9.686545580856933594e+08 9.438721772986877943e-17
9.686545580859375000e+08 9.283154026455747447e-17
9.686545580861816406e+08 9.120091169456950658e-17
9.686545580864257812e+08 8.951647212931172617e-17
9.686545580866699219e+08 8.774708923048997834e-17
9.686545580869140625e+08 8.591673039988086113e-17
9.686545580871582031e+08 8.401733505480184083e-17
9.686545580874023438e+08 8.205334950020289800e-17
9.686545580876464844e+08 8.002715832058803767e-17
9.686545580878906250e+08 7.792676028131534994e-17
9.686545580881347656e+08 7.578241635179954612e-17
9.686545580883789062e+08 7.358217991390052244e-17
9.686545580886230469e+08 7.135751446328705071e-17
9.686545580888671875e+08 6.907346057470754052e-17
9.686545580891113281e+08 6.675876985556704883e-17
9.686545580893554688e+08 6.438350230915114833e-17
9.686545580895996094e+08 6.196330067743432455e-17
9.686545580898437500e+08 5.948897102777164031e-17
9.686545580900878906e+08 5.698130597875875903e-17
9.686545580903320312e+08 5.441243451450272196e-17
9.686545580905761719e+08 5.181242953781920016e-17
9.686545580908203125e+08 4.917169291266245473e-17
9.686545580910644531e+08 4.650256451744538827e-17
9.686545580913085938e+08 4.380339265104281897e-17
9.686545580915527344e+08 4.110511747897458437e-17
9.686545580917968750e+08 3.837496048775655171e-17
9.686545580920410156e+08 3.561384049094673357e-17
9.686545580922851562e+08 3.284762148819755800e-17
9.686545580925292969e+08 3.003245019354756004e-17
9.686545580927734375e+08 2.721563014822962903e-17
9.686545580930175781e+08 2.435417428692181966e-17
9.686545580932617188e+08 2.150484446628943784e-17
9.686545580935058594e+08 1.861360844858642863e-17
9.686545580937500000e+08 1.572190811875482663e-17
9.686545580939941406e+08 1.282611441612078946e-17
9.686545580942382812e+08 9.922421826160739646e-18
9.686545580944824219e+08 7.050048806585907095e-18
9.686545580947265625e+08 4.161058658891512644e-18
9.686545580949707031e+08 1.281768751024284301e-18
9.686545580952148438e+08 -1.588049673964308063e-18
9.686545580954589844e+08 -4.470861618594990526e-18
9.686545580957031250e+08 -7.353871415349833681e-18
9.686545580959472656e+08 -1.021228600104377994e-17
9.686545580961914062e+08 -1.307747328521863300e-17
9.686545580964355469e+08 -1.594401159447757563e-17
9.686545580966796875e+08 -1.878262260669856147e-17
9.686545580969238281e+08 -2.160129093224468037e-17
9.686545580971679688e+08 -2.439687788484183076e-17
9.686545580974121094e+08 -2.715216524391017087e-17
9.686545580976562500e+08 -2.987311822486487097e-17
9.686545580979003906e+08 -3.258903272265030054e-17
9.686545580981445312e+08 -3.526702391860597529e-17
9.686545580983886719e+08 -3.792577267215204685e-17
9.686545580986328125e+08 -4.056465362870353945e-17
9.686545580988769531e+08 -4.317115173569634360e-17
9.686545580991210938e+08 -4.574453755458716676e-17
9.686545580993652344e+08 -4.829237633604522057e-17
9.686545580996093750e+08 -5.081211949567093774e-17
9.686545580998535156e+08 -5.327399622901006538e-17
9.686545581000976562e+08 -5.568753153895932997e-17
9.686545581003417969e+08 -5.804677218412380198e-17
9.686545581005859375e+08 -6.036649648544466828e-17
9.686545581008300781e+08 -6.262775345886005255e-17
9.686545581010742188e+08 -6.486583085663812666e-17
9.686545581013183594e+08 -6.705051896956668072e-17
9.686545581015625000e+08 -6.918984072181628286e-17
9.686545581018066406e+08 -7.129578859357726547e-17
9.686545581020507812e+08 -7.333974446660824384e-17
9.686545581022949219e+08 -7.534089756174228789e-17
9.686545581025390625e+08 -7.729505746923087111e-17
9.686545581027832031e+08 -7.918296344327926472e-17
9.686545581030273438e+08 -8.100071015399052253e-17
9.686545581032714844e+08 -8.274230531327413735e-17
9.686545581035156250e+08 -8.442871429126583713e-17
9.686545581037597656e+08 -8.606375382286344743e-17
9.686545581040039062e+08 -8.763082155407706689e-17
9.686545581042480469e+08 -8.916073599592820951e-17
9.686545581044921875e+08 -9.062471481785105105e-17
9.686545581047363281e+08 -9.202208121473122147e-17
9.686545581049804688e+08 -9.336948413930600811e-17
9.686545581052246094e+08 -9.465567718366393770e-17
9.686545581054687500e+08 -9.586450695955555573e-17
9.686545581057128906e+08 -9.701127852080596890e-17
9.686545581059570312e+08 -9.807454187440641156e-17
9.686545581062011719e+08 -9.905552621276473554e-17
9.686545581064453125e+08 -9.996620693402178944e-17
9.686545581066894531e+08 -1.008117241498076150e-16
9.686545581069335938e+08 -1.016018561398262072e-16
9.686545581071777344e+08 -1.023286979084577466e-16
9.686545581074218750e+08 -1.029668141778135981e-16
9.686545581076660156e+08 -1.035615130144453712e-16
9.686545581079101562e+08 -1.040816716820238182e-16
9.686545581081542969e+08 -1.045278170738589222e-16
9.686545581083984375e+08 -1.049163965640645157e-16
9.686545581086425781e+08 -1.052064080859878143e-16
9.686545581088867188e+08 -1.054133545773445193e-16
9.686545581091308594e+08 -1.055496029546680137e-16
9.686545581093750000e+08 -1.056035872150795635e-16
9.686545581096191406e+08 -1.055846403815980371e-16
9.686545581098632812e+08 -1.055134364952255700e-16
9.686545581101074219e+08 -1.053682288932558193e-16
9.686545581103515625e+08 -1.051371012520254845e-16
9.686545581105957031e+08 -1.048529277980193815e-16
9.686545581108398438e+08 -1.045108226697204493e-16
9.686545581110839844e+08 -1.040766447790280990e-16
9.686545581113281250e+08 -1.035851716355736200e-16
9.686545581115722656e+08 -1.030020026767070187e-16
9.686545581118164062e+08 -1.023367634028575119e-16
9.686545581120605469e+08 -1.015782522402331674e-16
9.686545581123046875e+08 -1.007655419826039654e-16
9.686545581125488281e+08 -9.987929518850955371e-17
9.686545581127929688e+08 -9.893089900989401979e-17
9.686545581130371094e+08 -9.789535856982019604e-17
9.686545581132812500e+08 -9.682766485596477304e-17
9.686545581135253906e+08 -9.568045742073570014e-17
9.686545581137695312e+08 -9.446425837278639524e-17
9.686545581140136719e+08 -9.318856545704339398e-17
9.686545581142578125e+08 -9.184401984794112723e-17
9.686545581145019531e+08 -9.041589580220736926e-17
9.686545581147460938e+08 -8.889860070843147547e-17
9.686545581149902344e+08 -8.732757272819285661e-17
9.686545581152343750e+08 -8.567931327930260494e-17
9.686545581154785156e+08 -8.397867562628964233e-17
9.686545581157226562e+08 -8.222293712803562464e-17
9.686545581159667969e+08 -8.041041178080963455e-17
9.686545581162109375e+08 -7.853361608296166728e-17
9.686545581164550781e+08 -7.660654920242393833e-17
9.686545581166992188e+08 -7.462595684769252469e-17
9.686545581169433594e+08 -7.259087486715873489e-17
9.686545581171875000e+08 -7.049952202226454053e-17
9.686545581174316406e+08 -6.833014385600437162e-17
9.686545581176757812e+08 -6.609750536631050457e-17
9.686545581179199219e+08 -6.379796286770847315e-17
9.686545581181640625e+08 -6.145897499198870231e-17
9.686545581184082031e+08 -5.908053427256446938e-17
9.686545581186523438e+08 -5.665307441108215977e-17
9.686545581188964844e+08 -5.418742444982623070e-17
9.686545581191406250e+08 -5.167742089827983705e-17
9.686545581193847656e+08 -4.912488165230145399e-17
9.686545581196289062e+08 -4.654301379002629713e-17
9.686545581198730469e+08 -4.391898294913797983e-17
9.686545581201171875e+08 -4.124066161734700007e-17
9.686545581203613281e+08 -3.852802667125165417e-17
9.686545581206054688e+08 -3.575512057955499694e-17
9.686545581208496094e+08 -3.294838294593103915e-17
9.686545581210937500e+08 -3.011332272285236489e-17
9.686545581213378906e+08 -2.726045312606029979e-17
9.686545581215820312e+08 -2.438445277847838047e-17
9.686545581218261719e+08 -2.148065551844745313e-17
9.686545581220703125e+08 -1.855888546244637912e-17
9.686545581223144531e+08 -1.562396863293073870e-17
9.686545581225585938e+08 -1.266506800332270596e-17
9.686545581228027344e+08 -9.695111076353712351e-18
9.686545581230468750e+08 -6.716665888077162308e-18
9.686545581232910156e+08 -3.685741483381570481e-18
9.686545581235351562e+08 -6.421130389784261650e-19
9.686545581237792969e+08 2.407211345924584049e-18
9.686545581240234375e+08 5.472130681263572185e-18
9.686545581242675781e+08 8.524985222523227768e-18
9.686545581245117188e+08 1.157537202605220752e-17
9.686545581247558594e+08 1.461899075584273842e-17
9.686545581250000000e+08 1.767065504091905784e-17
9.686545581252441406e+08 2.069327440221718254e-17
9.686545581254882812e+08 2.372227856568948085e-17
9.686545581257324219e+08 2.672693177760454821e-17
9.686545581259765625e+08 2.974040002256489711e-17
9.686545581262207031e+08 3.274737106769458465e-17
9.686545581264648438e+08 3.574495491863782079e-17
9.686545581267089844e+08 3.874163163163837445e-17
9.686545581269531250e+08 4.169480083997500371e-17
9.686545581271972656e+08 4.462577607369414817e-17
9.686545581274414062e+08 4.751794503251523801e-17
9.686545581276855469e+08 5.039991415130089495e-17
9.686545581279296875e+08 5.322381473316849739e-17
9.686545581281738281e+08 5.601748042451090838e-17
9.686545581284179688e+08 5.877467409693603471e-17
9.686545581286621094e+08 6.149503650013085201e-17
9.686545581289062500e+08 6.418203853297727003e-17
9.686545581291503906e+08 6.684526612019315342e-17
9.686545581293945312e+08 6.947593201003876501e-17
9.686545581296386719e+08 7.206452884661495503e-17
9.686545581298828125e+08 7.459276840802900922e-17
9.686545581301269531e+08 7.705204967625076012e-17
9.686545581303710938e+08 7.948008684204698329e-17
9.686545581306152344e+08 8.182720662016639826e-17
9.686545581308593750e+08 8.412542147670147567e-17
9.686545581311035156e+08 8.635545913481097551e-17
9.686545581313476562e+08 8.852170619609196501e-17
9.686545581315917969e+08 9.062166165108905790e-17
9.686545581318359375e+08 9.267966581184808562e-17
9.686545581320800781e+08 9.467605706852092872e-17
9.686545581323242188e+08 9.662390553501591063e-17
9.686545581325683594e+08 9.849319358995547146e-17
9.686545581328125000e+08 1.002777878917701336e-16
9.686545581330566406e+08 1.019984134344877179e-16
9.686545581333007812e+08 1.036284231116407467e-16
9.686545581335449219e+08 1.051756120380257027e-16
9.686545581337890625e+08 1.066619696345614621e-16
9.686545581340332031e+08 1.080415749995062730e-16
9.686545581342773438e+08 1.093395381432531464e-16
9.686545581345214844e+08 1.105842284849501360e-16
9.686545581347656250e+08 1.117334219947106712e-16
9.686545581350097656e+08 1.128207438983390478e-16
9.686545581352539062e+08 1.138319380036221771e-16
9.686545581354980469e+08 1.147674202930437173e-16
9.686545581357421875e+08 1.155873626079711232e-16
9.686545581359863281e+08 1.163152128702644471e-16
9.686545581362304688e+08 1.169736353222280274e-16
9.686545581364746094e+08 1.175259873033259484e-16
9.686545581367187500e+08 1.179730801386933923e-16
9.686545581369628906e+08 1.183405379314873593e-16
9.686545581372070312e+08 1.186195254446109839e-16
9.686545581374511719e+08 1.188060572800922744e-16
9.686545581376953125e+08 1.189094900199368192e-16
9.686545581379394531e+08 1.189414643904081531e-16
9.686545581381835938e+08 1.188992946481700805e-16
9.686545581384277344e+08 1.187449141435923969e-16
9.686545581386718750e+08 1.184929659892430503e-16
9.686545581389160156e+08 1.181572966851238422e-16
9.686545581391601562e+08 1.177202897950400479e-16
9.686545581394042969e+08 1.171881273215159101e-16
9.686545581396484375e+08 1.165713731127377373e-16
9.686545581398925781e+08 1.158527404862331532e-16
9.686545581401367188e+08 1.150509567923626946e-16
9.686545581403808594e+08 1.141606756254341859e-16
9.686545581406250000e+08 1.131948654363099519e-16
9.686545581408691406e+08 1.121574442519350846e-16
9.686545581411132812e+08 1.110557475570050617e-16
9.686545581413574219e+08 1.098397971413370313e-16
9.686545581416015625e+08 1.085483261985750592e-16
9.686545581418457031e+08 1.071607039623567545e-16
9.686545581420898438e+08 1.056927927155786635e-16
9.686545581423339844e+08 1.041412373123923611e-16
9.686545581425781250e+08 1.025089986406626914e-16
9.686545581428222656e+08 1.007880748899447291e-16
9.686545581430664062e+08 9.898750009359626450e-17
9.686545581433105469e+08 9.713421013387754124e-17
9.686545581435546875e+08 9.520173737952732605e-17
9.686545581437988281e+08 9.323554163150395751e-17
9.686545581440429688e+08 9.117929612724440596e-17
9.686545581442871094e+08 8.906630184940825373e-17
9.686545581445312500e+08 8.686404766416257693e-17
9.686545581447753906e+08 8.459653477697666336e-17
9.686545581450195312e+08 8.227796468786686912e-17
9.686545581452636719e+08 7.988391815951748449e-17
9.686545581455078125e+08 7.741704422642536858e-17
9.686545581457519531e+08 7.490029176139110315e-17
9.686545581459960938e+08 7.233119859221743068e-17
9.686545581462402344e+08 6.971265153517823998e-17
9.686545581464843750e+08 6.705849377716518858e-17
9.686545581467285156e+08 6.436749003151258420e-17
9.686545581469726562e+08 6.164283862883642136e-17
9.686545581472167969e+08 5.884208889034033137e-17
9.686545581474609375e+08 5.601730585101519501e-17
9.686545581477050781e+08 5.313301374183072263e-17
9.686545581479492188e+08 5.020666110542942815e-17
9.686545581481933594e+08 4.725674914474118015e-17
9.686545581484375000e+08 4.424971160556651818e-17
9.686545581486816406e+08 4.122441965361155886e-17
9.686545581489257812e+08 3.816252783830954562e-17
9.686545581491699219e+08 3.509226089278227962e-17
9.686545581494140625e+08 3.201470950420432699e-17
9.686545581496582031e+08 2.891509930356410720e-17
9.686545581499023438e+08 2.580964830717766619e-17
9.686545581501464844e+08 2.266038489563646904e-17
9.686545581503906250e+08 1.950823842345465971e-17
9.686545581506347656e+08 1.633434208332477560e-17
9.686545581508789062e+08 1.314633859371962721e-17
9.686545581511230469e+08 9.953231095969616654e-18
9.686545581513671875e+08 6.748150929399737807e-18
9.686545581516113281e+08 3.536455960199156557e-18
9.686545581518554688e+08 3.342209476841499002e-19
9.686545581520996094e+08 -2.857452019791206574e-18
9.686545581523437500e+08 -6.035910504243972158e-18
9.686545581525878906e+08 -9.198424496023062409e-18
9.686545581528320312e+08 -1.234285885722517949e-17
9.686545581530761719e+08 -1.550277136815293883e-17
9.686545581533203125e+08 -1.864101373152089195e-17
9.686545581535644531e+08 -2.176885490920816203e-17
9.686545581538085938e+08 -2.487927643061239231e-17
9.686545581540527344e+08 -2.797507369024114870e-17
9.686545581542968750e+08 -3.106822784115281827e-17
9.686545581545410156e+08 -3.410403577776270731e-17
9.686545581547851562e+08 -3.713847613235900483e-17
9.686545581550292969e+08 -4.012463819024467243e-17
9.686545581552734375e+08 -4.306254029843458763e-17
9.686545581555175781e+08 -4.596349685865544708e-17
9.686545581557617188e+08 -4.882887341666702398e-17
9.686545581560058594e+08 -5.167682168617150048e-17
9.686545581562500000e+08 -5.447564352710268723e-17
9.686545581564941406e+08 -5.724480824865105410e-17
9.686545581567382812e+08 -5.998199067504862877e-17
9.686545581569824219e+08 -6.266664720792721087e-17
9.686545581572265625e+08 -6.531794067172078794e-17
9.686545581574707031e+08 -6.791264307160462630e-17
9.686545581577148438e+08 -7.045900957532877004e-17
9.686545581579589844e+08 -7.294413436474401010e-17
9.686545581582031250e+08 -7.535787607689307156e-17
9.686545581584472656e+08 -7.771158862025553612e-17
9.686545581586914062e+08 -8.002336909398043267e-17
9.686545581589355469e+08 -8.228297045320565414e-17
9.686545581591796875e+08 -8.447663163552705704e-17
9.686545581594238281e+08 -8.663080553354964045e-17
9.686545581596679688e+08 -8.871451450261292333e-17
9.686545581599121094e+08 -9.074261039764724964e-17
9.686545581601562500e+08 -9.271504175292310802e-17
9.686545581604003906e+08 -9.461026277858428131e-17
9.686545581606445312e+08 -9.644562615195592241e-17
9.686545581608886719e+08 -9.819098661259918192e-17
9.686545581611328125e+08 -9.985749440272722039e-17
9.686545581613769531e+08 -1.014483471260606443e-16
9.686545581616210938e+08 -1.029890627767655075e-16
9.686545581618652344e+08 -1.044425744768813558e-16
9.686545581621093750e+08 -1.058414194882539138e-16
9.686545581623535156e+08 -1.071685260432800900e-16
9.686545581625976562e+08 -1.084174689981551864e-16
9.686545581628417969e+08 -1.096006015131236416e-16
9.686545581630859375e+08 -1.107115308808657270e-16
9.686545581633300781e+08 -1.117300719369534673e-16
9.686545581635742188e+08 -1.126777031733582170e-16
9.686545581638183594e+08 -1.135338851471315898e-16
9.686545581640625000e+08 -1.142858291699124259e-16
9.686545581643066406e+08 -1.149798677136691105e-16
9.686545581645507812e+08 -1.155772388510465007e-16
9.686545581647949219e+08 -1.161183080360748266e-16
9.686545581650390625e+08 -1.165723643892844785e-16
9.686545581652832031e+08 -1.169552971924087511e-16
9.686545581655273438e+08 -1.172488830598302147e-16
9.686545581657714844e+08 -1.174795396068058620e-16
9.686545581660156250e+08 -1.176187388488923737e-16
9.686545581662597656e+08 -1.176747866702758760e-16
9.686545581665039062e+08 -1.176454735451256740e-16
9.686545581667480469e+08 -1.175166261792224141e-16
9.686545581669921875e+08 -1.172938106076766225e-16
9.686545581672363281e+08 -1.169934286505290060e-16
9.686545581674804688e+08 -1.166140621683186192e-16
9.686545581677246094e+08 -1.161555251798175057e-16
9.686545581679687500e+08 -1.156206183565595977e-16
9.686545581682128906e+08 -1.150074846349458188e-16
9.686545581684570312e+08 -1.143184044666872748e-16
9.686545581687011719e+08 -1.135455395320090129e-16
9.686545581689453125e+08 -1.127014694738328269e-16
9.686545581691894531e+08 -1.117630687919907262e-16
9.686545581694335938e+08 -1.107372335386829787e-16
9.686545581696777344e+08 -1.096316968238044643e-16
9.686545581699218750e+08 -1.084194636917322487e-16
9.686545581701660156e+08 -1.071376214588008797e-16
9.686545581704101562e+08 -1.057924762362928882e-16
9.686545581706542969e+08 -1.043654287427483641e-16
9.686545581708984375e+08 -1.028607261960293923e-16
9.686545581711425781e+08 -1.013000771418951994e-16
9.686545581713867188e+08 -9.966067408546983313e-17
9.686545581716308594e+08 -9.793838571855595962e-17
9.686545581718750000e+08 -9.616300503981232578e-17
9.686545581721191406e+08 -9.430383476476000049e-17
9.686545581723632812e+08 -9.235467449372973745e-17
9.686545581726074219e+08 -9.033436185375313752e-17
9.686545581728515625e+08 -8.822688872436098420e-17
9.686545581730957031e+08 -8.605836666090663644e-17
9.686545581733398438e+08 -8.384218310040363644e-17
9.686545581735839844e+08 -8.154807727954699219e-17
9.686545581738281250e+08 -7.920466883973111131e-17
9.686545581740722656e+08 -7.679321494778883364e-17
9.686545581743164062e+08 -7.434076098134920527e-17
9.686545581745605469e+08 -7.181568598052560942e-17
9.686545581748046875e+08 -6.922857669025430065e-17
9.686545581750488281e+08 -6.659922446928645903e-17
9.686545581752929688e+08 -6.389066284732457805e-17
9.686545581755371094e+08 -6.111401344909141193e-17
9.686545581757812500e+08 -5.828884020902998952e-17
9.686545581760253906e+08 -5.541881612212091399e-17
9.686545581762695312e+08 -5.250551860682371293e-17
9.686545581765136719e+08 -4.955365651588156853e-17
9.686545581767578125e+08 -4.655963677083962827e-17
9.686545581770019531e+08 -4.352860196745530628e-17
9.686545581772460938e+08 -4.046102407933095386e-17
9.686545581774902344e+08 -3.734609402562732231e-17
9.686545581777343750e+08 -3.421210231718126592e-17
9.686545581779785156e+08 -3.102228564670469859e-17
9.686545581782226562e+08 -2.780038074504629725e-17
9.686545581784667969e+08 -2.454522820222176554e-17
9.686545581787109375e+08 -2.124352801171302950e-17
9.686545581789550781e+08 -1.793991754862457682e-17
9.686545581791992188e+08 -1.460197268760131849e-17
9.686545581794433594e+08 -1.126468774140615474e-17
9.686545581796875000e+08 -7.899328702920097324e-18
9.686545581799316406e+08 -4.528036912606813968e-18
9.686545581801757812e+08 -1.159460624547522823e-18
9.686545581804199219e+08 2.243617212556200408e-18
9.686545581806640625e+08 5.627730289811070420e-18
9.686545581809082031e+08 9.040989756072925384e-18
9.686545581811523438e+08 1.246171239638619366e-17
9.686545581813964844e+08 1.588784972768454353e-17
9.686545581816406250e+08 1.931781107525443356e-17
9.686545581818847656e+08 2.273849795610280630e-17
9.686545581821289062e+08 2.613425625359697138e-17
9.686545581823730469e+08 2.952689971639021843e-17
9.686545581826171875e+08 3.289764001220089431e-17
9.686545581828613281e+08 3.625413627061783344e-17
9.686545581831054688e+08 3.957872702805413505e-17
9.686545581833496094e+08 4.288868332822579367e-17
9.686545581835937500e+08 4.617396206098488088e-17
9.686545581838378906e+08 4.943357656466537366e-17
9.686545581840820312e+08 5.268488564668000104e-17
9.686545581843261719e+08 5.590865362200987072e-17
9.686545581845703125e+08 5.910048668606425100e-17
9.686545581848144531e+08 6.223375875638262792e-17
9.686545581850585938e+08 6.534434518438135858e-17
9.686545581853027344e+08 6.839331183190279896e-17
9.686545581855468750e+08 7.139644681353739187e-17
9.686545581857910156e+08 7.434705123737418615e-17
9.686545581860351562e+08 7.725288009633497603e-17
9.686545581862792969e+08 8.009873971064521847e-17
9.686545581865234375e+08 8.288416651970097234e-17
9.686545581867675781e+08 8.563554868702975507e-17
9.686545581870117188e+08 8.833010688166513811e-17
9.686545581872558594e+08 9.096321055308057847e-17
9.686545581875000000e+08 9.353294442472022719e-17
9.686545581877441406e+08 9.603865832326841589e-17
9.686545581879882812e+08 9.846118094155055263e-17
9.686545581882324219e+08 1.008090101421209573e-16
9.686545581884765625e+08 1.030886506658311556e-16
9.686545581887207031e+08 1.052773172177962368e-16
9.686545581889648438e+08 1.073896167855890758e-16
9.686545581892089844e+08 1.094241874278274945e-16
9.686545581894531250e+08 1.113899388684886659e-16
9.686545581896972656e+08 1.132694876339868002e-16
9.686545581899414062e+08 1.150776476937643966e-16
9.686545581901855469e+08 1.168115524687853513e-16
9.686545581904296875e+08 1.184370234884409407e-16
9.686545581906738281e+08 1.199795043277549672e-16
9.686545581909179688e+08 1.214321543135108214e-16
9.686545581911621094e+08 1.227781603555109706e-16
9.686545581914062500e+08 1.240261298069104644e-16
9.686545581916503906e+08 1.251880768176919868e-16
9.686545581918945312e+08 1.262430821056835560e-16
9.686545581921386719e+08 1.272014652409047676e-16
9.686545581923828125e+08 1.280802493684877383e-16
9.686545581926269531e+08 1.288489645138494810e-16
9.686545581928710938e+08 1.295318377316431091e-16
9.686545581931152344e+08 1.301265217173497388e-16
9.686545581933593750e+08 1.306122046586930073e-16
9.686545581936035156e+08 1.309849939548733387e-16
9.686545581938476562e+08 1.312546648792908078e-16
9.686545581940917969e+08 1.314274007863124383e-16
9.686545581943359375e+08 1.314881277662465555e-16
9.686545581945800781e+08 1.314463656813372507e-16
9.686545581948242188e+08 1.312959597605049317e-16
9.686545581950683594e+08 1.310444057947219703e-16
9.686545581953125000e+08 1.307015354063564059e-16
9.686545581955566406e+08 1.302596682372249361e-16
9.686545581958007812e+08 1.297266698130772863e-16
9.686545581960449219e+08 1.290920950396473215e-16
9.686545581962890625e+08 1.283586678760493008e-16
9.686545581965332031e+08 1.275109639086867659e-16
9.686545581967773438e+08 1.265638290526507072e-16
9.686545581970214844e+08 1.255199043911017199e-16
9.686545581972656250e+08 1.243664802064578216e-16
9.686545581975097656e+08 1.231153514950163669e-16
9.686545581977539062e+08 1.217659457637422872e-16
9.686545581979980469e+08 1.203296438296230986e-16
9.686545581982421875e+08 1.188048663744821909e-16
9.686545581984863281e+08 1.171800639226895174e-16
9.686545581987304688e+08 1.154937014158672284e-16
9.686545581989746094e+08 1.136977695900365910e-16
9.686545581992187500e+08 1.118199542341746160e-16
9.686545581994628906e+08 1.098556761150576028e-16
9.686545581997070312e+08 1.077966965674960776e-16
9.686545581999511719e+08 1.056466719537047720e-16
9.686545582001953125e+08 1.034240663498843301e-16
9.686545582004394531e+08 1.011127675913276348e-16
9.686545582006835938e+08 9.871587914853906923e-17
9.686545582009277344e+08 9.625772374977654367e-17
9.686545582011718750e+08 9.373385117790667327e-17
9.686545582014160156e+08 9.112733681963071584e-17
9.686545582016601562e+08 8.847988632219819513e-17
9.686545582019042969e+08 8.575262824602312852e-17
9.686545582021484375e+08 8.296979020106384061e-17
9.686545582023925781e+08 8.010656832991964691e-17
9.686545582026367188e+08 7.718702115464380957e-17
9.686545582028808594e+08 7.419333314936502415e-17
9.686545582031250000e+08 7.116096450630508964e-17
9.686545582033691406e+08 6.806710700609620163e-17
9.686545582036132812e+08 6.491209499801941297e-17
9.686545582038574219e+08 6.173511906818170616e-17
9.686545582041015625e+08 5.850329635176345088e-17
9.686545582043457031e+08 5.524528549870891203e-17
9.686545582045898438e+08 5.194796275064430268e-17
9.686545582048339844e+08 4.861590297667142049e-17
9.686545582050781250e+08 4.523951250822437218e-17
9.686545582053222656e+08 4.184360087960180457e-17
9.686545582055664062e+08 3.840016194272802968e-17
9.686545582058105469e+08 3.492792278854062968e-17
9.686545582060546875e+08 3.143722930187983431e-17
9.686545582062988281e+08 2.793911183639324327e-17
9.686545582065429688e+08 2.439791451312904137e-17
9.686545582067871094e+08 2.088167335800665967e-17
9.686545582070312500e+08 1.732802381546850727e-17
9.686545582072753906e+08 1.378167891649299558e-17
9.686545582075195312e+08 1.024465382259522652e-17
9.686545582077636719e+08 6.684837621877742828e-18
9.686545582080078125e+08 3.135713919092152100e-18
9.686545582082519531e+08 -4.191578576713466287e-19
9.686545582084960938e+08 -3.969909816775926441e-18
9.686545582087402344e+08 -7.513612084323995457e-18
9.686545582089843750e+08 -1.105567783077753719e-17
9.686545582092285156e+08 -1.457734998296055254e-17
9.686545582094726562e+08 -1.807995114084607961e-17
9.686545582097167969e+08 -2.156426441016660754e-17
9.686545582099609375e+08 -2.501639053380955037e-17
9.686545582102050781e+08 -2.843575617815610110e-17
9.686545582104492188e+08 -3.182988912702162298e-17
9.686545582106933594e+08 -3.519345119875926824e-17
9.686545582109375000e+08 -3.853280536181032180e-17
9.686545582111816406e+08 -4.183569174760324541e-17
9.686545582114257812e+08 -4.509857621600249179e-17
9.686545582116699219e+08 -4.834020454720480449e-17
9.686545582119140625e+08 -5.152509745349335616e-17
9.686545582121582031e+08 -5.466907986318669025e-17
9.686545582124023438e+08 -5.776846672561385895e-17
9.686545582126464844e+08 -6.080487936064764319e-17
9.686545582128906250e+08 -6.379951691889997089e-17
9.686545582131347656e+08 -6.672132111425144599e-17
9.686545582133789062e+08 -6.958781245074066512e-17
9.686545582136230469e+08 -7.241409038698732116e-17
9.686545582138671875e+08 -7.515952218250682827e-17
9.686545582141113281e+08 -7.786577213435786066e-17
9.686545582143554688e+08 -8.050142130059661850e-17
9.686545582145996094e+08 -8.306761798671357994e-17
9.686545582148437500e+08 -8.558165980437535065e-17
9.686545582150878906e+08 -8.801584372118360861e-17
9.686545582153320312e+08 -9.038918711461875461e-17
9.686545582155761719e+08 -9.267317484064576372e-17
9.686545582158203125e+08 -9.488640226942433315e-17
9.686545582160644531e+08 -9.700538437876033018e-17
9.686545582163085938e+08 -9.906533452272878849e-17
9.686545582165527344e+08 -1.010381520724018397e-16
9.686545582167968750e+08 -1.029318008551935312e-16
9.686545582170410156e+08 -1.047497759024626241e-16
9.686545582172851562e+08 -1.065003928882320602e-16
9.686545582175292969e+08 -1.081551470821751400e-16
9.686545582177734375e+08 -1.097276034176197169e-16
9.686545582180175781e+08 -1.112265370375800587e-16
9.686545582182617188e+08 -1.126233682692879142e-16
9.686545582185058594e+08 -1.139253294216472556e-16
9.686545582187500000e+08 -1.151412870295999726e-16
9.686545582189941406e+08 -1.162683159037120732e-16
9.686545582192382812e+08 -1.172982345807299201e-16
9.686545582194824219e+08 -1.182400924313608503e-16
9.686545582197265625e+08 -1.190955800214125048e-16
9.686545582199707031e+08 -1.198629388385143623e-16
9.686545582202148438e+08 -1.205503786706403340e-16
9.686545582204589844e+08 -1.211376593699948349e-16
9.686545582207031250e+08 -1.216357402942763203e-16
9.686545582209472656e+08 -1.220296735916960946e-16
9.686545582211914062e+08 -1.223470010500150128e-16
9.686545582214355469e+08 -1.225452491043017462e-16
9.686545582216796875e+08 -1.226531189637094812e-16
9.686545582219238281e+08 -1.226778946489117230e-16
9.686545582221679688e+08 -1.225970476815726316e-16
9.686545582224121094e+08 -1.224254657455197556e-16
9.686545582226562500e+08 -1.221702973576083799e-16
9.686545582229003906e+08 -1.218160005651169333e-16
9.686545582231445312e+08 -1.213754553798564368e-16
9.686545582233886719e+08 -1.208503998320292363e-16
9.686545582236328125e+08 -1.202278702279469517e-16
9.686545582238769531e+08 -1.195162852406791901e-16
9.686545582241210938e+08 -1.187045515283985587e-16
9.686545582243652344e+08 -1.178041727637751427e-16
9.686545582246093750e+08 -1.167994650908220662e-16
9.686545582248535156e+08 -1.157195856970398237e-16
9.686545582250976562e+08 -1.145501442510024364e-16
9.686545582253417969e+08 -1.132815859299736252e-16
9.686545582255859375e+08 -1.119493083970986377e-16
9.686545582258300781e+08 -1.105180619568557432e-16
9.686545582260742188e+08 -1.090182824319093310e-16
9.686545582263183594e+08 -1.074287983133193373e-16
9.686545582265625000e+08 -1.057588795682180646e-16
9.686545582268066406e+08 -1.040199234740585518e-16
9.686545582270507812e+08 -1.021719826448703286e-16
9.686545582272949219e+08 -1.002619598894015835e-16
9.686545582275390625e+08 -9.826103315218868726e-17
9.686545582277832031e+08 -9.618986007185407758e-17
9.686545582280273438e+08 -9.404933185388813894e-17
9.686545582282714844e+08 -9.182427796010388726e-17
9.686545582285156250e+08 -8.954449003097450187e-17
9.686545582287597656e+08 -8.718963063385094316e-17
9.686545582290039062e+08 -8.478453110364916087e-17
9.686545582292480469e+08 -8.229852135328999192e-17
9.686545582294921875e+08 -7.976417729110534346e-17
9.686545582297363281e+08 -7.714776507181295599e-17
9.686545582299804688e+08 -7.447951251181555208e-17
9.686545582302246094e+08 -7.173730915501523990e-17
9.686545582304687500e+08 -6.894626018808383994e-17
9.686545582307128906e+08 -6.610905198965246615e-17
9.686545582309570312e+08 -6.319711913150246207e-17
9.686545582312011719e+08 -6.025846664290723325e-17
9.686545582314453125e+08 -5.727021263962664517e-17
9.686545582316894531e+08 -5.423998098270341684e-17
9.686545582319335938e+08 -5.116698499309064019e-17
9.686545582321777344e+08 -4.805133505928061604e-17
9.686545582324218750e+08 -4.489659014097456274e-17
9.686545582326660156e+08 -4.170718257697751503e-17
9.686545582329101562e+08 -3.847310232447022888e-17
9.686545582331542969e+08 -3.521274665512063490e-17
9.686545582333984375e+08 -3.191456260977010767e-17
9.686545582336425781e+08 -2.860159762683347012e-17
9.686545582338867188e+08 -2.525715320336927944e-17
9.686545582341308594e+08 -2.188530177420770574e-17
9.686545582343750000e+08 -1.852308255683375176e-17
9.686545582346191406e+08 -1.512509504234075079e-17
9.686545582348632812e+08 -1.171727113049147770e-17
9.686545582351074219e+08 -8.304650359533013346e-18
9.686545582353515625e+08 -4.884621527958631492e-18
9.686545582355957031e+08 -1.457609493371972796e-18
9.686545582358398438e+08 1.987228551975073392e-18
9.686545582360839844e+08 5.428204201407890770e-18
9.686545582363281250e+08 8.855863737455234575e-18
9.686545582365722656e+08 1.228665266302814744e-17
9.686545582368164062e+08 1.571717067125436357e-17
9.686545582370605469e+08 1.911967591295608412e-17
9.686545582373046875e+08 2.251669674251430878e-17
9.686545582375488281e+08 2.588674269669716153e-17
9.686545582377929688e+08 2.923740262855904170e-17
9.686545582380371094e+08 3.257362899118770594e-17
9.686545582382812500e+08 3.587770441995046895e-17
9.686545582385253906e+08 3.914975269735295066e-17
9.686545582387695312e+08 4.242501691987002350e-17
9.686545582390136719e+08 4.563947986441147684e-17
9.686545582392578125e+08 4.882679967326377211e-17
9.686545582395019531e+08 5.198231250332995330e-17
9.686545582397460938e+08 5.509211682929648045e-17
9.686545582399902344e+08 5.815228974924848197e-17
9.686545582402343750e+08 6.116834380941790901e-17
9.686545582404785156e+08 6.414004856635611144e-17
9.686545582407226562e+08 6.704690716000234470e-17
9.686545582409667969e+08 6.990422197138719505e-17
9.686545582412109375e+08 7.270948172444196108e-17
9.686545582414550781e+08 7.546444425088746462e-17
9.686545582416992188e+08 7.815134730742532369e-17
9.686545582419433594e+08 8.079092277928334397e-17
9.686545582421875000e+08 8.334701905762445285e-17
9.686545582424316406e+08 8.584659631790805680e-17
9.686545582426757812e+08 8.828210513074510869e-17
9.686545582429199219e+08 9.062543090005466088e-17
9.686545582431640625e+08 9.290933524834083216e-17
9.686545582434082031e+08 9.510246906415743998e-17
9.686545582436523438e+08 9.721773981460578554e-17
9.686545582438964844e+08 9.925477047296614305e-17
9.686545582441406250e+08 1.012212692475176512e-16
9.686545582443847656e+08 1.031031127401078574e-16
9.686545582446289062e+08 1.049073222461174822e-16
9.686545582448730469e+08 1.066256261892875812e-16
9.686545582451171875e+08 1.082408662214396992e-16
9.686545582453613281e+08 1.097901315950063263e-16
9.686545582456054688e+08 1.112318597767281017e-16
9.686545582458496094e+08 1.125758598914489214e-16
9.686545582460937500e+08 1.138363669061456143e-16
9.686545582463378906e+08 1.149966801531876678e-16
9.686545582465820312e+08 1.160549271657626249e-16
9.686545582468261719e+08 1.170287774490543508e-16
9.686545582470703125e+08 1.178999946941071822e-16
9.686545582473144531e+08 1.186857272537064255e-16
9.686545582475585938e+08 1.193712747533149339e-16
9.686545582478027344e+08 1.199503312412882108e-16
9.686545582480468750e+08 1.204356296943777712e-16
9.686545582482910156e+08 1.208209630057695493e-16
9.686545582485351562e+08 1.210993004486045271e-16
9.686545582487792969e+08 1.212817937636209093e-16
9.686545582490234375e+08 1.213495721684358872e-16
9.686545582492675781e+08 1.213331255395087482e-16
9.686545582495117188e+08 1.212023358832258774e-16
9.686545582497558594e+08 1.209754032843175200e-16
9.686545582500000000e+08 1.206575876438159870e-16
9.686545582502441406e+08 1.202354010500584182e-16
9.686545582504882812e+08 1.197232614655393858e-16
9.686545582507324219e+08 1.190984189849746120e-16
9.686545582509765625e+08 1.183831275332300426e-16
9.686545582512207031e+08 1.175666979485651530e-16
9.686545582514648438e+08 1.166567041424317337e-16
9.686545582517089844e+08 1.156412117186365967e-16
9.686545582519531250e+08 1.145360495383288727e-16
9.686545582521972656e+08 1.133299340434107707e-16
9.686545582524414062e+08 1.120248100002096553e-16
9.686545582526855469e+08 1.106545828470049699e-16
9.686545582529296875e+08 1.091777541883785630e-16
9.686545582531738281e+08 1.076191841445677740e-16
9.686545582534179688e+08 1.059707080996505908e-16
9.686545582536621094e+08 1.042377289784775951e-16
9.686545582539062500e+08 1.024063089027070980e-16
9.686545582541503906e+08 1.005090484605217262e-16
9.686545582543945312e+08 9.853303224743045769e-17
9.686545582546386719e+08 9.646092648767086026e-17
9.686545582548828125e+08 9.431601555217778441e-17
9.686545582551269531e+08 9.209510223383107247e-17
9.686545582553710938e+08 8.980827141994638997e-17
9.686545582556152344e+08 8.744650982568956779e-17
9.686545582558593750e+08 8.501147256350934851e-17
9.686545582561035156e+08 8.253332719332920089e-17
9.686545582563476562e+08 7.998336698339974873e-17
9.686545582565917969e+08 7.734925543073319117e-17
9.686545582568359375e+08 7.468415429314180612e-17
9.686545582570800781e+08 7.195147964389086491e-17
9.686545582573242188e+08 6.915764356115740205e-17
9.686545582575683594e+08 6.631575294626291475e-17
9.686545582578125000e+08 6.341923942214288676e-17
9.686545582580566406e+08 6.048361330125495928e-17
9.686545582583007812e+08 5.749694852127907887e-17
9.686545582585449219e+08 5.446666843812112579e-17
9.686545582587890625e+08 5.142434759613618496e-17
9.686545582590332031e+08 4.833159542390886300e-17
9.686545582592773438e+08 4.520935677455061005e-17
9.686545582595214844e+08 4.204201888791871051e-17
9.686545582597656250e+08 3.886642112092882270e-17
9.686545582600097656e+08 3.565018598794823521e-17
9.686545582602539062e+08 3.242347990222752613e-17
9.686545582604980469e+08 2.916447068266416506e-17
9.686545582607421875e+08 2.590102989163517153e-17
9.686545582609863281e+08 2.261737717019566638e-17
9.686545582612304688e+08 1.932034500121461617e-17
9.686545582614746094e+08 1.603442043384675772e-17
9.686545582617187500e+08 1.273901075659234757e-17
9.686545582619628906e+08 9.446338092657098497e-18
9.686545582622070312e+08 6.137964805807450010e-18
9.686545582624511719e+08 2.853655791563345556e-18
9.686545582626953125e+08 -4.440897578913299159e-19
9.686545582629394531e+08 -3.717999230022564956e-18
9.686545582631835938e+08 -6.980126103842964001e-18
9.686545582634277344e+08 -1.024264866045693963e-17
9.686545582636718750e+08 -1.348268160741313019e-17
9.686545582639160156e+08 -1.668966782593957160e-17
9.686545582641601562e+08 -1.988705151879072308e-17
9.686545582644042969e+08 -2.304829810799154068e-17
9.686545582646484375e+08 -2.617846153667035875e-17
9.686545582648925781e+08 -2.926232174246207513e-17
9.686545582651367188e+08 -3.235092957365326762e-17
9.686545582653808594e+08 -3.538640685462893692e-17
9.686545582656250000e+08 -3.837281099633871983e-17
9.686545582658691406e+08 -4.133350651112155243e-17
9.686545582661132812e+08 -4.425164589698951862e-17
9.686545582663574219e+08 -4.713020143672744570e-17
9.686545582666015625e+08 -4.994177496342613293e-17
9.686545582668457031e+08 -5.272695873201252425e-17
9.686545582670898438e+08 -5.544686679907522262e-17
9.686545582673339844e+08 -5.810582191666861607e-17
9.686545582675781250e+08 -6.071086387567104867e-17
9.686545582678222656e+08 -6.325880585728504564e-17
9.686545582680664062e+08 -6.576341236039292847e-17
9.686545582683105469e+08 -6.818382574191576282e-17
9.686545582685546875e+08 -7.055424906147009946e-17
9.686545582687988281e+08 -7.287014156421992677e-17
9.686545582690429688e+08 -7.510240431870779897e-17
9.686545582692871094e+08 -7.727889664561260703e-17
9.686545582695312500e+08 -7.938898597497004685e-17
9.686545582697753906e+08 -8.141760269446550366e-17
9.686545582700195312e+08 -8.337386681581337438e-17
9.686545582702636719e+08 -8.526742971987884264e-17
9.686545582705078125e+08 -8.706574904753035750e-17
9.686545582707519531e+08 -8.879500462896205428e-17
9.686545582709960938e+08 -9.045323209362733250e-17
9.686545582712402344e+08 -9.204702634135734525e-17
9.686545582714843750e+08 -9.353734888458664347e-17
9.686545582717285156e+08 -9.496727978159577465e-17
9.686545582719726562e+08 -9.630948808490287765e-17
9.686545582722167969e+08 -9.757914890220019065e-17
9.686545582724609375e+08 -9.876531218543589025e-17
9.686545582727050781e+08 -9.985627889133196382e-17
9.686545582729492188e+08 -1.008689612015766385e-16
9.686545582731933594e+08 -1.017924631409500020e-16
9.686545582734375000e+08 -1.026330272800675522e-16
9.686545582736816406e+08 -1.033827640585995989e-16
9.686545582739257812e+08 -1.040675207426087930e-16
9.686545582741699219e+08 -1.046665437838160648e-16
9.686545582744140625e+08 -1.051532937495825731e-16
9.686545582746582031e+08 -1.055816900342438832e-16
9.686545582749023438e+08 -1.059273878479678687e-16
9.686545582751464844e+08 -1.061776644576197279e-16
9.686545582753906250e+08 -1.063406807221611939e-16
9.686545582756347656e+08 -1.064265341566292682e-16
9.686545582758789062e+08 -1.064180446791177427e-16
9.686545582761230469e+08 -1.063119909495761365e-16
9.686545582763671875e+08 -1.061358060416419539e-16
9.686545582766113281e+08 -1.058732122337466339e-16
9.686545582768554688e+08 -1.055372834290074008e-16
9.686545582770996094e+08 -1.051083522458064814e-16
9.686545582773437500e+08 -1.046021006956219025e-16
9.686545582775878906e+08 -1.040171624810592206e-16
9.686545582778320312e+08 -1.033465807053939660e-16
9.686545582780761719e+08 -1.026004300747772614e-16
9.686545582783203125e+08 -1.017721169367696465e-16
9.686545582785644531e+08 -1.008585130903062894e-16
9.686545582788085938e+08 -9.985967427560677410e-17
9.686545582790527344e+08 -9.878981004621980036e-17
9.686545582792968750e+08 -9.763180661338675802e-17
9.686545582795410156e+08 -9.640849340261003584e-17
9.686545582797851562e+08 -9.513020859482050056e-17
9.686545582800292969e+08 -9.375877703309784982e-17
9.686545582802734375e+08 -9.230537799418496761e-17
9.686545582805175781e+08 -9.081730369732014672e-17
9.686545582807617188e+08 -8.923132684951305553e-17
9.686545582810058594e+08 -8.758746813982371617e-17
9.686545582812500000e+08 -8.587436657955870369e-17
9.686545582814941406e+08 -8.408900039527789559e-17
9.686545582817382812e+08 -8.222963201671041762e-17
9.686545582819824219e+08 -8.031376696285894416e-17
9.686545582822265625e+08 -7.834403035681631592e-17
9.686545582824707031e+08 -7.630845046435341629e-17
9.686545582827148438e+08 -7.422246679090446991e-17
9.686545582829589844e+08 -7.206956476465383590e-17
9.686545582832031250e+08 -6.987103922805421958e-17
9.686545582834472656e+08 -6.761923003708796797e-17
9.686545582836914062e+08 -6.531399895714603859e-17
9.686545582839355469e+08 -6.296066610081237082e-17
9.686545582841796875e+08 -6.054737511473791758e-17
9.686545582844238281e+08 -5.809094235944127042e-17
9.686545582846679688e+08 -5.558858468537768360e-17
9.686545582849121094e+08 -5.303288454721495512e-17
9.686545582851562500e+08 -5.043909871177098874e-17
9.686545582854003906e+08 -4.782711255011876265e-17
9.686545582856445312e+08 -4.516069263211830903e-17
9.686545582858886719e+08 -4.245785759927609992e-17
9.686545582861328125e+08 -3.974107150144248416e-17
9.686545582863769531e+08 -3.697757689774168036e-17
9.686545582866210938e+08 -3.418768485785237851e-17
9.686545582868652344e+08 -3.136949648187273629e-17
9.686545582871093750e+08 -2.853620600033790761e-17
9.686545582873535156e+08 -2.565088774372404201e-17
9.686545582875976562e+08 -2.275597040631551161e-17
9.686545582878417969e+08 -1.983806327262020959e-17
9.686545582880859375e+08 -1.690609791147025819e-17
9.686545582883300781e+08 -1.396505447172144236e-17
9.686545582885742188e+08 -1.101630465339039209e-17
9.686545582888183594e+08 -8.053588520726645701e-18
9.686545582890625000e+08 -5.077345098345535228e-18
9.686545582893066406e+08 -2.097763860988248590e-18
9.686545582895507812e+08 8.651204259536239317e-19
9.686545582897949219e+08 3.863341986824455553e-18
9.686545582900390625e+08 6.846440797838665931e-18
9.686545582902832031e+08 9.839337950180003791e-18
9.686545582905273438e+08 1.283559776165306450e-17
9.686545582907714844e+08 1.580416801365371053e-17
9.686545582910156250e+08 1.877946872882055799e-17
9.686545582912597656e+08 2.171670376032778264e-17
9.686545582915039062e+08 2.466295181074696326e-17
9.686545582917480469e+08 2.758194330218470854e-17
9.686545582919921875e+08 3.048290865725019497e-17
9.686545582922363281e+08 3.336041580888395806e-17
9.686545582924804688e+08 3.622091989665773060e-17
9.686545582927246094e+08 3.905234450617229467e-17
9.686545582929687500e+08 4.187252887712174616e-17
9.686545582932128906e+08 4.465732071959227703e-17
9.686545582934570312e+08 4.741550362566083902e-17
9.686545582937011719e+08 5.014115946559110442e-17
9.686545582939453125e+08 5.282203442577197357e-17
9.686545582941894531e+08 5.545492738400119046e-17
9.686545582944335938e+08 5.806030895843219422e-17
9.686545582946777344e+08 6.062656463408913786e-17
9.686545582949218750e+08 6.313652407596518869e-17
9.686545582951660156e+08 6.559660586681117585e-17
9.686545582954101562e+08 6.802954273348609087e-17
9.686545582956542969e+08 7.039995007706556397e-17
9.686545582958984375e+08 7.271884255738340643e-17
9.686545582961425781e+08 7.500398714435036400e-17
9.686545582963867188e+08 7.722472083551404173e-17
9.686545582966308594e+08 7.938447949716411131e-17
9.686545582968750000e+08 8.147542861567885835e-17
9.686545582971191406e+08 8.351231414416130579e-17
9.686545582973632812e+08 8.549354114864445220e-17
9.686545582976074219e+08 8.738944892207908739e-17
9.686545582978515625e+08 8.923061742082753784e-17
9.686545582980957031e+08 9.099726340685251887e-17
9.686545582983398438e+08 9.270165543992292004e-17
9.686545582985839844e+08 9.433335516442095603e-17
9.686545582988281250e+08 9.590489276640594220e-17
9.686545582990722656e+08 9.739663540890805139e-17
9.686545582993164062e+08 9.882149248203287832e-17
9.686545582995605469e+08 1.001626334233486155e-16
9.686545582998046875e+08 1.014240906707326899e-16
9.686545583000488281e+08 1.026021890919228537e-16
9.686545583002929688e+08 1.037111516373595746e-16
9.686545583005371094e+08 1.047230201750871748e-16
9.686545583007812500e+08 1.056601604919862513e-16
9.686545583010253906e+08 1.065074821931558012e-16
9.686545583012695312e+08 1.072818105346482691e-16
9.686545583015136719e+08 1.079769432214079505e-16
9.686545583017578125e+08 1.085833428880820042e-16
9.686545583020019531e+08 1.091198922424295616e-16
9.686545583022460938e+08 1.095597963628036203e-16
9.686545583024902344e+08 1.099141314851406421e-16
9.686545583027343750e+08 1.101727123998295086e-16
9.686545583029785156e+08 1.103537486722573377e-16
9.686545583032226562e+08 1.104272000076086872e-16
9.686545583034667969e+08 1.104287743802462214e-16
9.686545583037109375e+08 1.103318068470964542e-16
9.686545583039550781e+08 1.101469440693912010e-16
9.686545583041992188e+08 1.098844123881236646e-16
9.686545583044433594e+08 1.095363315761948185e-16
9.686545583046875000e+08 1.091086508470261673e-16
9.686545583049316406e+08 1.085991960720637713e-16
9.686545583051757812e+08 1.079984197357731655e-16
9.686545583054199219e+08 1.072989363000082913e-16
9.686545583056640625e+08 1.065145528195515886e-16
9.686545583059082031e+08 1.056461529779738951e-16
9.686545583061523438e+08 1.046894518987668815e-16
9.686545583063964844e+08 1.036528473129877262e-16
9.686545583066406250e+08 1.025248342858128698e-16
9.686545583068847656e+08 1.013285237258457386e-16
9.686545583071289062e+08 1.000409692766224680e-16
9.686545583073730469e+08 9.870292658922692510e-17
9.686545583076171875e+08 9.727560396962257650e-17
9.686545583078613281e+08 9.577351282843269499e-17
9.686545583081054688e+08 9.418848722383221848e-17
9.686545583083496094e+08 9.252897123238913351e-17
9.686545583085937500e+08 9.078934990406193977e-17
9.686545583088378906e+08 8.897061643107549615e-17
9.686545583090820312e+08 8.710165953331364514e-17
9.686545583093261719e+08 8.515542036402574278e-17
9.686545583095703125e+08 8.312727191247677740e-17
9.686545583098144531e+08 8.106006451576948529e-17
9.686545583100585938e+08 7.891260040509764880e-17
9.686545583103027344e+08 7.672528077125912897e-17
9.686545583105468750e+08 7.448051342529031718e-17
9.686545583107910156e+08 7.215945220018322984e-17
9.686545583110351562e+08 6.981114710170391682e-17
9.686545583112792969e+08 6.737620127102993811e-17
9.686545583115234375e+08 6.490679232558804483e-17
9.686545583117675781e+08 6.238077186106059264e-17
9.686545583120117188e+08 5.981299570696544126e-17
9.686545583122558594e+08 5.719736235114537789e-17
9.686545583125000000e+08 5.452531265254944257e-17
9.686545583127441406e+08 5.184552663675895165e-17
9.686545583129882812e+08 4.911149066627070765e-17
9.686545583132324219e+08 4.635272411274645239e-17
9.686545583134765625e+08 4.357431225248375310e-17
9.686545583137207031e+08 4.075920171774236965e-17
9.686545583139648438e+08 3.791647677714191060e-17
9.686545583142089844e+08 3.502974911762724071e-17
9.686545583144531250e+08 3.213236809822038757e-17
9.686545583146972656e+08 2.921356217584065179e-17
9.686545583149414062e+08 2.627635912839998971e-17
9.686545583151855469e+08 2.331977688889799664e-17
9.686545583154296875e+08 2.035222341459305766e-17
9.686545583156738281e+08 1.738222021154826129e-17
9.686545583159179688e+08 1.439484186690438740e-17
9.686545583161621094e+08 1.143252811183557027e-17
9.686545583164062500e+08 8.465322114322843259e-18
9.686545583166503906e+08 5.487026879189849747e-18
9.686545583168945312e+08 2.515982309416980016e-18
9.686545583171386719e+08 -4.582904256265117457e-19
9.686545583173828125e+08 -3.419555877790285819e-18
9.686545583176269531e+08 -6.379980897994333040e-18
9.686545583178710938e+08 -9.326576050698602304e-18
9.686545583181152344e+08 -1.226213875045064255e-17
9.686545583183593750e+08 -1.515678238657516566e-17
9.686545583186035156e+08 -1.805267826522567768e-17
9.686545583188476562e+08 -2.090758601756918525e-17
9.686545583190917969e+08 -2.373020358895677599e-17
9.686545583193359375e+08 -2.651975074594244638e-17
9.686545583195800781e+08 -2.929806542793570474e-17
9.686545583198242188e+08 -3.203871177169699101e-17
9.686545583200683594e+08 -3.474895500284017135e-17
9.686545583203125000e+08 -3.743638215725428011e-17
9.686545583205566406e+08 -4.007354591258149217e-17
9.686545583208007812e+08 -4.266694887065176983e-17
9.686545583210449219e+08 -4.524478739063965546e-17
9.686545583212890625e+08 -4.774855336471142930e-17
9.686545583215332031e+08 -5.021339035311688866e-17
9.686545583217773438e+08 -5.262407929705454381e-17
9.686545583220214844e+08 -5.497959811612333663e-17
9.686545583222656250e+08 -5.727715213303887806e-17
9.686545583225097656e+08 -5.952839763509093421e-17
9.686545583227539062e+08 -6.173380069037310073e-17
9.686545583229980469e+08 -6.388529252155425442e-17
9.686545583232421875e+08 -6.598444733339861873e-17
9.686545583234863281e+08 -6.801289814938237473e-17
9.686545583237304688e+08 -6.998745761343284237e-17
9.686545583239746094e+08 -7.190569739577776013e-17
9.686545583242187500e+08 -7.375987504675883016e-17
9.686545583244628906e+08 -7.553845807808816497e-17
9.686545583247070312e+08 -7.724607464304538519e-17
9.686545583249511719e+08 -7.888558773026302962e-17
9.686545583251953125e+08 -8.044978182095149884e-17
9.686545583254394531e+08 -8.195991608044074056e-17
9.686545583256835938e+08 -8.339754378716329424e-17
9.686545583259277344e+08 -8.478319058799005965e-17
9.686545583261718750e+08 -8.608942685271093412e-17
9.686545583264160156e+08 -8.731755352024679170e-17
9.686545583266601562e+08 -8.849146971632935651e-17
9.686545583269042969e+08 -8.958096777321910654e-17
9.686545583271484375e+08 -9.060884942374081107e-17
9.686545583273925781e+08 -9.154263098745110304e-17
9.686545583276367188e+08 -9.240630928935436317e-17
9.686545583278808594e+08 -9.318237904651544274e-17
9.686545583281250000e+08 -9.389894422041577854e-17
9.686545583283691406e+08 -9.453188302814053803e-17
9.686545583286132812e+08 -9.510576205596493089e-17
9.686545583288574219e+08 -9.561788228415481301e-17
9.686545583291015625e+08 -9.603685512822679148e-17
9.686545583293457031e+08 -9.639096648963991727e-17
9.686545583295898438e+08 -9.666795453671173959e-17
9.686545583298339844e+08 -9.688466717365332797e-17
9.686545583300781250e+08 -9.701156067372050573e-17
9.686545583303222656e+08 -9.706081960558928737e-17
9.686545583305664062e+08 -9.704113854107156945e-17
9.686545583308105469e+08 -9.693412871658222547e-17
9.686545583310546875e+08 -9.675205685088067029e-17
9.686545583312988281e+08 -9.653058358935707387e-17
9.686545583315429688e+08 -9.621246206909235024e-17
9.686545583317871094e+08 -9.584834009218846469e-17
9.686545583320312500e+08 -9.541716751388615589e-17
9.686545583322753906e+08 -9.490069636712514591e-17
9.686545583325195312e+08 -9.432974508734156319e-17
9.686545583327636719e+08 -9.369121706439521385e-17
9.686545583330078125e+08 -9.298411367678544527e-17
9.686545583332519531e+08 -9.219582496339865273e-17
9.686545583334960938e+08 -9.134711796495103969e-17
9.686545583337402344e+08 -9.042386670174700743e-17
9.686545583339843750e+08 -8.944141801789715208e-17
9.686545583342285156e+08 -8.840998376151475006e-17
9.686545583344726562e+08 -8.732407712233970713e-17
9.686545583347167969e+08 -8.617348601394100777e-17
9.686545583349609375e+08 -8.497542435307986070e-17
9.686545583352050781e+08 -8.371210240886021213e-17
9.686545583354492188e+08 -8.239685147723927755e-17
9.686545583356933594e+08 -8.102944375300063838e-17
9.686545583359375000e+08 -7.959216158104839563e-17
9.686545583361816406e+08 -7.811910097312812820e-17
9.686545583364257812e+08 -7.656555487319545740e-17
9.686545583366699219e+08 -7.496591600885053035e-17
9.686545583369140625e+08 -7.333050520859509528e-17
9.686545583371582031e+08 -7.165719789774885918e-17
9.686545583374023438e+08 -6.993492815985517526e-17
9.686545583376464844e+08 -6.816458608810447488e-17
9.686545583378906250e+08 -6.636595812189018180e-17
9.686545583381347656e+08 -6.451667919039708678e-17
9.686545583383789062e+08 -6.263831794665857931e-17
9.686545583386230469e+08 -6.070455831486201767e-17
9.686545583388671875e+08 -5.874664319429913153e-17
9.686545583391113281e+08 -5.673264440297209955e-17
9.686545583393554688e+08 -5.468845629877212822e-17
9.686545583395996094e+08 -5.259845256248034930e-17
9.686545583398437500e+08 -5.049256950058527697e-17
9.686545583400878906e+08 -4.836128796114820426e-17
9.686545583403320312e+08 -4.620393949572110706e-17
9.686545583405761719e+08 -4.402680116915158751e-17
9.686545583408203125e+08 -4.181421991473789188e-17
9.686545583410644531e+08 -3.959045614366234879e-17
9.686545583413085938e+08 -3.734058673963854294e-17
9.686545583415527344e+08 -3.506676927302476875e-17
9.686545583417968750e+08 -3.276678721582656492e-17
9.686545583420410156e+08 -3.044938651001512418e-17
9.686545583422851562e+08 -2.810467888818994048e-17
9.686545583425292969e+08 -2.574589386191526429e-17
9.686545583427734375e+08 -2.338282854722940521e-17
9.686545583430175781e+08 -2.102049355567527824e-17
9.686545583432617188e+08 -1.864730287685388639e-17
9.686545583435058594e+08 -1.625763136562917250e-17
9.686545583437500000e+08 -1.388119321673939051e-17
9.686545583439941406e+08 -1.149003368725207748e-17
9.686545583442382812e+08 -9.093707329634774529e-18
9.686545583444824219e+08 -6.702656636895848694e-18
9.686545583447265625e+08 -4.297517959024222005e-18
9.686545583449707031e+08 -1.890738929200282751e-18
9.686545583452148438e+08 5.314321478695197717e-19
9.686545583454589844e+08 2.929077925180591090e-18
9.686545583457031250e+08 5.315751152416339254e-18
9.686545583459472656e+08 7.706721197221006923e-18
9.686545583461914062e+08 1.006499155770077051e-17
9.686545583464355469e+08 1.242007183154820044e-17
9.686545583466796875e+08 1.475860483223905577e-17
9.686545583469238281e+08 1.708411746110430075e-17
9.686545583471679688e+08 1.939575550010784189e-17
9.686545583474121094e+08 2.169553865971994056e-17
9.686545583476562500e+08 2.398205895919102172e-17
9.686545583479003906e+08 2.625074006320333600e-17
9.686545583481445312e+08 2.851498350390820567e-17
9.686545583483886719e+08 3.074072619705627823e-17
9.686545583486328125e+08 3.292836082726966665e-17
9.686545583488769531e+08 3.510152865575557211e-17
9.686545583491210938e+08 3.723985040470350301e-17
9.686545583493652344e+08 3.934062194664639424e-17
9.686545583496093750e+08 4.141170585197243273e-17
9.686545583498535156e+08 4.345920519276025422e-17
9.686545583500976562e+08 4.546659092269006685e-17
9.686545583503417969e+08 4.744626060651243546e-17
9.686545583505859375e+08 4.939735255087626022e-17
9.686545583508300781e+08 5.132105456707331623e-17
9.686545583510742188e+08 5.320715888900717652e-17
9.686545583513183594e+08 5.504640087866939444e-17
9.686545583515625000e+08 5.683619928664629335e-17
9.686545583518066406e+08 5.858605614200760602e-17
9.686545583520507812e+08 6.027919805040478205e-17
9.686545583522949219e+08 6.193793819124245292e-17
9.686545583525390625e+08 6.354360232836403012e-17
9.686545583527832031e+08 6.509521819457700021e-17
9.686545583530273438e+08 6.661698192513605422e-17
9.686545583532714844e+08 6.807981678564171668e-17
9.686545583535156250e+08 6.950138524746459844e-17
9.686545583537597656e+08 7.088732560703220635e-17
9.686545583540039062e+08 7.221324573477238751e-17
9.686545583542480469e+08 7.348183139187122617e-17
9.686545583544921875e+08 7.468153936913539264e-17
9.686545583547363281e+08 7.583412822658050978e-17
9.686545583549804688e+08 7.692367235251203096e-17
9.686545583552246094e+08 7.795377735084084865e-17
9.686545583554687500e+08 7.892681843547158083e-17
9.686545583557128906e+08 7.984836830852260153e-17
9.686545583559570312e+08 8.069914196075437359e-17
9.686545583562011719e+08 8.149428535843299055e-17
9.686545583564453125e+08 8.225135979568338084e-17
9.686545583566894531e+08 8.294835832705886598e-17
9.686545583569335938e+08 8.357966436384496996e-17
9.686545583571777344e+08 8.414040323195869085e-17
9.686545583574218750e+08 8.464001287076340862e-17
9.686545583576660156e+08 8.506817890828848053e-17
9.686545583579101562e+08 8.543548294638846924e-17
9.686545583581542969e+08 8.573007040809271190e-17
9.686545583583984375e+08 8.596320656820614899e-17
9.686545583586425781e+08 8.614043896668094883e-17
9.686545583588867188e+08 8.624189074685990654e-17
9.686545583591308594e+08 8.629838325322069949e-17
9.686545583593750000e+08 8.628666657876199935e-17
9.686545583596191406e+08 8.622906892956713138e-17
9.686545583598632812e+08 8.610551809711105658e-17
9.686545583601074219e+08 8.589781438644764090e-17
9.686545583603515625e+08 8.563349666954882880e-17
9.686545583605957031e+08 8.528931476408913869e-17
9.686545583608398438e+08 8.488920917145434168e-17
9.686545583610839844e+08 8.442690202839902113e-17
9.686545583613281250e+08 8.389072122117698158e-17
9.686545583615722656e+08 8.331047592374498240e-17
9.686545583618164062e+08 8.265172683765173215e-17
9.686545583620605469e+08 8.195614747883356326e-17
9.686545583623046875e+08 8.120419575817224597e-17
9.686545583625488281e+08 8.039825810104854646e-17
9.686545583627929688e+08 7.952724824563098014e-17
9.686545583630371094e+08 7.859010165003992426e-17
9.686545583632812500e+08 7.759209854507178371e-17
9.686545583635253906e+08 7.653494332462864082e-17
9.686545583637695312e+08 7.542335984576892913e-17
9.686545583640136719e+08 7.424428217922874906e-17
9.686545583642578125e+08 7.303000713560623896e-17
9.686545583645019531e+08 7.176467192374364484e-17
9.686545583647460938e+08 7.043132777241048339e-17
9.686545583649902344e+08 6.908171428673270641e-17
9.686545583652343750e+08 6.766636147240563809e-17
9.686545583654785156e+08 6.623305976508516989e-17
9.686545583657226562e+08 6.472989970221028323e-17
9.686545583659667969e+08 6.317054879974564143e-17
9.686545583662109375e+08 6.158748697565768001e-17
9.686545583664550781e+08 5.994174530897689797e-17
9.686545583666992188e+08 5.825838592364205953e-17
9.686545583669433594e+08 5.653523676701655054e-17
9.686545583671875000e+08 5.478936262735552535e-17
9.686545583674316406e+08 5.298731321400923663e-17
9.686545583676757812e+08 5.116916195979894000e-17
9.686545583679199219e+08 4.933059766051648841e-17
9.686545583681640625e+08 4.745519722104019065e-17
9.686545583684082031e+08 4.556681595055976514e-17
9.686545583686523438e+08 4.363181702420404769e-17
9.686545583688964844e+08 4.167139465778037046e-17
9.686545583691406250e+08 3.969162218403706837e-17
9.686545583693847656e+08 3.767835161411655338e-17
9.686545583696289062e+08 3.564680149226188363e-17
9.686545583698730469e+08 3.360481999748331296e-17
9.686545583701171875e+08 3.153680360756926470e-17
9.686545583703613281e+08 2.945537575282147076e-17
9.686545583706054688e+08 2.737055903875593332e-17
9.686545583708496094e+08 2.528714006882543980e-17
9.686545583710937500e+08 2.318955799064824881e-17
9.686545583713378906e+08 2.109914481195403686e-17
9.686545583715820312e+08 1.899518028707061201e-17
9.686545583718261719e+08 1.687624414628181153e-17
9.686545583720703125e+08 1.475597540110557998e-17
9.686545583723144531e+08 1.263750449576654953e-17
9.686545583725585938e+08 1.051209752365159392e-17
9.686545583728027344e+08 8.395880084723395329e-18
9.686545583730468750e+08 6.287677567108379749e-18
9.686545583732910156e+08 4.187286489665611391e-18
9.686545583735351562e+08 2.095325463312966466e-18
9.686545583737792969e+08 3.941916502545515502e-20
9.686545583740234375e+08 -2.008244787096878120e-18
9.686545583742675781e+08 -4.037723570339708392e-18
9.686545583745117188e+08 -6.059375325479544580e-18
9.686545583747558594e+08 -8.074773489890219995e-18
9.686545583750000000e+08 -1.005282981009940493e-17
9.686545583752441406e+08 -1.203253541346921417e-17
9.686545583754882812e+08 -1.398731914434984319e-17
9.686545583757324219e+08 -1.592218632491361742e-17
9.686545583759765625e+08 -1.780892414338320240e-17
9.686545583762207031e+08 -1.969030514489786916e-17
9.686545583764648438e+08 -2.152419972697210513e-17
9.686545583767089844e+08 -2.331741597367727115e-17
9.686545583769531250e+08 -2.507169780237606964e-17
9.686545583771972656e+08 -2.681041966750973752e-17
9.686545583774414062e+08 -2.851755709265343060e-17
9.686545583776855469e+08 -3.018381987904821662e-17
9.686545583779296875e+08 -3.182153159709737492e-17
9.686545583781738281e+08 -3.343710416789853291e-17
9.686545583784179688e+08 -3.500092313593714546e-17
9.686545583786621094e+08 -3.652521888411737028e-17
9.686545583789062500e+08 -3.801547109639126796e-17
9.686545583791503906e+08 -3.945734343510127298e-17
9.686545583793945312e+08 -4.084978083049208751e-17
9.686545583796386719e+08 -4.219249284213102307e-17
9.686545583798828125e+08 -4.348257449615907415e-17
9.686545583801269531e+08 -4.473297694146479944e-17
9.686545583803710938e+08 -4.595749298670850514e-17
9.686545583806152344e+08 -4.712574450531932545e-17
9.686545583808593750e+08 -4.826544615829273178e-17
9.686545583811035156e+08 -4.934983634655941778e-17
9.686545583813476562e+08 -5.039100015163561607e-17
9.686545583815917969e+08 -5.138591935447795897e-17
9.686545583818359375e+08 -5.232710860922678019e-17
9.686545583820800781e+08 -5.322108118330153444e-17
9.686545583823242188e+08 -5.406377611859254424e-17
9.686545583825683594e+08 -5.484609075141849283e-17
9.686545583828125000e+08 -5.557750390009394016e-17
9.686545583830566406e+08 -5.625682762361344909e-17
9.686545583833007812e+08 -5.691583427292904741e-17
9.686545583835449219e+08 -5.751093590883784914e-17
9.686545583837890625e+08 -5.806410593704751538e-17
9.686545583840332031e+08 -5.857591884626405778e-17
9.686545583842773438e+08 -5.904510481455227278e-17
9.686545583845214844e+08 -5.945009572153864518e-17
9.686545583847656250e+08 -5.981109941405309294e-17
9.686545583850097656e+08 -6.014162671906928408e-17
9.686545583852539062e+08 -6.038947402220305194e-17
9.686545583854980469e+08 -6.058583294967561476e-17
9.686545583857421875e+08 -6.074527900625407009e-17
9.686545583859863281e+08 -6.086772651265892359e-17
9.686545583862304688e+08 -6.093784434989610781e-17
9.686545583864746094e+08 -6.097450391106277666e-17
9.686545583867187500e+08 -6.096422280425180599e-17
9.686545583869628906e+08 -6.092674799650231629e-17
9.686545583872070312e+08 -6.082635048757767987e-17
9.686545583874511719e+08 -6.069180836899295330e-17
9.686545583876953125e+08 -6.051394489070874583e-17
9.686545583879394531e+08 -6.029338533427041272e-17
9.686545583881835938e+08 -6.001232885235086928e-17
9.686545583884277344e+08 -5.968878015242441889e-17
9.686545583886718750e+08 -5.932361702899571668e-17
9.686545583889160156e+08 -5.893617165441946676e-17
9.686545583891601562e+08 -5.850685941423344157e-17
9.686545583894042969e+08 -5.804430093180788012e-17
9.686545583896484375e+08 -5.755350398600135123e-17
9.686545583898925781e+08 -5.702533242105059254e-17
9.686545583901367188e+08 -5.645703930798222314e-17
9.686545583903808594e+08 -5.585636905940305284e-17
9.686545583906250000e+08 -5.522300425844247513e-17
9.686545583908691406e+08 -5.455391871986201006e-17
9.686545583911132812e+08 -5.383094645971499239e-17
9.686545583913574219e+08 -5.307698504385887136e-17
9.686545583916015625e+08 -5.230845942444940052e-17
9.686545583918457031e+08 -5.149873919040135040e-17
9.686545583920898438e+08 -5.067508718871192000e-17
9.686545583923339844e+08 -4.982023926168225869e-17
9.686545583925781250e+08 -4.894946359584762757e-17
9.686545583928222656e+08 -4.804904164632654696e-17
9.686545583930664062e+08 -4.712583236860756755e-17
9.686545583933105469e+08 -4.617597925223617993e-17
9.686545583935546875e+08 -4.519538897411254626e-17
9.686545583937988281e+08 -4.418927265390254543e-17
9.686545583940429688e+08 -4.315200771719098848e-17
9.686545583942871094e+08 -4.208652582650502746e-17
9.686545583945312500e+08 -4.100953236213784621e-17
9.686545583947753906e+08 -3.991515281328693273e-17
9.686545583950195312e+08 -3.880533478418885479e-17
9.686545583952636719e+08 -3.768477077690671118e-17
9.686545583955078125e+08 -3.655094986765944848e-17
9.686545583957519531e+08 -3.539474086106105813e-17
9.686545583959960938e+08 -3.422655039033017153e-17
9.686545583962402344e+08 -3.303314847076378458e-17
9.686545583964843750e+08 -3.184423228326862523e-17
9.686545583967285156e+08 -3.061285335180445961e-17
9.686545583969726562e+08 -2.936599771223191128e-17
9.686545583972167969e+08 -2.810170349321249239e-17
9.686545583974609375e+08 -2.684511607801092374e-17
9.686545583977050781e+08 -2.557390278973420634e-17
9.686545583979492188e+08 -2.428966386479798314e-17
9.686545583981933594e+08 -2.300453819770626554e-17
9.686545583984375000e+08 -2.172617149346800526e-17
9.686545583986816406e+08 -2.043109394832575470e-17
9.686545583989257812e+08 -1.912432101803943983e-17
9.686545583991699219e+08 -1.781778903223938167e-17
9.686545583994140625e+08 -1.649188394516714992e-17
9.686545583996582031e+08 -1.516592699697704596e-17
9.686545583999023438e+08 -1.381606291003865169e-17
9.686545584001464844e+08 -1.247241828072821450e-17
9.686545584003906250e+08 -1.112231960194103297e-17
9.686545584006347656e+08 -9.775118366864346304e-18
9.686545584008789062e+08 -8.436506330176462212e-18
9.686545584011230469e+08 -7.096749621496442997e-18
9.686545584013671875e+08 -5.770573714006449387e-18
9.686545584016113281e+08 -4.429294378627442297e-18
9.686545584018554688e+08 -3.084120236176939575e-18
9.686545584020996094e+08 -1.762724182095241136e-18
9.686545584023437500e+08 -4.198145945382818491e-19
9.686545584025878906e+08 9.182003077737565495e-19
9.686545584028320312e+08 2.271446430875245171e-18
9.686545584030761719e+08 3.605828224611482613e-18
9.686545584033203125e+08 4.936608220404423867e-18
9.686545584035644531e+08 6.253340099274998145e-18
9.686545584038085938e+08 7.561247257662272141e-18
9.686545584040527344e+08 8.859814526429745671e-18
9.686545584042968750e+08 1.014126807570513867e-17
9.686545584045410156e+08 1.141936987932991359e-17
9.686545584047851562e+08 1.269092202053978638e-17
9.686545584050292969e+08 1.395800463252415555e-17
9.686545584052734375e+08 1.520155209689083265e-17
9.686545584055175781e+08 1.647126793472876408e-17
9.686545584057617188e+08 1.770973951189881640e-17
9.686545584060058594e+08 1.894318780258320350e-17
9.686545584062500000e+08 2.015617814098339272e-17
9.686545584064941406e+08 2.134936106710233937e-17
9.686545584067382812e+08 2.253224477605575859e-17
9.686545584069824219e+08 2.367793240511263610e-17
9.686545584072265625e+08 2.482300413362774867e-17
9.686545584074707031e+08 2.594539999144747268e-17
9.686545584077148438e+08 2.705054882559735708e-17
9.686545584079589844e+08 2.814686256580909077e-17
9.686545584082031250e+08 2.922233524732827665e-17
9.686545584084472656e+08 3.028279777221070188e-17
9.686545584086914062e+08 3.133813786738301049e-17
9.686545584089355469e+08 3.235960145262671480e-17
9.686545584091796875e+08 3.335515515643181229e-17
9.686545584094238281e+08 3.432901664731770801e-17
9.686545584096679688e+08 3.526881506244583662e-17
9.686545584099121094e+08 3.618703912449051958e-17
9.686545584101562500e+08 3.707301774326972386e-17
9.686545584104003906e+08 3.793923239316442225e-17
9.686545584106445312e+08 3.878188938409696260e-17
9.686545584108886719e+08 3.960393005670900414e-17
9.686545584111328125e+08 4.038624294580549991e-17
9.686545584113769531e+08 4.117047411191374162e-17
9.686545584116210938e+08 4.192008939070643753e-17
9.686545584118652344e+08 4.262900232614779203e-17
9.686545584121093750e+08 4.332057318227471820e-17
9.686545584123535156e+08 4.396110790293497832e-17
9.686545584125976562e+08 4.457954953689168310e-17
9.686545584128417969e+08 4.515169462461954679e-17
9.686545584130859375e+08 4.569326237769491354e-17
9.686545584133300781e+08 4.620836407465695218e-17
9.686545584135742188e+08 4.669392208886086004e-17
9.686545584138183594e+08 4.714550782843449816e-17
9.686545584140625000e+08 4.755864847696875054e-17
9.686545584143066406e+08 4.796403428062117578e-17
9.686545584145507812e+08 4.832621285557563746e-17
9.686545584147949219e+08 4.864357094964279223e-17
9.686545584150390625e+08 4.892808309293249068e-17
9.686545584152832031e+08 4.916528545261535795e-17
9.686545584155273438e+08 4.937252326025044589e-17
9.686545584157714844e+08 4.952776402513215461e-17
9.686545584160156250e+08 4.964724844929828314e-17
9.686545584162597656e+08 4.973752326446588513e-17
9.686545584165039062e+08 4.979127535360771052e-17
9.686545584167480469e+08 4.980428077204482183e-17
9.686545584169921875e+08 4.978779501877069904e-17
9.686545584172363281e+08 4.975196103135272869e-17
9.686545584174804688e+08 4.966439557055153819e-17
9.686545584177246094e+08 4.953566427276858563e-17
9.686545584179687500e+08 4.937522140460256701e-17
9.686545584182128906e+08 4.915592816186154731e-17
9.686545584184570312e+08 4.890796714780194178e-17
9.686545584187011719e+08 4.861048236690404326e-17
9.686545584189453125e+08 4.827916029669996869e-17
9.686545584191894531e+08 4.790999065262280297e-17
9.686545584194335938e+08 4.751019519808616208e-17
9.686545584196777344e+08 4.707402062810143456e-17
9.686545584199218750e+08 4.661441206370379460e-17
9.686545584201660156e+08 4.612088201093739815e-17
9.686545584204101562e+08 4.557969913660865451e-17
9.686545584206542969e+08 4.500436789841016995e-17
9.686545584208984375e+08 4.439271197468141047e-17
9.686545584211425781e+08 4.373544835253254657e-17
9.686545584213867188e+08 4.304129594133451099e-17
9.686545584216308594e+08 4.232057357739321999e-17
9.686545584218750000e+08 4.155843228567480227e-17
9.686545584221191406e+08 4.076744610969804213e-17
9.686545584223632812e+08 3.994483736614911962e-17
9.686545584226074219e+08 3.911010740223605027e-17
9.686545584228515625e+08 3.823506508648758596e-17
9.686545584230957031e+08 3.734436271499947645e-17
9.686545584233398438e+08 3.640983088519571400e-17
9.686545584235839844e+08 3.545843420619317019e-17
9.686545584238281250e+08 3.445998035951994377e-17
9.686545584240722656e+08 3.344209531081621903e-17
9.686545584243164062e+08 3.239648679132221831e-17
9.686545584245605469e+08 3.132020991920637801e-17
9.686545584248046875e+08 3.022102316501703567e-17
9.686545584250488281e+08 2.910897846491263811e-17
9.686545584252929688e+08 2.797890223447412877e-17
9.686545584255371094e+08 2.681757136527512578e-17
9.686545584257812500e+08 2.565598229386671016e-17
9.686545584260253906e+08 2.448145198428786197e-17
9.686545584262695312e+08 2.327698689040205573e-17
9.686545584265136719e+08 2.205598349972249192e-17
9.686545584267578125e+08 2.081920625521269710e-17
9.686545584270019531e+08 1.956617142283992556e-17
9.686545584272460938e+08 1.830046218742748302e-17
9.686545584274902344e+08 1.700981860503374306e-17
9.686545584277343750e+08 1.571934866837825975e-17
9.686545584279785156e+08 1.442370358912150104e-17
9.686545584282226562e+08 1.312199024191005319e-17
9.686545584284667969e+08 1.181348504608600979e-17
9.686545584287109375e+08 1.052114755003936788e-17
9.686545584289550781e+08 9.211189873979275698e-18
9.686545584291992188e+08 7.897381151322224028e-18
9.686545584294433594e+08 6.589537580589957332e-18
9.686545584296875000e+08 5.264081168155689444e-18
9.686545584299316406e+08 3.949658721990732024e-18
9.686545584301757812e+08 2.618724936906368914e-18
9.686545584304199219e+08 1.297798821120134294e-18
9.686545584306640625e+08 -1.698486891085517560e-20
9.686545584309082031e+08 -1.318863139933100018e-18
9.686545584311523438e+08 -2.620424513154642625e-18
9.686545584313964844e+08 -3.895612844804267280e-18
9.686545584316406250e+08 -5.156713284119525060e-18
9.686545584318847656e+08 -6.431111900091689957e-18
9.686545584321289062e+08 -7.670239154021345091e-18
9.686545584323730469e+08 -8.916560154633616535e-18
9.686545584326171875e+08 -1.013860994153965749e-17
9.686545584328613281e+08 -1.135963280660873387e-17
9.686545584331054688e+08 -1.257703339871185444e-17
9.686545584333496094e+08 -1.376304386399978056e-17
9.686545584335937500e+08 -1.494327187803778482e-17
9.686545584338378906e+08 -1.608946973459910659e-17
9.686545584340820312e+08 -1.721341081599350118e-17
9.686545584343261719e+08 -1.832177250017257813e-17
9.686545584345703125e+08 -1.938775221071090432e-17
9.686545584348144531e+08 -2.045499887904721134e-17
9.686545584350585938e+08 -2.149237018885676791e-17
9.686545584353027344e+08 -2.250244404812084017e-17
9.686545584355468750e+08 -2.350411345014074285e-17
9.686545584357910156e+08 -2.448788495124391876e-17
9.686545584360351562e+08 -2.543662760602382122e-17
9.686545584362792969e+08 -2.636583528715505635e-17
9.686545584365234375e+08 -2.726453477200300352e-17
9.686545584367675781e+08 -2.813778689149455525e-17
9.686545584370117188e+08 -2.896669374934780585e-17
9.686545584372558594e+08 -2.977523722783971002e-17
9.686545584375000000e+08 -3.054455205086738622e-17
9.686545584377441406e+08 -3.129791965677616961e-17
9.686545584379882812e+08 -3.202498941294867368e-17
9.686545584382324219e+08 -3.271316233960884079e-17
9.686545584384765625e+08 -3.338172000823129321e-17
9.686545584387207031e+08 -3.402183680298466435e-17
9.686545584389648438e+08 -3.464793330943475728e-17
9.686545584392089844e+08 -3.521839644556592888e-17
9.686545584394531250e+08 -3.577549078861665176e-17
9.686545584396972656e+08 -3.628529621191511718e-17
9.686545584399414062e+08 -3.676381458973208812e-17
9.686545584401855469e+08 -3.721419864289181333e-17
9.686545584404296875e+08 -3.761891119430608775e-17
9.686545584406738281e+08 -3.801637935739204339e-17
9.686545584409179688e+08 -3.836033981441430567e-17
9.686545584411621094e+08 -3.869516956078834163e-17
9.686545584414062500e+08 -3.898464077324156743e-17
9.686545584416503906e+08 -3.927094086873744610e-17
9.686545584418945312e+08 -3.950633978360200567e-17
9.686545584421386719e+08 -3.972561745931363045e-17
9.686545584423828125e+08 -3.990263411543316979e-17
9.686545584426269531e+08 -4.004312076214025602e-17
9.686545584428710938e+08 -4.016003261920767647e-17
9.686545584431152344e+08 -4.023242130577805371e-17
9.686545584433593750e+08 -4.028061764766083734e-17
9.686545584436035156e+08 -4.030855149436813364e-17
9.686545584438476562e+08 -4.030259177743863666e-17
9.686545584440917969e+08 -4.025843551168058512e-17
9.686545584443359375e+08 -4.021632508449498328e-17
9.686545584445800781e+08 -4.013267473187088425e-17
9.686545584448242188e+08 -4.002977770104757768e-17
9.686545584450683594e+08 -3.988799500801979112e-17
9.686545584453125000e+08 -3.973020030586478752e-17
9.686545584455566406e+08 -3.953117114744528143e-17
9.686545584458007812e+08 -3.930078490824434569e-17
9.686545584460449219e+08 -3.904080194169919329e-17
9.686545584462890625e+08 -3.876904283758192409e-17
9.686545584465332031e+08 -3.846126324578939045e-17
9.686545584467773438e+08 -3.813428886114033365e-17
9.686545584470214844e+08 -3.779360221301424391e-17
9.686545584472656250e+08 -3.742319430518917255e-17
9.686545584475097656e+08 -3.703932058348491831e-17
9.686545584477539062e+08 -3.663542894590293096e-17
9.686545584479980469e+08 -3.620254980672643277e-17
9.686545584482421875e+08 -3.573582858625654403e-17
9.686545584484863281e+08 -3.526012452320865496e-17
9.686545584487304688e+08 -3.474806479866525669e-17
9.686545584489746094e+08 -3.421358084017821920e-17
9.686545584492187500e+08 -3.367058360214651225e-17
9.686545584494628906e+08 -3.309490361089127296e-17
9.686545584497070312e+08 -3.251521078606152971e-17
9.686545584499511719e+08 -3.191398969456893957e-17
9.686545584501953125e+08 -3.130043661409740100e-17
9.686545584504394531e+08 -3.066715090214832867e-17
9.686545584506835938e+08 -3.002521554924269493e-17
9.686545584509277344e+08 -2.935237693677885508e-17
9.686545584511718750e+08 -2.866170857859111999e-17
9.686545584514160156e+08 -2.795422336721567413e-17
9.686545584516601562e+08 -2.721776349779860528e-17
9.686545584519042969e+08 -2.647768664992830301e-17
9.686545584521484375e+08 -2.571566532063019724e-17
9.686545584523925781e+08 -2.494416205456462462e-17
9.686545584526367188e+08 -2.416141531967516322e-17
9.686545584528808594e+08 -2.336150725799829153e-17
9.686545584531250000e+08 -2.255691835239368913e-17
9.686545584533691406e+08 -2.174029443323392083e-17
9.686545584536132812e+08 -2.091127952053540887e-17
9.686545584538574219e+08 -2.006504714406772203e-17
9.686545584541015625e+08 -1.920406359325442101e-17
9.686545584543457031e+08 -1.831534041303769576e-17
9.686545584545898438e+08 -1.743096288289998065e-17
9.686545584548339844e+08 -1.652057697085252497e-17
9.686545584550781250e+08 -1.561708173386208520e-17
9.686545584553222656e+08 -1.468802272834482678e-17
9.686545584555664062e+08 -1.375268892380135828e-17
9.686545584558105469e+08 -1.282414411049350164e-17
9.686545584560546875e+08 -1.187783851439501416e-17
9.686545584562988281e+08 -1.093036977072689557e-17
9.686545584565429688e+08 -9.969915630596479595e-18
9.686545584567871094e+08 -9.006174582601355765e-18
9.686545584570312500e+08 -8.015979462738375024e-18
9.686545584572753906e+08 -7.016959089874510486e-18
9.686545584575195312e+08 -6.016143937346188615e-18
9.686545584577636719e+08 -5.009261778314560381e-18
9.686545584580078125e+08 -3.986410113217539330e-18
9.686545584582519531e+08 -2.973337954375058714e-18
9.686545584584960938e+08 -1.949819048185628007e-18
9.686545584587402344e+08 -9.190342320751536470e-19
9.686545584589843750e+08 1.003221632934891577e-19
9.686545584592285156e+08 1.124587438568973779e-18
9.686545584594726562e+08 2.161963865903809230e-18
9.686545584597167969e+08 3.202478502857738959e-18
9.686545584599609375e+08 4.240293459418840860e-18
9.686545584602050781e+08 5.312729273094307660e-18
9.686545584604492188e+08 6.359881550641813406e-18
9.686545584606933594e+08 7.417511417206245945e-18
9.686545584609375000e+08 8.472046131472690859e-18
9.686545584611816406e+08 9.525663590816801471e-18
9.686545584614257812e+08 1.058190148714478195e-17
9.686545584616699219e+08 1.162564334988298867e-17
9.686545584619140625e+08 1.266607872548153277e-17
9.686545584621582031e+08 1.370910531364528999e-17
9.686545584624023438e+08 1.474312637702740391e-17
9.686545584626464844e+08 1.578349644568886666e-17
9.686545584628906250e+08 1.682951415731788401e-17
9.686545584631347656e+08 1.787355254735503921e-17
9.686545584633789062e+08 1.890506484329820131e-17
9.686545584636230469e+08 1.992529523347349290e-17
9.686545584638671875e+08 2.094595902506003027e-17
9.686545584641113281e+08 2.196188506619874181e-17
9.686545584643554688e+08 2.295760110600409293e-17
9.686545584645996094e+08 2.394370544812660494e-17
9.686545584648437500e+08 2.491824527914914413e-17
9.686545584650878906e+08 2.588163130795470487e-17
9.686545584653320312e+08 2.683621530411814266e-17
9.686545584655761719e+08 2.778536282849729858e-17
9.686545584658203125e+08 2.873080216573973190e-17
9.686545584660644531e+08 2.966367760065359916e-17
9.686545584663085938e+08 3.057135019457744827e-17
9.686545584665527344e+08 3.147430305399121406e-17
9.686545584667968750e+08 3.234686766408859774e-17
9.686545584670410156e+08 3.321719529603411250e-17
9.686545584672851562e+08 3.406257974199381172e-17
9.686545584675292969e+08 3.488566986824285691e-17
9.686545584677734375e+08 3.568887561452084512e-17
9.686545584680175781e+08 3.646684468041454265e-17
9.686545584682617188e+08 3.723150247040872173e-17
9.686545584685058594e+08 3.798236076551889631e-17
9.686545584687500000e+08 3.871268989320885548e-17
9.686545584689941406e+08 3.942510750924309560e-17
9.686545584692382812e+08 4.011020479129576653e-17
9.686545584694824219e+08 4.076585646468166818e-17
9.686545584697265625e+08 4.140085520824367296e-17
9.686545584699707031e+08 4.201128873571161483e-17
9.686545584702148438e+08 4.258543546767032181e-17
9.686545584704589844e+08 4.313332103024310175e-17
9.686545584707031250e+08 4.365234739446955376e-17
9.686545584709472656e+08 4.413593981402639748e-17
9.686545584711914062e+08 4.460040619413849210e-17
9.686545584714355469e+08 4.504214482421673443e-17
9.686545584716796875e+08 4.545681579563527009e-17
9.686545584719238281e+08 4.584585127563209062e-17
9.686545584721679688e+08 4.618232240518023209e-17
9.686545584724121094e+08 4.650437372246784124e-17
9.686545584726562500e+08 4.678300964920282412e-17
9.686545584729003906e+08 4.703493033751632922e-17
9.686545584731445312e+08 4.725223602263134984e-17
9.686545584733886719e+08 4.741679830932546003e-17
9.686545584736328125e+08 4.756382525249208240e-17
9.686545584738769531e+08 4.766101146511198152e-17
9.686545584741210938e+08 4.773454393813434291e-17
9.686545584743652344e+08 4.778096449491131543e-17
9.686545584746093750e+08 4.779886830134705919e-17
9.686545584748535156e+08 4.777933995076707860e-17
9.686545584750976562e+08 4.770962339033204316e-17
9.686545584753417969e+08 4.761438310181464906e-17
9.686545584755859375e+08 4.746831288717381320e-17
9.686545584758300781e+08 4.730588699074327399e-17
9.686545584760742188e+08 4.709011302126251937e-17
9.686545584763183594e+08 4.682817573785343955e-17
9.686545584765625000e+08 4.653981654374148195e-17
9.686545584768066406e+08 4.621090492575840226e-17
9.686545584770507812e+08 4.585093854878604926e-17
9.686545584772949219e+08 4.546785728548265638e-17
9.686545584775390625e+08 4.505120263279232640e-17
9.686545584777832031e+08 4.459971834543027016e-17
9.686545584780273438e+08 4.408978584495735324e-17
9.686545584782714844e+08 4.354976881056637853e-17
9.686545584785156250e+08 4.298949014242314435e-17
9.686545584787597656e+08 4.239043000224839511e-17
9.686545584790039062e+08 4.174214414480774744e-17
9.686545584792480469e+08 4.106648214166085778e-17
9.686545584794921875e+08 4.035144504066614065e-17
9.686545584797363281e+08 3.960963149960467124e-17
9.686545584799804688e+08 3.884266766566183188e-17
9.686545584802246094e+08 3.805088905126452253e-17
9.686545584804687500e+08 3.723259191609904157e-17
9.686545584807128906e+08 3.637354895025481401e-17
9.686545584809570312e+08 3.548096734658438714e-17
9.686545584812011719e+08 3.456642198499212437e-17
9.686545584814453125e+08 3.361246998144871985e-17
9.686545584816894531e+08 3.264770549564794877e-17
9.686545584819335938e+08 3.163730254964850172e-17
9.686545584821777344e+08 3.060528123035767036e-17
9.686545584824218750e+08 2.955176188005501231e-17
9.686545584826660156e+08 2.846646000068549523e-17
9.686545584829101562e+08 2.737523421905925095e-17
9.686545584831542969e+08 2.626911544756482783e-17
9.686545584833984375e+08 2.513734601710849654e-17
9.686545584836425781e+08 2.398093680406407542e-17
9.686545584838867188e+08 2.279687402703647225e-17
9.686545584841308594e+08 2.161514184663346168e-17
9.686545584843750000e+08 2.039775201203221780e-17
9.686545584846191406e+08 1.917531927715114733e-17
9.686545584848632812e+08 1.792727863280582485e-17
9.686545584851074219e+08 1.666762308911697411e-17
9.686545584853515625e+08 1.539700418842884749e-17
9.686545584855957031e+08 1.411001427430482684e-17
9.686545584858398438e+08 1.283336583439440191e-17
9.686545584860839844e+08 1.154471315245457571e-17
9.686545584863281250e+08 1.025221263187932338e-17
9.686545584865722656e+08 8.944197047308975011e-18
9.686545584868164062e+08 7.622932908748182531e-18
9.686545584870605469e+08 6.309309279269523438e-18
9.686545584873046875e+08 4.989678177500979520e-18
9.686545584875488281e+08 3.659314739231522840e-18
9.686545584877929688e+08 2.334744641596367305e-18
9.686545584880371094e+08 9.973468874623540119e-19
9.686545584882812500e+08 -3.288420277390298334e-19
9.686545584885253906e+08 -1.657536608397262718e-18
9.686545584887695312e+08 -2.960187047817570330e-18
9.686545584890136719e+08 -4.266628656569046483e-18
9.686545584892578125e+08 -5.564678632060212633e-18
9.686545584895019531e+08 -6.855057217503376808e-18
9.686545584897460938e+08 -8.149778990368973435e-18
9.686545584899902344e+08 -9.436932849701960470e-18
9.686545584902343750e+08 -1.069440817591370294e-17
9.686545584904785156e+08 -1.196231155695576319e-17
9.686545584907226562e+08 -1.321851218728501568e-17
9.686545584909667969e+08 -1.446182209565622528e-17
9.686545584912109375e+08 -1.568197725931140536e-17
9.686545584914550781e+08 -1.689382982330156306e-17
9.686545584916992188e+08 -1.807544535508335229e-17
9.686545584919433594e+08 -1.922674406114972367e-17
9.686545584921875000e+08 -2.037917055425692545e-17
9.686545584924316406e+08 -2.151789464901203679e-17
9.686545584926757812e+08 -2.264003305947823309e-17
9.686545584929199219e+08 -2.372975666664939182e-17
9.686545584931640625e+08 -2.480504968908973388e-17
9.686545584934082031e+08 -2.587341189565825253e-17
9.686545584936523438e+08 -2.689854197320521472e-17
9.686545584938964844e+08 -2.792449573861281723e-17
9.686545584941406250e+08 -2.891553856649425091e-17
9.686545584943847656e+08 -2.987203228779292492e-17
9.686545584946289062e+08 -3.080026055527261413e-17
9.686545584948730469e+08 -3.169764375394511936e-17
9.686545584951171875e+08 -3.258432927061340229e-17
9.686545584953613281e+08 -3.344133467523656027e-17
9.686545584956054688e+08 -3.428036665055622380e-17
9.686545584958496094e+08 -3.508610372522744969e-17
9.686545584960937500e+08 -3.585227062467345836e-17
9.686545584963378906e+08 -3.662305841287411239e-17
9.686545584965820312e+08 -3.733608017648166618e-17
9.686545584968261719e+08 -3.804310344980905273e-17
9.686545584970703125e+08 -3.871774169575880017e-17
9.686545584973144531e+08 -3.934147212303790003e-17
9.686545584975585938e+08 -3.993959846020371882e-17
9.686545584978027344e+08 -4.049545347224631906e-17
9.686545584980468750e+08 -4.105200585817429105e-17
9.686545584982910156e+08 -4.156313105682583782e-17
9.686545584985351562e+08 -4.206241901928422910e-17
9.686545584987792969e+08 -4.251155226594702520e-17
9.686545584990234375e+08 -4.293308733315265287e-17
9.686545584992675781e+08 -4.334192038446361872e-17
9.686545584995117188e+08 -4.370269570173391325e-17
9.686545584997558594e+08 -4.405535985613367262e-17
9.686545585000000000e+08 -4.435342182722410218e-17
9.686545585002441406e+08 -4.463511159300678742e-17
9.686545585004882812e+08 -4.485687428760066944e-17
9.686545585007324219e+08 -4.506434896452655580e-17
9.686545585009765625e+08 -4.524990132377721894e-17
9.686545585012207031e+08 -4.539494555740003742e-17
9.686545585014648438e+08 -4.552250842329248825e-17
9.686545585017089844e+08 -4.561583754352249129e-17
9.686545585019531250e+08 -4.567808652750287902e-17
9.686545585021972656e+08 -4.571392551967458591e-17
9.686545585024414062e+08 -4.571972071096487954e-17
9.686545585026855469e+08 -4.570580959465276980e-17
9.686545585029296875e+08 -4.565618040789960806e-17
9.686545585031738281e+08 -4.555465147375524610e-17
9.686545585034179688e+08 -4.543472897458975826e-17
9.686545585036621094e+08 -4.527656090798236180e-17
9.686545585039062500e+08 -4.511586475890002148e-17
9.686545585041503906e+08 -4.490315793802492610e-17
9.686545585043945312e+08 -4.468432352289816578e-17
9.686545585046386719e+08 -4.443028945169321011e-17
9.686545585048828125e+08 -4.414315698498273421e-17
9.686545585051269531e+08 -4.384511282951638785e-17
9.686545585053710938e+08 -4.349774422035634632e-17
9.686545585056152344e+08 -4.315497304754538441e-17
9.686545585058593750e+08 -4.275568294045807492e-17
9.686545585061035156e+08 -4.232455591942636076e-17
9.686545585063476562e+08 -4.187009695515503273e-17
9.686545585065917969e+08 -4.139204043328106514e-17
9.686545585068359375e+08 -4.088954991569810029e-17
9.686545585070800781e+08 -4.037716893637556316e-17
9.686545585073242188e+08 -3.982986396404863497e-17
9.686545585075683594e+08 -3.925678102897992449e-17
9.686545585078125000e+08 -3.866332729236453228e-17
9.686545585080566406e+08 -3.804529653062825020e-17
9.686545585083007812e+08 -3.740526191141425383e-17
9.686545585085449219e+08 -3.674382143869042187e-17
9.686545585087890625e+08 -3.605149003534008553e-17
9.686545585090332031e+08 -3.532187315285196245e-17
9.686545585092773438e+08 -3.457087693430833416e-17
9.686545585095214844e+08 -3.381074275758168845e-17
9.686545585097656250e+08 -3.302049242982621475e-17
9.686545585100097656e+08 -3.223269566831805667e-17
9.686545585102539062e+08 -3.139711440321342963e-17
9.686545585104980469e+08 -3.055920805128771996e-17
9.686545585107421875e+08 -2.969313138400584048e-17
9.686545585109863281e+08 -2.881525327743292108e-17
9.686545585112304688e+08 -2.791150629841010128e-17
9.686545585114746094e+08 -2.698970067191608835e-17
9.686545585117187500e+08 -2.605095505235875046e-17
9.686545585119628906e+08 -2.506024469750521509e-17
9.686545585122070312e+08 -2.406943247691219786e-17
9.686545585124511719e+08 -2.307579782240539564e-17
9.686545585126953125e+08 -2.205452410471312832e-17
9.686545585129394531e+08 -2.102968159253070990e-17
9.686545585131835938e+08 -1.997810099086589468e-17
9.686545585134277344e+08 -1.891692902619956320e-17
9.686545585136718750e+08 -1.783958222041377792e-17
9.686545585139160156e+08 -1.674505034878385615e-17
9.686545585141601562e+08 -1.564864484535134420e-17
9.686545585144042969e+08 -1.452776706664961890e-17
9.686545585146484375e+08 -1.338764603591814531e-17
9.686545585148925781e+08 -1.222004145836523899e-17
9.686545585151367188e+08 -1.106057983291708325e-17
9.686545585153808594e+08 -9.878961781142386736e-18
9.686545585156250000e+08 -8.696797551436473818e-18
9.686545585158691406e+08 -7.520785755613734208e-18
9.686545585161132812e+08 -6.308539167646229937e-18
9.686545585163574219e+08 -5.106031471312897206e-18
9.686545585166015625e+08 -3.898424151650691898e-18
9.686545585168457031e+08 -2.674231191990733299e-18
9.686545585170898438e+08 -1.452924235711527566e-18
9.686545585173339844e+08 -2.192475229837197546e-19
9.686545585175781250e+08 1.025467081561292325e-18
9.686545585178222656e+08 2.284774578288413307e-18
9.686545585180664062e+08 3.551914592860664582e-18
9.686545585183105469e+08 4.794163744872774525e-18
9.686545585185546875e+08 6.040801964360771957e-18
9.686545585187988281e+08 7.293016850434036007e-18
9.686545585190429688e+08 8.545929400883866191e-18
9.686545585192871094e+08 9.792353567390260097e-18
9.686545585195312500e+08 1.103406206854328643e-17
9.686545585197753906e+08 1.228271805771454353e-17
9.686545585200195312e+08 1.351095106474957139e-17
9.686545585202636719e+08 1.474783068047654002e-17
9.686545585205078125e+08 1.599058560563220883e-17
9.686545585207519531e+08 1.723547482275240124e-17
9.686545585209960938e+08 1.845534216043469006e-17
9.686545585212402344e+08 1.966268858443314123e-17
9.686545585214843750e+08 2.085925110852211143e-17
9.686545585217285156e+08 2.204104162913430748e-17
9.686545585219726562e+08 2.321532890640315710e-17
9.686545585222167969e+08 2.437848648332607640e-17
9.686545585224609375e+08 2.551758293543355406e-17
9.686545585227050781e+08 2.665848288274523514e-17
9.686545585229492188e+08 2.776923693301446534e-17
9.686545585231933594e+08 2.886979873247032788e-17
9.686545585234375000e+08 2.996801117160828243e-17
9.686545585236816406e+08 3.105622341545547465e-17
9.686545585239257812e+08 3.209283475941002934e-17
9.686545585241699219e+08 3.312768140134437605e-17
9.686545585244140625e+08 3.413380695110023252e-17
9.686545585246582031e+08 3.510582129022376418e-17
9.686545585249023438e+08 3.606202156370021526e-17
9.686545585251464844e+08 3.698966710525380212e-17
9.686545585253906250e+08 3.789980285320688232e-17
9.686545585256347656e+08 3.877786846766219555e-17
9.686545585258789062e+08 3.962937968319825231e-17
9.686545585261230469e+08 4.044800274390970167e-17
9.686545585263671875e+08 4.125513088928396401e-17
9.686545585266113281e+08 4.205226315191709245e-17
9.686545585268554688e+08 4.277788439976304713e-17
9.686545585270996094e+08 4.348216877464113412e-17
9.686545585273437500e+08 4.415144862972416926e-17
9.686545585275878906e+08 4.478431017977813810e-17
9.686545585278320312e+08 4.539359680259043507e-17
9.686545585280761719e+08 4.594790880900609957e-17
9.686545585283203125e+08 4.648140509900405782e-17
9.686545585285644531e+08 4.697848179063243267e-17
9.686545585288085938e+08 4.743703613407873038e-17
9.686545585290527344e+08 4.785756506587792557e-17
9.686545585292968750e+08 4.826469480745942121e-17
9.686545585295410156e+08 4.862859262582663164e-17
9.686545585297851562e+08 4.893420629758644560e-17
9.686545585300292969e+08 4.920560862615195432e-17
9.686545585302734375e+08 4.942964230855770027e-17
9.686545585305175781e+08 4.961605657117155418e-17
9.686545585307617188e+08 4.977401206909965531e-17
9.686545585310058594e+08 4.986275987663135003e-17
9.686545585312500000e+08 4.993685695335774140e-17
9.686545585314941406e+08 4.996402737015239003e-17
9.686545585317382812e+08 4.993851855760132360e-17
9.686545585319824219e+08 4.989319481001778364e-17
9.686545585322265625e+08 4.981555674021197806e-17
9.686545585324707031e+08 4.968732020814958580e-17
9.686545585327148438e+08 4.950955095562954892e-17
9.686545585329589844e+08 4.928625753598754268e-17
9.686545585332031250e+08 4.902088769439849367e-17
9.686545585334472656e+08 4.871494335645623103e-17
9.686545585336914062e+08 4.836840714179894056e-17
9.686545585339355469e+08 4.797696825916367200e-17
9.686545585341796875e+08 4.755565907952062467e-17
9.686545585344238281e+08 4.709164859169638895e-17
9.686545585346679688e+08 4.657869470920707731e-17
9.686545585349121094e+08 4.605419551732385788e-17
9.686545585351562500e+08 4.548864915508754173e-17
9.686545585354003906e+08 4.488262919858061664e-17
9.686545585356445312e+08 4.422533080585346440e-17
9.686545585358886719e+08 4.353572221064933975e-17
9.686545585361328125e+08 4.279530384007262651e-17
9.686545585363769531e+08 4.203197409904065754e-17
9.686545585366210938e+08 4.122768396491173494e-17
9.686545585368652344e+08 4.040251291366850039e-17
9.686545585371093750e+08 3.953194572049233307e-17
9.686545585373535156e+08 3.863827791292002077e-17
9.686545585375976562e+08 3.770807288834186622e-17
9.686545585378417969e+08 3.676536493664784431e-17
9.686545585380859375e+08 3.579651077619890835e-17
9.686545585383300781e+08 3.479158092732878434e-17
9.686545585385742188e+08 3.374837228703262984e-17
9.686545585388183594e+08 3.267398639744370512e-17
9.686545585390625000e+08 3.158206932309823738e-17
9.686545585393066406e+08 3.046343867601795262e-17
9.686545585395507812e+08 2.932727965250422910e-17
9.686545585397949219e+08 2.816156186150455010e-17
9.686545585400390625e+08 2.698612977199660109e-17
9.686545585402832031e+08 2.578402933215573337e-17
9.686545585405273438e+08 2.457764885929502499e-17
9.686545585407714844e+08 2.335525868801751211e-17
9.686545585410156250e+08 2.212403473066082366e-17
9.686545585412597656e+08 2.086546889195503597e-17
9.686545585415039062e+08 1.959703754415927867e-17
9.686545585417480469e+08 1.831482747949339307e-17
9.686545585419921875e+08 1.700995303792251070e-17
9.686545585422363281e+08 1.570861167175945172e-17
9.686545585424804688e+08 1.440296924384593230e-17
9.686545585427246094e+08 1.308087926001343438e-17
9.686545585429687500e+08 1.176262860905117941e-17
9.686545585432128906e+08 1.043701161500088442e-17
9.686545585434570312e+08 9.119073532663292020e-18
9.686545585437011719e+08 7.806552101097688096e-18
9.686545585439453125e+08 6.499301267913330489e-18
9.686545585441894531e+08 5.180265485593795935e-18
9.686545585444335938e+08 3.861504869008168814e-18
9.686545585446777344e+08 2.549752268302011256e-18
9.686545585449218750e+08 1.235710176710309936e-18
9.686545585451660156e+08 -6.666148267098872842e-20
9.686545585454101562e+08 -1.362112043076475202e-18
9.686545585456542969e+08 -2.648564269282597065e-18
9.686545585458984375e+08 -3.909498705771483468e-18
9.686545585461425781e+08 -5.184337629771641419e-18
9.686545585463867188e+08 -6.414286388625719524e-18
9.686545585466308594e+08 -7.628227443842297587e-18
9.686545585468750000e+08 -8.828464526425544611e-18
9.686545585471191406e+08 -1.002911673954102862e-17
9.686545585473632812e+08 -1.121320939280476745e-17
9.686545585476074219e+08 -1.237682500877586072e-17
9.686545585478515625e+08 -1.352602890968494969e-17
9.686545585480957031e+08 -1.465557818959894913e-17
9.686545585483398438e+08 -1.576352558822245040e-17
9.686545585485839844e+08 -1.683965263514051733e-17
9.686545585488281250e+08 -1.790493087647197468e-17
9.686545585490722656e+08 -1.893873175217406705e-17
9.686545585493164062e+08 -1.993537912745654198e-17
9.686545585495605469e+08 -2.089821969821516679e-17
9.686545585498046875e+08 -2.185296311709869181e-17
9.686545585500488281e+08 -2.278226188147400275e-17
9.686545585502929688e+08 -2.368253538696533244e-17
9.686545585505371094e+08 -2.456952343238742997e-17
9.686545585507812500e+08 -2.542605927588857459e-17
9.686545585510253906e+08 -2.624002087900465568e-17
9.686545585512695312e+08 -2.703958899834162925e-17
9.686545585515136719e+08 -2.779917214963791015e-17
9.686545585517578125e+08 -2.852624617905433931e-17
9.686545585520019531e+08 -2.923486809087994268e-17
9.686545585522460938e+08 -2.988435478690956106e-17
9.686545585524902344e+08 -3.050622883006142828e-17
9.686545585527343750e+08 -3.109584786467720591e-17
9.686545585529785156e+08 -3.168710760581431367e-17
9.686545585532226562e+08 -3.221977842425577053e-17
9.686545585534667969e+08 -3.274093779639210796e-17
9.686545585537109375e+08 -3.323413317970907036e-17
9.686545585539550781e+08 -3.367755126549214631e-17
9.686545585541992188e+08 -3.409150337317839274e-17
9.686545585544433594e+08 -3.448343293872791958e-17
9.686545585546875000e+08 -3.483481692942123254e-17
9.686545585549316406e+08 -3.514934613578801171e-17
9.686545585551757812e+08 -3.542439149765600569e-17
9.686545585554199219e+08 -3.566750953769617123e-17
9.686545585556640625e+08 -3.588275481947126516e-17
9.686545585559082031e+08 -3.607525629714880763e-17
9.686545585561523438e+08 -3.624888642875165402e-17
9.686545585563964844e+08 -3.638255399995293969e-17
9.686545585566406250e+08 -3.647990743761596260e-17
9.686545585568847656e+08 -3.655372976034449828e-17
9.686545585571289062e+08 -3.660078275492957844e-17
9.686545585573730469e+08 -3.660906061670442012e-17
9.686545585576171875e+08 -3.658864617782164664e-17
9.686545585578613281e+08 -3.653587706427328380e-17
9.686545585581054688e+08 -3.643997948800772442e-17
9.686545585583496094e+08 -3.632663092975573973e-17
9.686545585585937500e+08 -3.618213099798218908e-17
9.686545585588378906e+08 -3.601883260245468291e-17
9.686545585590820312e+08 -3.583720604184753569e-17
9.686545585593261719e+08 -3.561596315755696703e-17
9.686545585595703125e+08 -3.539691466764895053e-17
9.686545585598144531e+08 -3.511647941533596510e-17
9.686545585600585938e+08 -3.483220574212244434e-17
9.686545585603027344e+08 -3.451413814614467664e-17
9.686545585605468750e+08 -3.416977883226490403e-17
9.686545585607910156e+08 -3.379739494014586548e-17
9.686545585610351562e+08 -3.339920679513583802e-17
9.686545585612792969e+08 -3.296455758940347009e-17
9.686545585615234375e+08 -3.252356790610227342e-17
9.686545585617675781e+08 -3.208120495238882454e-17
9.686545585620117188e+08 -3.159025758019438754e-17
9.686545585622558594e+08 -3.110924759392223080e-17
9.686545585625000000e+08 -3.059276612316058595e-17
9.686545585627441406e+08 -3.006300004076993184e-17
9.686545585629882812e+08 -2.950348193543849236e-17
9.686545585632324219e+08 -2.893020990206190951e-17
9.686545585634765625e+08 -2.833076566817086940e-17
9.686545585637207031e+08 -2.771219059749754601e-17
9.686545585639648438e+08 -2.707698035898588347e-17
9.686545585642089844e+08 -2.640537418053054707e-17
9.686545585644531250e+08 -2.575427915598077462e-17
9.686545585646972656e+08 -2.507088814055034069e-17
9.686545585649414062e+08 -2.439110789157649384e-17
9.686545585651855469e+08 -2.369968378250461009e-17
9.686545585654296875e+08 -2.298485343758896332e-17
9.686545585656738281e+08 -2.224982920798904457e-17
9.686545585659179688e+08 -2.151870661699562502e-17
9.686545585661621094e+08 -2.075604160061585899e-17
9.686545585664062500e+08 -1.999213306608936243e-17
9.686545585666503906e+08 -1.920444893761207097e-17
9.686545585668945312e+08 -1.839774055916263716e-17
9.686545585671386719e+08 -1.759412139160035710e-17
9.686545585673828125e+08 -1.678237125552478421e-17
9.686545585676269531e+08 -1.596878726012827893e-17
9.686545585678710938e+08 -1.515359415133565755e-17
9.686545585681152344e+08 -1.433165597441822276e-17
9.686545585683593750e+08 -1.349002187232702857e-17
9.686545585686035156e+08 -1.265394927319001727e-17
9.686545585688476562e+08 -1.180161839428874974e-17
9.686545585690917969e+08 -1.094024216396323313e-17
9.686545585693359375e+08 -1.007631557224576162e-17
9.686545585695800781e+08 -9.201571234683403666e-18
9.686545585698242188e+08 -8.309973624450504889e-18
9.686545585700683594e+08 -7.429257226981399987e-18
9.686545585703125000e+08 -6.551657585104134374e-18
9.686545585705566406e+08 -5.669836445742056380e-18
9.686545585708007812e+08 -4.794118312587549876e-18
9.686545585710449219e+08 -3.915358106418368098e-18
9.686545585712890625e+08 -3.046093273786352367e-18
9.686545585715332031e+08 -2.149192966245779744e-18
9.686545585717773438e+08 -1.275954863982516172e-18
9.686545585720214844e+08 -3.835692066791350609e-19
9.686545585722656250e+08 4.996161976440421300e-19
9.686545585725097656e+08 1.399450334791410976e-18
9.686545585727539062e+08 2.287235497565516749e-18
9.686545585729980469e+08 3.165775390344558350e-18
9.686545585732421875e+08 4.048977972260217544e-18
9.686545585734863281e+08 4.915549162856847677e-18
9.686545585737304688e+08 5.769179876919941546e-18
9.686545585739746094e+08 6.623480151078720896e-18
9.686545585742187500e+08 7.469726251585915010e-18
9.686545585744628906e+08 8.326403445872835607e-18
9.686545585747070312e+08 9.157014694981620318e-18
9.686545585749511719e+08 9.991957381943508502e-18
9.686545585751953125e+08 1.083415053275530514e-17
9.686545585754394531e+08 1.166040841574512830e-17
9.686545585756835938e+08 1.248223222065702726e-17
9.686545585759277344e+08 1.329026900833682898e-17
9.686545585761718750e+08 1.407446281076964965e-17
9.686545585764160156e+08 1.485349517550078806e-17
9.686545585766601562e+08 1.561237410601429811e-17
9.686545585769042969e+08 1.635463907495972511e-17
9.686545585771484375e+08 1.709929630684636481e-17
9.686545585773925781e+08 1.782410641383998762e-17
9.686545585776367188e+08 1.853828359670975918e-17
9.686545585778808594e+08 1.924238959655595532e-17
9.686545585781250000e+08 1.993865189086210026e-17
9.686545585783691406e+08 2.061949300574988609e-17
9.686545585786132812e+08 2.128912193445110095e-17
9.686545585788574219e+08 2.193302070808771592e-17
9.686545585791015625e+08 2.254832097752151269e-17
9.686545585793457031e+08 2.315013871065565223e-17
9.686545585795898438e+08 2.371862195537424753e-17
9.686545585798339844e+08 2.428471727567748366e-17
9.686545585800781250e+08 2.482372360978159519e-17
9.686545585803222656e+08 2.535265024346949583e-17
9.686545585805664062e+08 2.585730525592816611e-17
9.686545585808105469e+08 2.634003721747154626e-17
9.686545585810546875e+08 2.681840460455939060e-17
9.686545585812988281e+08 2.726566334759349962e-17
9.686545585815429688e+08 2.769348586686410730e-17
9.686545585817871094e+08 2.808945862763928847e-17
9.686545585820312500e+08 2.846118496881668008e-17
9.686545585822753906e+08 2.879812173716772048e-17
9.686545585825195312e+08 2.911547116631179365e-17
9.686545585827636719e+08 2.940065811274340581e-17
9.686545585830078125e+08 2.967170059144735340e-17
9.686545585832519531e+08 2.991884789802079793e-17
9.686545585834960938e+08 3.013161849427488684e-17
9.686545585837402344e+08 3.033393448439252965e-17
9.686545585839843750e+08 3.050940482476347183e-17
9.686545585842285156e+08 3.065789538720444834e-17
9.686545585844726562e+08 3.077345367750713354e-17
9.686545585847167969e+08 3.087350262512056968e-17
9.686545585849609375e+08 3.092008503134344255e-17
9.686545585852050781e+08 3.094595008611763216e-17
9.686545585854492188e+08 3.093769867537708492e-17
9.686545585856933594e+08 3.090241545480120436e-17
9.686545585859375000e+08 3.084614784710304634e-17
9.686545585861816406e+08 3.075716338404031275e-17
9.686545585864257812e+08 3.064140397246666103e-17
9.686545585866699219e+08 3.051551405307295933e-17
9.686545585869140625e+08 3.035028026696008443e-17
9.686545585871582031e+08 3.016799293228541285e-17
9.686545585874023438e+08 2.994782197196857834e-17
9.686545585876464844e+08 2.969544390095162933e-17
9.686545585878906250e+08 2.942031667998022038e-17
9.686545585881347656e+08 2.909926180812520847e-17
9.686545585883789062e+08 2.874970305670228697e-17
9.686545585886230469e+08 2.837422739004740458e-17
9.686545585888671875e+08 2.798822450608450405e-17
9.686545585891113281e+08 2.756655511172516028e-17
9.686545585893554688e+08 2.712610877137826999e-17
9.686545585895996094e+08 2.666457301021633876e-17
9.686545585898437500e+08 2.618829643776034185e-17
9.686545585900878906e+08 2.566754313071209088e-17
9.686545585903320312e+08 2.514492869216744260e-17
9.686545585905761719e+08 2.457754514731356329e-17
9.686545585908203125e+08 2.398276669202762786e-17
9.686545585910644531e+08 2.336387657822212470e-17
9.686545585913085938e+08 2.271669864001432754e-17
9.686545585915527344e+08 2.205789394286437328e-17
9.686545585917968750e+08 2.138195743226026512e-17
9.686545585920410156e+08 2.067971298562005257e-17
9.686545585922851562e+08 1.997283701846950580e-17
9.686545585925292969e+08 1.926057458506893108e-17
9.686545585927734375e+08 1.851192096439431761e-17
9.686545585930175781e+08 1.775663196982703770e-17
9.686545585932617188e+08 1.699069633181837350e-17
9.686545585935058594e+08 1.618573301818699342e-17
9.686545585937500000e+08 1.537892554543560223e-17
9.686545585939941406e+08 1.453944071615280079e-17
9.686545585942382812e+08 1.369948666452538643e-17
9.686545585944824219e+08 1.285070608793801276e-17
9.686545585947265625e+08 1.199387110860002573e-17
9.686545585949707031e+08 1.113301773694211428e-17
9.686545585952148438e+08 1.026409382845210485e-17
9.686545585954589844e+08 9.401517207245903745e-18
9.686545585957031250e+08 8.527112919149431348e-18
9.686545585959472656e+08 7.648066160127905944e-18
9.686545585961914062e+08 6.764464882892558469e-18
9.686545585964355469e+08 5.868194230136764572e-18
9.686545585966796875e+08 4.964097742924589805e-18
9.686545585969238281e+08 4.072314811302067030e-18
9.686545585971679688e+08 3.163234519361717662e-18
9.686545585974121094e+08 2.265253200567498832e-18
9.686545585976562500e+08 1.375517244522817954e-18
9.686545585979003906e+08 4.884127225311696310e-19
9.686545585981445312e+08 -3.775645366265837172e-19
9.686545585983886719e+08 -1.250275582749551658e-18
9.686545585986328125e+08 -2.107132464599313043e-18
9.686545585988769531e+08 -2.952868216346515081e-18
9.686545585991210938e+08 -3.795587515018129753e-18
9.686545585993652344e+08 -4.637495759181911386e-18
9.686545585996093750e+08 -5.473758800719333325e-18
9.686545585998535156e+08 -6.292537221386764023e-18
9.686545586000976562e+08 -7.103735386725910125e-18
9.686545586003417969e+08 -7.895703786270124594e-18
9.686545586005859375e+08 -8.665505854421036274e-18
9.686545586008300781e+08 -9.432233411721615585e-18
9.686545586010742188e+08 -1.015249789259120123e-17
9.686545586013183594e+08 -1.086432054745017917e-17
9.686545586015625000e+08 -1.156131948173129336e-17
9.686545586018066406e+08 -1.223423814913718237e-17
9.686545586020507812e+08 -1.289306097589386226e-17
9.686545586022949219e+08 -1.353251416284523491e-17
9.686545586025390625e+08 -1.416619948965272762e-17
9.686545586027832031e+08 -1.476524322998463891e-17
9.686545586030273438e+08 -1.535258356966620843e-17
9.686545586032714844e+08 -1.590827706125021519e-17
9.686545586035156250e+08 -1.644134744580521231e-17
9.686545586037597656e+08 -1.694277802499921514e-17
9.686545586040039062e+08 -1.739863315186545567e-17
9.686545586042480469e+08 -1.784773422909933526e-17
9.686545586044921875e+08 -1.827304751117654632e-17
9.686545586047363281e+08 -1.865846854403165858e-17
9.686545586049804688e+08 -1.902404287013858564e-17
9.686545586052246094e+08 -1.938098508181477510e-17
9.686545586054687500e+08 -1.970408180300949362e-17
9.686545586057128906e+08 -2.000722096694356019e-17
9.686545586059570312e+08 -2.028489881303795432e-17
9.686545586062011719e+08 -2.051636443180546082e-17
9.686545586064453125e+08 -2.073482963032245493e-17
9.686545586066894531e+08 -2.090463565182621523e-17
9.686545586069335938e+08 -2.104759889985643548e-17
9.686545586071777344e+08 -2.116111747723504327e-17
9.686545586074218750e+08 -2.125042840589461762e-17
9.686545586076660156e+08 -2.131291303482408734e-17
9.686545586079101562e+08 -2.135547581387420694e-17
9.686545586081542969e+08 -2.137366847434862508e-17
9.686545586083984375e+08 -2.136463893672661518e-17
9.686545586086425781e+08 -2.134469106229845641e-17
9.686545586088867188e+08 -2.127917970776092841e-17
9.686545586091308594e+08 -2.118897798416810882e-17
9.686545586093750000e+08 -2.107241492684431763e-17
9.686545586096191406e+08 -2.092201747966244171e-17
9.686545586098632812e+08 -2.073509158612276173e-17
9.686545586101074219e+08 -2.054414849042046775e-17
9.686545586103515625e+08 -2.031846197000029638e-17
9.686545586105957031e+08 -2.006777082154862913e-17
9.686545586108398438e+08 -1.980245798302842306e-17
9.686545586110839844e+08 -1.951820080035206472e-17
9.686545586113281250e+08 -1.921971585352766072e-17
9.686545586115722656e+08 -1.890628463863189015e-17
9.686545586118164062e+08 -1.854924817519497950e-17
9.686545586120605469e+08 -1.818991851033128295e-17
9.686545586123046875e+08 -1.779634084854732650e-17
9.686545586125488281e+08 -1.737929746249150217e-17
9.686545586127929688e+08 -1.693727643067437047e-17
9.686545586130371094e+08 -1.649309938910463327e-17
9.686545586132812500e+08 -1.602624379324005477e-17
9.686545586135253906e+08 -1.553902738218224788e-17
9.686545586137695312e+08 -1.504335113812742950e-17
9.686545586140136719e+08 -1.454541509151767958e-17
9.686545586142578125e+08 -1.404691836604172064e-17
9.686545586145019531e+08 -1.351112344565078908e-17
9.686545586147460938e+08 -1.298016478595742440e-17
9.686545586149902344e+08 -1.242919257127961315e-17
9.686545586152343750e+08 -1.186744846794927084e-17
9.686545586154785156e+08 -1.127779362573001414e-17
9.686545586157226562e+08 -1.068866798433810447e-17
9.686545586159667969e+08 -1.009775837369415365e-17
9.686545586162109375e+08 -9.495882186847680397e-18
9.686545586164550781e+08 -8.883577222451656954e-18
9.686545586166992188e+08 -8.276133821998347494e-18
9.686545586169433594e+08 -7.671575384159631485e-18
9.686545586171875000e+08 -7.069373844702576432e-18
9.686545586174316406e+08 -6.460984182584605826e-18
9.686545586176757812e+08 -5.839349995158259553e-18
9.686545586179199219e+08 -5.228279801034332832e-18
9.686545586181640625e+08 -4.605381411934844882e-18
9.686545586184082031e+08 -3.963654843353310420e-18
9.686545586186523438e+08 -3.337186721090103038e-18
9.686545586188964844e+08 -2.714901461736203313e-18
9.686545586191406250e+08 -2.081629934304267547e-18
9.686545586193847656e+08 -1.466102534485343915e-18
9.686545586196289062e+08 -8.510154073537322291e-19
9.686545586198730469e+08 -2.572033881377234656e-19
9.686545586201171875e+08 3.317602279682006510e-19
9.686545586203613281e+08 9.195406659254389354e-19
9.686545586206054688e+08 1.514076637098894276e-18
9.686545586208496094e+08 2.092335572883552015e-18
9.686545586210937500e+08 2.673132852710294457e-18
9.686545586213378906e+08 3.264125698172515273e-18
9.686545586215820312e+08 3.833479161424657787e-18
9.686545586218261719e+08 4.384275578930990369e-18
9.686545586220703125e+08 4.941155905978422258e-18
9.686545586223144531e+08 5.485025626614331910e-18
9.686545586225585938e+08 6.004566433246324988e-18
9.686545586228027344e+08 6.507774513057068046e-18
9.686545586230468750e+08 7.003120372665939305e-18
9.686545586232910156e+08 7.495921339616662990e-18
9.686545586235351562e+08 7.971163470940627321e-18
9.686545586237792969e+08 8.440648207804225691e-18
9.686545586240234375e+08 8.907238608052657435e-18
9.686545586242675781e+08 9.381711565326230708e-18
9.686545586245117188e+08 9.814683503770069708e-18
9.686545586247558594e+08 1.024630403796205165e-17
9.686545586250000000e+08 1.066422174934447085e-17
9.686545586252441406e+08 1.106461441931222387e-17
9.686545586254882812e+08 1.144977548852343367e-17
9.686545586257324219e+08 1.181149414119829406e-17
9.686545586259765625e+08 1.215753802695547281e-17
9.686545586262207031e+08 1.249825487650165552e-17
9.686545586264648438e+08 1.283410176756775253e-17
9.686545586267089844e+08 1.314236386387037594e-17
9.686545586269531250e+08 1.346603636330791465e-17
9.686545586271972656e+08 1.376325231766476947e-17
9.686545586274414062e+08 1.404679417944658248e-17
9.686545586276855469e+08 1.431780581045040585e-17
9.686545586279296875e+08 1.457411099427584284e-17
9.686545586281738281e+08 1.481748749024923457e-17
9.686545586284179688e+08 1.503404941557498888e-17
9.686545586286621094e+08 1.523987229550617948e-17
9.686545586289062500e+08 1.541425502923652724e-17
9.686545586291503906e+08 1.559845254141445019e-17
9.686545586293945312e+08 1.575993951269143805e-17
9.686545586296386719e+08 1.591847406095605335e-17
9.686545586298828125e+08 1.607492093076200925e-17
9.686545586301269531e+08 1.621534682880091070e-17
9.686545586303710938e+08 1.633502354191022144e-17
9.686545586306152344e+08 1.643732068834713663e-17
9.686545586308593750e+08 1.654146038638814706e-17
9.686545586311035156e+08 1.661440939871751432e-17
9.686545586313476562e+08 1.666939187643969579e-17
9.686545586315917969e+08 1.671020664025210706e-17
9.686545586318359375e+08 1.674198399863715735e-17
9.686545586320800781e+08 1.675319083216588050e-17
9.686545586323242188e+08 1.676176816977461331e-17
9.686545586325683594e+08 1.676714087876568436e-17
9.686545586328125000e+08 1.675993845823693655e-17
9.686545586330566406e+08 1.675266420733590274e-17
9.686545586333007812e+08 1.670837169166967633e-17
9.686545586335449219e+08 1.666698659145183780e-17
9.686545586337890625e+08 1.662078465789409631e-17
9.686545586340332031e+08 1.653611640106625276e-17
9.686545586342773438e+08 1.644333622384596899e-17
9.686545586345214844e+08 1.633385120389467784e-17
9.686545586347656250e+08 1.621414922748951058e-17
9.686545586350097656e+08 1.608185111883965971e-17
9.686545586352539062e+08 1.595623712445697679e-17
9.686545586354980469e+08 1.581729853295370727e-17
9.686545586357421875e+08 1.566518289341792703e-17
9.686545586359863281e+08 1.551606790611767025e-17
9.686545586362304688e+08 1.533247190006509647e-17
9.686545586364746094e+08 1.515589721077714533e-17
9.686545586367187500e+08 1.495652788253459673e-17
9.686545586369628906e+08 1.474454988558484137e-17
9.686545586372070312e+08 1.451493998248518191e-17
9.686545586374511719e+08 1.427186954115281863e-17
9.686545586376953125e+08 1.402091813864621405e-17
9.686545586379394531e+08 1.375798849607175516e-17
9.686545586381835938e+08 1.349505599751305421e-17
9.686545586384277344e+08 1.322650941322858727e-17
9.686545586386718750e+08 1.295861055874531453e-17
9.686545586389160156e+08 1.266982516798848473e-17
9.686545586391601562e+08 1.236298135438295774e-17
9.686545586394042969e+08 1.205619170390452733e-17
9.686545586396484375e+08 1.173957812232955292e-17
9.686545586398925781e+08 1.140446556092015661e-17
9.686545586401367188e+08 1.105427103485190107e-17
9.686545586403808594e+08 1.068884166605888160e-17
9.686545586406250000e+08 1.032168928446086381e-17
9.686545586408691406e+08 9.945900704299007072e-18
9.686545586411132812e+08 9.570958837752211351e-18
9.686545586413574219e+08 9.193468871579676319e-18
9.686545586416015625e+08 8.808468808181388368e-18
9.686545586418457031e+08 8.416076523964063719e-18
9.686545586420898438e+08 8.002744753196386485e-18
9.686545586423339844e+08 7.593883424932189294e-18
9.686545586425781250e+08 7.174619863044183263e-18
9.686545586428222656e+08 6.723873834676192642e-18
9.686545586430664062e+08 6.291114863678720343e-18
9.686545586433105469e+08 5.827742426417326068e-18
9.686545586435546875e+08 5.366266101202352446e-18
9.686545586437988281e+08 4.902854475819727865e-18
9.686545586440429688e+08 4.434317280864504185e-18
9.686545586442871094e+08 3.977460992638773345e-18
9.686545586445312500e+08 3.510193591862020514e-18
9.686545586447753906e+08 3.041138467914472067e-18
9.686545586450195312e+08 2.549681115139625959e-18
9.686545586452636719e+08 2.069928895757741908e-18
9.686545586455078125e+08 1.584158563125549096e-18
9.686545586457519531e+08 1.070756893281572390e-18
9.686545586459960938e+08 5.743700127482170913e-19
9.686545586462402344e+08 4.439817143052158672e-20
9.686545586464843750e+08 -4.597801490775670271e-19
9.686545586467285156e+08 -9.671577560508986042e-19
9.686545586469726562e+08 -1.476876410508523296e-18
9.686545586472167969e+08 -1.971056860985427566e-18
9.686545586474609375e+08 -2.470978414897794828e-18
9.686545586477050781e+08 -2.973456568547913574e-18
9.686545586479492188e+08 -3.488638736476134589e-18
9.686545586481933594e+08 -3.990900097650034702e-18
9.686545586484375000e+08 -4.491503150863393108e-18
9.686545586486816406e+08 -5.014250853164322699e-18
9.686545586489257812e+08 -5.524614829982284374e-18
9.686545586491699219e+08 -6.029336218517321224e-18
9.686545586494140625e+08 -6.548055468705847061e-18
9.686545586496582031e+08 -7.029724863016757221e-18
9.686545586499023438e+08 -7.523803919674573775e-18
9.686545586501464844e+08 -7.989068053855078268e-18
9.686545586503906250e+08 -8.455042927150264536e-18
9.686545586506347656e+08 -8.933773211281548660e-18
9.686545586508789062e+08 -9.398742443549240702e-18
9.686545586511230469e+08 -9.843450563221376330e-18
9.686545586513671875e+08 -1.030282368243192409e-17
9.686545586516113281e+08 -1.075509260729646813e-17
9.686545586518554688e+08 -1.119053909042582683e-17
9.686545586520996094e+08 -1.163834810886660939e-17
9.686545586523437500e+08 -1.204825401940205570e-17
9.686545586525878906e+08 -1.245846896158537679e-17
9.686545586528320312e+08 -1.284236902975409081e-17
9.686545586530761719e+08 -1.320435371316286223e-17
9.686545586533203125e+08 -1.358014449757505978e-17
9.686545586535644531e+08 -1.394028356089473172e-17
9.686545586538085938e+08 -1.427302470851421878e-17
9.686545586540527344e+08 -1.460730077656728231e-17
9.686545586542968750e+08 -1.491732096671479114e-17
9.686545586545410156e+08 -1.523053019496282191e-17
9.686545586547851562e+08 -1.553135130017210511e-17
9.686545586550292969e+08 -1.581475628911522905e-17
9.686545586552734375e+08 -1.607398099391150468e-17
9.686545586555175781e+08 -1.630848875279402633e-17
9.686545586557617188e+08 -1.652730656040087680e-17
9.686545586560058594e+08 -1.672341319700108113e-17
9.686545586562500000e+08 -1.691338194501365624e-17
9.686545586564941406e+08 -1.707871694076373596e-17
9.686545586567382812e+08 -1.723794880259724871e-17
9.686545586569824219e+08 -1.736188018336490321e-17
9.686545586572265625e+08 -1.747555553480786096e-17
9.686545586574707031e+08 -1.758799117264503685e-17
9.686545586577148438e+08 -1.767398377741791765e-17
9.686545586579589844e+08 -1.774622916519456568e-17
9.686545586582031250e+08 -1.778513625138701377e-17
9.686545586584472656e+08 -1.781694750485502619e-17
9.686545586586914062e+08 -1.779383873104609217e-17
9.686545586589355469e+08 -1.776856084766888086e-17
9.686545586591796875e+08 -1.772805647640001896e-17
9.686545586594238281e+08 -1.766314634677826992e-17
9.686545586596679688e+08 -1.759087898122318489e-17
9.686545586599121094e+08 -1.747140542586051687e-17
9.686545586601562500e+08 -1.736475564046583119e-17
9.686545586604003906e+08 -1.723931002066677073e-17
9.686545586606445312e+08 -1.708031604664351937e-17
9.686545586608886719e+08 -1.692477087853202189e-17
9.686545586611328125e+08 -1.671653003145622879e-17
9.686545586613769531e+08 -1.650221643050230675e-17
9.686545586616210938e+08 -1.624922641261601780e-17
9.686545586618652344e+08 -1.599094709734819705e-17
9.686545586621093750e+08 -1.570595734568756971e-17
9.686545586623535156e+08 -1.541477678927256580e-17
9.686545586625976562e+08 -1.509751537337189893e-17
9.686545586628417969e+08 -1.476289729545915008e-17
9.686545586630859375e+08 -1.443339742725683353e-17
9.686545586633300781e+08 -1.406790960868711665e-17
9.686545586635742188e+08 -1.370041314350846319e-17
9.686545586638183594e+08 -1.331332284690346630e-17
9.686545586640625000e+08 -1.290980126248313393e-17
9.686545586643066406e+08 -1.246076244457697915e-17
9.686545586645507812e+08 -1.201942202800154325e-17
9.686545586647949219e+08 -1.155382993065277404e-17
9.686545586650390625e+08 -1.107852131153792454e-17
9.686545586652832031e+08 -1.059936328983659040e-17
9.686545586655273438e+08 -1.010359215309694139e-17
9.686545586657714844e+08 -9.592806298416857998e-18
9.686545586660156250e+08 -9.078651281068193206e-18
9.686545586662597656e+08 -8.570693963281014714e-18
9.686545586665039062e+08 -8.034880197323370389e-18
9.686545586667480469e+08 -7.500644283892789746e-18
9.686545586669921875e+08 -6.940304309275521301e-18
9.686545586672363281e+08 -6.376556019947744996e-18
9.686545586674804688e+08 -5.791946248221725832e-18
9.686545586677246094e+08 -5.212524014220021729e-18
9.686545586679687500e+08 -4.636048095077239012e-18
9.686545586682128906e+08 -4.041729098653298072e-18
9.686545586684570312e+08 -3.451077159365711402e-18
9.686545586687011719e+08 -2.859157822920821027e-18
9.686545586689453125e+08 -2.270551159641710630e-18
9.686545586691894531e+08 -1.678338736149568795e-18
9.686545586694335938e+08 -1.089256726121142823e-18
9.686545586696777344e+08 -4.983580493945072596e-19
9.686545586699218750e+08 1.005775936402053120e-19
9.686545586701660156e+08 7.038138066648592092e-19
9.686545586704101562e+08 1.315201761998945932e-18
9.686545586706542969e+08 1.911410332730184770e-18
9.686545586708984375e+08 2.487575847630010008e-18
9.686545586711425781e+08 3.088056910957780574e-18
9.686545586713867188e+08 3.664922986503438076e-18
9.686545586716308594e+08 4.239201934649388585e-18
9.686545586718750000e+08 4.802282017734297829e-18
9.686545586721191406e+08 5.354549459360718048e-18
9.686545586723632812e+08 5.897732520675481321e-18
9.686545586726074219e+08 6.441338397362358641e-18
9.686545586728515625e+08 6.970735512273285754e-18
9.686545586730957031e+08 7.518595356208427225e-18
9.686545586733398438e+08 8.038743848025558652e-18
9.686545586735839844e+08 8.550840807476929912e-18
9.686545586738281250e+08 9.050512217736609237e-18
9.686545586740722656e+08 9.531251976679798516e-18
9.686545586743164062e+08 1.001560553519846254e-17
9.686545586745605469e+08 1.046710465537358828e-17
9.686545586748046875e+08 1.091469177797587961e-17
9.686545586750488281e+08 1.132741423687864996e-17
9.686545586752929688e+08 1.174426048172091416e-17
9.686545586755371094e+08 1.214562022073068973e-17
9.686545586757812500e+08 1.253765047716014355e-17
9.686545586760253906e+08 1.292938950585885420e-17
9.686545586762695312e+08 1.329514108610262499e-17
9.686545586765136719e+08 1.364502890826997734e-17
9.686545586767578125e+08 1.397094541477545396e-17
9.686545586770019531e+08 1.428661423734756808e-17
9.686545586772460938e+08 1.459082487414730318e-17
9.686545586774902344e+08 1.486903071190710251e-17
9.686545586777343750e+08 1.512300691608799037e-17
9.686545586779785156e+08 1.535828520864996443e-17
9.686545586782226562e+08 1.558532115280772871e-17
9.686545586784667969e+08 1.579266609914793547e-17
9.686545586787109375e+08 1.600129670939021962e-17
9.686545586789550781e+08 1.619539204377636624e-17
9.686545586791992188e+08 1.635593017294508099e-17
9.686545586794433594e+08 1.650775141452843613e-17
9.686545586796875000e+08 1.663730766421145102e-17
9.686545586799316406e+08 1.675423636931462587e-17
9.686545586801757812e+08 1.685042708346095840e-17
9.686545586804199219e+08 1.692636220831823977e-17
9.686545586806640625e+08 1.698614396030838592e-17
9.686545586809082031e+08 1.702265189156688996e-17
9.686545586811523438e+08 1.703730493875088885e-17
9.686545586813964844e+08 1.705446157471860072e-17
9.686545586816406250e+08 1.705923974784313984e-17
9.686545586818847656e+08 1.705205741847014722e-17
9.686545586821289062e+08 1.701724578541041861e-17
9.686545586823730469e+08 1.697367133049215261e-17
9.686545586826171875e+08 1.690557651746428991e-17
9.686545586828613281e+08 1.682697351036017626e-17
9.686545586831054688e+08 1.673590517324796754e-17
9.686545586833496094e+08 1.662230144044909651e-17
9.686545586835937500e+08 1.649753934404544251e-17
9.686545586838378906e+08 1.634811226475771927e-17
9.686545586840820312e+08 1.619075635298846316e-17
9.686545586843261719e+08 1.603378952910413859e-17
9.686545586845703125e+08 1.586657114738627130e-17
9.686545586848144531e+08 1.569173901275949435e-17
9.686545586850585938e+08 1.549113585085831788e-17
9.686545586853027344e+08 1.528621435108994499e-17
9.686545586855468750e+08 1.506100570324987956e-17
9.686545586857910156e+08 1.482844425998200473e-17
9.686545586860351562e+08 1.458978337732058323e-17
9.686545586862792969e+08 1.433433704252319090e-17
9.686545586865234375e+08 1.405595329704235024e-17
9.686545586867675781e+08 1.378257197177833389e-17
9.686545586870117188e+08 1.349347423516393199e-17
9.686545586872558594e+08 1.320686263428982954e-17
9.686545586875000000e+08 1.291151068483968706e-17
9.686545586877441406e+08 1.261930269684425818e-17
9.686545586879882812e+08 1.230638974508025149e-17
9.686545586882324219e+08 1.198183511289249933e-17
9.686545586884765625e+08 1.165716775441925409e-17
9.686545586887207031e+08 1.132256958230943447e-17
9.686545586889648438e+08 1.098790116780253608e-17
9.686545586892089844e+08 1.062618876799003942e-17
9.686545586894531250e+08 1.027506541885361577e-17
9.686545586896972656e+08 9.910240258030587685e-18
9.686545586899414062e+08 9.536170006958775624e-18
9.686545586901855469e+08 9.182019269413977410e-18
9.686545586904296875e+08 8.819383030028842447e-18
9.686545586906738281e+08 8.453083593315966247e-18
9.686545586909179688e+08 8.065815894739132963e-18
9.686545586911621094e+08 7.696412829040953455e-18
9.686545586914062500e+08 7.308442528793859462e-18
9.686545586916503906e+08 6.916771959748016252e-18
9.686545586918945312e+08 6.529688511105168821e-18
9.686545586921386719e+08 6.130809755908841674e-18
9.686545586923828125e+08 5.736171640064952720e-18
9.686545586926269531e+08 5.322235077226005870e-18
9.686545586928710938e+08 4.926738321946501509e-18
9.686545586931152344e+08 4.532809912472390465e-18
9.686545586933593750e+08 4.141917806442264076e-18
9.686545586936035156e+08 3.742221995319688304e-18
9.686545586938476562e+08 3.340738511454851556e-18
9.686545586940917969e+08 2.939006785803277346e-18
9.686545586943359375e+08 2.531157002587725562e-18
9.686545586945800781e+08 2.130584570210061843e-18
9.686545586948242188e+08 1.726696129529372568e-18
9.686545586950683594e+08 1.314695816699621637e-18
9.686545586953125000e+08 9.068890591559587357e-19
9.686545586955566406e+08 4.912053640378479878e-19
9.686545586958007812e+08 9.801558359731776537e-20
9.686545586960449219e+08 -3.001126680335904927e-19
9.686545586962890625e+08 -6.910663190838132813e-19
9.686545586965332031e+08 -1.085174468601285376e-18
9.686545586967773438e+08 -1.489658084402492901e-18
9.686545586970214844e+08 -1.881819620396700145e-18
9.686545586972656250e+08 -2.284325069737682521e-18
9.686545586975097656e+08 -2.669203929011230658e-18
9.686545586977539062e+08 -3.071196005127028029e-18
9.686545586979980469e+08 -3.456118900931908182e-18
9.686545586982421875e+08 -3.854648917919895107e-18
9.686545586984863281e+08 -4.246776760193329157e-18
9.686545586987304688e+08 -4.632681036576593631e-18
9.686545586989746094e+08 -5.000476355741031302e-18
9.686545586992187500e+08 -5.375430238813028859e-18
9.686545586994628906e+08 -5.745472173803494566e-18
9.686545586997070312e+08 -6.115796685784614467e-18
9.686545586999511719e+08 -6.490996282214401049e-18
9.686545587001953125e+08 -6.857995546480931677e-18
9.686545587004394531e+08 -7.214155444542045164e-18
9.686545587006835938e+08 -7.574306141882544076e-18
9.686545587009277344e+08 -7.934824830358827772e-18
9.686545587011718750e+08 -8.292649171448398359e-18
9.686545587014160156e+08 -8.643040884152307253e-18
9.686545587016601562e+08 -8.978039509684274762e-18
9.686545587019042969e+08 -9.308095448416282632e-18
9.686545587021484375e+08 -9.630046099218833470e-18
9.686545587023925781e+08 -9.955019854960708092e-18
9.686545587026367188e+08 -1.026769737188556713e-17
9.686545587028808594e+08 -1.058980918036806852e-17
9.686545587031250000e+08 -1.089811462908298052e-17
9.686545587033691406e+08 -1.119810945585686574e-17
9.686545587036132812e+08 -1.148698872082895863e-17
9.686545587038574219e+08 -1.179002509662897106e-17
9.686545587041015625e+08 -1.207081715315027111e-17
9.686545587043457031e+08 -1.234549569279290075e-17
9.686545587045898438e+08 -1.260436385175620133e-17
9.686545587048339844e+08 -1.285622469391977739e-17
9.686545587050781250e+08 -1.308997313635400942e-17
9.686545587053222656e+08 -1.333462708883279204e-17
9.686545587055664062e+08 -1.356145030841845016e-17
9.686545587058105469e+08 -1.377739300115617495e-17
9.686545587060546875e+08 -1.399467855375576511e-17
9.686545587062988281e+08 -1.419075148915430098e-17
9.686545587065429688e+08 -1.438271021337572706e-17
9.686545587067871094e+08 -1.456505487147232410e-17
9.686545587070312500e+08 -1.473183936387965846e-17
9.686545587072753906e+08 -1.490038687746839251e-17
9.686545587075195312e+08 -1.501861349817213216e-17
9.686545587077636719e+08 -1.514127382490836706e-17
9.686545587080078125e+08 -1.526513746679114369e-17
9.686545587082519531e+08 -1.535539835827761540e-17
9.686545587084960938e+08 -1.545419726542543618e-17
9.686545587087402344e+08 -1.552297754715969877e-17
9.686545587089843750e+08 -1.559480907606786939e-17
9.686545587092285156e+08 -1.564572709573609223e-17
9.686545587094726562e+08 -1.566830957498834346e-17
9.686545587097167969e+08 -1.569904511407236896e-17
9.686545587099609375e+08 -1.570527808821806301e-17
9.686545587102050781e+08 -1.569258507067248502e-17
9.686545587104492188e+08 -1.565076170535549380e-17
9.686545587106933594e+08 -1.560044236963032987e-17
9.686545587109375000e+08 -1.553733164627747980e-17
9.686545587111816406e+08 -1.545743063958220761e-17
9.686545587114257812e+08 -1.536296034072715192e-17
9.686545587116699219e+08 -1.525628389604939145e-17
9.686545587119140625e+08 -1.512523691187790662e-17
9.686545587121582031e+08 -1.496710192644687427e-17
9.686545587124023438e+08 -1.481185713946735546e-17
9.686545587126464844e+08 -1.462829590603257130e-17
9.686545587128906250e+08 -1.444249509339624175e-17
9.686545587131347656e+08 -1.421157709391318472e-17
9.686545587133789062e+08 -1.396702165776025954e-17
9.686545587136230469e+08 -1.371159152931556788e-17
9.686545587138671875e+08 -1.343066355201250438e-17
9.686545587141113281e+08 -1.314713574793667172e-17
9.686545587143554688e+08 -1.283223869107003747e-17
9.686545587145996094e+08 -1.251403497182033970e-17
9.686545587148437500e+08 -1.215948774189425400e-17
9.686545587150878906e+08 -1.180287440703374681e-17
9.686545587153320312e+08 -1.142823578029430608e-17
9.686545587155761719e+08 -1.103916084252465054e-17
9.686545587158203125e+08 -1.062154880987564487e-17
9.686545587160644531e+08 -1.020029398503203704e-17
9.686545587163085938e+08 -9.729771643073184493e-18
9.686545587165527344e+08 -9.272133618864427178e-18
9.686545587167968750e+08 -8.788215771673474568e-18
9.686545587170410156e+08 -8.288912614834310870e-18
9.686545587172851562e+08 -7.787796329232902915e-18
9.686545587175292969e+08 -7.258910536703786841e-18
9.686545587177734375e+08 -6.722261990247275758e-18
9.686545587180175781e+08 -6.164683115952399413e-18
9.686545587182617188e+08 -5.610734003032141048e-18
9.686545587185058594e+08 -5.030744870029326557e-18
9.686545587187500000e+08 -4.441126891102304274e-18
9.686545587189941406e+08 -3.839709023637265527e-18
9.686545587192382812e+08 -3.200621524829604259e-18
9.686545587194824219e+08 -2.581480466119318119e-18
9.686545587197265625e+08 -1.946950198383835788e-18
9.686545587199707031e+08 -1.292637359498458365e-18
9.686545587202148438e+08 -6.432278990931882593e-19
9.686545587204589844e+08 7.734379153760332166e-21
9.686545587207031250e+08 6.795444505757333093e-19
9.686545587209472656e+08 1.352070753866141181e-18
9.686545587211914062e+08 2.026354668399646717e-18
9.686545587214355469e+08 2.713024214376352149e-18
9.686545587216796875e+08 3.386763941761698301e-18
9.686545587219238281e+08 4.099910743404259815e-18
9.686545587221679688e+08 4.793480911565211970e-18
9.686545587224121094e+08 5.495623350793409662e-18
9.686545587226562500e+08 6.192052715551651367e-18
9.686545587229003906e+08 6.888190960060318871e-18
9.686545587231445312e+08 7.571870827614310160e-18
9.686545587233886719e+08 8.261652740941034974e-18
9.686545587236328125e+08 8.954278024850033857e-18
9.686545587238769531e+08 9.632752817002689497e-18
9.686545587241210938e+08 1.031413701867925105e-17
9.686545587243652344e+08 1.098678075124455800e-17
9.686545587246093750e+08 1.165137035487712271e-17
9.686545587248535156e+08 1.232287143431924860e-17
9.686545587250976562e+08 1.298198959745736350e-17
9.686545587253417969e+08 1.362329359267062580e-17
9.686545587255859375e+08 1.425424590610425754e-17
9.686545587258300781e+08 1.487008644209880862e-17
9.686545587260742188e+08 1.547785454170193436e-17
9.686545587263183594e+08 1.605934323687218955e-17
9.686545587265625000e+08 1.665346136982147810e-17
9.686545587268066406e+08 1.721272641049554997e-17
9.686545587270507812e+08 1.775784797984731640e-17
9.686545587272949219e+08 1.829562763415568349e-17
9.686545587275390625e+08 1.880263605573486237e-17
9.686545587277832031e+08 1.932200892995941254e-17
9.686545587280273438e+08 1.979364474292933039e-17
9.686545587282714844e+08 2.026514928731184774e-17
9.686545587285156250e+08 2.069451418089071402e-17
9.686545587287597656e+08 2.111848691843694922e-17
9.686545587290039062e+08 2.150641991899140302e-17
9.686545587292480469e+08 2.187709378933408083e-17
9.686545587294921875e+08 2.224465028474439095e-17
9.686545587297363281e+08 2.255626790151900609e-17
9.686545587299804688e+08 2.286311972340089572e-17
9.686545587302246094e+08 2.314090200001194890e-17
9.686545587304687500e+08 2.339500264479841615e-17
9.686545587307128906e+08 2.363361295135817576e-17
9.686545587309570312e+08 2.384472839317216336e-17
9.686545587312011719e+08 2.401189061737443547e-17
9.686545587314453125e+08 2.417153182013238060e-17
9.686545587316894531e+08 2.428675886119309443e-17
9.686545587319335938e+08 2.437541895975281167e-17
9.686545587321777344e+08 2.444425911070714803e-17
9.686545587324218750e+08 2.448376408107993553e-17
9.686545587326660156e+08 2.448912962987983475e-17
9.686545587329101562e+08 2.447225204815479745e-17
9.686545587331542969e+08 2.442632987206027501e-17
9.686545587333984375e+08 2.434725129288037046e-17
9.686545587336425781e+08 2.426665214415424088e-17
9.686545587338867188e+08 2.413490592500672493e-17
9.686545587341308594e+08 2.397164646202905781e-17
9.686545587343750000e+08 2.379337791652393464e-17
9.686545587346191406e+08 2.357221299949443245e-17
9.686545587348632812e+08 2.332351284929732747e-17
9.686545587351074219e+08 2.305615929107354459e-17
9.686545587353515625e+08 2.275401361850078042e-17
9.686545587355957031e+08 2.243053999031804808e-17
9.686545587358398438e+08 2.208283515260511818e-17
9.686545587360839844e+08 2.170025209943763690e-17
9.686545587363281250e+08 2.129454510690834483e-17
9.686545587365722656e+08 2.088870090363469307e-17
9.686545587368164062e+08 2.042909946479168761e-17
9.686545587370605469e+08 1.994981409156790862e-17
9.686545587373046875e+08 1.945649510872760366e-17
9.686545587375488281e+08 1.892285145577595637e-17
9.686545587377929688e+08 1.836475964600102053e-17
9.686545587380371094e+08 1.779971290290076357e-17
9.686545587382812500e+08 1.720608335248029365e-17
9.686545587385253906e+08 1.659521294263731128e-17
9.686545587387695312e+08 1.596003796886623749e-17
9.686545587390136719e+08 1.530680090882854448e-17
9.686545587392578125e+08 1.465062802897714431e-17
9.686545587395019531e+08 1.396630390506302188e-17
9.686545587397460938e+08 1.326253005642136197e-17
9.686545587399902344e+08 1.254300593861654700e-17
9.686545587402343750e+08 1.181091899248719616e-17
9.686545587404785156e+08 1.105655428651721694e-17
9.686545587407226562e+08 1.027965793756375609e-17
9.686545587409667969e+08 9.515856316821688382e-18
9.686545587412109375e+08 8.733019770478276407e-18
9.686545587414550781e+08 7.921607781001403078e-18
9.686545587416992188e+08 7.121260565577118838e-18
9.686545587419433594e+08 6.307449384012453512e-18
9.686545587421875000e+08 5.498854437219884534e-18
9.686545587424316406e+08 4.673369614675221024e-18
9.686545587426757812e+08 3.820230541796083717e-18
9.686545587429199219e+08 2.996733242885247657e-18
9.686545587431640625e+08 2.146877708943781751e-18
9.686545587434082031e+08 1.291264224236200290e-18
9.686545587436523438e+08 4.377620504003776975e-19
9.686545587438964844e+08 -4.148110327108931739e-19
9.686545587441406250e+08 -1.263434599989749713e-18
9.686545587443847656e+08 -2.118783575789630633e-18
9.686545587446289062e+08 -2.963919082960403067e-18
9.686545587448730469e+08 -3.802379975992554880e-18
9.686545587451171875e+08 -4.638841051849685217e-18
9.686545587453613281e+08 -5.478051215820076453e-18
9.686545587456054688e+08 -6.302928645231174419e-18
9.686545587458496094e+08 -7.129928520131708779e-18
9.686545587460937500e+08 -7.951010326470079497e-18
9.686545587463378906e+08 -8.774967230027538823e-18
9.686545587465820312e+08 -9.572681438344078879e-18
9.686545587468261719e+08 -1.036808734856238615e-17
9.686545587470703125e+08 -1.115103371144407997e-17
9.686545587473144531e+08 -1.191529135354290889e-17
9.686545587475585938e+08 -1.268193050918036420e-17
9.686545587478027344e+08 -1.342294433566108529e-17
9.686545587480468750e+08 -1.413952093898479052e-17
9.686545587482910156e+08 -1.486361943722106916e-17
9.686545587485351562e+08 -1.556216097848841723e-17
9.686545587487792969e+08 -1.625419739409793625e-17
9.686545587490234375e+08 -1.693314698669519045e-17
9.686545587492675781e+08 -1.759688352080539932e-17
9.686545587495117188e+08 -1.824241577604484108e-17
9.686545587497558594e+08 -1.886012502162597654e-17
9.686545587500000000e+08 -1.946288386630206342e-17
9.686545587502441406e+08 -2.004849204930181913e-17
9.686545587504882812e+08 -2.061560107670765826e-17
9.686545587507324219e+08 -2.115584546559706840e-17
9.686545587509765625e+08 -2.166876164397205111e-17
9.686545587512207031e+08 -2.217767262278981198e-17
9.686545587514648438e+08 -2.266975842061875940e-17
9.686545587517089844e+08 -2.313356949012325210e-17
9.686545587519531250e+08 -2.358072151130006031e-17
9.686545587521972656e+08 -2.401026139151996090e-17
9.686545587524414062e+08 -2.441600923080797159e-17
9.686545587526855469e+08 -2.478788598815509745e-17
9.686545587529296875e+08 -2.514312613430431744e-17
9.686545587531738281e+08 -2.547482931999321319e-17
9.686545587534179688e+08 -2.578323577770554296e-17
9.686545587536621094e+08 -2.606203752696540262e-17
9.686545587539062500e+08 -2.632172125075892728e-17
9.686545587541503906e+08 -2.656228126207940442e-17
9.686545587543945312e+08 -2.677498647170156493e-17
9.686545587546386719e+08 -2.698171978353680309e-17
9.686545587548828125e+08 -2.715595203774611428e-17
9.686545587551269531e+08 -2.731071086657417099e-17
9.686545587553710938e+08 -2.743248677274947521e-17
9.686545587556152344e+08 -2.753702233019497816e-17
9.686545587558593750e+08 -2.760990754889235546e-17
9.686545587561035156e+08 -2.766312066393355023e-17
9.686545587563476562e+08 -2.768582341292881616e-17
9.686545587565917969e+08 -2.769201498983791910e-17
9.686545587568359375e+08 -2.766378818699197914e-17
9.686545587570800781e+08 -2.763264497693824308e-17
9.686545587573242188e+08 -2.756671545055620218e-17
9.686545587575683594e+08 -2.748131900510383171e-17
9.686545587578125000e+08 -2.738583613970648868e-17
9.686545587580566406e+08 -2.726148684620618116e-17
9.686545587583007812e+08 -2.710437046805555389e-17
9.686545587585449219e+08 -2.692468928040924972e-17
9.686545587587890625e+08 -2.673169037166126094e-17
9.686545587590332031e+08 -2.651214994430187137e-17
9.686545587592773438e+08 -2.626090575710720545e-17
9.686545587595214844e+08 -2.599123548270770176e-17
9.686545587597656250e+08 -2.571488211591933340e-17
9.686545587600097656e+08 -2.539585366173549467e-17
9.686545587602539062e+08 -2.508354497841067221e-17
9.686545587604980469e+08 -2.472432481599368446e-17
9.686545587607421875e+08 -2.438124375516513683e-17
9.686545587609863281e+08 -2.400001726359322572e-17
9.686545587612304688e+08 -2.358631869799912297e-17
9.686545587614746094e+08 -2.316056133750598662e-17
9.686545587617187500e+08 -2.271603133211860415e-17
9.686545587619628906e+08 -2.225315971207638440e-17
9.686545587622070312e+08 -2.175811069238277540e-17
9.686545587624511719e+08 -2.125374717734674730e-17
9.686545587626953125e+08 -2.072039758288397287e-17
9.686545587629394531e+08 -2.019720427319845685e-17
9.686545587631835938e+08 -1.963878530693369902e-17
9.686545587634277344e+08 -1.907431136393563176e-17
9.686545587636718750e+08 -1.848917617625550749e-17
9.686545587639160156e+08 -1.789420029181976931e-17
9.686545587641601562e+08 -1.727455621586663026e-17
9.686545587644042969e+08 -1.663252939052916064e-17
9.686545587646484375e+08 -1.597825781823897756e-17
9.686545587648925781e+08 -1.530502304342881984e-17
9.686545587651367188e+08 -1.461642094781004030e-17
9.686545587653808594e+08 -1.391680746479801731e-17
9.686545587656250000e+08 -1.320308617954674592e-17
9.686545587658691406e+08 -1.249015051719626667e-17
9.686545587661132812e+08 -1.174935835010469013e-17
9.686545587663574219e+08 -1.101047093483496200e-17
9.686545587666015625e+08 -1.026191016690478889e-17
9.686545587668457031e+08 -9.490229024643668268e-18
9.686545587670898438e+08 -8.704982536137483462e-18
9.686545587673339844e+08 -7.910487813270540196e-18
9.686545587675781250e+08 -7.101348504371968368e-18
9.686545587678222656e+08 -6.285246372980770081e-18
9.686545587680664062e+08 -5.449878291965347124e-18
9.686545587683105469e+08 -4.612151300586069468e-18
9.686545587685546875e+08 -3.772658184916727304e-18
9.686545587687988281e+08 -2.932605494060405966e-18
9.686545587690429688e+08 -2.062633107888569577e-18
9.686545587692871094e+08 -1.218247229170131113e-18
9.686545587695312500e+08 -3.525465191332105228e-19
9.686545587697753906e+08 5.180121296926693942e-19
9.686545587700195312e+08 1.404362117436356590e-18
9.686545587702636719e+08 2.291870264957785367e-18
9.686545587705078125e+08 3.173588143658380439e-18
9.686545587707519531e+08 4.092094569048172624e-18
9.686545587709960938e+08 4.978962252864350659e-18
9.686545587712402344e+08 5.881106287769215577e-18
9.686545587714843750e+08 6.781526449974272309e-18
9.686545587717285156e+08 7.683563160849443508e-18
9.686545587719726562e+08 8.584393267433044235e-18
9.686545587722167969e+08 9.463299168797795680e-18
9.686545587724609375e+08 1.036482037226106838e-17
9.686545587727050781e+08 1.125701901313856104e-17
9.686545587729492188e+08 1.215001127191728341e-17
9.686545587731933594e+08 1.304747037783385773e-17
9.686545587734375000e+08 1.394193581141635017e-17
9.686545587736816406e+08 1.482208056398700265e-17
9.686545587739257812e+08 1.571367889577052884e-17
9.686545587741699219e+08 1.658830076682355792e-17
9.686545587744140625e+08 1.744937005128307839e-17
9.686545587746582031e+08 1.831584529403639346e-17
9.686545587749023438e+08 1.915536140952911585e-17
9.686545587751464844e+08 1.998360367574968585e-17
9.686545587753906250e+08 2.080880900168916383e-17
9.686545587756347656e+08 2.162283842165580984e-17
9.686545587758789062e+08 2.243959753319954944e-17
9.686545587761230469e+08 2.323185219196708178e-17
9.686545587763671875e+08 2.401942932452326623e-17
9.686545587766113281e+08 2.480385944121463224e-17
9.686545587768554688e+08 2.555578532136664901e-17
9.686545587770996094e+08 2.630662963381234156e-17
9.686545587773437500e+08 2.702770308004674521e-17
9.686545587775878906e+08 2.773176060849638891e-17
9.686545587778320312e+08 2.840909028930729168e-17
9.686545587780761719e+08 2.907693788538074420e-17
9.686545587783203125e+08 2.971920712614414292e-17
9.686545587785644531e+08 3.035227128734877406e-17
9.686545587788085938e+08 3.095856347361833080e-17
9.686545587790527344e+08 3.155462528196143954e-17
9.686545587792968750e+08 3.213160980993167847e-17
9.686545587795410156e+08 3.268503097540606265e-17
9.686545587797851562e+08 3.321285498582488935e-17
9.686545587800292969e+08 3.370410231290083509e-17
9.686545587802734375e+08 3.418279532877492511e-17
9.686545587805175781e+08 3.462174270622713911e-17
9.686545587807617188e+08 3.503733722750416286e-17
9.686545587810058594e+08 3.541328990660576945e-17
9.686545587812500000e+08 3.577462193948365342e-17
9.686545587814941406e+08 3.611220759910505750e-17
9.686545587817382812e+08 3.642314874668544264e-17
9.686545587819824219e+08 3.670999152204814756e-17
9.686545587822265625e+08 3.696708674448655660e-17
9.686545587824707031e+08 3.718942359587358801e-17
9.686545587827148438e+08 3.738249078073861298e-17
9.686545587829589844e+08 3.753062212935560364e-17
9.686545587832031250e+08 3.766456453737911883e-17
9.686545587834472656e+08 3.774934421256600035e-17
9.686545587836914062e+08 3.779656383436118116e-17
9.686545587839355469e+08 3.782089860751906387e-17
9.686545587841796875e+08 3.780032708032610502e-17
9.686545587844238281e+08 3.776763793764464916e-17
9.686545587846679688e+08 3.770109498247693541e-17
9.686545587849121094e+08 3.759980061770298338e-17
9.686545587851562500e+08 3.745981815969170965e-17
9.686545587854003906e+08 3.730022944894258793e-17
9.686545587856445312e+08 3.709043116012339922e-17
9.686545587858886719e+08 3.684447929909391065e-17
9.686545587861328125e+08 3.657166755713941149e-17
9.686545587863769531e+08 3.625093665293919401e-17
9.686545587866210938e+08 3.590549469246616743e-17
9.686545587868652344e+08 3.550547818949933569e-17
9.686545587871093750e+08 3.509230403871311209e-17
9.686545587873535156e+08 3.465049944617699275e-17
9.686545587875976562e+08 3.417145546802155385e-17
9.686545587878417969e+08 3.366582220129148327e-17
9.686545587880859375e+08 3.312199044189615947e-17
9.686545587883300781e+08 3.255598888014021437e-17
9.686545587885742188e+08 3.194188861201971042e-17
9.686545587888183594e+08 3.129702203439693084e-17
9.686545587890625000e+08 3.063000469964716706e-17
9.686545587893066406e+08 2.992336028393527267e-17
9.686545587895507812e+08 2.917271670512104012e-17
9.686545587897949219e+08 2.839866688159492293e-17
9.686545587900390625e+08 2.761085406506324381e-17
9.686545587902832031e+08 2.678916134279037718e-17
9.686545587905273438e+08 2.593793023995560122e-17
9.686545587907714844e+08 2.508130576421344065e-17
9.686545587910156250e+08 2.419068193640067005e-17
9.686545587912597656e+08 2.326214096311857605e-17
9.686545587915039062e+08 2.231953811932806989e-17
9.686545587917480469e+08 2.134646797019674239e-17
9.686545587919921875e+08 2.035251858046811212e-17
9.686545587922363281e+08 1.932742092255606571e-17
9.686545587924804688e+08 1.827693435589658856e-17
9.686545587927246094e+08 1.721137956973691944e-17
9.686545587929687500e+08 1.613039554229912538e-17
9.686545587932128906e+08 1.505003160521043292e-17
9.686545587934570312e+08 1.393691865135279421e-17
9.686545587937011719e+08 1.282181435388712350e-17
9.686545587939453125e+08 1.169277772121580715e-17
9.686545587941894531e+08 1.054413599545618598e-17
9.686545587944335938e+08 9.392015166254684663e-18
9.686545587946777344e+08 8.202763598886370028e-18
9.686545587949218750e+08 7.028066664019865979e-18
9.686545587951660156e+08 5.828090932968089543e-18
9.686545587954101562e+08 4.610115998557813312e-18
9.686545587956542969e+08 3.406046412385132598e-18
9.686545587958984375e+08 2.188073028829786159e-18
9.686545587961425781e+08 9.874701425403546689e-19
9.686545587963867188e+08 -2.261822285558722758e-19
9.686545587966308594e+08 -1.430581158595045736e-18
9.686545587968750000e+08 -2.633112401300319632e-18
9.686545587971191406e+08 -3.848245606157371969e-18
9.686545587973632812e+08 -5.048999654711628872e-18
9.686545587976074219e+08 -6.267793714872234439e-18
9.686545587978515625e+08 -7.461254661894438791e-18
9.686545587980957031e+08 -8.669894353215507341e-18
9.686545587983398438e+08 -9.866929428485817429e-18
9.686545587985839844e+08 -1.104570124052807263e-17
9.686545587988281250e+08 -1.221563720722981585e-17
9.686545587990722656e+08 -1.336738949179838723e-17
9.686545587993164062e+08 -1.450498449499693639e-17
9.686545587995605469e+08 -1.562766429650259827e-17
9.686545587998046875e+08 -1.672407605591053016e-17
9.686545588000488281e+08 -1.782805636209262958e-17
9.686545588002929688e+08 -1.890913958953015889e-17
9.686545588005371094e+08 -1.997190053191592995e-17
9.686545588007812500e+08 -2.102157785546985445e-17
9.686545588010253906e+08 -2.205329158659604712e-17
9.686545588012695312e+08 -2.306973555206046273e-17
9.686545588015136719e+08 -2.405538701873986620e-17
9.686545588017578125e+08 -2.500869283426571373e-17
9.686545588020019531e+08 -2.594022574732528796e-17
9.686545588022460938e+08 -2.684149850887933053e-17
9.686545588024902344e+08 -2.771329565561453262e-17
9.686545588027343750e+08 -2.856345406392345905e-17
9.686545588029785156e+08 -2.939028421499630366e-17
9.686545588032226562e+08 -3.019294231320207391e-17
9.686545588034667969e+08 -3.096242356301547665e-17
9.686545588037109375e+08 -3.171965624079340255e-17
9.686545588039550781e+08 -3.243299952124817432e-17
9.686545588041992188e+08 -3.312923152056361021e-17
9.686545588044433594e+08 -3.379043968206971329e-17
9.686545588046875000e+08 -3.440628897064982837e-17
9.686545588049316406e+08 -3.498459772413606760e-17
9.686545588051757812e+08 -3.553133131743976999e-17
9.686545588054199219e+08 -3.604558980716498600e-17
9.686545588056640625e+08 -3.652932070057253996e-17
9.686545588059082031e+08 -3.697995375559624812e-17
9.686545588061523438e+08 -3.739653550163698510e-17
9.686545588063964844e+08 -3.778684660158873036e-17
9.686545588066406250e+08 -3.814068913183309707e-17
9.686545588068847656e+08 -3.847463262202283879e-17
9.686545588071289062e+08 -3.875820039639449821e-17
9.686545588073730469e+08 -3.901203836515295714e-17
9.686545588076171875e+08 -3.921612057613306963e-17
9.686545588078613281e+08 -3.938579249575716420e-17
9.686545588081054688e+08 -3.952024895452361961e-17
9.686545588083496094e+08 -3.960795746274056699e-17
9.686545588085937500e+08 -3.967208160832984228e-17
9.686545588088378906e+08 -3.971500661586538071e-17
9.686545588090820312e+08 -3.970386908442369222e-17
9.686545588093261719e+08 -3.968093491380861022e-17
9.686545588095703125e+08 -3.961417892049272092e-17
9.686545588098144531e+08 -3.951455313879990743e-17
9.686545588100585938e+08 -3.939472049440320638e-17
9.686545588103027344e+08 -3.922293928823966027e-17
9.686545588105468750e+08 -3.900847258675015440e-17
9.686545588107910156e+08 -3.876207426060763411e-17
9.686545588110351562e+08 -3.847607744082618990e-17
9.686545588112792969e+08 -3.816389256779748779e-17
9.686545588115234375e+08 -3.782732536258306310e-17
9.686545588117675781e+08 -3.744834837733683767e-17
9.686545588120117188e+08 -3.705853571884197828e-17
9.686545588122558594e+08 -3.662038943145473366e-17
9.686545588125000000e+08 -3.617426443550245176e-17
9.686545588127441406e+08 -3.568474588611210642e-17
9.686545588129882812e+08 -3.517534931478246141e-17
9.686545588132324219e+08 -3.462644830684204050e-17
9.686545588134765625e+08 -3.404423917641835114e-17
9.686545588137207031e+08 -3.342452685458969795e-17
9.686545588139648438e+08 -3.278229690253981120e-17
9.686545588142089844e+08 -3.211103656991418699e-17
9.686545588144531250e+08 -3.142372085337971520e-17
9.686545588146972656e+08 -3.071606635498906890e-17
9.686545588149414062e+08 -2.997409042795320781e-17
9.686545588151855469e+08 -2.923007547451752961e-17
9.686545588154296875e+08 -2.844021298249363159e-17
9.686545588156738281e+08 -2.765454296595705822e-17
9.686545588159179688e+08 -2.683380132672658634e-17
9.686545588161621094e+08 -2.599274455585456860e-17
9.686545588164062500e+08 -2.510886824387813682e-17
9.686545588166503906e+08 -2.422077051672327452e-17
9.686545588168945312e+08 -2.330041433613665058e-17
9.686545588171386719e+08 -2.235739525662478047e-17
9.686545588173828125e+08 -2.141848699679416392e-17
9.686545588176269531e+08 -2.045479366569606009e-17
9.686545588178710938e+08 -1.948100766018996113e-17
9.686545588181152344e+08 -1.849097282448792161e-17
9.686545588183593750e+08 -1.749772102964194105e-17
9.686545588186035156e+08 -1.648490092867364856e-17
9.686545588188476562e+08 -1.545931422736370433e-17
9.686545588190917969e+08 -1.441807879940985861e-17
9.686545588193359375e+08 -1.335057245528558048e-17
9.686545588195800781e+08 -1.226452800562680763e-17
9.686545588198242188e+08 -1.117436536713762768e-17
9.686545588200683594e+08 -1.008114209801298512e-17
9.686545588203125000e+08 -8.981087564154966549e-18
9.686545588205566406e+08 -7.867356127204281774e-18
9.686545588208007812e+08 -6.757622339559989940e-18
9.686545588210449219e+08 -5.648609866685120757e-18
9.686545588212890625e+08 -4.533686364616005411e-18
9.686545588215332031e+08 -3.410837431277709874e-18
9.686545588217773438e+08 -2.285954938045294278e-18
9.686545588220214844e+08 -1.144843820780066018e-18
9.686545588222656250e+08 5.273326778710141527e-21
9.686545588225097656e+08 1.162582940117501949e-18
9.686545588227539062e+08 2.324549466549849319e-18
9.686545588229980469e+08 3.471157431372210095e-18
9.686545588232421875e+08 4.622177923791234731e-18
9.686545588234863281e+08 5.759692930705518819e-18
9.686545588237304688e+08 6.908562830990120890e-18
9.686545588239746094e+08 8.040193497706258146e-18
9.686545588242187500e+08 9.170210218045012675e-18
9.686545588244628906e+08 1.029208413366177783e-17
9.686545588247070312e+08 1.141947399760193407e-17
9.686545588249511719e+08 1.254306604224913477e-17
9.686545588251953125e+08 1.367513507788315133e-17
9.686545588254394531e+08 1.480272087113934885e-17
9.686545588256835938e+08 1.591804042661211960e-17
9.686545588259277344e+08 1.702043095670813421e-17
9.686545588261718750e+08 1.810499313013923316e-17
9.686545588264160156e+08 1.918549879781298613e-17
9.686545588266601562e+08 2.024828184004903432e-17
9.686545588269042969e+08 2.129281817476373816e-17
9.686545588271484375e+08 2.233579305511261135e-17
9.686545588273925781e+08 2.335142853075663242e-17
9.686545588276367188e+08 2.436735633550600519e-17
9.686545588278808594e+08 2.538174891607396678e-17
9.686545588281250000e+08 2.636995766550737421e-17
9.686545588283691406e+08 2.736539409003553070e-17
9.686545588286132812e+08 2.833246559841015134e-17
9.686545588288574219e+08 2.927359988885633742e-17
9.686545588291015625e+08 3.019020047165038704e-17
9.686545588293457031e+08 3.110952975925278500e-17
9.686545588295898438e+08 3.198031288106338028e-17
9.686545588298339844e+08 3.283487837933799891e-17
9.686545588300781250e+08 3.367043284905878127e-17
9.686545588303222656e+08 3.448729508898412714e-17
9.686545588305664062e+08 3.527029155051859048e-17
9.686545588308105469e+08 3.605814644556574447e-17
9.686545588310546875e+08 3.682065375561070454e-17
9.686545588312988281e+08 3.755765411049664929e-17
9.686545588315429688e+08 3.827440638533637208e-17
9.686545588317871094e+08 3.894575543078196743e-17
9.686545588320312500e+08 3.959802137564240402e-17
9.686545588322753906e+08 4.022051060106971097e-17
9.686545588325195312e+08 4.080151205930281578e-17
9.686545588327636719e+08 4.136043792779365141e-17
9.686545588330078125e+08 4.188137125213030829e-17
9.686545588332519531e+08 4.237036122093888342e-17
9.686545588334960938e+08 4.283504684865001944e-17
9.686545588337402344e+08 4.328962717818977972e-17
9.686545588339843750e+08 4.371005624006423060e-17
9.686545588342285156e+08 4.409050325438643953e-17
9.686545588344726562e+08 4.444217341482875781e-17
9.686545588347167969e+08 4.475396147918649087e-17
9.686545588349609375e+08 4.502928861109705148e-17
9.686545588352050781e+08 4.526284460117362037e-17
9.686545588354492188e+08 4.545370783679971582e-17
9.686545588356933594e+08 4.560780463257590847e-17
9.686545588359375000e+08 4.572473933594745674e-17
9.686545588361816406e+08 4.580999266766982803e-17
9.686545588364257812e+08 4.585556357182272217e-17
9.686545588366699219e+08 4.587678622199811735e-17
9.686545588369140625e+08 4.587494688446712284e-17
9.686545588371582031e+08 4.581576373358678402e-17
9.686545588374023438e+08 4.573285069476172849e-17
9.686545588376464844e+08 4.557538277050776786e-17
9.686545588378906250e+08 4.540657373723638623e-17
9.686545588381347656e+08 4.518062516651179835e-17
9.686545588383789062e+08 4.490053643535207913e-17
9.686545588386230469e+08 4.459933600774187224e-17
9.686545588388671875e+08 4.423743043841005748e-17
9.686545588391113281e+08 4.385447614905168400e-17
9.686545588393554688e+08 4.341893907680535622e-17
9.686545588395996094e+08 4.297225326227075203e-17
9.686545588398437500e+08 4.248439339960339930e-17
9.686545588400878906e+08 4.194818597690245837e-17
9.686545588403320312e+08 4.136412381224439686e-17
9.686545588405761719e+08 4.074855009497011266e-17
9.686545588408203125e+08 4.008036853680336155e-17
9.686545588410644531e+08 3.936478707949667239e-17
9.686545588413085938e+08 3.860760035120458605e-17
9.686545588415527344e+08 3.782167734909402478e-17
9.686545588417968750e+08 3.699070127930390974e-17
9.686545588420410156e+08 3.611309991773709723e-17
9.686545588422851562e+08 3.521799358665584756e-17
9.686545588425292969e+08 3.429891726672715126e-17
9.686545588427734375e+08 3.334125947410455037e-17
9.686545588430175781e+08 3.233033830800541371e-17
9.686545588432617188e+08 3.129785695473750769e-17
9.686545588435058594e+08 3.021148984166397301e-17
9.686545588437500000e+08 2.910723557832110188e-17
9.686545588439941406e+08 2.794502772195125271e-17
9.686545588442382812e+08 2.676021737089898114e-17
9.686545588444824219e+08 2.554348083748521004e-17
9.686545588447265625e+08 2.428390071240955133e-17
9.686545588449707031e+08 2.300577834201123062e-17
9.686545588452148438e+08 2.171200784452045102e-17
9.686545588454589844e+08 2.038811340962639884e-17
9.686545588457031250e+08 1.905242829033227879e-17
9.686545588459472656e+08 1.768271052466788482e-17
9.686545588461914062e+08 1.628400921399665897e-17
9.686545588464355469e+08 1.484853102279568688e-17
9.686545588466796875e+08 1.340548397919431609e-17
9.686545588469238281e+08 1.192857125888208115e-17
9.686545588471679688e+08 1.043046180180589298e-17
9.686545588474121094e+08 8.916351793614179506e-18
9.686545588476562500e+08 7.372942291781477098e-18
9.686545588479003906e+08 5.839367709020535516e-18
9.686545588481445312e+08 4.279372605981077613e-18
9.686545588483886719e+08 2.734426628748252339e-18
9.686545588486328125e+08 1.173805193738148273e-18
9.686545588488769531e+08 -3.988263436017194690e-19
9.686545588491210938e+08 -1.997667090497995646e-18
9.686545588493652344e+08 -3.588261685369784863e-18
9.686545588496093750e+08 -5.189817827319177142e-18
9.686545588498535156e+08 -6.811599458621943148e-18
9.686545588500976562e+08 -8.422520205942097830e-18
9.686545588503417969e+08 -1.004107211294650619e-17
9.686545588505859375e+08 -1.164820841913147646e-17
9.686545588508300781e+08 -1.327147705435664507e-17
9.686545588510742188e+08 -1.485331222646542877e-17
9.686545588513183594e+08 -1.641408852919791435e-17
9.686545588515625000e+08 -1.799266534317727977e-17
9.686545588518066406e+08 -1.955135381254510926e-17
9.686545588520507812e+08 -2.110625723356433225e-17
9.686545588522949219e+08 -2.264186381892501141e-17
9.686545588525390625e+08 -2.417413925491715605e-17
9.686545588527832031e+08 -2.570006866767600159e-17
9.686545588530273438e+08 -2.719460188996721026e-17
9.686545588532714844e+08 -2.868171509852039864e-17
9.686545588535156250e+08 -3.013482605947485879e-17
9.686545588537597656e+08 -3.156693705892026752e-17
9.686545588540039062e+08 -3.296315842703348148e-17
9.686545588542480469e+08 -3.431455515625933340e-17
9.686545588544921875e+08 -3.564992585326193048e-17
9.686545588547363281e+08 -3.695395873661917230e-17
9.686545588549804688e+08 -3.824356265415786635e-17
9.686545588552246094e+08 -3.949037722124933851e-17
9.686545588554687500e+08 -4.071293049082226876e-17
9.686545588557128906e+08 -4.190738757852775206e-17
9.686545588559570312e+08 -4.305757551967543590e-17
9.686545588562011719e+08 -4.417401849129696938e-17
9.686545588564453125e+08 -4.524869381209297652e-17
9.686545588566894531e+08 -4.628062605360596093e-17
9.686545588569335938e+08 -4.724637765148221344e-17
9.686545588571777344e+08 -4.816678136095633278e-17
9.686545588574218750e+08 -4.905920121555891051e-17
9.686545588576660156e+08 -4.989994959268320638e-17
9.686545588579101562e+08 -5.070265157431906546e-17
9.686545588581542969e+08 -5.145793990230420836e-17
9.686545588583984375e+08 -5.216954468731338591e-17
9.686545588586425781e+08 -5.283997104725221310e-17
9.686545588588867188e+08 -5.345237484725331495e-17
9.686545588591308594e+08 -5.402388857092120671e-17
9.686545588593750000e+08 -5.453593252247077675e-17
9.686545588596191406e+08 -5.498684995321793626e-17
9.686545588598632812e+08 -5.537502179877305706e-17
9.686545588601074219e+08 -5.570427558832010494e-17
9.686545588603515625e+08 -5.598647173556882793e-17
9.686545588605957031e+08 -5.623217345971355323e-17
9.686545588608398438e+08 -5.640176789448471558e-17
9.686545588610839844e+08 -5.653538332713187159e-17
9.686545588613281250e+08 -5.662036114926352744e-17
9.686545588615722656e+08 -5.663945263942403500e-17
9.686545588618164062e+08 -5.661436246769639279e-17
9.686545588620605469e+08 -5.653601135553678836e-17
9.686545588623046875e+08 -5.638872479492867856e-17
9.686545588625488281e+08 -5.618498666380270448e-17
9.686545588627929688e+08 -5.591181170599459942e-17
9.686545588630371094e+08 -5.557919050111138490e-17
9.686545588632812500e+08 -5.520045863270119630e-17
9.686545588635253906e+08 -5.477107706392750681e-17
9.686545588637695312e+08 -5.428977684919842451e-17
9.686545588640136719e+08 -5.376004240074011192e-17
9.686545588642578125e+08 -5.317960612292732616e-17
9.686545588645019531e+08 -5.254957673655005542e-17
9.686545588647460938e+08 -5.186951707793868923e-17
9.686545588649902344e+08 -5.113951247721927994e-17
9.686545588652343750e+08 -5.034300333410240831e-17
9.686545588654785156e+08 -4.950145045476833494e-17
9.686545588657226562e+08 -4.858432202009098654e-17
9.686545588659667969e+08 -4.763396355765456433e-17
9.686545588662109375e+08 -4.663274573124820345e-17
9.686545588664550781e+08 -4.559547885543588659e-17
9.686545588666992188e+08 -4.451082317929986082e-17
9.686545588669433594e+08 -4.338656039353346018e-17
9.686545588671875000e+08 -4.223041245139006816e-17
9.686545588674316406e+08 -4.102433891923077448e-17
9.686545588676757812e+08 -3.977679180885185066e-17
9.686545588679199219e+08 -3.848430035416405325e-17
9.686545588681640625e+08 -3.717543948738879364e-17
9.686545588684082031e+08 -3.577671697837704627e-17
9.686545588686523438e+08 -3.436144242485732992e-17
9.686545588688964844e+08 -3.290205960094397621e-17
9.686545588691406250e+08 -3.142149916509459215e-17
9.686545588693847656e+08 -2.991434853067939513e-17
9.686545588696289062e+08 -2.836533404222490155e-17
9.686545588698730469e+08 -2.681067939865109075e-17
9.686545588701171875e+08 -2.522082923694557753e-17
9.686545588703613281e+08 -2.359767361061682660e-17
9.686545588706054688e+08 -2.196990708418625295e-17
9.686545588708496094e+08 -2.030031483572484113e-17
9.686545588710937500e+08 -1.861765618779131428e-17
9.686545588713378906e+08 -1.688869331168602845e-17
9.686545588715820312e+08 -1.513952765294878029e-17
9.686545588718261719e+08 -1.338881611637878414e-17
9.686545588720703125e+08 -1.160672151376359011e-17
9.686545588723144531e+08 -9.828469164610843432e-18
9.686545588725585938e+08 -8.035524582362800537e-18
9.686545588728027344e+08 -6.243660224707348196e-18
9.686545588730468750e+08 -4.432367715962806240e-18
9.686545588732910156e+08 -2.629534317327999815e-18
9.686545588735351562e+08 -8.075818477593561765e-19
9.686545588737792969e+08 1.010156139636277820e-18
9.686545588740234375e+08 2.845170759183944962e-18
9.686545588742675781e+08 4.688001592185373317e-18
9.686545588745117188e+08 6.535304102350514491e-18
9.686545588747558594e+08 8.391186685583945386e-18
9.686545588750000000e+08 1.020829291437599905e-17
9.686545588752441406e+08 1.204602590479342515e-17
9.686545588754882812e+08 1.386528588240266867e-17
9.686545588757324219e+08 1.566541462079841188e-17
9.686545588759765625e+08 1.745968736791694987e-17
9.686545588762207031e+08 1.923594013898464196e-17
9.686545588764648438e+08 2.100306126179253955e-17
9.686545588767089844e+08 2.276643685287639164e-17
9.686545588769531250e+08 2.450636558037704527e-17
9.686545588771972656e+08 2.625141064664864820e-17
9.686545588774414062e+08 2.798436148721787400e-17
9.686545588776855469e+08 2.968670946746990166e-17
9.686545588779296875e+08 3.136291262651251898e-17
9.686545588781738281e+08 3.301651779786589353e-17
9.686545588784179688e+08 3.464473521300911382e-17
9.686545588786621094e+08 3.624142247139874566e-17
9.686545588789062500e+08 3.780115117923013098e-17
9.686545588791503906e+08 3.934796698590334492e-17
9.686545588793945312e+08 4.086512637938060385e-17
9.686545588796386719e+08 4.233901702462676026e-17
9.686545588798828125e+08 4.380769406829420131e-17
9.686545588801269531e+08 4.525857510234725636e-17
9.686545588803710938e+08 4.666660038508652865e-17
9.686545588806152344e+08 4.803346821576889241e-17
9.686545588808593750e+08 4.937243802375627886e-17
9.686545588811035156e+08 5.066418645503742138e-17
9.686545588813476562e+08 5.191261017843243619e-17
9.686545588815917969e+08 5.312023631696902296e-17
9.686545588818359375e+08 5.428970098897501826e-17
9.686545588820800781e+08 5.541695551131924151e-17
9.686545588823242188e+08 5.650304728923833061e-17
9.686545588825683594e+08 5.755490091333849557e-17
9.686545588828125000e+08 5.857399912703200510e-17
9.686545588830566406e+08 5.955943518753524098e-17
9.686545588833007812e+08 6.049262878118891537e-17
9.686545588835449219e+08 6.139063981228986305e-17
9.686545588837890625e+08 6.222250764263428095e-17
9.686545588840332031e+08 6.302001406404892486e-17
9.686545588842773438e+08 6.375630475777024972e-17
9.686545588845214844e+08 6.444326512134446712e-17
9.686545588847656250e+08 6.508544436967506108e-17
9.686545588850097656e+08 6.567489636796189262e-17
9.686545588852539062e+08 6.622227168338665190e-17
9.686545588854980469e+08 6.671286769346561486e-17
9.686545588857421875e+08 6.718172938118820536e-17
9.686545588859863281e+08 6.759060610012649250e-17
9.686545588862304688e+08 6.796466449388884222e-17
9.686545588864746094e+08 6.826658676864241634e-17
9.686545588867187500e+08 6.852984663257776018e-17
9.686545588869628906e+08 6.871818051198133296e-17
9.686545588872070312e+08 6.886640586241935389e-17
9.686545588874511719e+08 6.895100039421453510e-17
9.686545588876953125e+08 6.898300562028203486e-17
9.686545588879394531e+08 6.897291759321841803e-17
9.686545588881835938e+08 6.890453433630422048e-17
9.686545588884277344e+08 6.877831069482685021e-17
9.686545588886718750e+08 6.862042484207499311e-17
9.686545588889160156e+08 6.843051714098831997e-17
9.686545588891601562e+08 6.815573664197380238e-17
9.686545588894042969e+08 6.784451952186197219e-17
9.686545588896484375e+08 6.747874216860040254e-17
9.686545588898925781e+08 6.704582877656624586e-17
9.686545588901367188e+08 6.656942461703981419e-17
9.686545588903808594e+08 6.601856126242082314e-17
9.686545588906250000e+08 6.542496692891253332e-17
9.686545588908691406e+08 6.478788554570065701e-17
9.686545588911132812e+08 6.409118864241355238e-17
9.686545588913574219e+08 6.335560931313065955e-17
9.686545588916015625e+08 6.257124555706519373e-17
9.686545588918457031e+08 6.175899079952130145e-17
9.686545588920898438e+08 6.087659159766639615e-17
9.686545588923339844e+08 5.995049001592619295e-17
9.686545588925781250e+08 5.897158374103008263e-17
9.686545588928222656e+08 5.793026460120697474e-17
9.686545588930664062e+08 5.684918180721541459e-17
9.686545588933105469e+08 5.570759932875413665e-17
9.686545588935546875e+08 5.452415215705109768e-17
9.686545588937988281e+08 5.328898624436202023e-17
9.686545588940429688e+08 5.202735473592550845e-17
9.686545588942871094e+08 5.071842388752363312e-17
9.686545588945312500e+08 4.937314123969222254e-17
9.686545588947753906e+08 4.799900566832070094e-17
9.686545588950195312e+08 4.656601394107542400e-17
9.686545588952636719e+08 4.510071880348212123e-17
9.686545588955078125e+08 4.357844081601513198e-17
9.686545588957519531e+08 4.201980302195503946e-17
9.686545588959960938e+08 4.042117647007888971e-17
9.686545588962402344e+08 3.877262993503859911e-17
9.686545588964843750e+08 3.710118607704835751e-17
9.686545588967285156e+08 3.538861150145146975e-17
9.686545588969726562e+08 3.365974786733236293e-17
9.686545588972167969e+08 3.188064570436084991e-17
9.686545588974609375e+08 3.010120610879394433e-17
9.686545588977050781e+08 2.828602686897331850e-17
9.686545588979492188e+08 2.642890530507655255e-17
9.686545588981933594e+08 2.455114865289512601e-17
9.686545588984375000e+08 2.264104043187130154e-17
9.686545588986816406e+08 2.070763456974890724e-17
9.686545588989257812e+08 1.872382388577612672e-17
9.686545588991699219e+08 1.674239147775407461e-17
9.686545588994140625e+08 1.473180998628429288e-17
9.686545588996582031e+08 1.270394696871150470e-17
9.686545588999023438e+08 1.065541899040244196e-17
9.686545589001464844e+08 8.615059715540044733e-18
9.686545589003906250e+08 6.552479787932726241e-18
9.686545589006347656e+08 4.486670533900700297e-18
9.686545589008789062e+08 2.399181423473562014e-18
9.686545589011230469e+08 3.030080283759631266e-19
9.686545589013671875e+08 -1.801435014772348130e-18
9.686545589016113281e+08 -3.925238235366057752e-18
9.686545589018554688e+08 -6.047467166389298822e-18
9.686545589020996094e+08 -8.181813556003715699e-18
9.686545589023437500e+08 -1.031408005770448825e-17
9.686545589025878906e+08 -1.243208885233081244e-17
9.686545589028320312e+08 -1.455843216630047701e-17
9.686545589030761719e+08 -1.666488515990591827e-17
9.686545589033203125e+08 -1.876606440810721733e-17
9.686545589035644531e+08 -2.084085021158695420e-17
9.686545589038085938e+08 -2.292692385915003623e-17
9.686545589040527344e+08 -2.499648027107621891e-17
9.686545589042968750e+08 -2.705896667564644029e-17
9.686545589045410156e+08 -2.910607662958716334e-17
9.686545589047851562e+08 -3.114607131931244069e-17
9.686545589050292969e+08 -3.316794916825443196e-17
9.686545589052734375e+08 -3.515964696784935046e-17
9.686545589055175781e+08 -3.712826125422307202e-17
9.686545589057617188e+08 -3.907091524572598215e-17
9.686545589060058594e+08 -4.097768566008543912e-17
9.686545589062500000e+08 -4.284093191283954550e-17
9.686545589064941406e+08 -4.468138983682057384e-17
9.686545589067382812e+08 -4.650178398629573139e-17
9.686545589069824219e+08 -4.827455049297088334e-17
9.686545589072265625e+08 -5.003756434165574593e-17
9.686545589074707031e+08 -5.174175336414017196e-17
9.686545589077148438e+08 -5.342497194044540990e-17
9.686545589079589844e+08 -5.507681891902251394e-17
9.686545589082031250e+08 -5.666617336133547025e-17
9.686545589084472656e+08 -5.821125514727919365e-17
9.686545589086914062e+08 -5.971543851146991674e-17
9.686545589089355469e+08 -6.115200641051548317e-17
9.686545589091796875e+08 -6.253364982452706065e-17
9.686545589094238281e+08 -6.388693282295992469e-17
9.686545589096679688e+08 -6.516971945967845768e-17
9.686545589099121094e+08 -6.641011709489979137e-17
9.686545589101562500e+08 -6.761248060872271825e-17
9.686545589104003906e+08 -6.874833384655052241e-17
9.686545589106445312e+08 -6.983038967773071851e-17
9.686545589108886719e+08 -7.086714727517894542e-17
9.686545589111328125e+08 -7.181797188577775967e-17
9.686545589113769531e+08 -7.272504322294625736e-17
9.686545589116210938e+08 -7.355539642026194138e-17
9.686545589118652344e+08 -7.431160386745451162e-17
9.686545589121093750e+08 -7.501454310342610188e-17
9.686545589123535156e+08 -7.563497170456767429e-17
9.686545589125976562e+08 -7.621355708643158245e-17
9.686545589128417969e+08 -7.671384721387492653e-17
9.686545589130859375e+08 -7.717036446058524587e-17
9.686545589133300781e+08 -7.754466061856898188e-17
9.686545589135742188e+08 -7.785538476781417747e-17
9.686545589138183594e+08 -7.810322299134793238e-17
9.686545589140625000e+08 -7.827119733321088652e-17
9.686545589143066406e+08 -7.837555340346408149e-17
9.686545589145507812e+08 -7.839626406692788519e-17
9.686545589147949219e+08 -7.833743540426499690e-17
9.686545589150390625e+08 -7.821563901168307262e-17
9.686545589152832031e+08 -7.802267951197443714e-17
9.686545589155273438e+08 -7.776249328009392450e-17
9.686545589157714844e+08 -7.743362821464946453e-17
9.686545589160156250e+08 -7.703991005227669739e-17
9.686545589162597656e+08 -7.658815201208915091e-17
9.686545589165039062e+08 -7.604939706367002203e-17
9.686545589167480469e+08 -7.545154865328829378e-17
9.686545589169921875e+08 -7.478885572377448178e-17
9.686545589172363281e+08 -7.403694602123624029e-17
9.686545589174804688e+08 -7.322889032732109290e-17
9.686545589177246094e+08 -7.233078384747530520e-17
9.686545589179687500e+08 -7.137405242833892546e-17
9.686545589182128906e+08 -7.035650315012643953e-17
9.686545589184570312e+08 -6.926981607046046991e-17
9.686545589187011719e+08 -6.812671142440929222e-17
9.686545589189453125e+08 -6.692837141982339443e-17
9.686545589191894531e+08 -6.566347034506009323e-17
9.686545589194335938e+08 -6.434494386181034533e-17
9.686545589196777344e+08 -6.295788369869547246e-17
9.686545589199218750e+08 -6.151883737672470538e-17
9.686545589201660156e+08 -6.001407011196995031e-17
9.686545589204101562e+08 -5.844379521141127243e-17
9.686545589206542969e+08 -5.681528168925573893e-17
9.686545589208984375e+08 -5.513837499326472170e-17
9.686545589211425781e+08 -5.339827968725154980e-17
9.686545589213867188e+08 -5.162881797101261688e-17
9.686545589216308594e+08 -4.981645053620677131e-17
9.686545589218750000e+08 -4.794678183085033471e-17
9.686545589221191406e+08 -4.604401936467268496e-17
9.686545589223632812e+08 -4.409040558065802965e-17
9.686545589226074219e+08 -4.211269484379599763e-17
9.686545589228515625e+08 -4.006475623824009745e-17
9.686545589230957031e+08 -3.799300438205399148e-17
9.686545589233398438e+08 -3.587991923282281560e-17
9.686545589235839844e+08 -3.371760979865945151e-17
9.686545589238281250e+08 -3.152757327098922177e-17
9.686545589240722656e+08 -2.931981196832570055e-17
9.686545589243164062e+08 -2.707644465588074766e-17
9.686545589245605469e+08 -2.481899926543682558e-17
9.686545589248046875e+08 -2.253843867964600654e-17
9.686545589250488281e+08 -2.023800742046717747e-17
9.686545589252929688e+08 -1.792696978721824253e-17
9.686545589255371094e+08 -1.557676880586136196e-17
9.686545589257812500e+08 -1.322602128227930345e-17
9.686545589260253906e+08 -1.085289691093285231e-17
9.686545589262695312e+08 -8.459608724356225075e-18
9.686545589265136719e+08 -6.051536934368104046e-18
9.686545589267578125e+08 -3.650599844311562346e-18
9.686545589270019531e+08 -1.239296645723555799e-18
9.686545589272460938e+08 1.167823126465491262e-18
9.686545589274902344e+08 3.576078653598168045e-18
9.686545589277343750e+08 5.970396963929495487e-18
9.686545589279785156e+08 8.360377140499483999e-18
9.686545589282226562e+08 1.075286891365066489e-17
9.686545589284667969e+08 1.312817946816494114e-17
9.686545589287109375e+08 1.550190797125696069e-17
9.686545589289550781e+08 1.787125217280582392e-17
9.686545589291992188e+08 2.021972587693529520e-17
9.686545589294433594e+08 2.257068776347935317e-17
9.686545589296875000e+08 2.488328714471655090e-17
9.686545589299316406e+08 2.718803977369401732e-17
9.686545589301757812e+08 2.945706367708114976e-17
9.686545589304199219e+08 3.168821523573339169e-17
9.686545589306640625e+08 3.391300895450836217e-17
9.686545589309082031e+08 3.608885903660521582e-17
9.686545589311523438e+08 3.824297342492932349e-17
9.686545589313964844e+08 4.035292073017463654e-17
9.686545589316406250e+08 4.246220618599863093e-17
9.686545589318847656e+08 4.451158243858327715e-17
9.686545589321289062e+08 4.654689806220438271e-17
9.686545589323730469e+08 4.853766769453749023e-17
9.686545589326171875e+08 5.047962448771781033e-17
9.686545589328613281e+08 5.239146302285928931e-17
9.686545589331054688e+08 5.424389864317697537e-17
9.686545589333496094e+08 5.604893073310266485e-17
9.686545589335937500e+08 5.780384665879570358e-17
9.686545589338378906e+08 5.950812349432909320e-17
9.686545589340820312e+08 6.116442366751037722e-17
9.686545589343261719e+08 6.278152363917261423e-17
9.686545589345703125e+08 6.434984764872296359e-17
9.686545589348144531e+08 6.585237877280964517e-17
9.686545589350585938e+08 6.732681940320972242e-17
9.686545589353027344e+08 6.874047479735241572e-17
9.686545589355468750e+08 7.008781759999940487e-17
9.686545589357910156e+08 7.138680985158817855e-17
9.686545589360351562e+08 7.261392184138781465e-17
9.686545589362792969e+08 7.377199661596963222e-17
9.686545589365234375e+08 7.488236633676741631e-17
9.686545589367675781e+08 7.592802661302042095e-17
9.686545589370117188e+08 7.690314587925443320e-17
9.686545589372558594e+08 7.783224265314415855e-17
9.686545589375000000e+08 7.870157907273992097e-17
9.686545589377441406e+08 7.950831591717748045e-17
9.686545589379882812e+08 8.025995959552831333e-17
9.686545589382324219e+08 8.093871371451215505e-17
9.686545589384765625e+08 8.155614563108309553e-17
9.686545589387207031e+08 8.210970038450821867e-17
9.686545589389648438e+08 8.258024585210302915e-17
9.686545589392089844e+08 8.299365327445598628e-17
9.686545589394531250e+08 8.334107868528310107e-17
9.686545589396972656e+08 8.361808787407295046e-17
9.686545589399414062e+08 8.382887579052237332e-17
9.686545589401855469e+08 8.397969135431455811e-17
9.686545589404296875e+08 8.407454724807885807e-17
9.686545589406738281e+08 8.409731707316369917e-17
9.686545589409179688e+08 8.406738918325310082e-17
9.686545589411621094e+08 8.396748731318994317e-17
9.686545589414062500e+08 8.380030309320801369e-17
9.686545589416503906e+08 8.356258332285981129e-17
9.686545589418945312e+08 8.325494866740679896e-17
9.686545589421386719e+08 8.288189182493752601e-17
9.686545589423828125e+08 8.244994686056017070e-17
9.686545589426269531e+08 8.193817776081002622e-17
9.686545589428710938e+08 8.137786215101176231e-17
9.686545589431152344e+08 8.076679982975186123e-17
9.686545589433593750e+08 8.008048524612964184e-17
9.686545589436035156e+08 7.933101701023380977e-17
9.686545589438476562e+08 7.854637660565443958e-17
9.686545589440917969e+08 7.768738887036802125e-17
9.686545589443359375e+08 7.677317329195578782e-17
9.686545589445800781e+08 7.578870598887067757e-17
9.686545589448242188e+08 7.473911848787046345e-17
9.686545589450683594e+08 7.363866331230791588e-17
9.686545589453125000e+08 7.248202491203592168e-17
9.686545589455566406e+08 7.125858013923710033e-17
9.686545589458007812e+08 6.999350881969157274e-17
9.686545589460449219e+08 6.866955889757321550e-17
9.686545589462890625e+08 6.730802136142701157e-17
9.686545589465332031e+08 6.589379592804746554e-17
9.686545589467773438e+08 6.441727980611799816e-17
9.686545589470214844e+08 6.291511274130146960e-17
9.686545589472656250e+08 6.135306602454107935e-17
9.686545589475097656e+08 5.973249019805663930e-17
9.686545589477539062e+08 5.806175372659758391e-17
9.686545589479980469e+08 5.634840870401125478e-17
9.686545589482421875e+08 5.458563910648753667e-17
9.686545589484863281e+08 5.278520333325339752e-17
9.686545589487304688e+08 5.094133619971548668e-17
9.686545589489746094e+08 4.906433013844638246e-17
9.686545589492187500e+08 4.715918469498101202e-17
9.686545589494628906e+08 4.520625918331361084e-17
9.686545589497070312e+08 4.323018521630222679e-17
9.686545589499511719e+08 4.121676150763840190e-17
9.686545589501953125e+08 3.916735612393211278e-17
9.686545589504394531e+08 3.707801862290711484e-17
9.686545589506835938e+08 3.494842682117454690e-17
9.686545589509277344e+08 3.280867609772297606e-17
9.686545589511718750e+08 3.061800029547519363e-17
9.686545589514160156e+08 2.841268757440302996e-17
9.686545589516601562e+08 2.619083338805500991e-17
9.686545589519042969e+08 2.394891793958840421e-17
9.686545589521484375e+08 2.169143628849412072e-17
9.686545589523925781e+08 1.940764318159241584e-17
9.686545589526367188e+08 1.712205851736654654e-17
9.686545589528808594e+08 1.480725351267247434e-17
9.686545589531250000e+08 1.247978494747008824e-17
9.686545589533691406e+08 1.012773254020140480e-17
9.686545589536132812e+08 7.772808044234332086e-18
9.686545589538574219e+08 5.403053135292236002e-18
9.686545589541015625e+08 3.025819032537883523e-18
9.686545589543457031e+08 6.455589808516800950e-19
9.686545589545898438e+08 -1.733628663830907931e-18
9.686545589548339844e+08 -4.114576487610125549e-18
9.686545589550781250e+08 -6.485082738787788812e-18
9.686545589553222656e+08 -8.856330214756804630e-18
9.686545589555664062e+08 -1.122990971895583980e-17
9.686545589558105469e+08 -1.358800668466115475e-17
9.686545589560546875e+08 -1.594818627853364030e-17
9.686545589562988281e+08 -1.829622640862424754e-17
9.686545589565429688e+08 -2.065078370347320044e-17
9.686545589567871094e+08 -2.298007590263653691e-17
9.686545589570312500e+08 -2.528858192142981970e-17
9.686545589572753906e+08 -2.760193054106141420e-17
9.686545589575195312e+08 -2.986426102917161831e-17
9.686545589577636719e+08 -3.211415877132074959e-17
9.686545589580078125e+08 -3.434316737902210699e-17
9.686545589582519531e+08 -3.654856865745326915e-17
9.686545589584960938e+08 -3.871786001978775666e-17
9.686545589587402344e+08 -4.085910531505708713e-17
9.686545589589843750e+08 -4.297729730442333388e-17
9.686545589592285156e+08 -4.508295507736649329e-17
9.686545589594726562e+08 -4.712931623858002526e-17
9.686545589597167969e+08 -4.915205993606942424e-17
9.686545589599609375e+08 -5.114678106258297768e-17
9.686545589602050781e+08 -5.308997846339926597e-17
9.686545589604492188e+08 -5.498460616541056665e-17
9.686545589606933594e+08 -5.683798790055324100e-17
9.686545589609375000e+08 -5.864895392475198556e-17
9.686545589611816406e+08 -6.040368948840314977e-17
9.686545589614257812e+08 -6.211382486916595367e-17
9.686545589616699219e+08 -6.376955701655340274e-17
9.686545589619140625e+08 -6.538293694908291680e-17
9.686545589621582031e+08 -6.694956909834195630e-17
9.686545589624023438e+08 -6.845410888242619877e-17
9.686545589626464844e+08 -6.991097029226692214e-17
9.686545589628906250e+08 -7.131026171018932713e-17
9.686545589631347656e+08 -7.264154711106480222e-17
9.686545589633789062e+08 -7.391294496873452279e-17
9.686545589636230469e+08 -7.510752613367028483e-17
9.686545589638671875e+08 -7.624930000528392279e-17
9.686545589641113281e+08 -7.732704064213617315e-17
9.686545589643554688e+08 -7.831735714766599148e-17
9.686545589645996094e+08 -7.926194690175000177e-17
9.686545589648437500e+08 -8.013550520327418571e-17
9.686545589650878906e+08 -8.094461907728610946e-17
9.686545589653320312e+08 -8.168834488399400222e-17
9.686545589655761719e+08 -8.235263784687970743e-17
9.686545589658203125e+08 -8.295097384831301712e-17
9.686545589660644531e+08 -8.347354057159727909e-17
9.686545589663085938e+08 -8.389869142706836617e-17
9.686545589665527344e+08 -8.426547318234204105e-17
9.686545589667968750e+08 -8.454697446151187647e-17
9.686545589670410156e+08 -8.475403439938383600e-17
9.686545589672851562e+08 -8.487938997146156106e-17
9.686545589675292969e+08 -8.493626140537270120e-17
9.686545589677734375e+08 -8.491676334253036517e-17
9.686545589680175781e+08 -8.481975054768883208e-17
9.686545589682617188e+08 -8.465115659039728323e-17
9.686545589685058594e+08 -8.439167513608325984e-17
9.686545589687500000e+08 -8.407015066771442764e-17
9.686545589689941406e+08 -8.364305778922333369e-17
9.686545589692382812e+08 -8.314523782104661737e-17
9.686545589694824219e+08 -8.256955134957793483e-17
9.686545589697265625e+08 -8.190432102288032204e-17
9.686545589699707031e+08 -8.117418910138500578e-17
9.686545589702148438e+08 -8.034744400444746048e-17
9.686545589704589844e+08 -7.946998278077739167e-17
9.686545589707031250e+08 -7.849643921429463068e-17
9.686545589709472656e+08 -7.746085689581335444e-17
9.686545589711914062e+08 -7.634649623396779531e-17
9.686545589714355469e+08 -7.515603447167201631e-17
9.686545589716796875e+08 -7.389307149237019680e-17
9.686545589719238281e+08 -7.254784293380758801e-17
9.686545589721679688e+08 -7.112487277366657932e-17
9.686545589724121094e+08 -6.963297876508910021e-17
9.686545589726562500e+08 -6.807202303616564162e-17
9.686545589729003906e+08 -6.644198709018169423e-17
9.686545589731445312e+08 -6.472349945080224153e-17
9.686545589733886719e+08 -6.296818677140485984e-17
9.686545589736328125e+08 -6.114361771510593394e-17
9.686545589738769531e+08 -5.924984633534194766e-17
9.686545589741210938e+08 -5.730171790463650145e-17
9.686545589743652344e+08 -5.528881688897220390e-17
9.686545589746093750e+08 -5.321696386217093935e-17
9.686545589748535156e+08 -5.107668727777048230e-17
9.686545589750976562e+08 -4.889349291283009480e-17
9.686545589753417969e+08 -4.663472040630753610e-17
9.686545589755859375e+08 -4.434129917798236799e-17
9.686545589758300781e+08 -4.199170516974773092e-17
9.686545589760742188e+08 -3.959003182671206762e-17
9.686545589763183594e+08 -3.715503708863152902e-17
9.686545589765625000e+08 -3.467429842141247064e-17
9.686545589768066406e+08 -3.216252217638807171e-17
9.686545589770507812e+08 -2.960394171614621848e-17
9.686545589772949219e+08 -2.701368262905344696e-17
9.686545589775390625e+08 -2.438361541467657757e-17
9.686545589777832031e+08 -2.171783341977770691e-17
9.686545589780273438e+08 -1.902100841880047976e-17
9.686545589782714844e+08 -1.630111656852083639e-17
9.686545589785156250e+08 -1.355297288410957640e-17
9.686545589787597656e+08 -1.077343779829725980e-17
9.686545589790039062e+08 -7.992721603941493219e-18
9.686545589792480469e+08 -5.188359973123170328e-18
9.686545589794921875e+08 -2.380220477545692424e-18
9.686545589797363281e+08 4.412918374943129904e-19
9.686545589799804688e+08 3.267089885460276598e-18
9.686545589802246094e+08 6.100235191133052447e-18
9.686545589804687500e+08 8.945159280864114583e-18
9.686545589807128906e+08 1.179427434317795245e-17
9.686545589809570312e+08 1.464437260386915592e-17
9.686545589812011719e+08 1.747588904366264563e-17
9.686545589814453125e+08 2.030926174705638868e-17
9.686545589816894531e+08 2.313411839296376423e-17
9.686545589819335938e+08 2.594768699477952924e-17
9.686545589821777344e+08 2.872206389018961109e-17
9.686545589824218750e+08 3.150158075428706012e-17
9.686545589826660156e+08 3.423296409761807209e-17
9.686545589829101562e+08 3.695920579681716103e-17
9.686545589831542969e+08 3.965299337109087679e-17
9.686545589833984375e+08 4.232421945500764242e-17
9.686545589836425781e+08 4.496458201278813617e-17
9.686545589838867188e+08 4.757901293417050411e-17
9.686545589841308594e+08 5.014980880477154580e-17
9.686545589843750000e+08 5.267223332433940016e-17
9.686545589846191406e+08 5.517756224422586495e-17
9.686545589848632812e+08 5.762038313740296918e-17
9.686545589851074219e+08 6.002056637830914690e-17
9.686545589853515625e+08 6.235488325440640776e-17
9.686545589855957031e+08 6.466318416689514607e-17
9.686545589858398438e+08 6.690198027794037437e-17
9.686545589860839844e+08 6.908522358490724062e-17
9.686545589863281250e+08 7.122538385762114391e-17
9.686545589865722656e+08 7.330919519865519233e-17
9.686545589868164062e+08 7.534069582656918926e-17
9.686545589870605469e+08 7.728150588359491126e-17
9.686545589873046875e+08 7.917439052493528529e-17
9.686545589875488281e+08 8.102001522684043451e-17
9.686545589877929688e+08 8.276688958274285109e-17
9.686545589880371094e+08 8.445103807825446401e-17
9.686545589882812500e+08 8.607560372527336514e-17
9.686545589885253906e+08 8.760286523779872821e-17
9.686545589887695312e+08 8.906892128431670192e-17
9.686545589890136719e+08 9.046395057521677391e-17
9.686545589892578125e+08 9.179175849297293308e-17
9.686545589895019531e+08 9.303792203888202819e-17
9.686545589897460938e+08 9.420565545127217006e-17
9.686545589899902344e+08 9.529507616511474745e-17
9.686545589902343750e+08 9.630700233305737588e-17
9.686545589904785156e+08 9.724499435215096831e-17
9.686545589907226562e+08 9.807824534626972144e-17
9.686545589909667969e+08 9.884422439914410954e-17
9.686545589912109375e+08 9.951809477814380184e-17
9.686545589914550781e+08 1.001027737427114509e-16
9.686545589916992188e+08 1.006141354396066968e-16
9.686545589919433594e+08 1.010426226495474134e-16
9.686545589921875000e+08 1.013886482029638910e-16
9.686545589924316406e+08 1.016557610757479557e-16
9.686545589926757812e+08 1.018370394419958093e-16
9.686545589929199219e+08 1.019275969750030592e-16
9.686545589931640625e+08 1.019443275423218163e-16
9.686545589934082031e+08 1.018636837129705560e-16
9.686545589936523438e+08 1.017005029635089946e-16
9.686545589938964844e+08 1.014538822889598807e-16
9.686545589941406250e+08 1.011167191250007626e-16
9.686545589943847656e+08 1.006979537218683332e-16
9.686545589946289062e+08 1.002012965890367084e-16
9.686545589948730469e+08 9.962831391980839805e-17
9.686545589951171875e+08 9.897868653891061631e-17
9.686545589953613281e+08 9.824764974241950834e-17
9.686545589956054688e+08 9.742753984370126241e-17
9.686545589958496094e+08 9.652996011379118385e-17
9.686545589960937500e+08 9.556987965970213406e-17
9.686545589963378906e+08 9.451898718732896805e-17
9.686545589965820312e+08 9.338812035136543209e-17
9.686545589968261719e+08 9.218171375338687629e-17
9.686545589970703125e+08 9.090183542782571831e-17
9.686545589973144531e+08 8.956198282864863138e-17
9.686545589975585938e+08 8.812375306337865286e-17
9.686545589978027344e+08 8.664693738506574887e-17
9.686545589980468750e+08 8.509503752674636441e-17
9.686545589982910156e+08 8.347061670635052739e-17
9.686545589985351562e+08 8.178321550768561792e-17
9.686545589987792969e+08 8.002574791824688291e-17
9.686545589990234375e+08 7.822867035855039276e-17
9.686545589992675781e+08 7.634115388231830286e-17
9.686545589995117188e+08 7.440409570865531008e-17
9.686545589997558594e+08 7.240875508791110750e-17
9.686545590000000000e+08 7.035669240312752570e-17
9.686545590002441406e+08 6.823608319710725165e-17
9.686545590004882812e+08 6.608472186592978211e-17
9.686545590007324219e+08 6.387617201097239314e-17
9.686545590009765625e+08 6.162860548480555753e-17
9.686545590012207031e+08 5.933143912765437093e-17
9.686545590014648438e+08 5.697237844806250982e-17
9.686545590017089844e+08 5.458963299849737290e-17
9.686545590019531250e+08 5.217078182051395654e-17
9.686545590021972656e+08 4.968481576081283521e-17
9.686545590024414062e+08 4.719551305881745633e-17
9.686545590026855469e+08 4.463091545325922991e-17
9.686545590029296875e+08 4.204892174987672303e-17
9.686545590031738281e+08 3.943824346369314190e-17
9.686545590034179688e+08 3.679998166163021973e-17
9.686545590036621094e+08 3.413978641859543289e-17
9.686545590039062500e+08 3.145156839708581706e-17
9.686545590041503906e+08 2.875176632855578093e-17
9.686545590043945312e+08 2.600282485016382760e-17
9.686545590046386719e+08 2.326686054099229628e-17
9.686545590048828125e+08 2.049760411994005659e-17
9.686545590051269531e+08 1.771942804867305380e-17
9.686545590053710938e+08 1.490914243558234757e-17
9.686545590056152344e+08 1.210528081676724065e-17
9.686545590058593750e+08 9.278126476277331834e-18
9.686545590061035156e+08 6.452406722432207788e-18
9.686545590063476562e+08 3.628129905036307130e-18
9.686545590065917969e+08 8.082044728811212201e-19
9.686545590068359375e+08 -2.010046328955247822e-18
9.686545590070800781e+08 -4.842176219398131796e-18
9.686545590073242188e+08 -7.659470381115880262e-18
9.686545590075683594e+08 -1.046431531702568364e-17
9.686545590078125000e+08 -1.326716320481410706e-17
9.686545590080566406e+08 -1.607560408560233726e-17
9.686545590083007812e+08 -1.884512265981633898e-17
9.686545590085449219e+08 -2.162867466643129194e-17
9.686545590087890625e+08 -2.439630991203515418e-17
9.686545590090332031e+08 -2.713141469916133093e-17
9.686545590092773438e+08 -2.983668029068803428e-17
9.686545590095214844e+08 -3.252527567415842385e-17
9.686545590097656250e+08 -3.519240965451259393e-17
9.686545590100097656e+08 -3.782769857699021678e-17
9.686545590102539062e+08 -4.044524592097748296e-17
9.686545590104980469e+08 -4.302098021125671301e-17
9.686545590107421875e+08 -4.556762596963173069e-17
9.686545590109863281e+08 -4.809866641376646503e-17
9.686545590112304688e+08 -5.057158851606192298e-17
9.686545590114746094e+08 -5.303223350679908917e-17
9.686545590117187500e+08 -5.544763133865875949e-17
9.686545590119628906e+08 -5.780417445542912494e-17
9.686545590122070312e+08 -6.012966839872989096e-17
9.686545590124511719e+08 -6.240418915565398197e-17
9.686545590126953125e+08 -6.463030606175045754e-17
9.686545590129394531e+08 -6.680843385585806422e-17
9.686545590131835938e+08 -6.895510307883855622e-17
9.686545590134277344e+08 -7.103154937659810607e-17
9.686545590136718750e+08 -7.305754384394090571e-17
9.686545590139160156e+08 -7.504365060947809281e-17
9.686545590141601562e+08 -7.697115738325798830e-17
9.686545590144042969e+08 -7.884638431522677613e-17
9.686545590146484375e+08 -8.065515802170221160e-17
9.686545590148925781e+08 -8.241010629539232371e-17
9.686545590151367188e+08 -8.409192375195301051e-17
9.686545590153808594e+08 -8.571534738427066876e-17
9.686545590156250000e+08 -8.727001869327644649e-17
9.686545590158691406e+08 -8.877501517929803334e-17
9.686545590161132812e+08 -9.021190304032386082e-17
9.686545590163574219e+08 -9.156656072864389093e-17
9.686545590166015625e+08 -9.286211303141964544e-17
9.686545590168457031e+08 -9.409373795048758310e-17
9.686545590170898438e+08 -9.526262717485035811e-17
9.686545590173339844e+08 -9.634428917451987109e-17
9.686545590175781250e+08 -9.737009325908595497e-17
9.686545590178222656e+08 -9.831085155077214894e-17
9.686545590180664062e+08 -9.917361360131374126e-17
9.686545590183105469e+08 -9.995271934971755580e-17
9.686545590185546875e+08 -1.006735327995343037e-16
9.686545590187988281e+08 -1.013164950960622820e-16
9.686545590190429688e+08 -1.018760675627463010e-16
9.686545590192871094e+08 -1.023555433632914991e-16
9.686545590195312500e+08 -1.027631009026609577e-16
9.686545590197753906e+08 -1.030970551264554032e-16
9.686545590200195312e+08 -1.033407276716000732e-16
9.686545590202636719e+08 -1.035319095381832905e-16
9.686545590205078125e+08 -1.036188893150315072e-16
9.686545590207519531e+08 -1.036284487576384198e-16
9.686545590209960938e+08 -1.035556567276050066e-16
9.686545590212402344e+08 -1.033875350966447693e-16
9.686545590214843750e+08 -1.031628066676045942e-16
9.686545590217285156e+08 -1.028544361722429172e-16
9.686545590219726562e+08 -1.024480418224816353e-16
9.686545590222167969e+08 -1.019767820161132704e-16
9.686545590224609375e+08 -1.014221506821446024e-16
9.686545590227050781e+08 -1.007837967468204956e-16
9.686545590229492188e+08 -1.000804666658392068e-16
9.686545590231933594e+08 -9.929131191202764453e-17
9.686545590234375000e+08 -9.842000044056861445e-17
9.686545590236816406e+08 -9.745037137123307386e-17
9.686545590239257812e+08 -9.642105342000947910e-17
9.686545590241699219e+08 -9.529704514247200682e-17
9.686545590244140625e+08 -9.410451011471225015e-17
9.686545590246582031e+08 -9.283839841447130208e-17
9.686545590249023438e+08 -9.150389814216562176e-17
9.686545590251464844e+08 -9.007573519495414647e-17
9.686545590253906250e+08 -8.858548945157159671e-17
9.686545590256347656e+08 -8.701745753433227056e-17
9.686545590258789062e+08 -8.538942065582952127e-17
9.686545590261230469e+08 -8.368924677552129717e-17
9.686545590263671875e+08 -8.190367542178548750e-17
9.686545590266113281e+08 -8.005135187419622942e-17
9.686545590268554688e+08 -7.812370388106827707e-17
9.686545590270996094e+08 -7.613819445671279645e-17
9.686545590273437500e+08 -7.408528135300390883e-17
9.686545590275878906e+08 -7.197697678221924887e-17
9.686545590278320312e+08 -6.979654920541272895e-17
9.686545590280761719e+08 -6.755780636580343277e-17
9.686545590283203125e+08 -6.526510468877333724e-17
9.686545590285644531e+08 -6.291330926775676738e-17
9.686545590288085938e+08 -6.050760145762284977e-17
9.686545590290527344e+08 -5.805557211946304863e-17
9.686545590292968750e+08 -5.553774041076496285e-17
9.686545590295410156e+08 -5.296257780066322820e-17
9.686545590297851562e+08 -5.033407304963829614e-17
9.686545590300292969e+08 -4.767309476731721485e-17
9.686545590302734375e+08 -4.496868502789821668e-17
9.686545590305175781e+08 -4.222547037162109421e-17
9.686545590307617188e+08 -3.943811882677479001e-17
9.686545590310058594e+08 -3.660572942248801841e-17
9.686545590312500000e+08 -3.374725792201088555e-17
9.686545590314941406e+08 -3.085635526700643523e-17
9.686545590317382812e+08 -2.793887560993875004e-17
9.686545590319824219e+08 -2.498601012022055066e-17
9.686545590322265625e+08 -2.200248444581130369e-17
9.686545590324707031e+08 -1.900169569060167325e-17
9.686545590327148438e+08 -1.595913947027956530e-17
9.686545590329589844e+08 -1.291979430388368774e-17
9.686545590332031250e+08 -9.854609437333690023e-18
9.686545590334472656e+08 -6.791241854295919423e-18
9.686545590336914062e+08 -3.690142174503125455e-18
9.686545590339355469e+08 -6.003070006202002348e-19
9.686545590341796875e+08 2.495375870969578535e-18
9.686545590344238281e+08 5.604997700143240225e-18
9.686545590346679688e+08 8.692204680625751846e-18
9.686545590349121094e+08 1.180673374693967634e-17
9.686545590351562500e+08 1.489960785573335762e-17
9.686545590354003906e+08 1.800321355420181794e-17
9.686545590356445312e+08 2.109780659531864812e-17
9.686545590358886719e+08 2.417380141894656192e-17
9.686545590361328125e+08 2.722308938809624965e-17
9.686545590363769531e+08 3.026367866337137007e-17
9.686545590366210938e+08 3.328951538471456622e-17
9.686545590368652344e+08 3.628669309434899841e-17
9.686545590371093750e+08 3.925791493024109340e-17
9.686545590373535156e+08 4.219256589632936932e-17
9.686545590375976562e+08 4.510103886353658371e-17
9.686545590378417969e+08 4.798380238922155571e-17
9.686545590380859375e+08 5.083379548593885302e-17
9.686545590383300781e+08 5.365883828915471203e-17
9.686545590385742188e+08 5.642894556227612070e-17
9.686545590388183594e+08 5.915416394479482798e-17
9.686545590390625000e+08 6.184609291982698898e-17
9.686545590393066406e+08 6.447273492058835903e-17
9.686545590395507812e+08 6.706698065141436599e-17
9.686545590397949219e+08 6.959454915519161950e-17
9.686545590400390625e+08 7.207968055242515477e-17
9.686545590402832031e+08 7.449738918514231106e-17
9.686545590405273438e+08 7.685409651767064544e-17
9.686545590407714844e+08 7.916736644439618848e-17
9.686545590410156250e+08 8.143087991949769441e-17
9.686545590412597656e+08 8.360382209340205296e-17
9.686545590415039062e+08 8.573687693345240805e-17
9.686545590417480469e+08 8.778944495570503518e-17
9.686545590419921875e+08 8.976127011375330743e-17
9.686545590422363281e+08 9.167721762392404628e-17
9.686545590424804688e+08 9.351269392644873227e-17
9.686545590427246094e+08 9.527568482864638773e-17
9.686545590429687500e+08 9.697220741017154383e-17
9.686545590432128906e+08 9.856592266179326323e-17
9.686545590434570312e+08 1.000964605038459639e-16
9.686545590437011719e+08 1.015569632650516998e-16
9.686545590439453125e+08 1.029399552569687632e-16
9.686545590441894531e+08 1.042423188621353036e-16
9.686545590444335938e+08 1.054549744147412317e-16
9.686545590446777344e+08 1.065872224383335889e-16
9.686545590449218750e+08 1.076235745773950436e-16
9.686545590451660156e+08 1.085872043538022261e-16
9.686545590454101562e+08 1.094615967047482896e-16
9.686545590456542969e+08 1.102496603707740956e-16
9.686545590458984375e+08 1.109453063671695254e-16
9.686545590461425781e+08 1.115531160046223396e-16
9.686545590463867188e+08 1.120786792385884270e-16
9.686545590466308594e+08 1.125177626649417786e-16
9.686545590468750000e+08 1.128798119467112591e-16
9.686545590471191406e+08 1.131478233588991537e-16
9.686545590473632812e+08 1.133238657172731386e-16
9.686545590476074219e+08 1.134160518902299438e-16
9.686545590478515625e+08 1.134032282673747889e-16
9.686545590480957031e+08 1.133214550729852332e-16
9.686545590483398438e+08 1.131387135962410603e-16
9.686545590485839844e+08 1.128769233461141953e-16
9.686545590488281250e+08 1.125190360811190088e-16
9.686545590490722656e+08 1.120634864342257974e-16
9.686545590493164062e+08 1.115430627331794688e-16
9.686545590495605469e+08 1.109368869980835414e-16
9.686545590498046875e+08 1.102542842844831139e-16
9.686545590500488281e+08 1.094778661712087411e-16
9.686545590502929688e+08 1.086183421176479255e-16
9.686545590505371094e+08 1.076730227129587136e-16
9.686545590507812500e+08 1.066409945195341822e-16
9.686545590510253906e+08 1.055481087619404991e-16
9.686545590512695312e+08 1.043604275101109591e-16
9.686545590515136719e+08 1.030919129485741828e-16
9.686545590517578125e+08 1.017463299680759053e-16
9.686545590520019531e+08 1.003222365744759196e-16
9.686545590522460938e+08 9.884646343429115015e-17
9.686545590524902344e+08 9.727511461283125063e-17
9.686545590527343750e+08 9.566097302145654105e-17
9.686545590529785156e+08 9.396308135983822134e-17
9.686545590532226562e+08 9.219672806620399950e-17
9.686545590534667969e+08 9.035990942286940558e-17
9.686545590537109375e+08 8.844455692998102293e-17
9.686545590539550781e+08 8.649153604679515820e-17
9.686545590541992188e+08 8.445594524010481588e-17
9.686545590544433594e+08 8.237314185560818100e-17
9.686545590546875000e+08 8.021582551592600183e-17
9.686545590549316406e+08 7.800862983468215205e-17
9.686545590551757812e+08 7.575720798638267537e-17
9.686545590554199219e+08 7.345160760931097343e-17
9.686545590556640625e+08 7.110548846047003660e-17
9.686545590559082031e+08 6.870382318895013248e-17
9.686545590561523438e+08 6.624404650204308440e-17
9.686545590563964844e+08 6.374454535405797786e-17
9.686545590566406250e+08 6.121366720438199867e-17
9.686545590568847656e+08 5.862383122681677523e-17
9.686545590571289062e+08 5.599998169823271507e-17
9.686545590573730469e+08 5.334877374895467848e-17
9.686545590576171875e+08 5.064827458689192524e-17
9.686545590578613281e+08 4.791951659307102094e-17
9.686545590581054688e+08 4.517212902503311404e-17
9.686545590583496094e+08 4.240179115200511030e-17
9.686545590585937500e+08 3.959973238331950724e-17
9.686545590588378906e+08 3.676969487126339480e-17
9.686545590590820312e+08 3.392664303025225642e-17
9.686545590593261719e+08 3.104683662156091577e-17
9.686545590595703125e+08 2.816023262343805720e-17
9.686545590598144531e+08 2.525762289680239955e-17
9.686545590600585938e+08 2.234756017263512236e-17
9.686545590603027344e+08 1.941762202776202964e-17
9.686545590605468750e+08 1.647159343787124136e-17
9.686545590607910156e+08 1.352401663402684405e-17
9.686545590610351562e+08 1.058590757525633989e-17
9.686545590612792969e+08 7.644286957617807324e-18
9.686545590615234375e+08 4.704556968140061793e-18
9.686545590617675781e+08 1.769752857335326738e-18
9.686545590620117188e+08 -1.175006440760569105e-18
9.686545590622558594e+08 -4.105970839715666610e-18
9.686545590625000000e+08 -7.034584353719758358e-18
9.686545590627441406e+08 -9.943350318801410397e-18
9.686545590629882812e+08 -1.285347672265948811e-17
9.686545590632324219e+08 -1.574828988171391865e-17
9.686545590634765625e+08 -1.861724789005330432e-17
9.686545590637207031e+08 -2.147743907689106789e-17
9.686545590639648438e+08 -2.430889285173854836e-17
9.686545590642089844e+08 -2.710475016582774566e-17
9.686545590644531250e+08 -2.988069782253807824e-17
9.686545590646972656e+08 -3.263754667360820191e-17
9.686545590649414062e+08 -3.537010228156166877e-17
9.686545590651855469e+08 -3.807495550539707871e-17
9.686545590654296875e+08 -4.074041918086948684e-17
9.686545590656738281e+08 -4.338709017589913952e-17
9.686545590659179688e+08 -4.597961537073149822e-17
9.686545590661621094e+08 -4.856044239635790211e-17
9.686545590664062500e+08 -5.108242611124554527e-17
9.686545590666503906e+08 -5.357427985781428735e-17
9.686545590668945312e+08 -5.600552811021944697e-17
9.686545590671386719e+08 -5.839763254662752656e-17
9.686545590673828125e+08 -6.075049513604678971e-17
9.686545590676269531e+08 -6.304390304568309003e-17
9.686545590678710938e+08 -6.531225795604897750e-17
9.686545590681152344e+08 -6.751758409982019765e-17
9.686545590683593750e+08 -6.968560308123293172e-17
9.686545590686035156e+08 -7.178451929205796110e-17
9.686545590688476562e+08 -7.383650341602228437e-17
9.686545590690917969e+08 -7.583858960910997800e-17
9.686545590693359375e+08 -7.778012815128914005e-17
9.686545590695800781e+08 -7.966334946593212982e-17
9.686545590698242188e+08 -8.147086089930515538e-17
9.686545590700683594e+08 -8.321510650819499310e-17
9.686545590703125000e+08 -8.491963041709923348e-17
9.686545590705566406e+08 -8.654864529147714637e-17
9.686545590708007812e+08 -8.812079911795668174e-17
9.686545590710449219e+08 -8.962893235320654054e-17
9.686545590712890625e+08 -9.107087217058241885e-17
9.686545590715332031e+08 -9.244297453768695579e-17
9.686545590717773438e+08 -9.374844468552580544e-17
9.686545590720214844e+08 -9.498775365605813075e-17
9.686545590722656250e+08 -9.615735790889230785e-17
9.686545590725097656e+08 -9.724910871726242310e-17
9.686545590727539062e+08 -9.826100770648866515e-17
9.686545590729980469e+08 -9.920389780981454789e-17
9.686545590732421875e+08 -1.000770500574674986e-16
9.686545590734863281e+08 -1.008740924185141720e-16
9.686545590737304688e+08 -1.016053819222010057e-16
9.686545590739746094e+08 -1.022585924168593890e-16
9.686545590742187500e+08 -1.028409563179944715e-16
9.686545590744628906e+08 -1.033331161165790931e-16
9.686545590747070312e+08 -1.037600265235114042e-16
9.686545590749511719e+08 -1.041169743563500154e-16
9.686545590751953125e+08 -1.043915328794511194e-16
9.686545590754394531e+08 -1.045761117906577533e-16
9.686545590756835938e+08 -1.046777371322917127e-16
9.686545590759277344e+08 -1.047158088362743832e-16
9.686545590761718750e+08 -1.046583014977987194e-16
9.686545590764160156e+08 -1.045383614861819898e-16
9.686545590766601562e+08 -1.043421273122594462e-16
9.686545590769042969e+08 -1.040648447926274492e-16
9.686545590771484375e+08 -1.037127045747938713e-16
9.686545590773925781e+08 -1.032723756921579140e-16
9.686545590776367188e+08 -1.027582221402950732e-16
9.686545590778808594e+08 -1.021818578473442466e-16
9.686545590781250000e+08 -1.015121422444680396e-16
9.686545590783691406e+08 -1.007599493990845335e-16
9.686545590786132812e+08 -9.992073814637501926e-17
9.686545590788574219e+08 -9.901881922701084818e-17
9.686545590791015625e+08 -9.802582362327458613e-17
9.686545590793457031e+08 -9.698092857831396973e-17
9.686545590795898438e+08 -9.584674443022900386e-17
9.686545590798339844e+08 -9.464894146171143343e-17
9.686545590800781250e+08 -9.337093487937352220e-17
9.686545590803222656e+08 -9.201881947674660650e-17
9.686545590805664062e+08 -9.060777225202941508e-17
9.686545590808105469e+08 -8.910656722274187698e-17
9.686545590810546875e+08 -8.755251125615334108e-17
9.686545590812988281e+08 -8.591232991216237127e-17
9.686545590815429688e+08 -8.419534155268525695e-17
9.686545590817871094e+08 -8.242347253344366653e-17
9.686545590820312500e+08 -8.058187201419007243e-17
9.686545590822753906e+08 -7.867885767781989732e-17
9.686545590825195312e+08 -7.672062609282924198e-17
9.686545590827636719e+08 -7.469706241974888163e-17
9.686545590830078125e+08 -7.261610424273538583e-17
9.686545590832519531e+08 -7.046533399775391204e-17
9.686545590834960938e+08 -6.827551232721434543e-17
9.686545590837402344e+08 -6.601055882793817282e-17
9.686545590839843750e+08 -6.369888367154837069e-17
9.686545590842285156e+08 -6.132437148140822264e-17
9.686545590844726562e+08 -5.888900056586295734e-17
9.686545590847167969e+08 -5.641732920233421169e-17
9.686545590849609375e+08 -5.389372589675769466e-17
9.686545590852050781e+08 -5.133169599286403643e-17
9.686545590854492188e+08 -4.873158269741754184e-17
9.686545590856933594e+08 -4.608318601747420793e-17
9.686545590859375000e+08 -4.339636552000524018e-17
9.686545590861816406e+08 -4.066660783111222154e-17
9.686545590864257812e+08 -3.790644662291155485e-17
9.686545590866699219e+08 -3.512139675455155162e-17
9.686545590869140625e+08 -3.228272123224510842e-17
9.686545590871582031e+08 -2.942049258186128843e-17
9.686545590874023438e+08 -2.651685144446705732e-17
9.686545590876464844e+08 -2.360840997893562928e-17
9.686545590878906250e+08 -2.066720623003472794e-17
9.686545590881347656e+08 -1.771810287721640222e-17
9.686545590883789062e+08 -1.474849806805414818e-17
9.686545590886230469e+08 -1.177610246864814043e-17
9.686545590888671875e+08 -8.764017309870798879e-18
9.686545590891113281e+08 -5.754003807282568856e-18
9.686545590893554688e+08 -2.739927878102888483e-18
9.686545590895996094e+08 2.779859500094748211e-19
9.686545590898437500e+08 3.312648863751754285e-18
9.686545590900878906e+08 6.359085941255117880e-18
9.686545590903320312e+08 9.392099913336332103e-18
9.686545590905761719e+08 1.241854049436220225e-17
9.686545590908203125e+08 1.544774975365483863e-17
9.686545590910644531e+08 1.845151649701359105e-17
9.686545590913085938e+08 2.144251502707569393e-17
9.686545590915527344e+08 2.442397741551336664e-17
9.686545590917968750e+08 2.739532929003183681e-17
9.686545590920410156e+08 3.034122163449498911e-17
9.686545590922851562e+08 3.325369001523931894e-17
9.686545590925292969e+08 3.616282403336519912e-17
9.686545590927734375e+08 3.904513942183114151e-17
9.686545590930175781e+08 4.189270308993700162e-17
9.686545590932617188e+08 4.472539753189889547e-17
9.686545590935058594e+08 4.751017254528656980e-17
9.686545590937500000e+08 5.025245417885929339e-17
9.686545590939941406e+08 5.296887237275931260e-17
9.686545590942382812e+08 5.561479341181935325e-17
9.686545590944824219e+08 5.824758378605349588e-17
9.686545590947265625e+08 6.082649762952632253e-17
9.686545590949707031e+08 6.335022322917208335e-17
9.686545590952148438e+08 6.583208790552074797e-17
9.686545590954589844e+08 6.825631584303879654e-17
9.686545590957031250e+08 7.063992696300273504e-17
9.686545590959472656e+08 7.297270811924800690e-17
9.686545590961914062e+08 7.524135512315966979e-17
9.686545590964355469e+08 7.745368842739769474e-17
9.686545590966796875e+08 7.959209738574758110e-17
9.686545590969238281e+08 8.166992776523582239e-17
9.686545590971679688e+08 8.367766096824412866e-17
9.686545590974121094e+08 8.561019773454426110e-17
9.686545590976562500e+08 8.749703354183178119e-17
9.686545590979003906e+08 8.929750820606252969e-17
9.686545590981445312e+08 9.102275497479481667e-17
9.686545590983886719e+08 9.269022807579015836e-17
9.686545590986328125e+08 9.428102153906118147e-17
9.686545590988769531e+08 9.580433709010221033e-17
9.686545590991210938e+08 9.724681909011576055e-17
9.686545590993652344e+08 9.859473205141666368e-17
9.686545590996093750e+08 9.988009462427476134e-17
9.686545590998535156e+08 1.010681983145436649e-16
9.686545591000976562e+08 1.021638350021139177e-16
9.686545591003417969e+08 1.032010699381130586e-16
9.686545591005859375e+08 1.041420482315248708e-16
9.686545591008300781e+08 1.050015984732802541e-16
9.686545591010742188e+08 1.057798341855827578e-16
9.686545591013183594e+08 1.064682786889503225e-16
9.686545591015625000e+08 1.070957076356473331e-16
9.686545591018066406e+08 1.076145361999270137e-16
9.686545591020507812e+08 1.080594136368753314e-16
9.686545591022949219e+08 1.084036327828889798e-16
9.686545591025390625e+08 1.086708395050722750e-16
9.686545591027832031e+08 1.088378110626275728e-16
9.686545591030273438e+08 1.089105970601420871e-16
9.686545591032714844e+08 1.089135242393461453e-16
9.686545591035156250e+08 1.088284788100139992e-16
9.686545591037597656e+08 1.086453455367631716e-16
9.686545591040039062e+08 1.083818809440769104e-16
9.686545591042480469e+08 1.080267216487616203e-16
9.686545591044921875e+08 1.076195178887220081e-16
9.686545591047363281e+08 1.070974561275061784e-16
9.686545591049804688e+08 1.064991710873360494e-16
9.686545591052246094e+08 1.058140682166727812e-16
9.686545591054687500e+08 1.050487950205618652e-16
9.686545591057128906e+08 1.041809548660817395e-16
9.686545591059570312e+08 1.032396961990154836e-16
9.686545591062011719e+08 1.022292726131032966e-16
9.686545591064453125e+08 1.011275867878374092e-16
9.686545591066894531e+08 9.994557545436143337e-17
9.686545591069335938e+08 9.868732234962042793e-17
9.686545591071777344e+08 9.736973961658781665e-17
9.686545591074218750e+08 9.597562983447971986e-17
9.686545591076660156e+08 9.450410369170647799e-17
9.686545591079101562e+08 9.296322026925538266e-17
9.686545591081542969e+08 9.133881286129465892e-17
9.686545591083984375e+08 8.965799061820258612e-17
9.686545591086425781e+08 8.788322781893718714e-17
9.686545591088867188e+08 8.605158311012868900e-17
9.686545591091308594e+08 8.416836905996968457e-17
9.686545591093750000e+08 8.220339830596761450e-17
9.686545591096191406e+08 8.019149528964141610e-17
9.686545591098632812e+08 7.811363743840926526e-17
9.686545591101074219e+08 7.597555082914671677e-17
9.686545591103515625e+08 7.381647846984678777e-17
9.686545591105957031e+08 7.157321614077967854e-17
9.686545591108398438e+08 6.928035557948764256e-17
9.686545591110839844e+08 6.693969518689737165e-17
9.686545591113281250e+08 6.454994982289166014e-17
9.686545591115722656e+08 6.209102548362307448e-17
9.686545591118164062e+08 5.960775934823220453e-17
9.686545591120605469e+08 5.707872059691363417e-17
9.686545591123046875e+08 5.450845538567204242e-17
9.686545591125488281e+08 5.190118839569671817e-17
9.686545591127929688e+08 4.926022459289858093e-17
9.686545591130371094e+08 4.659681347675883611e-17
9.686545591132812500e+08 4.389840316759728708e-17
9.686545591135253906e+08 4.117697736546253358e-17
9.686545591137695312e+08 3.840269991917221445e-17
9.686545591140136719e+08 3.562382103869949191e-17
9.686545591142578125e+08 3.280904029275785348e-17
9.686545591145019531e+08 2.995710578350205726e-17
9.686545591147460938e+08 2.710834171437498767e-17
9.686545591149902344e+08 2.423433884265316443e-17
9.686545591152343750e+08 2.135319137928872773e-17
9.686545591154785156e+08 1.844646374648106253e-17
9.686545591157226562e+08 1.554023883652070706e-17
9.686545591159667969e+08 1.264465601918632685e-17
9.686545591162109375e+08 9.718482816252692554e-18
9.686545591164550781e+08 6.801137110496072482e-18
9.686545591166992188e+08 3.884032687169852107e-18
9.686545591169433594e+08 9.525819093155516719e-19
9.686545591171875000e+08 -1.969446683088756768e-18
9.686545591174316406e+08 -4.902377216261130272e-18
9.686545591176757812e+08 -7.811624252914003078e-18
9.686545591179199219e+08 -1.071926461481125144e-17
9.686545591181640625e+08 -1.361359854187344991e-17
9.686545591184082031e+08 -1.649790455515864360e-17
9.686545591186523438e+08 -1.935767448528172055e-17
9.686545591188964844e+08 -2.219372252962972481e-17
9.686545591191406250e+08 -2.501354433306405714e-17
9.686545591193847656e+08 -2.781677334843569629e-17
9.686545591196289062e+08 -3.060064846176077704e-17
9.686545591198730469e+08 -3.334985531338734253e-17
9.686545591201171875e+08 -3.609454956363837810e-17
9.686545591203613281e+08 -3.880689932594214513e-17
9.686545591206054688e+08 -4.147855258547076163e-17
9.686545591208496094e+08 -4.413388901988011734e-17
9.686545591210937500e+08 -4.674059672774991662e-17
9.686545591213378906e+08 -4.931455481270742352e-17
9.686545591215820312e+08 -5.185194513348200307e-17
9.686545591218261719e+08 -5.433122408176748516e-17
9.686545591220703125e+08 -5.677608335378030999e-17
9.686545591223144531e+08 -5.918623587843550023e-17
9.686545591225585938e+08 -6.155747781492294332e-17
9.686545591228027344e+08 -6.387470795642208203e-17
9.686545591230468750e+08 -6.615931896974872856e-17
9.686545591232910156e+08 -6.839607905388427374e-17
9.686545591235351562e+08 -7.057802270972978092e-17
9.686545591237792969e+08 -7.270391731644782016e-17
9.686545591240234375e+08 -7.478003270356168462e-17
9.686545591242675781e+08 -7.679300424502509592e-17
9.686545591245117188e+08 -7.874758804612253821e-17
9.686545591247558594e+08 -8.064307884676249483e-17
9.686545591250000000e+08 -8.249199267152747128e-17
9.686545591252441406e+08 -8.426491968631995209e-17
9.686545591254882812e+08 -8.598698128998278062e-17
9.686545591257324219e+08 -8.765467273751053839e-17
9.686545591259765625e+08 -8.926642570450150969e-17
9.686545591262207031e+08 -9.081600572623732428e-17
9.686545591264648438e+08 -9.227989317408190215e-17
9.686545591267089844e+08 -9.369055164292067071e-17
9.686545591269531250e+08 -9.502556297239518879e-17
9.686545591271972656e+08 -9.629211800384105598e-17
9.686545591274414062e+08 -9.747739256011207310e-17
9.686545591276855469e+08 -9.860012271705778233e-17
9.686545591279296875e+08 -9.965467443882641403e-17
9.686545591281738281e+08 -1.006294073069017559e-16
9.686545591284179688e+08 -1.015435137909495874e-16
9.686545591286621094e+08 -1.023791693422986224e-16
9.686545591289062500e+08 -1.031585771910026102e-16
9.686545591291503906e+08 -1.038532054043378959e-16
9.686545591293945312e+08 -1.044596279292464770e-16
9.686545591296386719e+08 -1.050044331269878391e-16
9.686545591298828125e+08 -1.054596526841698511e-16
9.686545591301269531e+08 -1.058359045194122747e-16
9.686545591303710938e+08 -1.061392736274021827e-16
9.686545591306152344e+08 -1.063577043335779476e-16
9.686545591308593750e+08 -1.065058400113142880e-16
9.686545591311035156e+08 -1.065655864434922269e-16
9.686545591313476562e+08 -1.065516029613607726e-16
9.686545591315917969e+08 -1.064718054220756792e-16
9.686545591318359375e+08 -1.063129798748980020e-16
9.686545591320800781e+08 -1.060746004472317490e-16
9.686545591323242188e+08 -1.057424109688023491e-16
9.686545591325683594e+08 -1.053492869254867097e-16
9.686545591328125000e+08 -1.048505043112074940e-16
9.686545591330566406e+08 -1.042918394082139074e-16
9.686545591333007812e+08 -1.036359091865905230e-16
9.686545591335449219e+08 -1.029092587721188859e-16
9.686545591337890625e+08 -1.021050746127898146e-16
9.686545591340332031e+08 -1.012159870456302970e-16
9.686545591342773438e+08 -1.002519976197570108e-16
9.686545591345214844e+08 -9.921733029701256548e-17
9.686545591347656250e+08 -9.811641333503895885e-17
9.686545591350097656e+08 -9.692416151588275320e-17
9.686545591352539062e+08 -9.566261870536962209e-17
9.686545591354980469e+08 -9.432005432725916092e-17
9.686545591357421875e+08 -9.288808138036967218e-17
9.686545591359863281e+08 -9.139473642245638527e-17
9.686545591362304688e+08 -8.981858262783044221e-17
9.686545591364746094e+08 -8.816207400107613012e-17
9.686545591367187500e+08 -8.644882391984623398e-17
9.686545591369628906e+08 -8.465326749013721313e-17
9.686545591372070312e+08 -8.279935651525826540e-17
9.686545591374511719e+08 -8.087103177262881256e-17
9.686545591376953125e+08 -7.890276431587516402e-17
9.686545591379394531e+08 -7.683463934901194974e-17
9.686545591381835938e+08 -7.471682007533263197e-17
9.686545591384277344e+08 -7.252957887588978244e-17
9.686545591386718750e+08 -7.025718372382559122e-17
9.686545591389160156e+08 -6.794222048604840832e-17
9.686545591391601562e+08 -6.556410569417060261e-17
9.686545591394042969e+08 -6.311002925029947984e-17
9.686545591396484375e+08 -6.061511543746378023e-17
9.686545591398925781e+08 -5.806361481092575978e-17
9.686545591401367188e+08 -5.545519947531111581e-17
9.686545591403808594e+08 -5.280795523551294427e-17
9.686545591406250000e+08 -5.011438691999739151e-17
9.686545591408691406e+08 -4.735421909226990952e-17
9.686545591411132812e+08 -4.455922754381893740e-17
9.686545591413574219e+08 -4.170953921729034277e-17
9.686545591416015625e+08 -3.880346883492794024e-17
9.686545591418457031e+08 -3.586025092643816380e-17
9.686545591420898438e+08 -3.288526985076914667e-17
9.686545591423339844e+08 -2.986576498026329521e-17
9.686545591425781250e+08 -2.681350867441039111e-17
9.686545591428222656e+08 -2.374018743207486228e-17
9.686545591430664062e+08 -2.061847064705170758e-17
9.686545591433105469e+08 -1.749181577398504854e-17
9.686545591435546875e+08 -1.434141821196057148e-17
9.686545591437988281e+08 -1.115419435347726736e-17
9.686545591440429688e+08 -7.945742892162265729e-18
9.686545591442871094e+08 -4.713496086278445227e-18
9.686545591445312500e+08 -1.457451435959330256e-18
9.686545591447753906e+08 1.803590171145872135e-18
9.686545591450195312e+08 5.091649303245629119e-18
9.686545591452636719e+08 8.378063574956811556e-18
9.686545591455078125e+08 1.166813980334196456e-17
9.686545591457519531e+08 1.496855261914794713e-17
9.686545591459960938e+08 1.825871826449347843e-17
9.686545591462402344e+08 2.154777645063941562e-17
9.686545591464843750e+08 2.482370575200629492e-17
9.686545591467285156e+08 2.810324237100986369e-17
9.686545591469726562e+08 3.138436776651766797e-17
9.686545591472167969e+08 3.465078557896753802e-17
9.686545591474609375e+08 3.791179393034770378e-17
9.686545591477050781e+08 4.114858988403595726e-17
9.686545591479492188e+08 4.436003592831190993e-17
9.686545591481933594e+08 4.756539460045788792e-17
9.686545591484375000e+08 5.073924505917077399e-17
9.686545591486816406e+08 5.387096183961546546e-17
9.686545591489257812e+08 5.698572879646651548e-17
9.686545591491699219e+08 6.004379152051706235e-17
9.686545591494140625e+08 6.308085819677788658e-17
9.686545591496582031e+08 6.607440743179809566e-17
9.686545591499023438e+08 6.903476663392762192e-17
9.686545591501464844e+08 7.196423924032981101e-17
9.686545591503906250e+08 7.484204535516566614e-17
9.686545591506347656e+08 7.767013214979502611e-17
9.686545591508789062e+08 8.045368416664327995e-17
9.686545591511230469e+08 8.317702718629636638e-17
9.686545591513671875e+08 8.585079727250698224e-17
9.686545591516113281e+08 8.845703845235499282e-17
9.686545591518554688e+08 9.100326487606959773e-17
9.686545591520996094e+08 9.348241263830706479e-17
9.686545591523437500e+08 9.588793369085660160e-17
9.686545591525878906e+08 9.823971072346352052e-17
9.686545591528320312e+08 1.005160666469060807e-16
9.686545591530761719e+08 1.027567447726106953e-16
9.686545591533203125e+08 1.048884515174534881e-16
9.686545591535644531e+08 1.069663645128478763e-16
9.686545591538085938e+08 1.089662660634744606e-16
9.686545591540527344e+08 1.108734205143233479e-16
9.686545591542968750e+08 1.127120126122329359e-16
9.686545591545410156e+08 1.144519901045424382e-16
9.686545591547851562e+08 1.161204099054789098e-16
9.686545591550292969e+08 1.176836068129526757e-16
9.686545591552734375e+08 1.191629693156362008e-16
9.686545591555175781e+08 1.205610941202829085e-16
9.686545591557617188e+08 1.218852337325572400e-16
9.686545591560058594e+08 1.231118381597395924e-16
9.686545591562500000e+08 1.242490488006713671e-16
9.686545591564941406e+08 1.252938421878658925e-16
9.686545591567382812e+08 1.262408753513081567e-16
9.686545591569824219e+08 1.270906704402018761e-16
9.686545591572265625e+08 1.278532360136031431e-16
9.686545591574707031e+08 1.285024509372678481e-16
9.686545591577148438e+08 1.290535429100015806e-16
9.686545591579589844e+08 1.295082954979212819e-16
9.686545591582031250e+08 1.298544791228290863e-16
9.686545591584472656e+08 1.301154399536414942e-16
9.686545591586914062e+08 1.302859469168228986e-16
9.686545591589355469e+08 1.303592137831780162e-16
9.686545591591796875e+08 1.303308977792120427e-16
9.686545591594238281e+08 1.301876578211954698e-16
9.686545591596679688e+08 1.299659430451379509e-16
9.686545591599121094e+08 1.296280449095526402e-16
9.686545591601562500e+08 1.291923077617094505e-16
9.686545591604003906e+08 1.286598154336106720e-16
9.686545591606445312e+08 1.280237378758466402e-16
9.686545591608886719e+08 1.272723597437197397e-16
9.686545591611328125e+08 1.264449010643313995e-16
9.686545591613769531e+08 1.254991107540311980e-16
9.686545591616210938e+08 1.244913592433512725e-16
9.686545591618652344e+08 1.233777641029845176e-16
9.686545591621093750e+08 1.221735606083436172e-16
9.686545591623535156e+08 1.208660913331666406e-16
9.686545591625976562e+08 1.194671501662665289e-16
9.686545591628417969e+08 1.179765293206657062e-16
9.686545591630859375e+08 1.163899980643711626e-16
9.686545591633300781e+08 1.147249519858483573e-16
9.686545591635742188e+08 1.129490927453198726e-16
9.686545591638183594e+08 1.110892375624882221e-16
9.686545591640625000e+08 1.091464534052134823e-16
9.686545591643066406e+08 1.071305643885543800e-16
9.686545591645507812e+08 1.050293756835391410e-16
9.686545591647949219e+08 1.028577196813885224e-16
9.686545591650390625e+08 1.006058209565868692e-16
9.686545591652832031e+08 9.826895022971835067e-17
9.686545591655273438e+08 9.586299677742508858e-17
9.686545591657714844e+08 9.337711861056719748e-17
9.686545591660156250e+08 9.082936283604548160e-17
9.686545591662597656e+08 8.818107427662241517e-17
9.686545591665039062e+08 8.548744215926008791e-17
9.686545591667480469e+08 8.271325343544767771e-17
9.686545591669921875e+08 7.987817101038571844e-17
9.686545591672363281e+08 7.698934397051599775e-17
9.686545591674804688e+08 7.406634356180920061e-17
9.686545591677246094e+08 7.107540266002307508e-17
9.686545591679687500e+08 6.802024174295968488e-17
9.686545591682128906e+08 6.491297569431573882e-17
9.686545591684570312e+08 6.176816536189467436e-17
9.686545591687011719e+08 5.856962063632235041e-17
9.686545591689453125e+08 5.532018186995694427e-17
9.686545591691894531e+08 5.202567954452326832e-17
9.686545591694335938e+08 4.868256947015383473e-17
9.686545591696777344e+08 4.532158636453500468e-17
9.686545591699218750e+08 4.189240268756720489e-17
9.686545591701660156e+08 3.847361416799048822e-17
9.686545591704101562e+08 3.502185048519243712e-17
9.686545591706542969e+08 3.153742658622261711e-17
9.686545591708984375e+08 2.802675622691368476e-17
9.686545591711425781e+08 2.449481838191495606e-17
9.686545591713867188e+08 2.094834279269327083e-17
9.686545591716308594e+08 1.737221010052356103e-17
9.686545591718750000e+08 1.378772777005446445e-17
9.686545591721191406e+08 1.018465541474969436e-17
9.686545591723632812e+08 6.571177193849914674e-18
9.686545591726074219e+08 2.955208109778696142e-18
9.686545591728515625e+08 -6.667261420660882095e-19
9.686545591730957031e+08 -4.285919501797227141e-18
9.686545591733398438e+08 -7.887892611830958048e-18
9.686545591735839844e+08 -1.148973301347154935e-17
9.686545591738281250e+08 -1.508279724482538655e-17
9.686545591740722656e+08 -1.867971995138576602e-17
9.686545591743164062e+08 -2.225917381952508904e-17
9.686545591745605469e+08 -2.581471334566228264e-17
9.686545591748046875e+08 -2.937113833762226076e-17
9.686545591750488281e+08 -3.290359876786815071e-17
9.686545591752929688e+08 -3.641425423282207775e-17
9.686545591755371094e+08 -3.992216521847592926e-17
9.686545591757812500e+08 -4.337538169505151654e-17
9.686545591760253906e+08 -4.679989484003299629e-17
9.686545591762695312e+08 -5.017844011281110920e-17
9.686545591765136719e+08 -5.353946628155258803e-17
9.686545591767578125e+08 -5.686520113946153256e-17
9.686545591770019531e+08 -6.014297271562734762e-17
9.686545591772460938e+08 -6.338124545507793515e-17
9.686545591774902344e+08 -6.657977478804726710e-17
9.686545591777343750e+08 -6.974170439011611721e-17
9.686545591779785156e+08 -7.285434456690254124e-17
9.686545591782226562e+08 -7.591843372423227272e-17
9.686545591784667969e+08 -7.894911254393534241e-17
9.686545591787109375e+08 -8.189913539673815923e-17
9.686545591789550781e+08 -8.478734590678940123e-17
9.686545591791992188e+08 -8.761541031107941669e-17
9.686545591794433594e+08 -9.038219881504921130e-17
9.686545591796875000e+08 -9.309617711857677618e-17
9.686545591799316406e+08 -9.574511009110524586e-17
9.686545591801757812e+08 -9.833071959905611360e-17
9.686545591804199219e+08 -1.008498292649519888e-16
9.686545591806640625e+08 -1.033002464180169103e-16
9.686545591809082031e+08 -1.056826831212029744e-16
9.686545591811523438e+08 -1.080120173063273735e-16
9.686545591813964844e+08 -1.102506301641492481e-16
9.686545591816406250e+08 -1.124113400989298300e-16
9.686545591818847656e+08 -1.144831174154795388e-16
9.686545591821289062e+08 -1.164681368590084459e-16
9.686545591823730469e+08 -1.183883808136986668e-16
9.686545591826171875e+08 -1.202270853380581225e-16
9.686545591828613281e+08 -1.219804553888749283e-16
9.686545591831054688e+08 -1.236493759262845294e-16
9.686545591833496094e+08 -1.252475231822062860e-16
9.686545591835937500e+08 -1.267461366153517273e-16
9.686545591838378906e+08 -1.281639452240642311e-16
9.686545591840820312e+08 -1.295147019466639700e-16
9.686545591843261719e+08 -1.307521272005477261e-16
9.686545591845703125e+08 -1.319002414576220662e-16
9.686545591848144531e+08 -1.329368469731843621e-16
9.686545591850585938e+08 -1.338895722416394208e-16
9.686545591853027344e+08 -1.347484614649269054e-16
9.686545591855468750e+08 -1.355244360983970033e-16
9.686545591857910156e+08 -1.362026959447775448e-16
9.686545591860351562e+08 -1.367722421451716639e-16
9.686545591862792969e+08 -1.372740763018581045e-16
9.686545591865234375e+08 -1.376592760036739517e-16
9.686545591867675781e+08 -1.379609999747492476e-16
9.686545591870117188e+08 -1.381674757089561940e-16
9.686545591872558594e+08 -1.382774854938871857e-16
9.686545591875000000e+08 -1.382729831483528534e-16
9.686545591877441406e+08 -1.381587326808845159e-16
9.686545591879882812e+08 -1.379490601924886921e-16
9.686545591882324219e+08 -1.376548612920202200e-16
9.686545591884765625e+08 -1.372542044528671722e-16
9.686545591887207031e+08 -1.367603537246312076e-16
9.686545591889648438e+08 -1.361642021761985179e-16
9.686545591892089844e+08 -1.354671962719861671e-16
9.686545591894531250e+08 -1.346880069554764483e-16
9.686545591896972656e+08 -1.337951999792143053e-16
9.686545591899414062e+08 -1.328285490881553549e-16
9.686545591901855469e+08 -1.317517268531712384e-16
9.686545591904296875e+08 -1.305604308009341669e-16
9.686545591906738281e+08 -1.292694498858533344e-16
9.686545591909179688e+08 -1.278826395581171848e-16
9.686545591911621094e+08 -1.264105489595599547e-16
9.686545591914062500e+08 -1.248373501636275081e-16
9.686545591916503906e+08 -1.231617076776170882e-16
9.686545591918945312e+08 -1.214219010231075668e-16
9.686545591921386719e+08 -1.195677177916536160e-16
9.686545591923828125e+08 -1.176326141787539367e-16
9.686545591926269531e+08 -1.156144916632803323e-16
9.686545591928710938e+08 -1.135074359211639850e-16
9.686545591931152344e+08 -1.113083645103704067e-16
9.686545591933593750e+08 -1.090021841896227876e-16
9.686545591936035156e+08 -1.066118684804030677e-16
9.686545591938476562e+08 -1.041353598255224313e-16
9.686545591940917969e+08 -1.015772062343283054e-16
9.686545591943359375e+08 -9.894822702954009152e-17
9.686545591945800781e+08 -9.624001427512375977e-17
9.686545591948242188e+08 -9.344090154240180237e-17
9.686545591950683594e+08 -9.057832463003058625e-17
9.686545591953125000e+08 -8.764612594908522280e-17
9.686545591955566406e+08 -8.463711369969566659e-17
9.686545591958007812e+08 -8.156954470385293403e-17
9.686545591960449219e+08 -7.841279999381068596e-17
9.686545591962890625e+08 -7.517721928848804393e-17
9.686545591965332031e+08 -7.187438785675308390e-17
9.686545591967773438e+08 -6.851196709220286016e-17
9.686545591970214844e+08 -6.509849112258780955e-17
9.686545591972656250e+08 -6.162898206130802964e-17
9.686545591975097656e+08 -5.809086361117112098e-17
9.686545591977539062e+08 -5.451148023337463389e-17
9.686545591979980469e+08 -5.088321315262316764e-17
9.686545591982421875e+08 -4.719978332779899693e-17
9.686545591984863281e+08 -4.347571552423849533e-17
9.686545591987304688e+08 -3.972943389979337447e-17
9.686545591989746094e+08 -3.590232494104344692e-17
9.686545591992187500e+08 -3.204016115201163111e-17
9.686545591994628906e+08 -2.812929583036273991e-17
9.686545591997070312e+08 -2.420428750532173796e-17
9.686545591999511719e+08 -2.025464004324869110e-17
9.686545592001953125e+08 -1.626133792379823812e-17
9.686545592004394531e+08 -1.226592424294085476e-17
9.686545592006835938e+08 -8.223844184407828578e-18
9.686545592009277344e+08 -4.192822067671052046e-18
9.686545592011718750e+08 -1.323632139085942351e-19
9.686545592014160156e+08 3.942032053457804886e-18
9.686545592016601562e+08 8.001951755119463379e-18
9.686545592019042969e+08 1.210739366072989183e-17
9.686545592021484375e+08 1.621317579664437777e-17
9.686545592023925781e+08 2.031492294057568346e-17
9.686545592026367188e+08 2.441735280913284275e-17
9.686545592028808594e+08 2.850210760863144420e-17
9.686545592031250000e+08 3.258223645717165113e-17
9.686545592033691406e+08 3.664961236218422832e-17
9.686545592036132812e+08 4.070148398457170221e-17
9.686545592038574219e+08 4.473021549685350231e-17
9.686545592041015625e+08 4.872479428189894335e-17
9.686545592043457031e+08 5.270101139973002889e-17
9.686545592045898438e+08 5.664233447260363298e-17
9.686545592048339844e+08 6.057381151794375083e-17
9.686545592050781250e+08 6.447561772163324686e-17
9.686545592053222656e+08 6.834056575774378293e-17
9.686545592055664062e+08 7.214750397124763192e-17
9.686545592058105469e+08 7.591079043653376183e-17
9.686545592060546875e+08 7.964154598587178330e-17
9.686545592062988281e+08 8.330493194935701051e-17
9.686545592065429688e+08 8.691293966015374666e-17
9.686545592067871094e+08 9.047382608960965886e-17
9.686545592070312500e+08 9.396619442568997951e-17
9.686545592072753906e+08 9.738361494756740508e-17
9.686545592075195312e+08 1.007453972213856317e-16
9.686545592077636719e+08 1.040647170324212095e-16
9.686545592080078125e+08 1.073020246151868400e-16
9.686545592082519531e+08 1.104706569409276977e-16
9.686545592084960938e+08 1.135623563504793435e-16
9.686545592087402344e+08 1.165627006296718775e-16
9.686545592089843750e+08 1.194839957891201116e-16
9.686545592092285156e+08 1.223277165478297754e-16
9.686545592094726562e+08 1.250745042419956173e-16
9.686545592097167969e+08 1.277299448232055642e-16
9.686545592099609375e+08 1.302905458877113332e-16
9.686545592102050781e+08 1.327554936155725891e-16
9.686545592104492188e+08 1.351338032586025867e-16
9.686545592106933594e+08 1.374220620542821707e-16
9.686545592109375000e+08 1.396239631916712846e-16
9.686545592111816406e+08 1.417109424323020201e-16
9.686545592114257812e+08 1.436951947333854015e-16
9.686545592116699219e+08 1.455700412943740021e-16
9.686545592119140625e+08 1.473398893661294210e-16
9.686545592121582031e+08 1.489956657879308351e-16
9.686545592124023438e+08 1.505436224641206490e-16
9.686545592126464844e+08 1.519735535918164117e-16
9.686545592128906250e+08 1.532867200911486088e-16
9.686545592131347656e+08 1.544832835466766465e-16
9.686545592133789062e+08 1.555785412625102711e-16
9.686545592136230469e+08 1.565760816109403862e-16
9.686545592138671875e+08 1.574440013135967532e-16
9.686545592141113281e+08 1.582044775327941503e-16
9.686545592143554688e+08 1.588290200785892700e-16
9.686545592145996094e+08 1.593297304135940700e-16
9.686545592148437500e+08 1.597266016576958683e-16
9.686545592150878906e+08 1.599859364657672423e-16
9.686545592153320312e+08 1.601333273314331629e-16
9.686545592155761719e+08 1.601551329642004537e-16
9.686545592158203125e+08 1.600543003476587143e-16
9.686545592160644531e+08 1.598128211119460011e-16
9.686545592163085938e+08 1.594854219530667501e-16
9.686545592165527344e+08 1.590401772565964099e-16
9.686545592167968750e+08 1.584809882227065202e-16
9.686545592170410156e+08 1.577929711383355592e-16
9.686545592172851562e+08 1.569722061777769362e-16
9.686545592175292969e+08 1.560500548284344692e-16
9.686545592177734375e+08 1.549946347181110412e-16
9.686545592180175781e+08 1.538240680534289526e-16
9.686545592182617188e+08 1.525436275504562311e-16
9.686545592185058594e+08 1.511458758288698388e-16
9.686545592187500000e+08 1.496149832505989027e-16
9.686545592189941406e+08 1.479759074841586009e-16
9.686545592192382812e+08 1.462529530962922875e-16
9.686545592194824219e+08 1.444227401495675470e-16
9.686545592197265625e+08 1.424781730773509361e-16
9.686545592199707031e+08 1.404345133590665895e-16
9.686545592202148438e+08 1.382652112768708466e-16
9.686545592204589844e+08 1.359920036193168844e-16
9.686545592207031250e+08 1.336345505454316268e-16
9.686545592209472656e+08 1.311539455465687379e-16
9.686545592211914062e+08 1.285877940811956463e-16
9.686545592214355469e+08 1.259315086317865622e-16
9.686545592216796875e+08 1.231549180628491660e-16
9.686545592219238281e+08 1.202932629714609525e-16
9.686545592221679688e+08 1.173817892842933905e-16
9.686545592224121094e+08 1.143655163987862086e-16
9.686545592226562500e+08 1.112787884173469724e-16
9.686545592229003906e+08 1.080972755662852123e-16
9.686545592231445312e+08 1.048307526726123873e-16
9.686545592233886719e+08 1.014941868048865570e-16
9.686545592236328125e+08 9.808235103883723606e-17
9.686545592238769531e+08 9.459129263843925991e-17
9.686545592241210938e+08 9.103710082598058327e-17
9.686545592243652344e+08 8.741075111696027209e-17
9.686545592246093750e+08 8.372417068273463041e-17
9.686545592248535156e+08 7.996695094347850811e-17
9.686545592250976562e+08 7.619093720502751843e-17
9.686545592253417969e+08 7.234802687044152289e-17
9.686545592255859375e+08 6.846309881509100018e-17
9.686545592258300781e+08 6.451679317647918591e-17
9.686545592260742188e+08 6.052356333494090336e-17
9.686545592263183594e+08 5.649636556907330640e-17
9.686545592265625000e+08 5.241956981735784526e-17
9.686545592268066406e+08 4.830624179346341204e-17
9.686545592270507812e+08 4.416896231052707400e-17
9.686545592272949219e+08 4.000274743005317772e-17
9.686545592275390625e+08 3.578425029906151222e-17
9.686545592277832031e+08 3.156487326892661145e-17
9.686545592280273438e+08 2.734985259744769377e-17
9.686545592282714844e+08 2.310232485035365564e-17
9.686545592285156250e+08 1.885118716562440280e-17
9.686545592287597656e+08 1.457929342886614729e-17
9.686545592290039062e+08 1.029750545831980733e-17
9.686545592292480469e+08 6.023708686968716874e-18
9.686545592294921875e+08 1.734000711426757663e-18
9.686545592297363281e+08 -2.555877426950111822e-18
9.686545592299804688e+08 -6.821455091503433710e-18
9.686545592302246094e+08 -1.110656786727605486e-17
9.686545592304687500e+08 -1.536356569663595698e-17
9.686545592307128906e+08 -1.960143073097119388e-17
9.686545592309570312e+08 -2.382190699205517767e-17
9.686545592312011719e+08 -2.799888572579950866e-17
9.686545592314453125e+08 -3.216326281433116751e-17
9.686545592316894531e+08 -3.631350094306656309e-17
9.686545592319335938e+08 -4.042775686464283100e-17
9.686545592321777344e+08 -4.450832439770064441e-17
9.686545592324218750e+08 -4.855960970607785598e-17
9.686545592326660156e+08 -5.257073755593900157e-17
9.686545592329101562e+08 -5.653585621083047677e-17
9.686545592331542969e+08 -6.047719798112366318e-17
9.686545592333984375e+08 -6.435621159702896324e-17
9.686545592336425781e+08 -6.818359136765875175e-17
9.686545592338867188e+08 -7.194471403704742091e-17
9.686545592341308594e+08 -7.565409673810335496e-17
9.686545592343750000e+08 -7.930133806940120168e-17
9.686545592346191406e+08 -8.290474252511962157e-17
9.686545592348632812e+08 -8.643577789494389149e-17
9.686545592351074219e+08 -8.990635001233715055e-17
9.686545592353515625e+08 -9.331482332654735557e-17
9.686545592355957031e+08 -9.665364509620615998e-17
9.686545592358398438e+08 -9.992001897076718744e-17
9.686545592360839844e+08 -1.031189527952661537e-16
9.686545592363281250e+08 -1.062373716656375548e-16
9.686545592365722656e+08 -1.092689619332074954e-16
9.686545592368164062e+08 -1.122054818695191700e-16
9.686545592370605469e+08 -1.150720567847627815e-16
9.686545592373046875e+08 -1.178535551595862485e-16
9.686545592375488281e+08 -1.205430662276822104e-16
9.686545592377929688e+08 -1.231571825153786244e-16
9.686545592380371094e+08 -1.256762227381514795e-16
9.686545592382812500e+08 -1.281115415083855654e-16
9.686545592385253906e+08 -1.304506947796808894e-16
9.686545592387695312e+08 -1.327040038433057142e-16
9.686545592390136719e+08 -1.348601783578909715e-16
9.686545592392578125e+08 -1.369115569474332387e-16
9.686545592395019531e+08 -1.388522878895486711e-16
9.686545592397460938e+08 -1.406876409405107913e-16
9.686545592399902344e+08 -1.424210283277786848e-16
9.686545592402343750e+08 -1.440600130199825868e-16
9.686545592404785156e+08 -1.455981904515916045e-16
9.686545592407226562e+08 -1.470245367938195493e-16
9.686545592409667969e+08 -1.483608225996836033e-16
9.686545592412109375e+08 -1.495819916496086523e-16
9.686545592414550781e+08 -1.506979217199619051e-16
9.686545592416992188e+08 -1.517003185386043793e-16
9.686545592419433594e+08 -1.526040160375382828e-16
9.686545592421875000e+08 -1.533895153572192943e-16
9.686545592424316406e+08 -1.540566963972133626e-16
9.686545592426757812e+08 -1.545993719124345584e-16
9.686545592429199219e+08 -1.550383267102458146e-16
9.686545592431640625e+08 -1.553686271561447501e-16
9.686545592434082031e+08 -1.555838031818249656e-16
9.686545592436523438e+08 -1.557003416287014127e-16
9.686545592438964844e+08 -1.556983585620745431e-16
9.686545592441406250e+08 -1.555828092774148914e-16
9.686545592443847656e+08 -1.553495486299426252e-16
9.686545592446289062e+08 -1.550112490307594422e-16
9.686545592448730469e+08 -1.545640825774927113e-16
9.686545592451171875e+08 -1.539912804916015549e-16
9.686545592453613281e+08 -1.532926581641018252e-16
9.686545592456054688e+08 -1.524954699222935673e-16
9.686545592458496094e+08 -1.515649962719843004e-16
9.686545592460937500e+08 -1.505379662802703906e-16
9.686545592463378906e+08 -1.494093662113840624e-16
9.686545592465820312e+08 -1.481620366860053735e-16
9.686545592468261719e+08 -1.468018933135426556e-16
9.686545592470703125e+08 -1.453444647132256375e-16
9.686545592473144531e+08 -1.437708027201692008e-16
9.686545592475585938e+08 -1.420926254831504124e-16
9.686545592478027344e+08 -1.403244481453370739e-16
9.686545592480468750e+08 -1.384125410964175587e-16
9.686545592482910156e+08 -1.364194237263153252e-16
9.686545592485351562e+08 -1.343058174329169656e-16
9.686545592487792969e+08 -1.320882708835400735e-16
9.686545592490234375e+08 -1.297855136138915703e-16
9.686545592492675781e+08 -1.273674972824545895e-16
9.686545592495117188e+08 -1.248844557304562879e-16
9.686545592497558594e+08 -1.222673633004113518e-16
9.686545592500000000e+08 -1.195924233199716263e-16
9.686545592502441406e+08 -1.168058290748679392e-16
9.686545592504882812e+08 -1.139373157675813565e-16
9.686545592507324219e+08 -1.109727077068823591e-16
9.686545592509765625e+08 -1.079191083421709413e-16
9.686545592512207031e+08 -1.047731557929529471e-16
9.686545592514648438e+08 -1.015346986409709423e-16
9.686545592517089844e+08 -9.821593781828534637e-17
9.686545592519531250e+08 -9.483642623218447019e-17
9.686545592521972656e+08 -9.136503379495089717e-17
9.686545592524414062e+08 -8.783417481639923304e-17
9.686545592526855469e+08 -8.422695048519330938e-17
9.686545592529296875e+08 -8.056095020857932042e-17
9.686545592531738281e+08 -7.681628405001191266e-17
9.686545592534179688e+08 -7.301249501132162972e-17
9.686545592536621094e+08 -6.915726488979302347e-17
9.686545592539062500e+08 -6.521174883953426744e-17
9.686545592541503906e+08 -6.121868177773960350e-17
9.686545592543945312e+08 -5.717211837978931587e-17
9.686545592546386719e+08 -5.307383675082826278e-17
9.686545592548828125e+08 -4.892628482131460888e-17
9.686545592551269531e+08 -4.474526103037233819e-17
9.686545592553710938e+08 -4.053278505622990069e-17
9.686545592556152344e+08 -3.626802876635484238e-17
9.686545592558593750e+08 -3.197042567900098231e-17
9.686545592561035156e+08 -2.765323669320020319e-17
9.686545592563476562e+08 -2.329424829504396115e-17
9.686545592565917969e+08 -1.890808655450975236e-17
9.686545592568359375e+08 -1.450072816770718504e-17
9.686545592570800781e+08 -1.006072276237559750e-17
9.686545592573242188e+08 -5.610073398920824520e-18
9.686545592575683594e+08 -1.142046783948376055e-18
9.686545592578125000e+08 3.326709293794388818e-18
9.686545592580566406e+08 7.789841653917956603e-18
9.686545592583007812e+08 1.225807515649649836e-17
9.686545592585449219e+08 1.672762963883286997e-17
9.686545592587890625e+08 2.119225688072419597e-17
9.686545592590332031e+08 2.565023704385156796e-17
9.686545592592773438e+08 3.007761058949161317e-17
9.686545592595214844e+08 3.452371618357402375e-17
9.686545592597656250e+08 3.892996951356756974e-17
9.686545592600097656e+08 4.333189442501033397e-17
9.686545592602539062e+08 4.770196933773292915e-17
9.686545592604980469e+08 5.204422206206948427e-17
9.686545592607421875e+08 5.634337229803181639e-17
9.686545592609863281e+08 6.060785384598326240e-17
9.686545592612304688e+08 6.483720387472811171e-17
9.686545592614746094e+08 6.901030256224606169e-17
9.686545592617187500e+08 7.313931754194058221e-17
9.686545592619628906e+08 7.722439271145140315e-17
9.686545592622070312e+08 8.124566987744373283e-17
9.686545592624511719e+08 8.522120306000539272e-17
9.686545592626953125e+08 8.914939075911889219e-17
9.686545592629394531e+08 9.300827072860202461e-17
9.686545592631835938e+08 9.678923861610825816e-17
9.686545592634277344e+08 1.005178330682906878e-16
9.686545592636718750e+08 1.041669114113179639e-16
9.686545592639160156e+08 1.077305573799413365e-16
9.686545592641601562e+08 1.112100533715131183e-16
9.686545592644042969e+08 1.146156687351391845e-16
9.686545592646484375e+08 1.179357790156693169e-16
9.686545592648925781e+08 1.211525575046070112e-16
9.686545592651367188e+08 1.242869738245718563e-16
9.686545592653808594e+08 1.273471002721112762e-16
9.686545592656250000e+08 1.303081685019012492e-16
9.686545592658691406e+08 1.331567160840632347e-16
9.686545592661132812e+08 1.359333575745156374e-16
9.686545592663574219e+08 1.385903351619665926e-16
9.686545592666015625e+08 1.411294922172800715e-16
9.686545592668457031e+08 1.435629272239902159e-16
9.686545592670898438e+08 1.458985675063056372e-16
9.686545592673339844e+08 1.480997111147257703e-16
9.686545592675781250e+08 1.502013848277817072e-16
9.686545592678222656e+08 1.521919143651967904e-16
9.686545592680664062e+08 1.540518301103448521e-16
9.686545592683105469e+08 1.558083773061404724e-16
9.686545592685546875e+08 1.574451761510872262e-16
9.686545592687988281e+08 1.589737612763705461e-16
9.686545592690429688e+08 1.603649873220182586e-16
9.686545592692871094e+08 1.616231705642331791e-16
9.686545592695312500e+08 1.627800191918278545e-16
9.686545592697753906e+08 1.637752195378937064e-16
9.686545592700195312e+08 1.646646093673199518e-16
9.686545592702636719e+08 1.654131022201289322e-16
9.686545592705078125e+08 1.660344815409460173e-16
9.686545592707519531e+08 1.665340925723705373e-16
9.686545592709960938e+08 1.669053017854028471e-16
9.686545592712402344e+08 1.671487509885529503e-16
9.686545592714843750e+08 1.672656963386130070e-16
9.686545592717285156e+08 1.672628289579112570e-16
9.686545592719726562e+08 1.671157291317914186e-16
9.686545592722167969e+08 1.668413779256183779e-16
9.686545592724609375e+08 1.664449307472892900e-16
9.686545592727050781e+08 1.659051757780173948e-16
9.686545592729492188e+08 1.652405692126670887e-16
9.686545592731933594e+08 1.644373112256089205e-16
9.686545592734375000e+08 1.635219522838328944e-16
9.686545592736816406e+08 1.624741025047156195e-16
9.686545592739257812e+08 1.613003668467782408e-16
9.686545592741699219e+08 1.600289415615849237e-16
9.686545592744140625e+08 1.586172337782921088e-16
9.686545592746582031e+08 1.570865017259937580e-16
9.686545592749023438e+08 1.554391278453153581e-16
9.686545592751464844e+08 1.536787564487157054e-16
9.686545592753906250e+08 1.517781556900745510e-16
9.686545592756347656e+08 1.497803543048774151e-16
9.686545592758789062e+08 1.476612164868551862e-16
9.686545592761230469e+08 1.454216431847389122e-16
9.686545592763671875e+08 1.430791474752198629e-16
9.686545592766113281e+08 1.406386978737442186e-16
9.686545592768554688e+08 1.380910769464184324e-16
9.686545592770996094e+08 1.354379668386098061e-16
9.686545592773437500e+08 1.326959856935028565e-16
9.686545592775878906e+08 1.298545346269604000e-16
9.686545592778320312e+08 1.269240709752089379e-16
9.686545592780761719e+08 1.238847511698412411e-16
9.686545592783203125e+08 1.207681256661858662e-16
9.686545592785644531e+08 1.175517732025994913e-16
9.686545592788085938e+08 1.142423516931314750e-16
9.686545592790527344e+08 1.108654369289348127e-16
9.686545592792968750e+08 1.074038533434636398e-16
9.686545592795410156e+08 1.038631903026688264e-16
9.686545592797851562e+08 1.002743013135308908e-16
9.686545592800292969e+08 9.659796667440415029e-17
9.686545592802734375e+08 9.286732887958097305e-17
9.686545592805175781e+08 8.908016899866372788e-17
9.686545592807617188e+08 8.522369734694814787e-17
9.686545592810058594e+08 8.130725970704278078e-17
9.686545592812500000e+08 7.733388020088362218e-17
9.686545592814941406e+08 7.331816469335217579e-17
9.686545592817382812e+08 6.924797684832605940e-17
9.686545592819824219e+08 6.512163184643066340e-17
9.686545592822265625e+08 6.097187181633342860e-17
9.686545592824707031e+08 5.679070843542937816e-17
9.686545592827148438e+08 5.257113124922622876e-17
9.686545592829589844e+08 4.833936082810111900e-17
9.686545592832031250e+08 4.406393178903521619e-17
9.686545592834472656e+08 3.978291493877133593e-17
9.686545592836914062e+08 3.547011949267064963e-17
9.686545592839355469e+08 3.115091278458481990e-17
9.686545592841796875e+08 2.680358263651102813e-17
9.686545592844238281e+08 2.245113696289276372e-17
9.686545592846679688e+08 1.810254342350357265e-17
9.686545592849121094e+08 1.372959030231168570e-17
9.686545592851562500e+08 9.387177223551288382e-18
9.686545592854003906e+08 5.030126800187358088e-18
9.686545592856445312e+08 7.012598258396115707e-19
9.686545592858886719e+08 -3.624446974691521696e-18
9.686545592861328125e+08 -7.924717496383626480e-18
9.686545592863769531e+08 -1.221582922795051273e-17
9.686545592866210938e+08 -1.647317508346507773e-17
9.686545592868652344e+08 -2.071503740154840000e-17
9.686545592871093750e+08 -2.494842119390565844e-17
9.686545592873535156e+08 -2.911488468983159115e-17
9.686545592875976562e+08 -3.328675404058438376e-17
9.686545592878417969e+08 -3.740254008482934397e-17
9.686545592880859375e+08 -4.148083028716534025e-17
9.686545592883300781e+08 -4.550433429646605787e-17
9.686545592885742188e+08 -4.947944423650213764e-17
9.686545592888183594e+08 -5.341342039692848760e-17
9.686545592890625000e+08 -5.728479852453832929e-17
9.686545592893066406e+08 -6.110421592667325592e-17
9.686545592895507812e+08 -6.486802251426367066e-17
9.686545592897949219e+08 -6.856733592396109767e-17
9.686545592900390625e+08 -7.221926425823367400e-17
9.686545592902832031e+08 -7.580341248037909020e-17
9.686545592905273438e+08 -7.931034361748005838e-17
9.686545592907714844e+08 -8.276363552763496503e-17
9.686545592910156250e+08 -8.613876923062975733e-17
9.686545592912597656e+08 -8.942059430039840831e-17
9.686545592915039062e+08 -9.263347585187397192e-17
9.686545592917480469e+08 -9.576105924166617127e-17
9.686545592919921875e+08 -9.881191940130451445e-17
9.686545592922363281e+08 -1.017758792302045331e-16
9.686545592924804688e+08 -1.046542707260061987e-16
9.686545592927246094e+08 -1.074574679029778219e-16
9.686545592929687500e+08 -1.101652030905128494e-16
9.686545592932128906e+08 -1.127898582797446616e-16
9.686545592934570312e+08 -1.153242339374518107e-16
9.686545592937011719e+08 -1.177637534737975159e-16
9.686545592939453125e+08 -1.200989318145471869e-16
9.686545592941894531e+08 -1.223327343724412888e-16
9.686545592944335938e+08 -1.244708152017000784e-16
9.686545592946777344e+08 -1.265088970301910382e-16
9.686545592949218750e+08 -1.284486992107604505e-16
9.686545592951660156e+08 -1.302772273275023497e-16
9.686545592954101562e+08 -1.319999762041869814e-16
9.686545592956542969e+08 -1.336362407062408646e-16
9.686545592958984375e+08 -1.351763442951763750e-16
9.686545592961425781e+08 -1.365890314118063356e-16
9.686545592963867188e+08 -1.379226971280444295e-16
9.686545592966308594e+08 -1.391319332620462923e-16
9.686545592968750000e+08 -1.402299633527991364e-16
9.686545592971191406e+08 -1.412123687101009916e-16
9.686545592973632812e+08 -1.420957600059389697e-16
9.686545592976074219e+08 -1.428542033600894753e-16
9.686545592978515625e+08 -1.435215785550283185e-16
9.686545592980957031e+08 -1.440720148982538783e-16
9.686545592983398438e+08 -1.445055773556715498e-16
9.686545592985839844e+08 -1.448459035817005933e-16
9.686545592988281250e+08 -1.450721650682973223e-16
9.686545592990722656e+08 -1.451909926277603794e-16
9.686545592993164062e+08 -1.452091874131397783e-16
9.686545592995605469e+08 -1.451026364044804614e-16
9.686545592998046875e+08 -1.448902405893504189e-16
9.686545593000488281e+08 -1.445575120410195053e-16
9.686545593002929688e+08 -1.441232462105602041e-16
9.686545593005371094e+08 -1.435781549308977272e-16
9.686545593007812500e+08 -1.429242969809008577e-16
9.686545593010253906e+08 -1.421656449384471271e-16
9.686545593012695312e+08 -1.412944046692725258e-16
9.686545593015136719e+08 -1.403415480423397484e-16
9.686545593017578125e+08 -1.392617010397711900e-16
9.686545593020019531e+08 -1.380890159930260419e-16
9.686545593022460938e+08 -1.368297798800198394e-16
9.686545593024902344e+08 -1.354351296885827383e-16
9.686545593027343750e+08 -1.339564644119081710e-16
9.686545593029785156e+08 -1.323658895542590953e-16
9.686545593032226562e+08 -1.306798263180450879e-16
9.686545593034667969e+08 -1.289017041277872852e-16
9.686545593037109375e+08 -1.270246704614357442e-16
9.686545593039550781e+08 -1.250468809446887170e-16
9.686545593041992188e+08 -1.229798687966504015e-16
9.686545593044433594e+08 -1.208349647397450514e-16
9.686545593046875000e+08 -1.185903355285356321e-16
9.686545593049316406e+08 -1.162621141703294995e-16
9.686545593051757812e+08 -1.138627837982798474e-16
9.686545593054199219e+08 -1.113560831473311132e-16
9.686545593056640625e+08 -1.087558161637917076e-16
9.686545593059082031e+08 -1.060911978721848542e-16
9.686545593061523438e+08 -1.033412146040492616e-16
9.686545593063964844e+08 -1.005126090883340892e-16
9.686545593066406250e+08 -9.761081042976406218e-17
9.686545593068847656e+08 -9.463441848927900770e-17
9.686545593071289062e+08 -9.158009653226156472e-17
9.686545593073730469e+08 -8.847794426011056683e-17
9.686545593076171875e+08 -8.529886591870172340e-17
9.686545593078613281e+08 -8.206686809600762845e-17
9.686545593081054688e+08 -7.877535880531579454e-17
9.686545593083496094e+08 -7.540602166908403531e-17
9.686545593085937500e+08 -7.197949266205328560e-17
9.686545593088378906e+08 -6.850418887001435370e-17
9.686545593090820312e+08 -6.497616085469118645e-17
9.686545593093261719e+08 -6.138574313134645981e-17
9.686545593095703125e+08 -5.776816506842378334e-17
9.686545593098144531e+08 -5.409627994434502937e-17
9.686545593100585938e+08 -5.038750906987750353e-17
9.686545593103027344e+08 -4.664454307007628678e-17
9.686545593105468750e+08 -4.286627489288564939e-17
9.686545593107910156e+08 -3.906578928571896545e-17
9.686545593110351562e+08 -3.522472057240956122e-17
9.686545593112792969e+08 -3.135480971626564990e-17
9.686545593115234375e+08 -2.743867212011057786e-17
9.686545593117675781e+08 -2.353742812243415015e-17
9.686545593120117188e+08 -1.958746017193659406e-17
9.686545593122558594e+08 -1.563433508441542917e-17
9.686545593125000000e+08 -1.165999585158113625e-17
9.686545593127441406e+08 -7.685086646144105217e-18
9.686545593129882812e+08 -3.716822202369372463e-18
9.686545593132324219e+08 2.714209480341340641e-19
9.686545593134765625e+08 4.246579378386671593e-18
9.686545593137207031e+08 8.218388550791397517e-18
9.686545593139648438e+08 1.218313247470787275e-17
9.686545593142089844e+08 1.616445632705288788e-17
9.686545593144531250e+08 2.011186818479392906e-17
9.686545593146972656e+08 2.406004638608969889e-17
9.686545593149414062e+08 2.797548170539306932e-17
9.686545593151855469e+08 3.187825923553835801e-17
9.686545593154296875e+08 3.575652363331171140e-17
9.686545593156738281e+08 3.959841465790674671e-17
9.686545593159179688e+08 4.341639822148425218e-17
9.686545593161621094e+08 4.719189980567352610e-17
9.686545593164062500e+08 5.093214547445341952e-17
9.686545593166503906e+08 5.462150357794066765e-17
9.686545593168945312e+08 5.828837467659792090e-17
9.686545593171386719e+08 6.191140800825272469e-17
9.686545593173828125e+08 6.548131595690000340e-17
9.686545593176269531e+08 6.900257072247438260e-17
9.686545593178710938e+08 7.247004772844224929e-17
9.686545593181152344e+08 7.587181365662621477e-17
9.686545593183593750e+08 7.922519836077338840e-17
9.686545593186035156e+08 8.251138023230287851e-17
9.686545593188476562e+08 8.572248179699824712e-17
9.686545593190917969e+08 8.888044131713516530e-17
9.686545593193359375e+08 9.194356827738600600e-17
9.686545593195800781e+08 9.494891382858252008e-17
9.686545593198242188e+08 9.788248542568254183e-17
9.686545593200683594e+08 1.007376911462954408e-16
9.686545593203125000e+08 1.035199526829136835e-16
9.686545593205566406e+08 1.062126608121118098e-16
9.686545593208007812e+08 1.088198591596392590e-16
9.686545593210449219e+08 1.113444595527260839e-16
9.686545593212890625e+08 1.137817899968273692e-16
9.686545593215332031e+08 1.161262319754866687e-16
9.686545593217773438e+08 1.183716337891076219e-16
9.686545593220214844e+08 1.205294441218136968e-16
9.686545593222656250e+08 1.225655065138996190e-16
9.686545593225097656e+08 1.245241817238845590e-16
9.686545593227539062e+08 1.263872788615735436e-16
9.686545593229980469e+08 1.281602352434872215e-16
9.686545593232421875e+08 1.298090951839739232e-16
9.686545593234863281e+08 1.313680802328922036e-16
9.686545593237304688e+08 1.328305872981743241e-16
9.686545593239746094e+08 1.341718445379752682e-16
9.686545593242187500e+08 1.354080703651336306e-16
9.686545593244628906e+08 1.365434848866028075e-16
9.686545593247070312e+08 1.375593583378467053e-16
9.686545593249511719e+08 1.384661681066317283e-16
9.686545593251953125e+08 1.392526670440202112e-16
9.686545593254394531e+08 1.399337159776135370e-16
9.686545593256835938e+08 1.405236817871255458e-16
9.686545593259277344e+08 1.409887649400826368e-16
9.686545593261718750e+08 1.413518403497954782e-16
9.686545593264160156e+08 1.415947935711036267e-16
9.686545593266601562e+08 1.417315169116222370e-16
9.686545593269042969e+08 1.417555269443511798e-16
9.686545593271484375e+08 1.416567425343517499e-16
9.686545593273925781e+08 1.414609992899044921e-16
9.686545593276367188e+08 1.411436086552631576e-16
9.686545593278808594e+08 1.407095800843067230e-16
9.686545593281250000e+08 1.401628273716908147e-16
9.686545593283691406e+08 1.395128490858980363e-16
9.686545593286132812e+08 1.387704714941485539e-16
9.686545593288574219e+08 1.379150159785310378e-16
9.686545593291015625e+08 1.369447205517785724e-16
9.686545593293457031e+08 1.358795344662530000e-16
9.686545593295898438e+08 1.347048286069790426e-16
9.686545593298339844e+08 1.334266605699977487e-16
9.686545593300781250e+08 1.320414687555292776e-16
9.686545593303222656e+08 1.305597840566742966e-16
9.686545593305664062e+08 1.289739666955422585e-16
9.686545593308105469e+08 1.272881030143800468e-16
9.686545593310546875e+08 1.254973781916526543e-16
9.686545593312988281e+08 1.236384345959653968e-16
9.686545593315429688e+08 1.216815073079148958e-16
9.686545593317871094e+08 1.196272847926303383e-16
9.686545593320312500e+08 1.174869737607303470e-16
9.686545593322753906e+08 1.152664298328845744e-16
9.686545593325195312e+08 1.129571497867322045e-16
9.686545593327636719e+08 1.105673943014800528e-16
9.686545593330078125e+08 1.080957161036583553e-16
9.686545593332519531e+08 1.055535784076555243e-16
9.686545593334960938e+08 1.029353874999098549e-16
9.686545593337402344e+08 1.002198981354507288e-16
9.686545593339843750e+08 9.744480268744775749e-17
9.686545593342285156e+08 9.461913240156565829e-17
9.686545593344726562e+08 9.173252689823207912e-17
9.686545593347167969e+08 8.876245723530776936e-17
9.686545593349609375e+08 8.576624637989769148e-17
9.686545593352050781e+08 8.268347565236394286e-17
9.686545593354492188e+08 7.956730842341071808e-17
9.686545593356933594e+08 7.638252415696282436e-17
9.686545593359375000e+08 7.316002346365034242e-17
9.686545593361816406e+08 6.989348059771157782e-17
9.686545593364257812e+08 6.657706334779432503e-17
9.686545593366699219e+08 6.322405628755126233e-17
9.686545593369140625e+08 5.981883483646086755e-17
9.686545593371582031e+08 5.639835636937510571e-17
9.686545593374023438e+08 5.296335507469446740e-17
9.686545593376464844e+08 4.949062167603498455e-17
9.686545593378906250e+08 4.598523657996799708e-17
9.686545593381347656e+08 4.246543626428858075e-17
9.686545593383789062e+08 3.893089294549363896e-17
9.686545593386230469e+08 3.537091208916326621e-17
9.686545593388671875e+08 3.180514054511313384e-17
9.686545593391113281e+08 2.823091238275173982e-17
9.686545593393554688e+08 2.463999453586572306e-17
9.686545593395996094e+08 2.104873965579824105e-17
9.686545593398437500e+08 1.745408763991082570e-17
9.686545593400878906e+08 1.387337898555803984e-17
9.686545593403320312e+08 1.030940937384443419e-17
9.686545593405761719e+08 6.735987817265207607e-18
9.686545593408203125e+08 3.185837029015431601e-18
9.686545593410644531e+08 -3.597097336279070653e-19
9.686545593413085938e+08 -3.883807471587151780e-18
9.686545593415527344e+08 -7.378611511542460176e-18
9.686545593417968750e+08 -1.087495311026181520e-17
9.686545593420410156e+08 -1.432325721002280458e-17
9.686545593422851562e+08 -1.775977998463024762e-17
9.686545593425292969e+08 -2.116969227360376468e-17
9.686545593427734375e+08 -2.453756941814874444e-17
9.686545593430175781e+08 -2.786475684081559232e-17
9.686545593432617188e+08 -3.114207116675721162e-17
9.686545593435058594e+08 -3.439864380951738544e-17
9.686545593437500000e+08 -3.760523354832019470e-17
9.686545593439941406e+08 -4.076986368342419579e-17
9.686545593442382812e+08 -4.387652083964105436e-17
9.686545593444824219e+08 -4.694808986502890903e-17
9.686545593447265625e+08 -4.996338387460445966e-17
9.686545593449707031e+08 -5.291187854017736547e-17
9.686545593452148438e+08 -5.583078333885736287e-17
9.686545593454589844e+08 -5.867802441067111640e-17
9.686545593457031250e+08 -6.147561862063041325e-17
9.686545593459472656e+08 -6.418714529111979624e-17
9.686545593461914062e+08 -6.683640176665816316e-17
9.686545593464355469e+08 -6.943898366867664812e-17
9.686545593466796875e+08 -7.195874398706288985e-17
9.686545593469238281e+08 -7.441554975289752742e-17
9.686545593471679688e+08 -7.680847656752323244e-17
9.686545593474121094e+08 -7.911811225258554731e-17
9.686545593476562500e+08 -8.136837610019653471e-17
9.686545593479003906e+08 -8.353565966100875915e-17
9.686545593481445312e+08 -8.564239677676136136e-17
9.686545593483886719e+08 -8.766445781386013387e-17
9.686545593486328125e+08 -8.960707222791403466e-17
9.686545593488769531e+08 -9.146001609162866252e-17
9.686545593491210938e+08 -9.323814731585163900e-17
9.686545593493652344e+08 -9.493986059387139677e-17
9.686545593496093750e+08 -9.655666301217273215e-17
9.686545593498535156e+08 -9.809996773920780839e-17
9.686545593500976562e+08 -9.954997299628484763e-17
9.686545593503417969e+08 -1.009145698677108365e-16
9.686545593505859375e+08 -1.022042600926706818e-16
9.686545593508300781e+08 -1.034103361810227313e-16
9.686545593510742188e+08 -1.045304876854277270e-16
9.686545593513183594e+08 -1.055705227940073621e-16
9.686545593515625000e+08 -1.065154424046699540e-16
9.686545593518066406e+08 -1.073598504029759713e-16
9.686545593520507812e+08 -1.081237889653152975e-16
9.686545593522949219e+08 -1.088133854146981199e-16
9.686545593525390625e+08 -1.094024066353367461e-16
9.686545593527832031e+08 -1.099210501111459066e-16
9.686545593530273438e+08 -1.103350385091196735e-16
9.686545593532714844e+08 -1.106784780956510180e-16
9.686545593535156250e+08 -1.109304641456852348e-16
9.686545593537597656e+08 -1.110904744374119976e-16
9.686545593540039062e+08 -1.111846503066986331e-16
9.686545593542480469e+08 -1.111787689154299387e-16
9.686545593544921875e+08 -1.110776506640686336e-16
9.686545593547363281e+08 -1.108940381943469759e-16
9.686545593549804688e+08 -1.106276033921699053e-16
9.686545593552246094e+08 -1.102816518015782875e-16
9.686545593554687500e+08 -1.098458922819051048e-16
9.686545593557128906e+08 -1.093379307468546125e-16
9.686545593559570312e+08 -1.087465988312147962e-16
9.686545593562011719e+08 -1.080590230423497394e-16
9.686545593564453125e+08 -1.073061629085689852e-16
9.686545593566894531e+08 -1.064755799891664881e-16
9.686545593569335938e+08 -1.055594331777882417e-16
9.686545593571777344e+08 -1.045622778636295277e-16
9.686545593574218750e+08 -1.034905756681407088e-16
9.686545593576660156e+08 -1.023247781275808267e-16
9.686545593579101562e+08 -1.011029750800002213e-16
9.686545593581542969e+08 -9.980856638128470988e-17
9.686545593583984375e+08 -9.842891174874378851e-17
9.686545593586425781e+08 -9.699006533204147731e-17
9.686545593588867188e+08 -9.547431323838926535e-17
9.686545593591308594e+08 -9.388585318299409833e-17
9.686545593593750000e+08 -9.224050575177938046e-17
9.686545593596191406e+08 -9.051973724253140528e-17
9.686545593598632812e+08 -8.874506690332929002e-17
9.686545593601074219e+08 -8.689231418504825513e-17
9.686545593603515625e+08 -8.497855061669030390e-17
9.686545593605957031e+08 -8.300065221739361151e-17
9.686545593608398438e+08 -8.096434458917751801e-17
9.686545593610839844e+08 -7.887469023492275920e-17
9.686545593613281250e+08 -7.672269607541795724e-17
9.686545593615722656e+08 -7.452738191686831498e-17
9.686545593618164062e+08 -7.226224322011210165e-17
9.686545593620605469e+08 -6.995792799860119694e-17
9.686545593623046875e+08 -6.759435066175395200e-17
9.686545593625488281e+08 -6.519535318698179022e-17
9.686545593627929688e+08 -6.274326432771751525e-17
9.686545593630371094e+08 -6.025224600684886845e-17
9.686545593632812500e+08 -5.770135335646661403e-17
9.686545593635253906e+08 -5.510366569283255051e-17
9.686545593637695312e+08 -5.248782646763023199e-17
9.686545593640136719e+08 -4.982162457888964766e-17
9.686545593642578125e+08 -4.713358639610582446e-17
9.686545593645019531e+08 -4.440365132230446375e-17
9.686545593647460938e+08 -4.163550594051872315e-17
9.686545593649902344e+08 -3.884934377711814751e-17
9.686545593652343750e+08 -3.603064280272798392e-17
9.686545593654785156e+08 -3.319436742657895220e-17
9.686545593657226562e+08 -3.033379222671384361e-17
9.686545593659667969e+08 -2.744272275702753390e-17
9.686545593662109375e+08 -2.452235552091469088e-17
9.686545593664550781e+08 -2.159447326186860772e-17
9.686545593666992188e+08 -1.865633682031912737e-17
9.686545593669433594e+08 -1.570680639747852221e-17
9.686545593671875000e+08 -1.273173813674950144e-17
9.686545593674316406e+08 -9.762457350972490195e-18
9.686545593676757812e+08 -6.778098909150992429e-18
9.686545593679199219e+08 -3.795525323420238118e-18
9.686545593681640625e+08 -8.143578723185473172e-19
9.686545593684082031e+08 2.168836577810529776e-18
9.686545593686523438e+08 5.150220893877941594e-18
9.686545593688964844e+08 8.136182636471653127e-18
9.686545593691406250e+08 1.111777415857586223e-17
9.686545593693847656e+08 1.409255403051188811e-17
9.686545593696289062e+08 1.704333154578142408e-17
9.686545593698730469e+08 1.999187314929310190e-17
9.686545593701171875e+08 2.290782327980818681e-17
9.686545593703613281e+08 2.582467333381105908e-17
9.686545593706054688e+08 2.870256879553951289e-17
9.686545593708496094e+08 3.156960563228624373e-17
9.686545593710937500e+08 3.441837955104861142e-17
9.686545593713378906e+08 3.721706883276127263e-17
9.686545593715820312e+08 4.001145327738356391e-17
9.686545593718261719e+08 4.277261164879454308e-17
9.686545593720703125e+08 4.549934957968772339e-17
9.686545593723144531e+08 4.819490408036687215e-17
9.686545593725585938e+08 5.084903485347288117e-17
9.686545593728027344e+08 5.345977775597622462e-17
9.686545593730468750e+08 5.603197066766974324e-17
9.686545593732910156e+08 5.856231473344579716e-17
9.686545593735351562e+08 6.105001319010587245e-17
9.686545593737792969e+08 6.348362909698582900e-17
9.686545593740234375e+08 6.587272144851162218e-17
9.686545593742675781e+08 6.820338494751393919e-17
9.686545593745117188e+08 7.049808507978312290e-17
9.686545593747558594e+08 7.273139517439236684e-17
9.686545593750000000e+08 7.491107609377971486e-17
9.686545593752441406e+08 7.703172315319704592e-17
9.686545593754882812e+08 7.908838747318913353e-17
9.686545593757324219e+08 8.108826695233566449e-17
9.686545593759765625e+08 8.302188570768534008e-17
9.686545593762207031e+08 8.488276554688780003e-17
9.686545593764648438e+08 8.669970956988141758e-17
9.686545593767089844e+08 8.842762273969142776e-17
9.686545593769531250e+08 9.009415927675314639e-17
9.686545593771972656e+08 9.168930935330427213e-17
9.686545593774414062e+08 9.321989632454470112e-17
9.686545593776855469e+08 9.467428697683802108e-17
9.686545593779296875e+08 9.606451854112700144e-17
9.686545593781738281e+08 9.737149137582678563e-17
9.686545593784179688e+08 9.859702711317911666e-17
9.686545593786621094e+08 9.975907975832480569e-17
9.686545593789062500e+08 1.008241929681490002e-16
9.686545593791503906e+08 1.018289545835488634e-16
9.686545593793945312e+08 1.027412537013122101e-16
9.686545593796386719e+08 1.035791432876204761e-16
9.686545593798828125e+08 1.043291319300131575e-16
9.686545593801269531e+08 1.049999243852046002e-16
9.686545593803710938e+08 1.055982812957963278e-16
9.686545593806152344e+08 1.061153501661606550e-16
9.686545593808593750e+08 1.065508635163680509e-16
9.686545593811035156e+08 1.068917941789469086e-16
9.686545593813476562e+08 1.071501239000670592e-16
9.686545593815917969e+08 1.073311755698501878e-16
9.686545593818359375e+08 1.074193111045654718e-16
9.686545593820800781e+08 1.074356224601418174e-16
9.686545593823242188e+08 1.073581333936620124e-16
9.686545593825683594e+08 1.071981804311658105e-16
9.686545593828125000e+08 1.069462735304167438e-16
9.686545593830566406e+08 1.066322777828283315e-16
9.686545593833007812e+08 1.062248770855392107e-16
9.686545593835449219e+08 1.057428292573403871e-16
9.686545593837890625e+08 1.051827321022168677e-16
9.686545593840332031e+08 1.045289790446782082e-16
9.686545593842773438e+08 1.037963224227394086e-16
9.686545593845214844e+08 1.029834323238885258e-16
9.686545593847656250e+08 1.020982700197877262e-16
9.686545593850097656e+08 1.011283830443316989e-16
9.686545593852539062e+08 1.000875366114869090e-16
9.686545593854980469e+08 9.895197556533420947e-17
9.686545593857421875e+08 9.776073942623448198e-17
9.686545593859863281e+08 9.648511622769201963e-17
9.686545593862304688e+08 9.516662365157374374e-17
9.686545593864746094e+08 9.374404751090608259e-17
9.686545593867187500e+08 9.226950967822702193e-17
9.686545593869628906e+08 9.072021264289321337e-17
9.686545593872070312e+08 8.909792512799027794e-17
9.686545593874511719e+08 8.741226532670977446e-17
9.686545593876953125e+08 8.566795117530194127e-17
9.686545593879394531e+08 8.385623979946404639e-17
9.686545593881835938e+08 8.197732478672340922e-17
9.686545593884277344e+08 8.004786036423978913e-17
9.686545593886718750e+08 7.805712857977071137e-17
9.686545593889160156e+08 7.602295417146937397e-17
9.686545593891601562e+08 7.392519102559100356e-17
9.686545593894042969e+08 7.178320365826348356e-17
9.686545593896484375e+08 6.959625366557859175e-17
9.686545593898925781e+08 6.734350194172393726e-17
9.686545593901367188e+08 6.505705812485227667e-17
9.686545593903808594e+08 6.272468219335927094e-17
9.686545593906250000e+08 6.034439235460855535e-17
9.686545593908691406e+08 5.793856807798637715e-17
9.686545593911132812e+08 5.548335586129707539e-17
9.686545593913574219e+08 5.299385585637108689e-17
9.686545593916015625e+08 5.047388060291929752e-17
9.686545593918457031e+08 4.793707910303413042e-17
9.686545593920898438e+08 4.536107420278487557e-17
9.686545593923339844e+08 4.277156568067807824e-17
9.686545593925781250e+08 4.014574149813718303e-17
9.686545593928222656e+08 3.749050974108226837e-17
9.686545593930664062e+08 3.483497252012500212e-17
9.686545593933105469e+08 3.214846168407470251e-17
9.686545593935546875e+08 2.945147828327831708e-17
9.686545593937988281e+08 2.675163535694750647e-17
9.686545593940429688e+08 2.401870863082143194e-17
9.686545593942871094e+08 2.130041043079277036e-17
9.686545593945312500e+08 1.856345217682890058e-17
9.686545593947753906e+08 1.584296723569755638e-17
9.686545593950195312e+08 1.311611229952144866e-17
9.686545593952636719e+08 1.038863544884287638e-17
9.686545593955078125e+08 7.668574874306802257e-18
9.686545593957519531e+08 4.938976242683026320e-18
9.686545593959960938e+08 2.235777890878601651e-18
9.686545593962402344e+08 -4.677862530976405871e-19
9.686545593964843750e+08 -3.152697593754537642e-18
9.686545593967285156e+08 -5.825793689208959434e-18
9.686545593969726562e+08 -8.487315899838200847e-18
9.686545593972167969e+08 -1.112218797051801590e-17
9.686545593974609375e+08 -1.373548010634983724e-17
9.686545593977050781e+08 -1.631762208498907457e-17
9.686545593979492188e+08 -1.888233434809231508e-17
9.686545593981933594e+08 -2.141195535026723210e-17
9.686545593984375000e+08 -2.391925989826366876e-17
9.686545593986816406e+08 -2.640393889493584343e-17
9.686545593989257812e+08 -2.885516892155431735e-17
9.686545593991699219e+08 -3.124989677056242993e-17
9.686545593994140625e+08 -3.362996431097578781e-17
9.686545593996582031e+08 -3.598202541926844713e-17
9.686545593999023438e+08 -3.827419842224326944e-17
9.686545594001464844e+08 -4.053395743781188708e-17
9.686545594003906250e+08 -4.273621787944669514e-17
9.686545594006347656e+08 -4.490381523321702940e-17
9.686545594008789062e+08 -4.701322026943465775e-17
9.686545594011230469e+08 -4.909143654614291381e-17
9.686545594013671875e+08 -5.112054613663406830e-17
9.686545594016113281e+08 -5.308969013617575540e-17
9.686545594018554688e+08 -5.502325777013755047e-17
9.686545594020996094e+08 -5.689037022241642914e-17
9.686545594023437500e+08 -5.870600671888752121e-17
9.686545594025878906e+08 -6.047558216616187237e-17
9.686545594028320312e+08 -6.218939396276566318e-17
9.686545594030761719e+08 -6.384028809807052255e-17
9.686545594033203125e+08 -6.543278177353005661e-17
9.686545594035644531e+08 -6.695314032774654633e-17
9.686545594038085938e+08 -6.842734329774502702e-17
9.686545594040527344e+08 -6.984129464247949169e-17
9.686545594042968750e+08 -7.119163771376384452e-17
9.686545594045410156e+08 -7.249756496733964421e-17
9.686545594047851562e+08 -7.372226188967621957e-17
9.686545594050292969e+08 -7.489094069343432286e-17
9.686545594052734375e+08 -7.599652824026072452e-17
9.686545594055175781e+08 -7.703981756805770389e-17
9.686545594057617188e+08 -7.802221821000284766e-17
9.686545594060058594e+08 -7.893144955052725146e-17
9.686545594062500000e+08 -7.977047071559928370e-17
9.686545594064941406e+08 -8.055461566218133631e-17
9.686545594067382812e+08 -8.125817087509874521e-17
9.686545594069824219e+08 -8.190383633865951919e-17
9.686545594072265625e+08 -8.249683048280287979e-17
9.686545594074707031e+08 -8.301594224331672303e-17
9.686545594077148438e+08 -8.346641431341920851e-17
9.686545594079589844e+08 -8.385140728372200145e-17
9.686545594082031250e+08 -8.417178742316610021e-17
9.686545594084472656e+08 -8.443032445194205531e-17
9.686545594086914062e+08 -8.463498920625079049e-17
9.686545594089355469e+08 -8.473987122414120946e-17
9.686545594091796875e+08 -8.480084770036656554e-17
9.686545594094238281e+08 -8.478928845584805235e-17
9.686545594096679688e+08 -8.470275543376200741e-17
9.686545594099121094e+08 -8.457083169684511722e-17
9.686545594101562500e+08 -8.437023970599051461e-17
9.686545594104003906e+08 -8.411677376081228855e-17
9.686545594106445312e+08 -8.377930735900442920e-17
9.686545594108886719e+08 -8.339241054701101199e-17
9.686545594111328125e+08 -8.294770882789512371e-17
9.686545594113769531e+08 -8.242739251670377609e-17
9.686545594116210938e+08 -8.186742985905812334e-17
9.686545594118652344e+08 -8.122430286476692175e-17
9.686545594121093750e+08 -8.050952367956655424e-17
9.686545594123535156e+08 -7.976133020937122330e-17
9.686545594125976562e+08 -7.893711025836015259e-17
9.686545594128417969e+08 -7.806258672878579776e-17
9.686545594130859375e+08 -7.713987557163496974e-17
9.686545594133300781e+08 -7.616220108363640841e-17
9.686545594135742188e+08 -7.511964375597034923e-17
9.686545594138183594e+08 -7.401827928259321016e-17
9.686545594140625000e+08 -7.287790371032920391e-17
9.686545594143066406e+08 -7.168637357137519251e-17
9.686545594145507812e+08 -7.043832497824635698e-17
9.686545594147949219e+08 -6.912208456092881726e-17
9.686545594150390625e+08 -6.776525995597785652e-17
9.686545594152832031e+08 -6.635833828622547977e-17
9.686545594155273438e+08 -6.490264936083332352e-17
9.686545594157714844e+08 -6.341497441003329622e-17
9.686545594160156250e+08 -6.187956206987021322e-17
9.686545594162597656e+08 -6.028982009401806712e-17
9.686545594165039062e+08 -5.867185221499224543e-17
9.686545594167480469e+08 -5.700059491516953998e-17
9.686545594169921875e+08 -5.528581579002363317e-17
9.686545594172363281e+08 -5.354768786409467058e-17
9.686545594174804688e+08 -5.175898256464334268e-17
9.686545594177246094e+08 -4.992236716939017410e-17
9.686545594179687500e+08 -4.805320567985855981e-17
9.686545594182128906e+08 -4.616045112546744056e-17
9.686545594184570312e+08 -4.421533624560058630e-17
9.686545594187011719e+08 -4.226198842368899412e-17
9.686545594189453125e+08 -4.027571766979838298e-17
9.686545594191894531e+08 -3.824709477496522234e-17
9.686545594194335938e+08 -3.619993945269654384e-17
9.686545594196777344e+08 -3.411775432712856541e-17
9.686545594199218750e+08 -3.203006144440884243e-17
9.686545594201660156e+08 -2.990810700329989762e-17
9.686545594204101562e+08 -2.776029913775478687e-17
9.686545594206542969e+08 -2.558029667634855376e-17
9.686545594208984375e+08 -2.338559533274337942e-17
9.686545594211425781e+08 -2.117943913255089985e-17
9.686545594213867188e+08 -1.895353675046427572e-17
9.686545594216308594e+08 -1.671819805129180574e-17
9.686545594218750000e+08 -1.447726278761783537e-17
9.686545594221191406e+08 -1.221008931182851620e-17
9.686545594223632812e+08 -9.946643608632611850e-18
9.686545594226074219e+08 -7.651797056035792537e-18
9.686545594228515625e+08 -5.379216073923742251e-18
9.686545594230957031e+08 -3.098592596168684443e-18
9.686545594233398438e+08 -7.865754798678790606e-19
9.686545594235839844e+08 1.524709369314678021e-18
9.686545594238281250e+08 3.828460100782188707e-18
9.686545594240722656e+08 6.126623893690503678e-18
9.686545594243164062e+08 8.440653208545205537e-18
9.686545594245605469e+08 1.072149319958701969e-17
9.686545594248046875e+08 1.301011036738230993e-17
9.686545594250488281e+08 1.528390495814509713e-17
9.686545594252929688e+08 1.756002332338236551e-17
9.686545594255371094e+08 1.982300258433747636e-17
9.686545594257812500e+08 2.205938816371847700e-17
9.686545594260253906e+08 2.428870854580101660e-17
9.686545594262695312e+08 2.651141749808608987e-17
9.686545594265136719e+08 2.873600032608547766e-17
9.686545594267578125e+08 3.091764972616536069e-17
9.686545594270019531e+08 3.308748199272231913e-17
9.686545594272460938e+08 3.523807967880827614e-17
9.686545594274902344e+08 3.734790981542874681e-17
9.686545594277343750e+08 3.943490364953129650e-17
9.686545594279785156e+08 4.149803570567339545e-17
9.686545594282226562e+08 4.353947378340706083e-17
9.686545594284667969e+08 4.554614207927371953e-17
9.686545594287109375e+08 4.752002941851650797e-17
9.686545594289550781e+08 4.945219645724667136e-17
9.686545594291992188e+08 5.137314686646750537e-17
9.686545594294433594e+08 5.326975553253907560e-17
9.686545594296875000e+08 5.510371198078401788e-17
9.686545594299316406e+08 5.690508943157966142e-17
9.686545594301757812e+08 5.867360347008745389e-17
9.686545594304199219e+08 6.037198374640214901e-17
9.686545594306640625e+08 6.204953226402801560e-17
9.686545594309082031e+08 6.367407940318791055e-17
9.686545594311523438e+08 6.525625395358214329e-17
9.686545594313964844e+08 6.679590249474423288e-17
9.686545594316406250e+08 6.826835246912822313e-17
9.686545594318847656e+08 6.971118665993006430e-17
9.686545594321289062e+08 7.110539842360226862e-17
9.686545594323730469e+08 7.245637713704094067e-17
9.686545594326171875e+08 7.373457411938597456e-17
9.686545594328613281e+08 7.497079198093840518e-17
9.686545594331054688e+08 7.613965776632166346e-17
9.686545594333496094e+08 7.725452703367571911e-17
9.686545594335937500e+08 7.830509943110471620e-17
9.686545594338378906e+08 7.930185221619458231e-17
9.686545594340820312e+08 8.026220175761505140e-17
9.686545594343261719e+08 8.112773965978937397e-17
9.686545594345703125e+08 8.193822513796804284e-17
9.686545594348144531e+08 8.270541098895671138e-17
9.686545594350585938e+08 8.341531073630001668e-17
9.686545594353027344e+08 8.406405600719612097e-17
9.686545594355468750e+08 8.462928776627897471e-17
9.686545594357910156e+08 8.514859597400555605e-17
9.686545594360351562e+08 8.558678392737164091e-17
9.686545594362792969e+08 8.596253079873057434e-17
9.686545594365234375e+08 8.627584804833471499e-17
9.686545594367675781e+08 8.652774594605186552e-17
9.686545594370117188e+08 8.670725340694472698e-17
9.686545594372558594e+08 8.682115068386382809e-17
9.686545594375000000e+08 8.686315151770245773e-17
9.686545594377441406e+08 8.685298565042672598e-17
9.686545594379882812e+08 8.677683611668338677e-17
9.686545594382324219e+08 8.664648604188809448e-17
9.686545594384765625e+08 8.643565079522872570e-17
9.686545594387207031e+08 8.615646356608070326e-17
9.686545594389648438e+08 8.581554068642760908e-17
9.686545594392089844e+08 8.539334326574057078e-17
9.686545594394531250e+08 8.491987400706280518e-17
9.686545594396972656e+08 8.438809930539129452e-17
9.686545594399414062e+08 8.378643731827295041e-17
9.686545594401855469e+08 8.310813102146656411e-17
9.686545594404296875e+08 8.236659070438389169e-17
9.686545594406738281e+08 8.158812686227111547e-17
9.686545594409179688e+08 8.074223927453508546e-17
9.686545594411621094e+08 7.984119303966254467e-17
9.686545594414062500e+08 7.887974934341088607e-17
9.686545594416503906e+08 7.783602173763974284e-17
9.686545594418945312e+08 7.675792252759399034e-17
9.686545594421386719e+08 7.559391673863607064e-17
9.686545594423828125e+08 7.439219363803706916e-17
9.686545594426269531e+08 7.313097748898175897e-17
9.686545594428710938e+08 7.182397378890538820e-17
9.686545594431152344e+08 7.044582588283753825e-17
9.686545594433593750e+08 6.902577697204355402e-17
9.686545594436035156e+08 6.756544878360925859e-17
9.686545594438476562e+08 6.606441574419297680e-17
9.686545594440917969e+08 6.451257088058737621e-17
9.686545594443359375e+08 6.290123636912135753e-17
9.686545594445800781e+08 6.126201948293948246e-17
9.686545594448242188e+08 5.955524930468172073e-17
9.686545594450683594e+08 5.780851711090864903e-17
9.686545594453125000e+08 5.603663607472399006e-17
9.686545594455566406e+08 5.422192994092453059e-17
9.686545594458007812e+08 5.236801223268466601e-17
9.686545594460449219e+08 5.047549179059813310e-17
9.686545594462890625e+08 4.855412385907959215e-17
9.686545594465332031e+08 4.661631175778042630e-17
9.686545594467773438e+08 4.464269236642162703e-17
9.686545594470214844e+08 4.264572169888170015e-17
9.686545594472656250e+08 4.061829614055081228e-17
9.686545594475097656e+08 3.855822462446854424e-17
9.686545594477539062e+08 3.647294806000740485e-17
9.686545594479980469e+08 3.436703766734685237e-17
9.686545594482421875e+08 3.224845907858890473e-17
9.686545594484863281e+08 3.011113711717018703e-17
9.686545594487304688e+08 2.795440315091315545e-17
9.686545594489746094e+08 2.578612988686512756e-17
9.686545594492187500e+08 2.360911399453227363e-17
9.686545594494628906e+08 2.143550444661360847e-17
9.686545594497070312e+08 1.925351110395510023e-17
9.686545594499511719e+08 1.706009411383258594e-17
9.686545594501953125e+08 1.486193417869229290e-17
9.686545594504394531e+08 1.266041391792092116e-17
9.686545594506835938e+08 1.044984442825569094e-17
9.686545594509277344e+08 8.250875332620262120e-18
9.686545594511718750e+08 6.055613981000837902e-18
9.686545594514160156e+08 3.853647018018535470e-18
9.686545594516601562e+08 1.676888123725958756e-18
9.686545594519042969e+08 -5.076736883712711029e-19
9.686545594521484375e+08 -2.666824824578688294e-18
9.686545594523925781e+08 -4.814612576217712892e-18
9.686545594526367188e+08 -6.930434902744365379e-18
9.686545594528808594e+08 -9.038042133935632029e-18
9.686545594531250000e+08 -1.114761383835357052e-17
9.686545594533691406e+08 -1.322694919365857531e-17
9.686545594536132812e+08 -1.527998188287557952e-17
9.686545594538574219e+08 -1.733042029245209316e-17
9.686545594541015625e+08 -1.934977980978522918e-17
9.686545594543457031e+08 -2.132779627925055461e-17
9.686545594545898438e+08 -2.329889128594714051e-17
9.686545594548339844e+08 -2.523967489541153129e-17
9.686545594550781250e+08 -2.712725397334278438e-17
9.686545594553222656e+08 -2.899081448999395393e-17
9.686545594555664062e+08 -3.081889819640478225e-17
9.686545594558105469e+08 -3.261028897101039451e-17
9.686545594560546875e+08 -3.437009418758729454e-17
9.686545594562988281e+08 -3.610619686925938863e-17
9.686545594565429688e+08 -3.780781980760816765e-17
9.686545594567871094e+08 -3.945746480141376880e-17
9.686545594570312500e+08 -4.106672092153910647e-17
9.686545594572753906e+08 -4.265476724519809264e-17
9.686545594575195312e+08 -4.417480290996652236e-17
9.686545594577636719e+08 -4.566262119569381227e-17
9.686545594580078125e+08 -4.711263080841995714e-17
9.686545594582519531e+08 -4.848725492736587374e-17
9.686545594584960938e+08 -4.982315242891939934e-17
9.686545594587402344e+08 -5.112836104241849801e-17
9.686545594589843750e+08 -5.238038000978360039e-17
9.686545594592285156e+08 -5.359036850843879818e-17
9.686545594594726562e+08 -5.476044544052781830e-17
9.686545594597167969e+08 -5.587135079410133255e-17
9.686545594599609375e+08 -5.693765233215297846e-17
9.686545594602050781e+08 -5.794242321391196374e-17
9.686545594604492188e+08 -5.891547033490348304e-17
9.686545594606933594e+08 -5.982346428044451508e-17
9.686545594609375000e+08 -6.067083225277384529e-17
9.686545594611816406e+08 -6.146553063766155722e-17
9.686545594614257812e+08 -6.220771841845307248e-17
9.686545594616699219e+08 -6.290915531432384632e-17
9.686545594619140625e+08 -6.355265016176956938e-17
9.686545594621582031e+08 -6.414970023808884310e-17
9.686545594624023438e+08 -6.469892654317593229e-17
9.686545594626464844e+08 -6.517729466435490736e-17
9.686545594628906250e+08 -6.562252607074845103e-17
9.686545594631347656e+08 -6.600245143339209313e-17
9.686545594633789062e+08 -6.634094751371873360e-17
9.686545594636230469e+08 -6.661868714079949655e-17
9.686545594638671875e+08 -6.682574263687260127e-17
9.686545594641113281e+08 -6.699393029412973428e-17
9.686545594643554688e+08 -6.708808342882525062e-17
9.686545594645996094e+08 -6.715793560988164605e-17
9.686545594648437500e+08 -6.716584255279788005e-17
9.686545594650878906e+08 -6.712714365420666265e-17
9.686545594653320312e+08 -6.705096943022095156e-17
9.686545594655761719e+08 -6.689881230004206876e-17
9.686545594658203125e+08 -6.670859205217597555e-17
9.686545594660644531e+08 -6.647299051537129970e-17
9.686545594663085938e+08 -6.617941338614831511e-17
9.686545594665527344e+08 -6.583612420904203968e-17
9.686545594667968750e+08 -6.542984191739073652e-17
9.686545594670410156e+08 -6.497943011594081193e-17
9.686545594672851562e+08 -6.446601595704626516e-17
9.686545594675292969e+08 -6.393041423770379813e-17
9.686545594677734375e+08 -6.334386583539185741e-17
9.686545594680175781e+08 -6.271493809352878691e-17
9.686545594682617188e+08 -6.203813673709747095e-17
9.686545594685058594e+08 -6.131218541141251313e-17
9.686545594687500000e+08 -6.054624299888394795e-17
9.686545594689941406e+08 -5.972997361067613593e-17
9.686545594692382812e+08 -5.887772397474785031e-17
9.686545594694824219e+08 -5.797507782817744559e-17
9.686545594697265625e+08 -5.701085136978540559e-17
9.686545594699707031e+08 -5.601657321827283955e-17
9.686545594702148438e+08 -5.497674608039766845e-17
9.686545594704589844e+08 -5.391889373585472411e-17
9.686545594707031250e+08 -5.280114329464193084e-17
9.686545594709472656e+08 -5.166908561361103161e-17
9.686545594711914062e+08 -5.050102200795005203e-17
9.686545594714355469e+08 -4.926502009028738051e-17
9.686545594716796875e+08 -4.802089355226463197e-17
9.686545594719238281e+08 -4.673358063632331514e-17
9.686545594721679688e+08 -4.540738776472407204e-17
9.686545594724121094e+08 -4.404721409955636341e-17
9.686545594726562500e+08 -4.265349513998312697e-17
9.686545594729003906e+08 -4.120902472023354776e-17
9.686545594731445312e+08 -3.975250615071068523e-17
9.686545594733886719e+08 -3.826863371551176849e-17
9.686545594736328125e+08 -3.675776805786918782e-17
9.686545594738769531e+08 -3.523021656189104179e-17
9.686545594741210938e+08 -3.365369317023607264e-17
9.686545594743652344e+08 -3.207412226288511974e-17
9.686545594746093750e+08 -3.045195018431712321e-17
9.686545594748535156e+08 -2.881320982715852479e-17
9.686545594750976562e+08 -2.715273157913693096e-17
9.686545594753417969e+08 -2.545884231628142008e-17
9.686545594755859375e+08 -2.375042233744067064e-17
9.686545594758300781e+08 -2.199993169496326450e-17
9.686545594760742188e+08 -2.026217986082374229e-17
9.686545594763183594e+08 -1.848422431979880572e-17
9.686545594765625000e+08 -1.671956659289051032e-17
9.686545594768066406e+08 -1.492272438188872804e-17
9.686545594770507812e+08 -1.312401981059199747e-17
9.686545594772949219e+08 -1.129756965704479981e-17
9.686545594775390625e+08 -9.472279688045041880e-18
9.686545594777832031e+08 -7.627495607195375156e-18
9.686545594780273438e+08 -5.769100148788289071e-18
9.686545594782714844e+08 -3.912365974638001444e-18
9.686545594785156250e+08 -2.029116329887913840e-18
9.686545594787597656e+08 -1.331416524026622865e-19
9.686545594790039062e+08 1.738475816716335964e-18
9.686545594792480469e+08 3.629632715440482263e-18
9.686545594794921875e+08 5.514192282227166453e-18
9.686545594797363281e+08 7.392166578808287598e-18
9.686545594799804688e+08 9.274041913093523313e-18
9.686545594802246094e+08 1.115961086844383730e-17
9.686545594804687500e+08 1.303519709467914719e-17
9.686545594807128906e+08 1.490349025953740060e-17
9.686545594809570312e+08 1.678185571126660877e-17
9.686545594812011719e+08 1.864741043164446621e-17
9.686545594814453125e+08 2.051845744538734346e-17
9.686545594816894531e+08 2.236419903372690569e-17
9.686545594819335938e+08 2.421639269035033823e-17
9.686545594821777344e+08 2.603619479641343490e-17
9.686545594824218750e+08 2.783669364446718989e-17
9.686545594826660156e+08 2.961949928180652907e-17
9.686545594829101562e+08 3.139739857816453910e-17
9.686545594831542969e+08 3.315367151040700772e-17
9.686545594833984375e+08 3.488283949047117862e-17
9.686545594836425781e+08 3.660334150950894219e-17
9.686545594838867188e+08 3.830123975842141782e-17
9.686545594841308594e+08 3.997978128168830912e-17
9.686545594843750000e+08 4.164207883082453020e-17
9.686545594846191406e+08 4.327220712930041414e-17
9.686545594848632812e+08 4.487100750444665455e-17
9.686545594851074219e+08 4.644081901035101543e-17
9.686545594853515625e+08 4.796667747432882075e-17
9.686545594855957031e+08 4.946791743302488177e-17
9.686545594858398438e+08 5.093008682878852734e-17
9.686545594860839844e+08 5.237412302595832050e-17
9.686545594863281250e+08 5.376296740371853978e-17
9.686545594865722656e+08 5.512818831829869959e-17
9.686545594868164062e+08 5.646819726183776528e-17
9.686545594870605469e+08 5.775929707054586518e-17
9.686545594873046875e+08 5.902454152273292161e-17
9.686545594875488281e+08 6.023797414082120555e-17
9.686545594877929688e+08 6.139919169178030689e-17
9.686545594880371094e+08 6.252403141801107023e-17
9.686545594882812500e+08 6.358993642841307228e-17
9.686545594885253906e+08 6.461397524821073565e-17
9.686545594887695312e+08 6.558972212673473233e-17
9.686545594890136719e+08 6.652868458085466680e-17
9.686545594892578125e+08 6.740293455648958975e-17
9.686545594895019531e+08 6.824064915437753953e-17
9.686545594897460938e+08 6.903082699240701513e-17
9.686545594899902344e+08 6.977064876161696712e-17
9.686545594902343750e+08 7.047136081316710594e-17
9.686545594904785156e+08 7.108970356272414162e-17
9.686545594907226562e+08 7.166775960289688469e-17
9.686545594909667969e+08 7.218779233054089263e-17
9.686545594912109375e+08 7.263873920300141579e-17
9.686545594914550781e+08 7.304182380135853446e-17
9.686545594916992188e+08 7.339177556875616119e-17
9.686545594919433594e+08 7.368117385595120003e-17
9.686545594921875000e+08 7.390826542021335439e-17
9.686545594924316406e+08 7.408739032274127666e-17
9.686545594926757812e+08 7.420724897396096782e-17
9.686545594929199219e+08 7.427621800029054396e-17
9.686545594931640625e+08 7.428276021711199154e-17
9.686545594934082031e+08 7.423194660495639019e-17
9.686545594936523438e+08 7.410820790950154162e-17
9.686545594938964844e+08 7.393369454736931327e-17
9.686545594941406250e+08 7.368626738789739444e-17
9.686545594943847656e+08 7.338169246551524105e-17
9.686545594946289062e+08 7.302370656466243984e-17
9.686545594948730469e+08 7.260092914934918947e-17
9.686545594951171875e+08 7.212689525259237935e-17
9.686545594953613281e+08 7.158403781903331822e-17
9.686545594956054688e+08 7.100207633182053319e-17
9.686545594958496094e+08 7.035409414758280422e-17
9.686545594960937500e+08 6.965734176124415441e-17
9.686545594963378906e+08 6.889402247173508841e-17
9.686545594965820312e+08 6.807489232031783241e-17
9.686545594968261719e+08 6.718946664013348847e-17
9.686545594970703125e+08 6.625140677669016690e-17
9.686545594973144531e+08 6.525209120049585324e-17
9.686545594975585938e+08 6.420725370795643880e-17
9.686545594978027344e+08 6.309800967789361498e-17
9.686545594980468750e+08 6.195940005917165243e-17
9.686545594982910156e+08 6.075390016267825642e-17
9.686545594985351562e+08 5.949466968749573888e-17
9.686545594987792969e+08 5.821716872846802122e-17
9.686545594990234375e+08 5.687957008053419630e-17
9.686545594992675781e+08 5.547462825646827686e-17
9.686545594995117188e+08 5.404734256470135667e-17
9.686545594997558594e+08 5.254792852571513044e-17
9.686545595000000000e+08 5.101513974540809850e-17
9.686545595002441406e+08 4.943314521388477288e-17
9.686545595004882812e+08 4.781777572765704538e-17
9.686545595007324219e+08 4.617019486119148239e-17
9.686545595009765625e+08 4.447593851444982680e-17
9.686545595012207031e+08 4.275434116718528290e-17
9.686545595014648438e+08 4.100415260691659751e-17
9.686545595017089844e+08 3.922037080414186251e-17
9.686545595019531250e+08 3.740499214303920386e-17
9.686545595021972656e+08 3.556462300487106414e-17
9.686545595024414062e+08 3.367910124883421258e-17
9.686545595026855469e+08 3.176901319593352996e-17
9.686545595029296875e+08 2.983417940002029687e-17
9.686545595031738281e+08 2.788086649106952087e-17
9.686545595034179688e+08 2.590908836955837699e-17
9.686545595036621094e+08 2.390434671679198334e-17
9.686545595039062500e+08 2.190414502335854890e-17
9.686545595041503906e+08 1.988670678807308667e-17
9.686545595043945312e+08 1.785580437259645421e-17
9.686545595046386719e+08 1.581715735001547002e-17
9.686545595048828125e+08 1.377062367159235062e-17
9.686545595051269531e+08 1.170549921115778385e-17
9.686545595053710938e+08 9.641668183138402806e-18
9.686545595056152344e+08 7.564208087184099235e-18
9.686545595058593750e+08 5.485031890099099839e-18
9.686545595061035156e+08 3.409839711634303771e-18
9.686545595063476562e+08 1.329284123035004853e-18
9.686545595065917969e+08 -7.290720591218194019e-19
9.686545595068359375e+08 -2.787887518535379691e-18
9.686545595070800781e+08 -4.839888527602863399e-18
9.686545595073242188e+08 -6.867292889333213473e-18
9.686545595075683594e+08 -8.892249588609503043e-18
9.686545595078125000e+08 -1.089376113888657395e-17
9.686545595080566406e+08 -1.289854022364045972e-17
9.686545595083007812e+08 -1.487848038673952444e-17
9.686545595085449219e+08 -1.683869464270482989e-17
9.686545595087890625e+08 -1.878139187141632123e-17
9.686545595090332031e+08 -2.072033450372780066e-17
9.686545595092773438e+08 -2.260028326928579477e-17
9.686545595095214844e+08 -2.447091558718670285e-17
9.686545595097656250e+08 -2.630963486043092962e-17
9.686545595100097656e+08 -2.812362302292873513e-17
9.686545595102539062e+08 -2.988593497449556808e-17
9.686545595104980469e+08 -3.162604279858423429e-17
9.686545595107421875e+08 -3.333483773139398876e-17
9.686545595109863281e+08 -3.500371992994696134e-17
9.686545595112304688e+08 -3.664102887386241764e-17
9.686545595114746094e+08 -3.824610908024556484e-17
9.686545595117187500e+08 -3.982351037944951151e-17
9.686545595119628906e+08 -4.133120824942361874e-17
9.686545595122070312e+08 -4.283129326697356428e-17
9.686545595124511719e+08 -4.425815615492301024e-17
9.686545595126953125e+08 -4.563246607164568717e-17
9.686545595129394531e+08 -4.698340519985066709e-17
9.686545595131835938e+08 -4.827595054309231405e-17
9.686545595134277344e+08 -4.951617286018905175e-17
9.686545595136718750e+08 -5.070158163007531827e-17
9.686545595139160156e+08 -5.186099655261257680e-17
9.686545595141601562e+08 -5.296733955358328617e-17
9.686545595144042969e+08 -5.402188583178292594e-17
9.686545595146484375e+08 -5.502223395834449131e-17
9.686545595148925781e+08 -5.597949492509883214e-17
9.686545595151367188e+08 -5.688520682192263895e-17
9.686545595153808594e+08 -5.771327812918732936e-17
9.686545595156250000e+08 -5.849956792209256823e-17
9.686545595158691406e+08 -5.924069253669499975e-17
9.686545595161132812e+08 -5.990423879369993410e-17
9.686545595163574219e+08 -6.052885644234459278e-17
9.686545595166015625e+08 -6.108799736737209551e-17
9.686545595168457031e+08 -6.160552440862090314e-17
9.686545595170898438e+08 -6.206734956328467971e-17
9.686545595173339844e+08 -6.247254961189820061e-17
9.686545595175781250e+08 -6.283045579448868259e-17
9.686545595178222656e+08 -6.312347602355336614e-17
9.686545595180664062e+08 -6.337796642537716793e-17
9.686545595183105469e+08 -6.354473752483933474e-17
9.686545595185546875e+08 -6.366650655145074089e-17
9.686545595187988281e+08 -6.373887352690471948e-17
9.686545595190429688e+08 -6.375067439754890108e-17
9.686545595192871094e+08 -6.370710800042746834e-17
9.686545595195312500e+08 -6.360939873227849565e-17
9.686545595197753906e+08 -6.346963148454471967e-17
9.686545595200195312e+08 -6.327022946756159704e-17
9.686545595202636719e+08 -6.302532756284767444e-17
9.686545595205078125e+08 -6.273171087475228864e-17
9.686545595207519531e+08 -6.238501727874496369e-17
9.686545595209960938e+08 -6.197556488798964807e-17
9.686545595212402344e+08 -6.152598330098440998e-17
9.686545595214843750e+08 -6.101512810671153497e-17
9.686545595217285156e+08 -6.045180798514592767e-17
9.686545595219726562e+08 -5.985105706753788096e-17
9.686545595222167969e+08 -5.919838686093924469e-17
9.686545595224609375e+08 -5.848827473745008566e-17
9.686545595227050781e+08 -5.775414256154957327e-17
9.686545595229492188e+08 -5.695982089801863368e-17
9.686545595231933594e+08 -5.613728508493619202e-17
9.686545595234375000e+08 -5.526786639163639940e-17
9.686545595236816406e+08 -5.436740370192075994e-17
9.686545595239257812e+08 -5.340583410277488653e-17
9.686545595241699219e+08 -5.239069626040530677e-17
9.686545595244140625e+08 -5.135916644760231057e-17
9.686545595246582031e+08 -5.027447215938629510e-17
9.686545595249023438e+08 -4.915422307460491417e-17
9.686545595251464844e+08 -4.799878256737766455e-17
9.686545595253906250e+08 -4.680451305048330988e-17
9.686545595256347656e+08 -4.558658110751425240e-17
9.686545595258789062e+08 -4.433543897899545988e-17
9.686545595261230469e+08 -4.306157367104155983e-17
9.686545595263671875e+08 -4.174056076934430063e-17
9.686545595266113281e+08 -4.040946979535465595e-17
9.686545595268554688e+08 -3.903042542339783188e-17
9.686545595270996094e+08 -3.762301101169473046e-17
9.686545595273437500e+08 -3.618368723135774999e-17
9.686545595275878906e+08 -3.473269828481981785e-17
9.686545595278320312e+08 -3.323704240573895003e-17
9.686545595280761719e+08 -3.174108133658501710e-17
9.686545595283203125e+08 -3.020784461008837221e-17
9.686545595285644531e+08 -2.866978276230256326e-17
9.686545595288085938e+08 -2.709923141987137098e-17
9.686545595290527344e+08 -2.552098121490254480e-17
9.686545595292968750e+08 -2.393720015993683619e-17
9.686545595295410156e+08 -2.231861594786347625e-17
9.686545595297851562e+08 -2.069318741683703780e-17
9.686545595300292969e+08 -1.902696568562072093e-17
9.686545595302734375e+08 -1.738123819997090960e-17
9.686545595305175781e+08 -1.569991096738467835e-17
9.686545595307617188e+08 -1.401885273421760783e-17
9.686545595310058594e+08 -1.232256315051488930e-17
9.686545595312500000e+08 -1.063289639024693862e-17
9.686545595314941406e+08 -8.923016676588873908e-18
9.686545595317382812e+08 -7.213969877225310525e-18
9.686545595319824219e+08 -5.516064274755803730e-18
9.686545595322265625e+08 -3.804116658715965371e-18
9.686545595324707031e+08 -2.101075093093049995e-18
9.686545595327148438e+08 -3.661355728820025471e-19
9.686545595329589844e+08 1.354105946840630491e-18
9.686545595332031250e+08 3.072963660565769241e-18
9.686545595334472656e+08 4.793353018661297499e-18
9.686545595336914062e+08 6.509414048057413577e-18
9.686545595339355469e+08 8.217478285156424232e-18
9.686545595341796875e+08 9.921438925288810663e-18
9.686545595344238281e+08 1.161290028850057788e-17
9.686545595346679688e+08 1.329908096640850346e-17
9.686545595349121094e+08 1.496750544651808361e-17
9.686545595351562500e+08 1.661836689312617847e-17
9.686545595354003906e+08 1.827144467117959352e-17
9.686545595356445312e+08 1.993084904998145144e-17
9.686545595358886719e+08 2.154867323621584315e-17
9.686545595361328125e+08 2.317666370778626385e-17
9.686545595363769531e+08 2.476880737540824741e-17
9.686545595366210938e+08 2.636726233667942481e-17
9.686545595368652344e+08 2.792771753618206955e-17
9.686545595371093750e+08 2.947512346162078116e-17
9.686545595373535156e+08 3.101015861223650522e-17
9.686545595375976562e+08 3.250010302135511971e-17
9.686545595378417969e+08 3.397555448512175164e-17
9.686545595380859375e+08 3.542113607754566597e-17
9.686545595383300781e+08 3.685663867975064598e-17
9.686545595385742188e+08 3.827353510464800316e-17
9.686545595388183594e+08 3.966508241788673825e-17
9.686545595390625000e+08 4.102513165000876499e-17
9.686545595393066406e+08 4.235550911516682614e-17
9.686545595395507812e+08 4.366441251891969883e-17
9.686545595397949219e+08 4.493631380834729035e-17
9.686545595400390625e+08 4.617656357697292084e-17
9.686545595402832031e+08 4.739227156568288950e-17
9.686545595405273438e+08 4.855310558193057645e-17
9.686545595407714844e+08 4.968475001246200761e-17
9.686545595410156250e+08 5.078960050339044124e-17
9.686545595412597656e+08 5.186097330056234135e-17
9.686545595415039062e+08 5.291145545506704381e-17
9.686545595417480469e+08 5.391557508945845808e-17
9.686545595419921875e+08 5.487442280946033740e-17
9.686545595422363281e+08 5.581085774370270786e-17
9.686545595424804688e+08 5.669743501870556363e-17
9.686545595427246094e+08 5.754904120467273614e-17
9.686545595429687500e+08 5.835219739946068866e-17
9.686545595432128906e+08 5.911939237186122912e-17
9.686545595434570312e+08 5.983166412228924623e-17
9.686545595437011719e+08 6.050186756314075324e-17
9.686545595439453125e+08 6.112629116774301710e-17
9.686545595441894531e+08 6.172246840325324993e-17
9.686545595444335938e+08 6.228683554831441255e-17
9.686545595446777344e+08 6.278567591161527495e-17
9.686545595449218750e+08 6.324527874620607633e-17
9.686545595451660156e+08 6.366687680304868949e-17
9.686545595454101562e+08 6.403047888028579178e-17
9.686545595456542969e+08 6.435335682626168343e-17
9.686545595458984375e+08 6.462360259396222832e-17
9.686545595461425781e+08 6.485637422136159288e-17
9.686545595463867188e+08 6.501323873173088512e-17
9.686545595466308594e+08 6.513958624233247905e-17
9.686545595468750000e+08 6.520410548188244342e-17
9.686545595471191406e+08 6.524854685032991895e-17
9.686545595473632812e+08 6.523504144136809704e-17
9.686545595476074219e+08 6.517028597191402466e-17
9.686545595478515625e+08 6.506165122635876521e-17
9.686545595480957031e+08 6.488350864014583408e-17
9.686545595483398438e+08 6.468091466576760273e-17
9.686545595485839844e+08 6.442486322307467020e-17
9.686545595488281250e+08 6.410218819897239602e-17
9.686545595490722656e+08 6.375005980682627039e-17
9.686545595493164062e+08 6.332222642592924948e-17
9.686545595495605469e+08 6.285155334999814773e-17
9.686545595498046875e+08 6.234045101041304377e-17
9.686545595500488281e+08 6.179182311367021338e-17
9.686545595502929688e+08 6.118982749928056707e-17
9.686545595505371094e+08 6.054050036617520757e-17
9.686545595507812500e+08 5.984777966808049439e-17
9.686545595510253906e+08 5.909586627011254486e-17
9.686545595512695312e+08 5.831807275280145307e-17
9.686545595515136719e+08 5.747893258539385438e-17
9.686545595517578125e+08 5.660199983210029450e-17
9.686545595520019531e+08 5.567768601200040308e-17
9.686545595522460938e+08 5.469134356461831528e-17
9.686545595524902344e+08 5.366840478842089470e-17
9.686545595527343750e+08 5.261521624786573416e-17
9.686545595529785156e+08 5.152610121908315618e-17
9.686545595532226562e+08 5.038950808423055285e-17
9.686545595534667969e+08 4.922583694578727308e-17
9.686545595537109375e+08 4.800742476046641455e-17
9.686545595539550781e+08 4.676379815396734328e-17
9.686545595541992188e+08 4.547877798703688621e-17
9.686545595544433594e+08 4.415337413436240236e-17
9.686545595546875000e+08 4.281147895130385980e-17
9.686545595549316406e+08 4.141156509874089923e-17
9.686545595551757812e+08 3.997214281136290795e-17
9.686545595554199219e+08 3.851104198685280308e-17
9.686545595556640625e+08 3.703348455522357757e-17
9.686545595559082031e+08 3.553114726206077040e-17
9.686545595561523438e+08 3.399745665667168156e-17
9.686545595563964844e+08 3.244373504745918711e-17
9.686545595566406250e+08 3.086353874480487163e-17
9.686545595568847656e+08 2.925471759291252002e-17
9.686545595571289062e+08 2.762403853353645000e-17
9.686545595573730469e+08 2.598934628875300018e-17
9.686545595576171875e+08 2.432141526071640705e-17
9.686545595578613281e+08 2.264373283052067938e-17
9.686545595581054688e+08 2.092589233935040750e-17
9.686545595583496094e+08 1.921255995623528814e-17
9.686545595585937500e+08 1.749670206034175412e-17
9.686545595588378906e+08 1.577481968398348279e-17
9.686545595590820312e+08 1.404248202055665682e-17
9.686545595593261719e+08 1.230014242211130217e-17
9.686545595595703125e+08 1.055514432828173577e-17
9.686545595598144531e+08 8.799533153047459782e-18
9.686545595600585938e+08 7.053056577103752044e-18
9.686545595603027344e+08 5.304292036977379245e-18
9.686545595605468750e+08 3.553606477288517365e-18
9.686545595607910156e+08 1.802657157772697045e-18
9.686545595610351562e+08 4.067298997915539130e-20
9.686545595612792969e+08 -1.691921790224906952e-18
9.686545595615234375e+08 -3.417135970669020495e-18
9.686545595617675781e+08 -5.129104010699249096e-18
9.686545595620117188e+08 -6.824235529443923465e-18
9.686545595622558594e+08 -8.515631821712783285e-18
9.686545595625000000e+08 -1.018914688990601368e-17
9.686545595627441406e+08 -1.184674701117286549e-17
9.686545595629882812e+08 -1.348376800931970988e-17
9.686545595632324219e+08 -1.509848600821036349e-17
9.686545595634765625e+08 -1.668759059180321610e-17
9.686545595637207031e+08 -1.827729977391118940e-17
9.686545595639648438e+08 -1.983620139594288417e-17
9.686545595642089844e+08 -2.136851419554571397e-17
9.686545595644531250e+08 -2.286135787202786513e-17
9.686545595646972656e+08 -2.431668274399559884e-17
9.686545595649414062e+08 -2.576004427955812241e-17
9.686545595651855469e+08 -2.715838005677180101e-17
9.686545595654296875e+08 -2.853366465236458940e-17
9.686545595656738281e+08 -2.987522299416754984e-17
9.686545595659179688e+08 -3.117933829372844623e-17
9.686545595661621094e+08 -3.244222241570327625e-17
9.686545595664062500e+08 -3.367296424074596553e-17
9.686545595666503906e+08 -3.487200809916435764e-17
9.686545595668945312e+08 -3.604015738306452125e-17
9.686545595671386719e+08 -3.715426179593981186e-17
9.686545595673828125e+08 -3.822237775065632358e-17
9.686545595676269531e+08 -3.924720826775978237e-17
9.686545595678710938e+08 -4.022313245636904635e-17
9.686545595681152344e+08 -4.116945972218696967e-17
9.686545595683593750e+08 -4.207007142227482007e-17
9.686545595686035156e+08 -4.291845769937264690e-17
9.686545595688476562e+08 -4.372055225734560047e-17
9.686545595690917969e+08 -4.447827654618188798e-17
9.686545595693359375e+08 -4.518752754699196550e-17
9.686545595695800781e+08 -4.586623117650104133e-17
9.686545595698242188e+08 -4.649446259822079010e-17
9.686545595700683594e+08 -4.707110080922446110e-17
9.686545595703125000e+08 -4.758598708670233804e-17
9.686545595705566406e+08 -4.805058490895088719e-17
9.686545595708007812e+08 -4.847383983952818963e-17
9.686545595710449219e+08 -4.884620014907849142e-17
9.686545595712890625e+08 -4.917857944513096885e-17
9.686545595715332031e+08 -4.945655273576493441e-17
9.686545595717773438e+08 -4.967872439723131671e-17
9.686545595720214844e+08 -4.985086359298203532e-17
9.686545595722656250e+08 -4.998565224220148242e-17
9.686545595725097656e+08 -5.009327979293633715e-17
9.686545595727539062e+08 -5.013391089864511736e-17
9.686545595729980469e+08 -5.011413479714504415e-17
9.686545595732421875e+08 -5.005098807729241831e-17
9.686545595734863281e+08 -4.993146781634272566e-17
9.686545595737304688e+08 -4.978276321335243402e-17
9.686545595739746094e+08 -4.957904507898151398e-17
9.686545595742187500e+08 -4.934423765047453271e-17
9.686545595744628906e+08 -4.904478225480704197e-17
9.686545595747070312e+08 -4.871024367342809426e-17
9.686545595749511719e+08 -4.832006191778815738e-17
9.686545595751953125e+08 -4.790557042635261618e-17
9.686545595754394531e+08 -4.745778887368539269e-17
9.686545595756835938e+08 -4.695702149456446035e-17
9.686545595759277344e+08 -4.641573897321602108e-17
9.686545595761718750e+08 -4.581566564027149855e-17
9.686545595764160156e+08 -4.519047262821970929e-17
9.686545595766601562e+08 -4.452550272461171421e-17
9.686545595769042969e+08 -4.382994554901016219e-17
9.686545595771484375e+08 -4.310194457668720011e-17
9.686545595773925781e+08 -4.232579228768237829e-17
9.686545595776367188e+08 -4.151691095581591667e-17
9.686545595778808594e+08 -4.067635362675028822e-17
9.686545595781250000e+08 -3.981554006793477930e-17
9.686545595783691406e+08 -3.893135637404065602e-17
9.686545595786132812e+08 -3.800424944102328238e-17
9.686545595788574219e+08 -3.705740787246473465e-17
9.686545595791015625e+08 -3.605862721512093058e-17
9.686545595793457031e+08 -3.504198715680763897e-17
9.686545595795898438e+08 -3.401456239456834697e-17
9.686545595798339844e+08 -3.295180580130718864e-17
9.686545595800781250e+08 -3.187768721024794768e-17
9.686545595803222656e+08 -3.078222951225818938e-17
9.686545595805664062e+08 -2.964405347473785544e-17
9.686545595808105469e+08 -2.850848317745844484e-17
9.686545595810546875e+08 -2.735942936313044166e-17
9.686545595812988281e+08 -2.620211657964807992e-17
9.686545595815429688e+08 -2.501252328818309862e-17
9.686545595817871094e+08 -2.380919595631182615e-17
9.686545595820312500e+08 -2.259676946203454521e-17
9.686545595822753906e+08 -2.136147382408620783e-17
9.686545595825195312e+08 -2.012538573628259135e-17
9.686545595827636719e+08 -1.888575568132109446e-17
9.686545595830078125e+08 -1.764813771281606957e-17
9.686545595832519531e+08 -1.637740025699715220e-17
9.686545595834960938e+08 -1.511466729748065925e-17
9.686545595837402344e+08 -1.384077830055231741e-17
9.686545595839843750e+08 -1.259043506232724097e-17
9.686545595842285156e+08 -1.133021727527045311e-17
9.686545595844726562e+08 -1.006066625287259755e-17
9.686545595847167969e+08 -8.791507697094288669e-18
9.686545595849609375e+08 -7.510474282893770333e-18
9.686545595852050781e+08 -6.242314140809490275e-18
9.686545595854492188e+08 -4.972955258391973499e-18
9.686545595856933594e+08 -3.730199772730825265e-18
9.686545595859375000e+08 -2.481636202055302516e-18
9.686545595861816406e+08 -1.233969320002841046e-18
9.686545595864257812e+08 4.154633574309396155e-21
9.686545595866699219e+08 1.238836288549232084e-18
9.686545595869140625e+08 2.432417814682960823e-18
9.686545595871582031e+08 3.642838170719337846e-18
9.686545595874023438e+08 4.827077457820735721e-18
9.686545595876464844e+08 6.012755892309762083e-18
9.686545595878906250e+08 7.188263967587758795e-18
9.686545595881347656e+08 8.350803069928912720e-18
9.686545595883789062e+08 9.488545876105010541e-18
9.686545595886230469e+08 1.059505306972449087e-17
9.686545595888671875e+08 1.170985383473576091e-17
9.686545595891113281e+08 1.279053187650941474e-17
9.686545595893554688e+08 1.386971127214480063e-17
9.686545595895996094e+08 1.492199586835071677e-17
9.686545595898437500e+08 1.594366230050303046e-17
9.686545595900878906e+08 1.694527829615993597e-17
9.686545595903320312e+08 1.793614598709687673e-17
9.686545595905761719e+08 1.891657608441353036e-17
9.686545595908203125e+08 1.985876093230787037e-17
9.686545595910644531e+08 2.079522469967901425e-17
9.686545595913085938e+08 2.169862568209342076e-17
9.686545595915527344e+08 2.255738819688813208e-17
9.686545595917968750e+08 2.341938994785999102e-17
9.686545595920410156e+08 2.424832053746794156e-17
9.686545595922851562e+08 2.506659367787204072e-17
9.686545595925292969e+08 2.584440481460375282e-17
9.686545595927734375e+08 2.657636459462225647e-17
9.686545595930175781e+08 2.730339446557078156e-17
9.686545595932617188e+08 2.800282520662590117e-17
9.686545595935058594e+08 2.868064758443578136e-17
9.686545595937500000e+08 2.933775035163601591e-17
9.686545595939941406e+08 2.996585123900441727e-17
9.686545595942382812e+08 3.054579621266167603e-17
9.686545595944824219e+08 3.109886862829762378e-17
9.686545595947265625e+08 3.164462514438292545e-17
9.686545595949707031e+08 3.214655948420422687e-17
9.686545595952148438e+08 3.263869218891589454e-17
9.686545595954589844e+08 3.307623974172256873e-17
9.686545595957031250e+08 3.349267062038403244e-17
9.686545595959472656e+08 3.386921865738211652e-17
9.686545595961914062e+08 3.423574521637020346e-17
9.686545595964355469e+08 3.458049871239354202e-17
9.686545595966796875e+08 3.488142788044406698e-17
9.686545595969238281e+08 3.516316704774384661e-17
9.686545595971679688e+08 3.539504882272198428e-17
9.686545595974121094e+08 3.561155667097125663e-17
9.686545595976562500e+08 3.579151277798492894e-17
9.686545595979003906e+08 3.595021808570586588e-17
9.686545595981445312e+08 3.607937791415485356e-17
9.686545595983886719e+08 3.616755742361389597e-17
9.686545595986328125e+08 3.622053985968305639e-17
9.686545595988769531e+08 3.624819235993686732e-17
9.686545595991210938e+08 3.625926717426402243e-17
9.686545595993652344e+08 3.624327923110577375e-17
9.686545595996093750e+08 3.619105300691353517e-17
9.686545595998535156e+08 3.611052154932593790e-17
9.686545596000976562e+08 3.599104723440167249e-17
9.686545596003417969e+08 3.584112092065930070e-17
9.686545596005859375e+08 3.567488324987291372e-17
9.686545596008300781e+08 3.547366752127687198e-17
9.686545596010742188e+08 3.525907633439496995e-17
9.686545596013183594e+08 3.498429827542054583e-17
9.686545596015625000e+08 3.469692926838654563e-17
9.686545596018066406e+08 3.438162898887301079e-17
9.686545596020507812e+08 3.404946483862216136e-17
9.686545596022949219e+08 3.369381226395054670e-17
9.686545596025390625e+08 3.329165277313249956e-17
9.686545596027832031e+08 3.288684115481058127e-17
9.686545596030273438e+08 3.242530467824510106e-17
9.686545596032714844e+08 3.194817497764448531e-17
9.686545596035156250e+08 3.145165460995180144e-17
9.686545596037597656e+08 3.094316050063658491e-17
9.686545596040039062e+08 3.039408312788636566e-17
9.686545596042480469e+08 2.981315979517779614e-17
9.686545596044921875e+08 2.921007606461484261e-17
9.686545596047363281e+08 2.859865036585576126e-17
9.686545596049804688e+08 2.795327587154312273e-17
9.686545596052246094e+08 2.730124140998002965e-17
9.686545596054687500e+08 2.662413332080342120e-17
9.686545596057128906e+08 2.591578746032230672e-17
9.686545596059570312e+08 2.518038689027707849e-17
9.686545596062011719e+08 2.443593106115587140e-17
9.686545596064453125e+08 2.367510433017466200e-17
9.686545596066894531e+08 2.290045799803229863e-17
9.686545596069335938e+08 2.210163370070143159e-17
9.686545596071777344e+08 2.127872471136143929e-17
9.686545596074218750e+08 2.044617190927798188e-17
9.686545596076660156e+08 1.958960286770676839e-17
9.686545596079101562e+08 1.873327649306806837e-17
9.686545596081542969e+08 1.787100092367214320e-17
9.686545596083984375e+08 1.698078589012337525e-17
9.686545596086425781e+08 1.608468975060844788e-17
9.686545596088867188e+08 1.515870820474606077e-17
9.686545596091308594e+08 1.423603293478953554e-17
9.686545596093750000e+08 1.331235230952195649e-17
9.686545596096191406e+08 1.237900328208703337e-17
9.686545596098632812e+08 1.142872251861259113e-17
9.686545596101074219e+08 1.046469676515041487e-17
9.686545596103515625e+08 9.498506143526512614e-18
9.686545596105957031e+08 8.537120625630723524e-18
9.686545596108398438e+08 7.569317706273423506e-18
9.686545596110839844e+08 6.611731001224901765e-18
9.686545596113281250e+08 5.632100433657965764e-18
9.686545596115722656e+08 4.668409131581190849e-18
9.686545596118164062e+08 3.677086991967368035e-18
9.686545596120605469e+08 2.714912608275283194e-18
9.686545596123046875e+08 1.743782843839607900e-18
9.686545596125488281e+08 7.793399980994682444e-19
9.686545596127929688e+08 -1.839781394267193944e-19
9.686545596130371094e+08 -1.152360626406401954e-18
9.686545596132812500e+08 -2.099727227750684949e-18
9.686545596135253906e+08 -3.041735489679503572e-18
9.686545596137695312e+08 -3.965856013719619001e-18
9.686545596140136719e+08 -4.883744358012684834e-18
9.686545596142578125e+08 -5.794647549935010744e-18
9.686545596145019531e+08 -6.700346035050871473e-18
9.686545596147460938e+08 -7.597792247263121871e-18
9.686545596149902344e+08 -8.471317263620232223e-18
9.686545596152343750e+08 -9.330944041497213125e-18
9.686545596154785156e+08 -1.016817688436715690e-17
9.686545596157226562e+08 -1.100236447992966420e-17
9.686545596159667969e+08 -1.181950607561873759e-17
9.686545596162109375e+08 -1.260698898664272827e-17
9.686545596164550781e+08 -1.338206872758230033e-17
9.686545596166992188e+08 -1.412506132771894279e-17
9.686545596169433594e+08 -1.485051736350376387e-17
9.686545596171875000e+08 -1.554698036366849758e-17
9.686545596174316406e+08 -1.624011102400079066e-17
9.686545596176757812e+08 -1.690897462644473884e-17
9.686545596179199219e+08 -1.753414582092094365e-17
9.686545596181640625e+08 -1.814658874388085593e-17
9.686545596184082031e+08 -1.871786888930508036e-17
9.686545596186523438e+08 -1.927162715377531162e-17
9.686545596188964844e+08 -1.981200387676325593e-17
9.686545596191406250e+08 -2.030533908626566891e-17
9.686545596193847656e+08 -2.077095639927402907e-17
9.686545596196289062e+08 -2.119628052436447415e-17
9.686545596198730469e+08 -2.159692087692608465e-17
9.686545596201171875e+08 -2.197593930372263868e-17
9.686545596203613281e+08 -2.232926099412753074e-17
9.686545596206054688e+08 -2.264407756946247731e-17
9.686545596208496094e+08 -2.291878140330042017e-17
9.686545596210937500e+08 -2.316145379914700836e-17
9.686545596213378906e+08 -2.336964261565444829e-17
9.686545596215820312e+08 -2.355517717168121601e-17
9.686545596218261719e+08 -2.369955138770118624e-17
9.686545596220703125e+08 -2.381159150923933690e-17
9.686545596223144531e+08 -2.388967579834150487e-17
9.686545596225585938e+08 -2.392087980374760703e-17
9.686545596228027344e+08 -2.392492708865092397e-17
9.686545596230468750e+08 -2.389782680631963781e-17
9.686545596232910156e+08 -2.384282899626720617e-17
9.686545596235351562e+08 -2.375321731412995630e-17
9.686545596237792969e+08 -2.360291676500333949e-17
9.686545596240234375e+08 -2.344394377252656750e-17
9.686545596242675781e+08 -2.324746137871974641e-17
9.686545596245117188e+08 -2.300536551374407394e-17
9.686545596247558594e+08 -2.274688812059710161e-17
9.686545596250000000e+08 -2.244499891902542419e-17
9.686545596252441406e+08 -2.211035876394321545e-17
9.686545596254882812e+08 -2.172422160366482615e-17
9.686545596257324219e+08 -2.132759558850661166e-17
9.686545596259765625e+08 -2.089805041667035002e-17
9.686545596262207031e+08 -2.044174902048325139e-17
9.686545596264648438e+08 -1.995242057735012466e-17
9.686545596267089844e+08 -1.941974844957693865e-17
9.686545596269531250e+08 -1.887723049919762496e-17
9.686545596271972656e+08 -1.828056052532951905e-17
9.686545596274414062e+08 -1.767613945276216722e-17
9.686545596276855469e+08 -1.705324715226048816e-17
9.686545596279296875e+08 -1.638404203847224978e-17
9.686545596281738281e+08 -1.568878464973931976e-17
9.686545596284179688e+08 -1.496769062771957279e-17
9.686545596286621094e+08 -1.423440720448951915e-17
9.686545596289062500e+08 -1.347384562434977617e-17
9.686545596291503906e+08 -1.270037226287128324e-17
9.686545596293945312e+08 -1.189546588342943164e-17
9.686545596296386719e+08 -1.107585801534899011e-17
9.686545596298828125e+08 -1.023361733811177764e-17
9.686545596301269531e+08 -9.370681672381137293e-18
9.686545596303710938e+08 -8.498779527745644527e-18
9.686545596306152344e+08 -7.615423064642360890e-18
9.686545596308593750e+08 -6.704498904295518758e-18
9.686545596311035156e+08 -5.791278229947260923e-18
9.686545596313476562e+08 -4.848376245794846738e-18
9.686545596315917969e+08 -3.914836399395504157e-18
9.686545596318359375e+08 -2.967465683492996726e-18
9.686545596320800781e+08 -2.020778064362487970e-18
9.686545596323242188e+08 -1.061757908580673169e-18
9.686545596325683594e+08 -9.008918963136617137e-20
9.686545596328125000e+08 8.885620907230222630e-19
9.686545596330566406e+08 1.859110828955279306e-18
9.686545596333007812e+08 2.840719398585631635e-18
9.686545596335449219e+08 3.817313580747273066e-18
9.686545596337890625e+08 4.786589396555067257e-18
9.686545596340332031e+08 5.779386808201056878e-18
9.686545596342773438e+08 6.754592398247377975e-18
9.686545596345214844e+08 7.720484398862099043e-18
9.686545596347656250e+08 8.678072423807948445e-18
9.686545596350097656e+08 9.625920022413636817e-18
9.686545596352539062e+08 1.058008793170895482e-17
9.686545596354980469e+08 1.152526650143925824e-17
9.686545596357421875e+08 1.245489407519079306e-17
9.686545596359863281e+08 1.337028937804304560e-17
9.686545596362304688e+08 1.427431378891979805e-17
9.686545596364746094e+08 1.516280336881335721e-17
9.686545596367187500e+08 1.604716447632297627e-17
9.686545596369628906e+08 1.691529633012217580e-17
9.686545596372070312e+08 1.775686347284740760e-17
9.686545596374511719e+08 1.859332001731757741e-17
9.686545596376953125e+08 1.938800974342326494e-17
9.686545596379394531e+08 2.017704782300231212e-17
9.686545596381835938e+08 2.094701290462298116e-17
9.686545596384277344e+08 2.169426268367414615e-17
9.686545596386718750e+08 2.242173558052442392e-17
9.686545596389160156e+08 2.312949818217401339e-17
9.686545596391601562e+08 2.380645028308050808e-17
9.686545596394042969e+08 2.445293129490226245e-17
9.686545596396484375e+08 2.509398689019205737e-17
9.686545596398925781e+08 2.569853253723587982e-17
9.686545596401367188e+08 2.628810895186247940e-17
9.686545596403808594e+08 2.683243029871903116e-17
9.686545596406250000e+08 2.735131093962545144e-17
9.686545596408691406e+08 2.784385906336987462e-17
9.686545596411132812e+08 2.831392224743177273e-17
9.686545596413574219e+08 2.875768486567036950e-17
9.686545596416015625e+08 2.916727303489544367e-17
9.686545596418457031e+08 2.955558200086609805e-17
9.686545596420898438e+08 2.990330921685802658e-17
9.686545596423339844e+08 3.022304378280307508e-17
9.686545596425781250e+08 3.052496627449810049e-17
9.686545596428222656e+08 3.079658226680486629e-17
9.686545596430664062e+08 3.102354681999058345e-17
9.686545596433105469e+08 3.123148965698508613e-17
9.686545596435546875e+08 3.139295152576661983e-17
9.686545596437988281e+08 3.152848307323073787e-17
9.686545596440429688e+08 3.165167191633626957e-17
9.686545596442871094e+08 3.172116085244143157e-17
9.686545596445312500e+08 3.178009444772120759e-17
9.686545596447753906e+08 3.180599304375323684e-17
9.686545596450195312e+08 3.179898851929850086e-17
9.686545596452636719e+08 3.176004492129134318e-17
9.686545596455078125e+08 3.169520038559382753e-17
9.686545596457519531e+08 3.160699320914569996e-17
9.686545596459960938e+08 3.148211131566584575e-17
9.686545596462402344e+08 3.133261770222468324e-17
9.686545596464843750e+08 3.113834321413340765e-17
9.686545596467285156e+08 3.092868512982915059e-17
9.686545596469726562e+08 3.069133042882591605e-17
9.686545596472167969e+08 3.043438377659999091e-17
9.686545596474609375e+08 3.015452937275665077e-17
9.686545596477050781e+08 2.983700153116075538e-17
9.686545596479492188e+08 2.949995197728489557e-17
9.686545596481933594e+08 2.913430386081924774e-17
9.686545596484375000e+08 2.874627886317445062e-17
9.686545596486816406e+08 2.833990993046580566e-17
9.686545596489257812e+08 2.791209183819347528e-17
9.686545596491699219e+08 2.744026112262130568e-17
9.686545596494140625e+08 2.695856104200855627e-17
9.686545596496582031e+08 2.645667872132318003e-17
9.686545596499023438e+08 2.593880825823621672e-17
9.686545596501464844e+08 2.538955248591357753e-17
9.686545596503906250e+08 2.483103524468889377e-17
9.686545596506347656e+08 2.425611088832738110e-17
9.686545596508789062e+08 2.366009412253463262e-17
9.686545596511230469e+08 2.303568965875922742e-17
9.686545596513671875e+08 2.241841732509839541e-17
9.686545596516113281e+08 2.177367877029329339e-17
9.686545596518554688e+08 2.110769391036572318e-17
9.686545596520996094e+08 2.042502375783160066e-17
9.686545596523437500e+08 1.972458673328580668e-17
9.686545596525878906e+08 1.902744767051909945e-17
9.686545596528320312e+08 1.830093934580976765e-17
9.686545596530761719e+08 1.756439066196319059e-17
9.686545596533203125e+08 1.683773790549154626e-17
9.686545596535644531e+08 1.608049824514057652e-17
9.686545596538085938e+08 1.531868535786181427e-17
9.686545596540527344e+08 1.454482556722879296e-17
9.686545596542968750e+08 1.376871750031580291e-17
9.686545596545410156e+08 1.299465833077164050e-17
9.686545596547851562e+08 1.218761022858991267e-17
9.686545596550292969e+08 1.137974762686051734e-17
9.686545596552734375e+08 1.056650748908089874e-17
9.686545596555175781e+08 9.749036939699872933e-18
9.686545596557617188e+08 8.927318464227091277e-18
9.686545596560058594e+08 8.099112519908702581e-18
9.686545596562500000e+08 7.285042199067509124e-18
9.686545596564941406e+08 6.446697595808411310e-18
9.686545596567382812e+08 5.613511751955597224e-18
9.686545596569824219e+08 4.781179226708905027e-18
9.686545596572265625e+08 3.953973406210208981e-18
9.686545596574707031e+08 3.116352512605850429e-18
9.686545596577148438e+08 2.276247870389170216e-18
9.686545596579589844e+08 1.426769136358966140e-18
9.686545596582031250e+08 5.911533152172650438e-19
9.686545596584472656e+08 -2.462272833785739405e-19
9.686545596586914062e+08 -1.089034297578874364e-18
9.686545596589355469e+08 -1.916141630488121547e-18
9.686545596591796875e+08 -2.742096672169057045e-18
9.686545596594238281e+08 -3.562252126115620707e-18
9.686545596596679688e+08 -4.389943844939687141e-18
9.686545596599121094e+08 -5.201873516676251318e-18
9.686545596601562500e+08 -6.009895486752533025e-18
9.686545596604003906e+08 -6.823420163310043621e-18
9.686545596606445312e+08 -7.622636997595234785e-18
9.686545596608886719e+08 -8.438980555622983612e-18
9.686545596611328125e+08 -9.217410824294419806e-18
9.686545596613769531e+08 -1.000810917623169278e-17
9.686545596616210938e+08 -1.079457457179900620e-17
9.686545596618652344e+08 -1.155499609454707584e-17
9.686545596621093750e+08 -1.231334360018269888e-17
9.686545596623535156e+08 -1.305997815461473425e-17
9.686545596625976562e+08 -1.380681741271481758e-17
9.686545596628417969e+08 -1.453694263624447519e-17
9.686545596630859375e+08 -1.525329080770841062e-17
9.686545596633300781e+08 -1.597519280426766260e-17
9.686545596635742188e+08 -1.667710667729171786e-17
9.686545596638183594e+08 -1.737398756401427760e-17
9.686545596640625000e+08 -1.805853160306358554e-17
9.686545596643066406e+08 -1.872340452595630809e-17
9.686545596645507812e+08 -1.939659064180208308e-17
9.686545596647949219e+08 -2.003645841872050461e-17
9.686545596650390625e+08 -2.065563443777954731e-17
9.686545596652832031e+08 -2.127730662525180693e-17
9.686545596655273438e+08 -2.188666252998893851e-17
9.686545596657714844e+08 -2.246912261818823388e-17
9.686545596660156250e+08 -2.304060040831508912e-17
9.686545596662597656e+08 -2.361138500205075504e-17
9.686545596665039062e+08 -2.415669133499106535e-17
9.686545596667480469e+08 -2.469430985259199770e-17
9.686545596669921875e+08 -2.519956747056446808e-17
9.686545596672363281e+08 -2.571362678675343065e-17
9.686545596674804688e+08 -2.619686145199067944e-17
9.686545596677246094e+08 -2.665272208606018725e-17
9.686545596679687500e+08 -2.709427929590813678e-17
9.686545596682128906e+08 -2.752833060005635915e-17
9.686545596684570312e+08 -2.792736637784885466e-17
9.686545596687011719e+08 -2.831820774682249728e-17
9.686545596689453125e+08 -2.868498084357759341e-17
9.686545596691894531e+08 -2.903816767417914102e-17
9.686545596694335938e+08 -2.937489935055238327e-17
9.686545596696777344e+08 -2.969154519840039186e-17
9.686545596699218750e+08 -2.997597119242975118e-17
9.686545596701660156e+08 -3.025379866098924204e-17
9.686545596704101562e+08 -3.051153288566535446e-17
9.686545596706542969e+08 -3.072521088006857337e-17
9.686545596708984375e+08 -3.092540483018765008e-17
9.686545596711425781e+08 -3.110301289982538848e-17
9.686545596713867188e+08 -3.126153982095399230e-17
9.686545596716308594e+08 -3.138086736319181177e-17
9.686545596718750000e+08 -3.149551158851267711e-17
9.686545596721191406e+08 -3.158467015440795773e-17
9.686545596723632812e+08 -3.165401257464632572e-17
9.686545596726074219e+08 -3.168593574266209379e-17
9.686545596728515625e+08 -3.170560462836396452e-17
9.686545596730957031e+08 -3.170166246930127334e-17
9.686545596733398438e+08 -3.166155483990004751e-17
9.686545596735839844e+08 -3.158297263254486010e-17
9.686545596738281250e+08 -3.148886011164627283e-17
9.686545596740722656e+08 -3.137767685686140396e-17
9.686545596743164062e+08 -3.122069325078846612e-17
9.686545596745605469e+08 -3.105418265482931622e-17
9.686545596748046875e+08 -3.084735839344948880e-17
9.686545596750488281e+08 -3.063676257746095243e-17
9.686545596752929688e+08 -3.038848305189900983e-17
9.686545596755371094e+08 -3.010114226951955324e-17
9.686545596757812500e+08 -2.979892278336219751e-17
9.686545596760253906e+08 -2.947970277559805277e-17
9.686545596762695312e+08 -2.910977252834039894e-17
9.686545596765136719e+08 -2.871838520325280642e-17
9.686545596767578125e+08 -2.829378982371803124e-17
9.686545596770019531e+08 -2.785290938981476365e-17
9.686545596772460938e+08 -2.737110246529450227e-17
9.686545596774902344e+08 -2.688391782074286824e-17
9.686545596777343750e+08 -2.635246310496024545e-17
9.686545596779785156e+08 -2.580006262102892533e-17
9.686545596782226562e+08 -2.522553425359275853e-17
9.686545596784667969e+08 -2.462178119783205492e-17
9.686545596787109375e+08 -2.399229099549983009e-17
9.686545596789550781e+08 -2.333925600418371477e-17
9.686545596791992188e+08 -2.265876039221359576e-17
9.686545596794433594e+08 -2.192989576339921778e-17
9.686545596796875000e+08 -2.119620419550083675e-17
9.686545596799316406e+08 -2.043824752090343686e-17
9.686545596801757812e+08 -1.965303071548702892e-17
9.686545596804199219e+08 -1.883955016638975538e-17
9.686545596806640625e+08 -1.800909919512383862e-17
9.686545596809082031e+08 -1.717000602062298465e-17
9.686545596811523438e+08 -1.629258550644618847e-17
9.686545596813964844e+08 -1.538993315409672644e-17
9.686545596816406250e+08 -1.448010108693659939e-17
9.686545596818847656e+08 -1.356319348852128158e-17
9.686545596821289062e+08 -1.259219043600317597e-17
9.686545596823730469e+08 -1.160763494781018550e-17
9.686545596826171875e+08 -1.061222485146237395e-17
9.686545596828613281e+08 -9.608442970160671663e-18
9.686545596831054688e+08 -8.572546298190132755e-18
9.686545596833496094e+08 -7.529609975854423798e-18
9.686545596835937500e+08 -6.478963145652097749e-18
9.686545596838378906e+08 -5.407706068579197054e-18
9.686545596840820312e+08 -4.325968330190457037e-18
9.686545596843261719e+08 -3.231319008695280057e-18
9.686545596845703125e+08 -2.140942864010723827e-18
9.686545596848144531e+08 -1.020139601962855868e-18
9.686545596850585938e+08 1.026921323683167742e-19
9.686545596853027344e+08 1.253286884387336689e-18
9.686545596855468750e+08 2.389786946442193948e-18
9.686545596857910156e+08 3.537838374256348479e-18
9.686545596860351562e+08 4.690947263938269956e-18
9.686545596862792969e+08 5.841133054375927722e-18
9.686545596865234375e+08 6.998336884252297133e-18
9.686545596867675781e+08 8.156342412887283096e-18
9.686545596870117188e+08 9.307407676031894019e-18
9.686545596872558594e+08 1.045918252116042249e-17
9.686545596875000000e+08 1.160892744668532064e-17
9.686545596877441406e+08 1.275796179017629688e-17
9.686545596879882812e+08 1.390932876474062236e-17
9.686545596882324219e+08 1.505741121516477987e-17
9.686545596884765625e+08 1.619309531689118327e-17
9.686545596887207031e+08 1.732330023528622146e-17
9.686545596889648438e+08 1.844493345645734418e-17
9.686545596892089844e+08 1.955077689667760216e-17
9.686545596894531250e+08 2.063819683902298371e-17
9.686545596896972656e+08 2.171975079454445730e-17
9.686545596899414062e+08 2.278617596389162300e-17
9.686545596901855469e+08 2.384414058678156549e-17
9.686545596904296875e+08 2.486935169747707819e-17
9.686545596906738281e+08 2.589006527247265911e-17
9.686545596909179688e+08 2.690690258949680513e-17
9.686545596911621094e+08 2.790038022328598258e-17
9.686545596914062500e+08 2.886731791448558060e-17
9.686545596916503906e+08 2.981138711895377507e-17
9.686545596918945312e+08 3.073984739886674182e-17
9.686545596921386719e+08 3.163083786013120477e-17
9.686545596923828125e+08 3.250355935479002276e-17
9.686545596926269531e+08 3.335202529906616819e-17
9.686545596928710938e+08 3.418322814423983020e-17
9.686545596931152344e+08 3.497063398373257856e-17
9.686545596933593750e+08 3.573419178240241651e-17
9.686545596936035156e+08 3.647785241994020302e-17
9.686545596938476562e+08 3.720335671718666763e-17
9.686545596940917969e+08 3.789180712030819842e-17
9.686545596943359375e+08 3.855265685607909246e-17
9.686545596945800781e+08 3.917350906565578286e-17
9.686545596948242188e+08 3.976432218938741385e-17
9.686545596950683594e+08 4.031869229035563155e-17
9.686545596953125000e+08 4.085219780497586872e-17
9.686545596955566406e+08 4.133786165087987145e-17
9.686545596958007812e+08 4.179628033774655696e-17
9.686545596960449219e+08 4.221832079316317311e-17
9.686545596962890625e+08 4.259841732846209724e-17
9.686545596965332031e+08 4.295929542789159955e-17
9.686545596967773438e+08 4.328755915092529738e-17
9.686545596970214844e+08 4.358439767907174693e-17
9.686545596972656250e+08 4.383639939351510369e-17
9.686545596975097656e+08 4.404906196141069418e-17
9.686545596977539062e+08 4.423381981427949608e-17
9.686545596979980469e+08 4.436292150315260035e-17
9.686545596982421875e+08 4.446927196478944863e-17
9.686545596984863281e+08 4.454335201958116253e-17
9.686545596987304688e+08 4.457034688167678472e-17
9.686545596989746094e+08 4.455967759078641441e-17
9.686545596992187500e+08 4.451642783119780562e-17
9.686545596994628906e+08 4.445288917877941999e-17
9.686545596997070312e+08 4.434361373018198919e-17
9.686545596999511719e+08 4.421068513597741605e-17
9.686545597001953125e+08 4.403098138749529383e-17
9.686545597004394531e+08 4.381726819945188626e-17
9.686545597006835938e+08 4.356938488851892705e-17
9.686545597009277344e+08 4.327922636512278744e-17
9.686545597011718750e+08 4.296145160358655378e-17
9.686545597014160156e+08 4.261070898026927404e-17
9.686545597016601562e+08 4.223107186738057957e-17
9.686545597019042969e+08 4.180326405083203265e-17
9.686545597021484375e+08 4.135028537217033305e-17
9.686545597023925781e+08 4.088455648925571690e-17
9.686545597026367188e+08 4.039164032386124461e-17
9.686545597028808594e+08 3.984688092971294192e-17
9.686545597031250000e+08 3.928754600772797628e-17
9.686545597033691406e+08 3.870386608779133851e-17
9.686545597036132812e+08 3.806972382812084199e-17
9.686545597038574219e+08 3.741209393990334181e-17
9.686545597041015625e+08 3.674688336499111614e-17
9.686545597043457031e+08 3.603659515351488273e-17
9.686545597045898438e+08 3.530581962906666463e-17
9.686545597048339844e+08 3.455683947388747693e-17
9.686545597050781250e+08 3.377551432376624291e-17
9.686545597053222656e+08 3.298365759345157161e-17
9.686545597055664062e+08 3.217731040989291860e-17
9.686545597058105469e+08 3.135751282609332808e-17
9.686545597060546875e+08 3.049527378180048369e-17
9.686545597062988281e+08 2.962072656737498137e-17
9.686545597065429688e+08 2.872253169812469079e-17
9.686545597067871094e+08 2.781861246480090169e-17
9.686545597070312500e+08 2.689196394274097236e-17
9.686545597072753906e+08 2.595534790373112269e-17
9.686545597075195312e+08 2.499261537260461982e-17
9.686545597077636719e+08 2.401781174530331037e-17
9.686545597080078125e+08 2.303749650523972533e-17
9.686545597082519531e+08 2.205608856987805501e-17
9.686545597084960938e+08 2.106273800753173689e-17
9.686545597087402344e+08 2.005792870400733192e-17
9.686545597089843750e+08 1.904433053611821935e-17
9.686545597092285156e+08 1.802086715734676169e-17
9.686545597094726562e+08 1.698671503100361052e-17
9.686545597097167969e+08 1.594588062922290305e-17
9.686545597099609375e+08 1.490353310547583232e-17
9.686545597102050781e+08 1.385461135757875635e-17
9.686545597104492188e+08 1.280408769675782281e-17
9.686545597106933594e+08 1.174152380370988809e-17
9.686545597109375000e+08 1.068285703220421703e-17
9.686545597111816406e+08 9.640549464112984233e-18
9.686545597114257812e+08 8.599084312860500960e-18
9.686545597116699219e+08 7.549198167826682503e-18
9.686545597119140625e+08 6.497850240861256659e-18
9.686545597121582031e+08 5.458995361905889406e-18
9.686545597124023438e+08 4.405401367675808962e-18
9.686545597126464844e+08 3.366951807715153398e-18
9.686545597128906250e+08 2.334711484110134790e-18
9.686545597131347656e+08 1.300434972620199992e-18
9.686545597133789062e+08 2.682741166967643918e-19
9.686545597136230469e+08 -7.522713063849117313e-19
9.686545597138671875e+08 -1.754891801623037590e-18
9.686545597141113281e+08 -2.756110345443842887e-18
9.686545597143554688e+08 -3.734148350523536706e-18
9.686545597145996094e+08 -4.706999759024899435e-18
9.686545597148437500e+08 -5.674605397587066901e-18
9.686545597150878906e+08 -6.638510925357410862e-18
9.686545597153320312e+08 -7.594067867678462904e-18
9.686545597155761719e+08 -8.534573678158073103e-18
9.686545597158203125e+08 -9.453033302939335256e-18
9.686545597160644531e+08 -1.037944898986266858e-17
9.686545597163085938e+08 -1.127766781434357035e-17
9.686545597165527344e+08 -1.217095465909947886e-17
9.686545597167968750e+08 -1.304040963231267018e-17
9.686545597170410156e+08 -1.388467332166393578e-17
9.686545597172851562e+08 -1.472050816247770276e-17
9.686545597175292969e+08 -1.553730732559977424e-17
9.686545597177734375e+08 -1.634743904339202825e-17
9.686545597180175781e+08 -1.713558496862813226e-17
9.686545597182617188e+08 -1.792433790371188073e-17
9.686545597185058594e+08 -1.868259031109654065e-17
9.686545597187500000e+08 -1.941770472754578760e-17
9.686545597189941406e+08 -2.014736361316838585e-17
9.686545597192382812e+08 -2.086244024088965958e-17
9.686545597194824219e+08 -2.154182740270285593e-17
9.686545597197265625e+08 -2.221431501788176738e-17
9.686545597199707031e+08 -2.285370536870040086e-17
9.686545597202148438e+08 -2.347318745637061625e-17
9.686545597204589844e+08 -2.407924415040415914e-17
9.686545597207031250e+08 -2.466670277668178691e-17
9.686545597209472656e+08 -2.524513878151620781e-17
9.686545597211914062e+08 -2.579224250418245638e-17
9.686545597214355469e+08 -2.632220776574396934e-17
9.686545597216796875e+08 -2.682421676960854301e-17
9.686545597219238281e+08 -2.731832309417145695e-17
9.686545597221679688e+08 -2.778583813988547380e-17
9.686545597224121094e+08 -2.823742348617651355e-17
9.686545597226562500e+08 -2.865671443753358937e-17
9.686545597229003906e+08 -2.904760284881019402e-17
9.686545597231445312e+08 -2.941371240042062440e-17
9.686545597233886719e+08 -2.976426993743386120e-17
9.686545597236328125e+08 -3.009636336624170754e-17
9.686545597238769531e+08 -3.041086404622185754e-17
9.686545597241210938e+08 -3.070178582052664230e-17
9.686545597243652344e+08 -3.095244489938094547e-17
9.686545597246093750e+08 -3.120031477823321512e-17
9.686545597248535156e+08 -3.142145759959004415e-17
9.686545597250976562e+08 -3.162037690172983958e-17
9.686545597253417969e+08 -3.179874803691772413e-17
9.686545597255859375e+08 -3.193226781463646987e-17
9.686545597258300781e+08 -3.205307813874446395e-17
9.686545597260742188e+08 -3.213275466619180174e-17
9.686545597263183594e+08 -3.220253463383195391e-17
9.686545597265625000e+08 -3.225805773571595037e-17
9.686545597268066406e+08 -3.228022938811631588e-17
9.686545597270507812e+08 -3.228062835453760801e-17
9.686545597272949219e+08 -3.224983542607810907e-17
9.686545597275390625e+08 -3.220652730846517624e-17
9.686545597277832031e+08 -3.214246436281345800e-17
9.686545597280273438e+08 -3.204738926985016595e-17
9.686545597282714844e+08 -3.191954915964423682e-17
9.686545597285156250e+08 -3.177365573501341187e-17
9.686545597287597656e+08 -3.158666586857935664e-17
9.686545597290039062e+08 -3.137672448564491781e-17
9.686545597292480469e+08 -3.114561948196228310e-17
9.686545597294921875e+08 -3.090369111599327208e-17
9.686545597297363281e+08 -3.063453359479541473e-17
9.686545597299804688e+08 -3.033571353804573210e-17
9.686545597302246094e+08 -3.000755521153081082e-17
9.686545597304687500e+08 -2.965869176360945582e-17
9.686545597307128906e+08 -2.929980270344012292e-17
9.686545597309570312e+08 -2.890784938078702500e-17
9.686545597312011719e+08 -2.848695074656885415e-17
9.686545597314453125e+08 -2.803077942395327288e-17
9.686545597316894531e+08 -2.755570769794386325e-17
9.686545597319335938e+08 -2.704439212205198763e-17
9.686545597321777344e+08 -2.653026053656262418e-17
9.686545597324218750e+08 -2.599799279641807937e-17
9.686545597326660156e+08 -2.543246956972121192e-17
9.686545597329101562e+08 -2.484532212864873361e-17
9.686545597331542969e+08 -2.423071961289714797e-17
9.686545597333984375e+08 -2.360679206116907335e-17
9.686545597336425781e+08 -2.295669671683076105e-17
9.686545597338867188e+08 -2.228352929759249156e-17
9.686545597341308594e+08 -2.158960948557526107e-17
9.686545597343750000e+08 -2.085886591218787480e-17
9.686545597346191406e+08 -2.011206679325144375e-17
9.686545597348632812e+08 -1.934419911426915950e-17
9.686545597351074219e+08 -1.856626635880996306e-17
9.686545597353515625e+08 -1.777185139422756226e-17
9.686545597355957031e+08 -1.695028439515048536e-17
9.686545597358398438e+08 -1.611339847013662047e-17
9.686545597360839844e+08 -1.526222004914243042e-17
9.686545597363281250e+08 -1.439761724896132826e-17
9.686545597365722656e+08 -1.351130049889298976e-17
9.686545597368164062e+08 -1.261774649455628343e-17
9.686545597370605469e+08 -1.168952592162595619e-17
9.686545597373046875e+08 -1.076095485844705531e-17
9.686545597375488281e+08 -9.797376458324989781e-18
9.686545597377929688e+08 -8.831056633537649500e-18
9.686545597380371094e+08 -7.858178001507119009e-18
9.686545597382812500e+08 -6.881926881637444961e-18
9.686545597385253906e+08 -5.886213199269830067e-18
9.686545597387695312e+08 -4.876282791851264610e-18
9.686545597390136719e+08 -3.860664969781193067e-18
9.686545597392578125e+08 -2.849941148281053990e-18
9.686545597395019531e+08 -1.819396219665187455e-18
9.686545597397460938e+08 -7.855418631402685698e-19
9.686545597399902344e+08 2.555958489704539883e-19
9.686545597402343750e+08 1.314148997249378920e-18
9.686545597404785156e+08 2.377973084809990711e-18
9.686545597407226562e+08 3.446716788304136796e-18
9.686545597409667969e+08 4.499261011662411946e-18
9.686545597412109375e+08 5.550171290950656784e-18
9.686545597414550781e+08 6.617359711971517865e-18
9.686545597416992188e+08 7.679911076961871846e-18
9.686545597419433594e+08 8.738433612959989252e-18
9.686545597421875000e+08 9.780485506296661386e-18
9.686545597424316406e+08 1.083027604652666744e-17
9.686545597426757812e+08 1.188217397213196647e-17
9.686545597429199219e+08 1.291674337839511887e-17
9.686545597431640625e+08 1.396946961648276808e-17
9.686545597434082031e+08 1.500218086310116809e-17
9.686545597436523438e+08 1.603647302580416891e-17
9.686545597438964844e+08 1.704104740624852021e-17
9.686545597441406250e+08 1.803234080256158997e-17
9.686545597443847656e+08 1.902856252614593921e-17
9.686545597446289062e+08 2.000454190020577331e-17
9.686545597448730469e+08 2.096070579490564009e-17
9.686545597451171875e+08 2.190857848826061842e-17
9.686545597453613281e+08 2.283890888130022255e-17
9.686545597456054688e+08 2.374616118990519415e-17
9.686545597458496094e+08 2.465181759603731325e-17
9.686545597460937500e+08 2.554807299362257086e-17
9.686545597463378906e+08 2.641432969165101744e-17
9.686545597465820312e+08 2.726212367190548623e-17
9.686545597468261719e+08 2.808764259526167499e-17
9.686545597470703125e+08 2.887697619497847658e-17
9.686545597473144531e+08 2.965607905274246967e-17
9.686545597475585938e+08 3.041941610882624458e-17
9.686545597478027344e+08 3.113638500334140199e-17
9.686545597480468750e+08 3.183830330307598829e-17
9.686545597482910156e+08 3.251715803812219657e-17
9.686545597485351562e+08 3.316828896010513786e-17
9.686545597487792969e+08 3.379162340016374353e-17
9.686545597490234375e+08 3.440937777337221155e-17
9.686545597492675781e+08 3.498221803411710850e-17
9.686545597495117188e+08 3.552437319447743019e-17
9.686545597497558594e+08 3.603578957282456213e-17
9.686545597500000000e+08 3.651095499996127928e-17
9.686545597502441406e+08 3.696608233251711623e-17
9.686545597504882812e+08 3.739178435823426655e-17
9.686545597507324219e+08 3.777300577009821516e-17
9.686545597509765625e+08 3.812411474611316881e-17
9.686545597512207031e+08 3.844554870517373226e-17
9.686545597514648438e+08 3.873834135136484077e-17
9.686545597517089844e+08 3.899975826169567822e-17
9.686545597519531250e+08 3.924246080420105590e-17
9.686545597521972656e+08 3.944830338706001417e-17
9.686545597524414062e+08 3.961204838884326172e-17
9.686545597526855469e+08 3.972772555444025939e-17
9.686545597529296875e+08 3.982929014120250580e-17
9.686545597531738281e+08 3.989508833559270669e-17
9.686545597534179688e+08 3.992352283120671237e-17
9.686545597536621094e+08 3.990994857585344648e-17
9.686545597539062500e+08 3.986780811837620759e-17
9.686545597541503906e+08 3.979209547806054350e-17
9.686545597543945312e+08 3.968313889641716955e-17
9.686545597546386719e+08 3.955512351843848969e-17
9.686545597548828125e+08 3.939615704218998311e-17
9.686545597551269531e+08 3.920163754631758791e-17
9.686545597553710938e+08 3.897014701066380529e-17
9.686545597556152344e+08 3.869626157128390485e-17
9.686545597558593750e+08 3.840476840295535290e-17
9.686545597561035156e+08 3.807729320869609100e-17
9.686545597563476562e+08 3.771563505180975543e-17
9.686545597565917969e+08 3.732621183597427947e-17
9.686545597568359375e+08 3.690400521288584275e-17
9.686545597570800781e+08 3.645201236038967183e-17
9.686545597573242188e+08 3.597631372901475223e-17
9.686545597575683594e+08 3.548709127123866675e-17
9.686545597578125000e+08 3.496911998520656164e-17
9.686545597580566406e+08 3.442058716909669401e-17
9.686545597583007812e+08 3.383596683005575066e-17
9.686545597585449219e+08 3.322621537690183700e-17
9.686545597587890625e+08 3.260127343432831171e-17
9.686545597590332031e+08 3.195073155749407770e-17
9.686545597592773438e+08 3.127287752148099716e-17
9.686545597595214844e+08 3.056691851920976577e-17
9.686545597597656250e+08 2.984231650810440173e-17
9.686545597600097656e+08 2.910337351322986775e-17
9.686545597602539062e+08 2.834791353211189772e-17
9.686545597604980469e+08 2.757857588093020541e-17
9.686545597607421875e+08 2.679406637505019807e-17
9.686545597609863281e+08 2.599110693908701587e-17
9.686545597612304688e+08 2.515705909469733129e-17
9.686545597614746094e+08 2.431851996229873027e-17
9.686545597617187500e+08 2.345474030661501228e-17
9.686545597619628906e+08 2.259444671162296662e-17
9.686545597622070312e+08 2.171330650358011941e-17
9.686545597624511719e+08 2.080300363301199427e-17
9.686545597626953125e+08 1.990802484238043970e-17
9.686545597629394531e+08 1.899041647782385261e-17
9.686545597631835938e+08 1.806857314555937431e-17
9.686545597634277344e+08 1.714795561635773321e-17
9.686545597636718750e+08 1.622835916954396315e-17
9.686545597639160156e+08 1.528592494109235867e-17
9.686545597641601562e+08 1.434318359458565247e-17
9.686545597644042969e+08 1.339215650076618495e-17
9.686545597646484375e+08 1.243371853017217911e-17
9.686545597648925781e+08 1.148333330876159933e-17
9.686545597651367188e+08 1.051953096741825777e-17
9.686545597653808594e+08 9.553505348755763569e-18
9.686545597656250000e+08 8.596402479423747626e-18
9.686545597658691406e+08 7.644369436995464642e-18
9.686545597661132812e+08 6.678378108772129622e-18
9.686545597663574219e+08 5.743970202866217176e-18
9.686545597666015625e+08 4.804439292437807901e-18
9.686545597668457031e+08 3.862570838468611765e-18
9.686545597670898438e+08 2.918014311985992255e-18
9.686545597673339844e+08 1.984722301804110692e-18
9.686545597675781250e+08 1.057990884318590754e-18
9.686545597678222656e+08 1.456599884644954344e-19
9.686545597680664062e+08 -7.804368664041389256e-19
9.686545597683105469e+08 -1.690377768936799928e-18
9.686545597685546875e+08 -2.584080946973876607e-18
9.686545597687988281e+08 -3.473644913819791220e-18
9.686545597690429688e+08 -4.341131091796950403e-18
9.686545597692871094e+08 -5.200147697240465703e-18
9.686545597695312500e+08 -6.049860900389112390e-18
9.686545597697753906e+08 -6.875264713913151704e-18
9.686545597700195312e+08 -7.715184825046531651e-18
9.686545597702636719e+08 -8.529933641951465599e-18
9.686545597705078125e+08 -9.330694079170726608e-18
9.686545597707519531e+08 -1.011924249539062189e-17
9.686545597709960938e+08 -1.090338496014372075e-17
9.686545597712402344e+08 -1.167180863295845907e-17
9.686545597714843750e+08 -1.240792019771843127e-17
9.686545597717285156e+08 -1.315127940900116471e-17
9.686545597719726562e+08 -1.385731315277118273e-17
9.686545597722167969e+08 -1.454453374151991013e-17
9.686545597724609375e+08 -1.521703469457079286e-17
9.686545597727050781e+08 -1.588778962608669921e-17
9.686545597729492188e+08 -1.653851751254572816e-17
9.686545597731933594e+08 -1.716586663852273068e-17
9.686545597734375000e+08 -1.777700087470797240e-17
9.686545597736816406e+08 -1.837702345875422597e-17
9.686545597739257812e+08 -1.896678418338661942e-17
9.686545597741699219e+08 -1.952464473814047875e-17
9.686545597744140625e+08 -2.006994177914722160e-17
9.686545597746582031e+08 -2.059553181458476552e-17
9.686545597749023438e+08 -2.109252418531189599e-17
9.686545597751464844e+08 -2.156712151916161099e-17
9.686545597753906250e+08 -2.202848817887523562e-17
9.686545597756347656e+08 -2.248394598351492416e-17
9.686545597758789062e+08 -2.290632709303043154e-17
9.686545597761230469e+08 -2.332335704036940953e-17
9.686545597763671875e+08 -2.370239177780263850e-17
9.686545597766113281e+08 -2.408543721350329210e-17
9.686545597768554688e+08 -2.443519309656968608e-17
9.686545597770996094e+08 -2.476865946796365020e-17
9.686545597773437500e+08 -2.508872141627853024e-17
9.686545597775878906e+08 -2.537621965181306523e-17
9.686545597778320312e+08 -2.563848809047042745e-17
9.686545597780761719e+08 -2.588922132401903303e-17
9.686545597783203125e+08 -2.611740711122088334e-17
9.686545597785644531e+08 -2.632488736928583118e-17
9.686545597788085938e+08 -2.652053287189367367e-17
9.686545597790527344e+08 -2.669514601047121146e-17
9.686545597792968750e+08 -2.683448537521969547e-17
9.686545597795410156e+08 -2.697528730416298533e-17
9.686545597797851562e+08 -2.709182779420404510e-17
9.686545597800292969e+08 -2.718320181699245221e-17
9.686545597802734375e+08 -2.725880101778142056e-17
9.686545597805175781e+08 -2.731051217912329610e-17
9.686545597807617188e+08 -2.733851868131856742e-17
9.686545597810058594e+08 -2.733313344809074879e-17
9.686545597812500000e+08 -2.731556609562130097e-17
9.686545597814941406e+08 -2.729405031154045850e-17
9.686545597817382812e+08 -2.723910031598228635e-17
9.686545597819824219e+08 -2.716015973855418345e-17
9.686545597822265625e+08 -2.707482669689295539e-17
9.686545597824707031e+08 -2.696727124858329090e-17
9.686545597827148438e+08 -2.684315192603827597e-17
9.686545597829589844e+08 -2.668964623308167713e-17
9.686545597832031250e+08 -2.652364194379282608e-17
9.686545597834472656e+08 -2.632545996867613163e-17
9.686545597836914062e+08 -2.610939763844354309e-17
9.686545597839355469e+08 -2.586099940992125898e-17
9.686545597841796875e+08 -2.561033343186686459e-17
9.686545597844238281e+08 -2.533397047702286760e-17
9.686545597846679688e+08 -2.503503450105411131e-17
9.686545597849121094e+08 -2.472093661748387501e-17
9.686545597851562500e+08 -2.438571094007878547e-17
9.686545597854003906e+08 -2.403816947290975304e-17
9.686545597856445312e+08 -2.366217874449827558e-17
9.686545597858886719e+08 -2.327094021371318023e-17
9.686545597861328125e+08 -2.285734961444230312e-17
9.686545597863769531e+08 -2.242711671574116426e-17
9.686545597866210938e+08 -2.195263717395470132e-17
9.686545597868652344e+08 -2.147528033202026346e-17
9.686545597871093750e+08 -2.097135739167340240e-17
9.686545597873535156e+08 -2.046572891526350760e-17
9.686545597875976562e+08 -1.993345917505933697e-17
9.686545597878417969e+08 -1.937838915768644407e-17
9.686545597880859375e+08 -1.880533861727871826e-17
9.686545597883300781e+08 -1.822938678520832529e-17
9.686545597885742188e+08 -1.761077446035061489e-17
9.686545597888183594e+08 -1.699251630906835427e-17
9.686545597890625000e+08 -1.634948899602873083e-17
9.686545597893066406e+08 -1.568167045878485120e-17
9.686545597895507812e+08 -1.499477363102361448e-17
9.686545597897949219e+08 -1.428321256175074251e-17
9.686545597900390625e+08 -1.357237092221518453e-17
9.686545597902832031e+08 -1.284785056820786855e-17
9.686545597905273438e+08 -1.209224221180725695e-17
9.686545597907714844e+08 -1.131902981463093498e-17
9.686545597910156250e+08 -1.054550326676106651e-17
9.686545597912597656e+08 -9.755497809509823339e-18
9.686545597915039062e+08 -8.942862347082118651e-18
9.686545597917480469e+08 -8.116357053607622526e-18
9.686545597919921875e+08 -7.285030815484196694e-18
9.686545597922363281e+08 -6.422015618783385173e-18
9.686545597924804688e+08 -5.551751723841643607e-18
9.686545597927246094e+08 -4.667013010115177914e-18
9.686545597929687500e+08 -3.780180479853807896e-18
9.686545597932128906e+08 -2.874684022804689485e-18
9.686545597934570312e+08 -1.954155663995930866e-18
9.686545597937011719e+08 -1.029370682716003161e-18
9.686545597939453125e+08 -1.049980897041715442e-19
9.686545597941894531e+08 8.354503505386658057e-19
9.686545597944335938e+08 1.787705278847947146e-18
9.686545597946777344e+08 2.739813364557460770e-18
9.686545597949218750e+08 3.702993001484196926e-18
9.686545597951660156e+08 4.680893768900176525e-18
9.686545597954101562e+08 5.664640357336885886e-18
9.686545597956542969e+08 6.646811946979341475e-18
9.686545597958984375e+08 7.630756668285661510e-18
9.686545597961425781e+08 8.617568108950288082e-18
9.686545597963867188e+08 9.618060144608145535e-18
9.686545597966308594e+08 1.060800494999809617e-17
9.686545597968750000e+08 1.158987277199221952e-17
9.686545597971191406e+08 1.258280517662590550e-17
9.686545597973632812e+08 1.356174537769708156e-17
9.686545597976074219e+08 1.455534003543468624e-17
9.686545597978515625e+08 1.552933653970523458e-17
9.686545597980957031e+08 1.651674408113186754e-17
9.686545597983398438e+08 1.749865226427165989e-17
9.686545597985839844e+08 1.846430224622570627e-17
9.686545597988281250e+08 1.942143117760352099e-17
9.686545597990722656e+08 2.037027253376667537e-17
9.686545597993164062e+08 2.132671509125362946e-17
9.686545597995605469e+08 2.224896292267839050e-17
9.686545597998046875e+08 2.316342024352634479e-17
9.686545598000488281e+08 2.407103995581027983e-17
9.686545598002929688e+08 2.496791364377402590e-17
9.686545598005371094e+08 2.583622532063771013e-17
9.686545598007812500e+08 2.670110653482079597e-17
9.686545598010253906e+08 2.756759285505176054e-17
9.686545598012695312e+08 2.839547813401431713e-17
9.686545598015136719e+08 2.920999478492693373e-17
9.686545598017578125e+08 2.999808704607707201e-17
9.686545598020019531e+08 3.078493608811587822e-17
9.686545598022460938e+08 3.153770823549176862e-17
9.686545598024902344e+08 3.225522657458191225e-17
9.686545598027343750e+08 3.296858677857242671e-17
9.686545598029785156e+08 3.364463688503585144e-17
9.686545598032226562e+08 3.430632493642042329e-17
9.686545598034667969e+08 3.493868803851337275e-17
9.686545598037109375e+08 3.553683348581525028e-17
9.686545598039550781e+08 3.613303544482732777e-17
9.686545598041992188e+08 3.667727202885103408e-17
9.686545598044433594e+08 3.720171895881255811e-17
9.686545598046875000e+08 3.769277839291284927e-17
9.686545598049316406e+08 3.815798340476628431e-17
9.686545598051757812e+08 3.859486030291788112e-17
9.686545598054199219e+08 3.898475119082185689e-17
9.686545598056640625e+08 3.935681237326044916e-17
9.686545598059082031e+08 3.968083846478278674e-17
9.686545598061523438e+08 3.998265677503554064e-17
9.686545598063964844e+08 4.024864710892480476e-17
9.686545598066406250e+08 4.047786454098953209e-17
9.686545598068847656e+08 4.068648980596367226e-17
9.686545598071289062e+08 4.084538076605973785e-17
9.686545598073730469e+08 4.097280301764265361e-17
9.686545598076171875e+08 4.105941372769128123e-17
9.686545598078613281e+08 4.112707130624508565e-17
9.686545598081054688e+08 4.114158364176545477e-17
9.686545598083496094e+08 4.111834698449334385e-17
9.686545598085937500e+08 4.106388303113950439e-17
9.686545598088378906e+08 4.097120306603532425e-17
9.686545598090820312e+08 4.083294978148061239e-17
9.686545598093261719e+08 4.067336740666690274e-17
9.686545598095703125e+08 4.046452389764735571e-17
9.686545598098144531e+08 4.024071639569693515e-17
9.686545598100585938e+08 3.995583327220618873e-17
9.686545598103027344e+08 3.963981115800572699e-17
9.686545598105468750e+08 3.930101533405870053e-17
9.686545598107910156e+08 3.891575400876343568e-17
9.686545598110351562e+08 3.850098515084730570e-17
9.686545598112792969e+08 3.803138104766211706e-17
9.686545598115234375e+08 3.754709223361291445e-17
9.686545598117675781e+08 3.700736950981491905e-17
9.686545598120117188e+08 3.645092201959544891e-17
9.686545598122558594e+08 3.585588724568731060e-17
9.686545598125000000e+08 3.522536201234750418e-17
9.686545598127441406e+08 3.457960655929842889e-17
9.686545598129882812e+08 3.387631001177772441e-17
9.686545598132324219e+08 3.315792109276692895e-17
9.686545598134765625e+08 3.240990949996764398e-17
9.686545598137207031e+08 3.163146947623865157e-17
9.686545598139648438e+08 3.081045277282923306e-17
9.686545598142089844e+08 2.997630113218182063e-17
9.686545598144531250e+08 2.909926943359355875e-17
9.686545598146972656e+08 2.820146882699333122e-17
9.686545598149414062e+08 2.728924373651534361e-17
9.686545598151855469e+08 2.633407254890323269e-17
9.686545598154296875e+08 2.537628578859438342e-17
9.686545598156738281e+08 2.438822999135684718e-17
9.686545598159179688e+08 2.336410693692594070e-17
9.686545598161621094e+08 2.233600463593853624e-17
9.686545598164062500e+08 2.129045086404686738e-17
9.686545598166503906e+08 2.021805456648675033e-17
9.686545598168945312e+08 1.912438629689844244e-17
9.686545598171386719e+08 1.801868542361019937e-17
9.686545598173828125e+08 1.690119552601786423e-17
9.686545598176269531e+08 1.575898968601387177e-17
9.686545598178710938e+08 1.461817041702669585e-17
9.686545598181152344e+08 1.345098005413889150e-17
9.686545598183593750e+08 1.228618035984281146e-17
9.686545598186035156e+08 1.111791342787820409e-17
9.686545598188476562e+08 9.920078517219298006e-18
9.686545598190917969e+08 8.732940072915111120e-18
9.686545598193359375e+08 7.540671299902397193e-18
9.686545598195800781e+08 6.340007254258232736e-18
9.686545598198242188e+08 5.131578441801355509e-18
9.686545598200683594e+08 3.919312591830072775e-18
9.686545598203125000e+08 2.714764257743435645e-18
9.686545598205566406e+08 1.500655970369191808e-18
9.686545598208007812e+08 2.893685921458357480e-19
9.686545598210449219e+08 -9.047290885772594413e-19
9.686545598212890625e+08 -2.108245526553269356e-18
9.686545598215332031e+08 -3.294035688158787223e-18
9.686545598217773438e+08 -4.489840743489127586e-18
9.686545598220214844e+08 -5.667438935789017068e-18
9.686545598222656250e+08 -6.829740150845096822e-18
9.686545598225097656e+08 -7.992579948718908055e-18
9.686545598227539062e+08 -9.144611937248608077e-18
9.686545598229980469e+08 -1.028036525002516192e-17
9.686545598232421875e+08 -1.141379186978356174e-17
9.686545598234863281e+08 -1.253348126959544422e-17
9.686545598237304688e+08 -1.361833160445783973e-17
9.686545598239746094e+08 -1.470309692256851651e-17
9.686545598242187500e+08 -1.576280716775532545e-17
9.686545598244628906e+08 -1.680257733908448372e-17
9.686545598247070312e+08 -1.783870090348823771e-17
9.686545598249511719e+08 -1.883268576762267381e-17
9.686545598251953125e+08 -1.981440179604386835e-17
9.686545598254394531e+08 -2.077285726834120816e-17
9.686545598256835938e+08 -2.171871089221207417e-17
9.686545598259277344e+08 -2.263701799688943928e-17
9.686545598261718750e+08 -2.353471658589045167e-17
9.686545598264160156e+08 -2.440171179392799085e-17
9.686545598266601562e+08 -2.524361240994522402e-17
9.686545598269042969e+08 -2.606531885634896635e-17
9.686545598271484375e+08 -2.683578776189620537e-17
9.686545598273925781e+08 -2.761675237177963175e-17
9.686545598276367188e+08 -2.834676149204093923e-17
9.686545598278808594e+08 -2.904953768806005981e-17
9.686545598281250000e+08 -2.971784559596732886e-17
9.686545598283691406e+08 -3.036658911603324610e-17
9.686545598286132812e+08 -3.097988898795248572e-17
9.686545598288574219e+08 -3.157246335160483813e-17
9.686545598291015625e+08 -3.213006470061088516e-17
9.686545598293457031e+08 -3.266020605325673763e-17
9.686545598295898438e+08 -3.314415048037441942e-17
9.686545598298339844e+08 -3.360497079893929230e-17
9.686545598300781250e+08 -3.403253719942164271e-17
9.686545598303222656e+08 -3.443330482626213303e-17
9.686545598305664062e+08 -3.479950974594599127e-17
9.686545598308105469e+08 -3.512373991723746190e-17
9.686545598310546875e+08 -3.541612083875836671e-17
9.686545598312988281e+08 -3.568585763023323221e-17
9.686545598315429688e+08 -3.592511937538769082e-17
9.686545598317871094e+08 -3.611890234651613695e-17
9.686545598320312500e+08 -3.628748448877412678e-17
9.686545598322753906e+08 -3.642800114837461524e-17
9.686545598325195312e+08 -3.652575560210103703e-17
9.686545598327636719e+08 -3.659459160841036669e-17
9.686545598330078125e+08 -3.662358670173500892e-17
9.686545598332519531e+08 -3.664625537190200040e-17
9.686545598334960938e+08 -3.660744368134572781e-17
9.686545598337402344e+08 -3.653004853802290223e-17
9.686545598339843750e+08 -3.643848101003318051e-17
9.686545598342285156e+08 -3.631165172503737871e-17
9.686545598344726562e+08 -3.615142731177972449e-17
9.686545598347167969e+08 -3.596154727657379311e-17
9.686545598349609375e+08 -3.574639521085856687e-17
9.686545598352050781e+08 -3.549061107950646235e-17
9.686545598354492188e+08 -3.520715667957155925e-17
9.686545598356933594e+08 -3.489213229574779825e-17
9.686545598359375000e+08 -3.454777642107566236e-17
9.686545598361816406e+08 -3.417647552805934977e-17
9.686545598364257812e+08 -3.377292473454408541e-17
9.686545598366699219e+08 -3.333734879079722926e-17
9.686545598369140625e+08 -3.286137764734004801e-17
9.686545598371582031e+08 -3.237533219471821075e-17
9.686545598374023438e+08 -3.186086483040153657e-17
9.686545598376464844e+08 -3.131778596871384021e-17
9.686545598378906250e+08 -3.074952879812346631e-17
9.686545598381347656e+08 -3.015119583636236914e-17
9.686545598383789062e+08 -2.952644441122749568e-17
9.686545598386230469e+08 -2.887133639770742623e-17
9.686545598388671875e+08 -2.820167642709129946e-17
9.686545598391113281e+08 -2.750507576159731920e-17
9.686545598393554688e+08 -2.678651295562462943e-17
9.686545598395996094e+08 -2.602092681294974322e-17
9.686545598398437500e+08 -2.525043346415898059e-17
9.686545598400878906e+08 -2.446849319765282916e-17
9.686545598403320312e+08 -2.365100367093156941e-17
9.686545598405761719e+08 -2.281285631554477469e-17
9.686545598408203125e+08 -2.197080056035882085e-17
9.686545598410644531e+08 -2.108689080819723582e-17
9.686545598413085938e+08 -2.019650351301368677e-17
9.686545598415527344e+08 -1.927270567122672179e-17
9.686545598417968750e+08 -1.834939696260118792e-17
9.686545598420410156e+08 -1.740033661816384136e-17
9.686545598422851562e+08 -1.642926129227058172e-17
9.686545598425292969e+08 -1.544511701848470943e-17
9.686545598427734375e+08 -1.444448382973391907e-17
9.686545598430175781e+08 -1.342593242258735747e-17
9.686545598432617188e+08 -1.240272243957221780e-17
9.686545598435058594e+08 -1.137070850733212815e-17
9.686545598437500000e+08 -1.031568144596753188e-17
9.686545598439941406e+08 -9.249004791325006460e-18
9.686545598442382812e+08 -8.165585978428264013e-18
9.686545598444824219e+08 -7.084139741756233449e-18
9.686545598447265625e+08 -5.988231583028095098e-18
9.686545598449707031e+08 -4.880511439640585288e-18
9.686545598452148438e+08 -3.765904847733346998e-18
9.686545598454589844e+08 -2.634921870435418965e-18
9.686545598457031250e+08 -1.498759764693451560e-18
9.686545598459472656e+08 -3.667464365405419050e-19
9.686545598461914062e+08 7.713947914791672439e-19
9.686545598464355469e+08 1.912691950450179268e-18
9.686545598466796875e+08 3.075700184817437217e-18
9.686545598469238281e+08 4.219728278725222442e-18
9.686545598471679688e+08 5.377694203638691985e-18
9.686545598474121094e+08 6.532607395175761170e-18
9.686545598476562500e+08 7.679886267837218609e-18
9.686545598479003906e+08 8.837572988716179023e-18
9.686545598481445312e+08 9.999618477170818141e-18
9.686545598483886719e+08 1.115225393541107323e-17
9.686545598486328125e+08 1.230928099814857551e-17
9.686545598488769531e+08 1.345110115008528187e-17
9.686545598491210938e+08 1.459524183336064207e-17
9.686545598493652344e+08 1.572181315606540383e-17
9.686545598496093750e+08 1.685340717386844221e-17
9.686545598498535156e+08 1.797351514756850667e-17
9.686545598500976562e+08 1.908613012042578600e-17
9.686545598503417969e+08 2.018419862279566237e-17
9.686545598505859375e+08 2.126865931675723410e-17
9.686545598508300781e+08 2.235534682101033270e-17
9.686545598510742188e+08 2.343371406146085692e-17
9.686545598513183594e+08 2.449444422541290348e-17
9.686545598515625000e+08 2.553408630959215490e-17
9.686545598518066406e+08 2.657117501118871379e-17
9.686545598520507812e+08 2.757800398723376566e-17
9.686545598522949219e+08 2.856858043490496858e-17
9.686545598525390625e+08 2.954835949725346635e-17
9.686545598527832031e+08 3.051246929371558216e-17
9.686545598530273438e+08 3.144827585395790504e-17
9.686545598532714844e+08 3.235913597653575146e-17
9.686545598535156250e+08 3.326156812367513106e-17
9.686545598537597656e+08 3.413874815301703196e-17
9.686545598540039062e+08 3.499880690619173360e-17
9.686545598542480469e+08 3.582853868388516002e-17
9.686545598544921875e+08 3.663740106655459522e-17
9.686545598547363281e+08 3.741389010873063643e-17
9.686545598549804688e+08 3.816486785270902826e-17
9.686545598552246094e+08 3.888963975264386746e-17
9.686545598554687500e+08 3.958235834210580052e-17
9.686545598557128906e+08 4.025107388163294681e-17
9.686545598559570312e+08 4.088815181389740154e-17
9.686545598562011719e+08 4.149408547413604152e-17
9.686545598564453125e+08 4.206508777903997970e-17
9.686545598566894531e+08 4.261231643673148009e-17
9.686545598569335938e+08 4.312654874492290637e-17
9.686545598571777344e+08 4.361104106142151134e-17
9.686545598574218750e+08 4.405497792910678695e-17
9.686545598576660156e+08 4.446764306903593067e-17
9.686545598579101562e+08 4.483244603236266527e-17
9.686545598581542969e+08 4.517255617175655809e-17
9.686545598583984375e+08 4.547684953172956746e-17
9.686545598586425781e+08 4.573265004012373655e-17
9.686545598588867188e+08 4.596783213968168639e-17
9.686545598591308594e+08 4.614626894811247104e-17
9.686545598593750000e+08 4.628761199750441123e-17
9.686545598596191406e+08 4.640828332466244515e-17
9.686545598598632812e+08 4.648256138638413457e-17
9.686545598601074219e+08 4.652010635469860068e-17
9.686545598603515625e+08 4.651147287896214413e-17
9.686545598605957031e+08 4.646416641425238019e-17
9.686545598608398438e+08 4.637536462064397430e-17
9.686545598610839844e+08 4.624208608611617536e-17
9.686545598613281250e+08 4.606932693338198097e-17
9.686545598615722656e+08 4.586596637871820502e-17
9.686545598618164062e+08 4.560641616050075475e-17
9.686545598620605469e+08 4.530264030314131479e-17
9.686545598623046875e+08 4.498074724434778872e-17
9.686545598625488281e+08 4.460149784295300295e-17
9.686545598627929688e+08 4.419360207803389669e-17
9.686545598630371094e+08 4.373680062379626574e-17
9.686545598632812500e+08 4.325367432370596326e-17
9.686545598635253906e+08 4.271135319285211875e-17
9.686545598637695312e+08 4.213035550551930363e-17
9.686545598640136719e+08 4.151777096970887811e-17
9.686545598642578125e+08 4.086010177077980172e-17
9.686545598645019531e+08 4.016868541660873220e-17
9.686545598647460938e+08 3.942926523113319180e-17
9.686545598649902344e+08 3.865387141954217318e-17
9.686545598652343750e+08 3.783991886049983122e-17
9.686545598654785156e+08 3.700644635826621800e-17
9.686545598657226562e+08 3.613234514102122925e-17
9.686545598659667969e+08 3.521208050400263892e-17
9.686545598662109375e+08 3.427392679727467713e-17
9.686545598664550781e+08 3.328925650236719687e-17
9.686545598666992188e+08 3.226475574929871723e-17
9.686545598669433594e+08 3.121050188356183569e-17
9.686545598671875000e+08 3.014210105778151631e-17
9.686545598674316406e+08 2.902203635442947879e-17
9.686545598676757812e+08 2.787803838143326258e-17
9.686545598679199219e+08 2.670646588856420200e-17
9.686545598681640625e+08 2.550659494039813244e-17
9.686545598684082031e+08 2.430165676863729168e-17
9.686545598686523438e+08 2.305069243887545014e-17
9.686545598688964844e+08 2.179026214641973650e-17
9.686545598691406250e+08 2.050016680798116116e-17
9.686545598693847656e+08 1.918409432193131827e-17
9.686545598696289062e+08 1.784692647330240505e-17
9.686545598698730469e+08 1.649168995541931177e-17
9.686545598701171875e+08 1.512591999301896003e-17
9.686545598703613281e+08 1.373183709521379028e-17
9.686545598706054688e+08 1.232985996474406861e-17
9.686545598708496094e+08 1.091346110624511975e-17
9.686545598710937500e+08 9.488164507123697179e-18
9.686545598713378906e+08 8.052985254695187729e-18
9.686545598715820312e+08 6.611300522250750290e-18
9.686545598718261719e+08 5.161506121654552734e-18
9.686545598720703125e+08 3.706386863968917145e-18
9.686545598723144531e+08 2.239819062502275921e-18
9.686545598725585938e+08 7.630119823602973994e-19
9.686545598728027344e+08 -6.963048249232728946e-19
9.686545598730468750e+08 -2.177363937536604847e-18
9.686545598732910156e+08 -3.636725405137825957e-18
9.686545598735351562e+08 -5.115368094753029973e-18
9.686545598737792969e+08 -6.575243781580280740e-18
9.686545598740234375e+08 -8.030742504252556553e-18
9.686545598742675781e+08 -9.476639769700364699e-18
9.686545598745117188e+08 -1.091149524770952895e-17
9.686545598747558594e+08 -1.233182734044381213e-17
9.686545598750000000e+08 -1.374801755864945509e-17
9.686545598752441406e+08 -1.515369086060930060e-17
9.686545598754882812e+08 -1.654263291680174710e-17
9.686545598757324219e+08 -1.790852983766788310e-17
9.686545598759765625e+08 -1.927179300880211742e-17
9.686545598762207031e+08 -2.060505655171511892e-17
9.686545598764648438e+08 -2.192821473021893559e-17
9.686545598767089844e+08 -2.323326632531782705e-17
9.686545598769531250e+08 -2.449031467183778634e-17
9.686545598771972656e+08 -2.573477414303111630e-17
9.686545598774414062e+08 -2.695296275843279122e-17
9.686545598776855469e+08 -2.814452645250026605e-17
9.686545598779296875e+08 -2.930633583996866034e-17
9.686545598781738281e+08 -3.043719014496174128e-17
9.686545598784179688e+08 -3.155719628041091551e-17
9.686545598786621094e+08 -3.262630781269212346e-17
9.686545598789062500e+08 -3.367071824363380296e-17
9.686545598791503906e+08 -3.468814534997858812e-17
9.686545598793945312e+08 -3.566222026486259798e-17
9.686545598796386719e+08 -3.661027280190913434e-17
9.686545598798828125e+08 -3.750484132019566256e-17
9.686545598801269531e+08 -3.837310346326367075e-17
9.686545598803710938e+08 -3.919275924340172877e-17
9.686545598806152344e+08 -3.997373725168365035e-17
9.686545598808593750e+08 -4.072595790171773890e-17
9.686545598811035156e+08 -4.144567932451526438e-17
9.686545598813476562e+08 -4.211435453061370391e-17
9.686545598815917969e+08 -4.274149560502880386e-17
9.686545598818359375e+08 -4.333260739676073050e-17
9.686545598820800781e+08 -4.388283808398042055e-17
9.686545598823242188e+08 -4.439060207919145126e-17
9.686545598825683594e+08 -4.484869842002152739e-17
9.686545598828125000e+08 -4.527041009005145559e-17
9.686545598830566406e+08 -4.564259379144748734e-17
9.686545598833007812e+08 -4.597320957798523802e-17
9.686545598835449219e+08 -4.624497944303673619e-17
9.686545598837890625e+08 -4.649626101628393200e-17
9.686545598840332031e+08 -4.670464848721684387e-17
9.686545598842773438e+08 -4.685144740934497769e-17
9.686545598845214844e+08 -4.697302887595499771e-17
9.686545598847656250e+08 -4.703302078645269342e-17
9.686545598850097656e+08 -4.707157960370005075e-17
9.686545598852539062e+08 -4.705237148655702608e-17
9.686545598854980469e+08 -4.699509187132582674e-17
9.686545598857421875e+08 -4.689023066107604920e-17
9.686545598859863281e+08 -4.673956966597406261e-17
9.686545598862304688e+08 -4.654288322526711668e-17
9.686545598864746094e+08 -4.630834684199788961e-17
9.686545598867187500e+08 -4.603404267865231101e-17
9.686545598869628906e+08 -4.573163520118273523e-17
9.686545598872070312e+08 -4.536917770755413428e-17
9.686545598874511719e+08 -4.497604412304230410e-17
9.686545598876953125e+08 -4.454730821062035140e-17
9.686545598879394531e+08 -4.408387892090848778e-17
9.686545598881835938e+08 -4.358615831931805281e-17
9.686545598884277344e+08 -4.302885994308458102e-17
9.686545598886718750e+08 -4.245417813288893364e-17
9.686545598889160156e+08 -4.183154411069855021e-17
9.686545598891601562e+08 -4.116985475309107302e-17
9.686545598894042969e+08 -4.047367414774755023e-17
9.686545598896484375e+08 -3.975338942202136568e-17
9.686545598898925781e+08 -3.900722582497966450e-17
9.686545598901367188e+08 -3.821902563311428315e-17
9.686545598903808594e+08 -3.739720196925270007e-17
9.686545598906250000e+08 -3.655491443732206380e-17
9.686545598908691406e+08 -3.569589622277537978e-17
9.686545598911132812e+08 -3.478707589709568156e-17
9.686545598913574219e+08 -3.385892013483100932e-17
9.686545598916015625e+08 -3.290435687126485495e-17
9.686545598918457031e+08 -3.190982180197065182e-17
9.686545598920898438e+08 -3.090558653503480837e-17
9.686545598923339844e+08 -2.985906396096891955e-17
9.686545598925781250e+08 -2.881814291896747884e-17
9.686545598928222656e+08 -2.775093238338731415e-17
9.686545598930664062e+08 -2.665038681418791807e-17
9.686545598933105469e+08 -2.554359360655945385e-17
9.686545598935546875e+08 -2.441761411805829561e-17
9.686545598937988281e+08 -2.328050304332950598e-17
9.686545598940429688e+08 -2.210988384597556599e-17
9.686545598942871094e+08 -2.093878480805202671e-17
9.686545598945312500e+08 -1.974446913427851324e-17
9.686545598947753906e+08 -1.852388656704038737e-17
9.686545598950195312e+08 -1.731551429617955186e-17
9.686545598952636719e+08 -1.607069775798717763e-17
9.686545598955078125e+08 -1.484124421823327663e-17
9.686545598957519531e+08 -1.359557911771206758e-17
9.686545598959960938e+08 -1.233809481292658210e-17
9.686545598962402344e+08 -1.107443613689998107e-17
9.686545598964843750e+08 -9.813244220943088047e-18
9.686545598967285156e+08 -8.543732785319984425e-18
9.686545598969726562e+08 -7.266177913255194566e-18
9.686545598972167969e+08 -5.982544448526296094e-18
9.686545598974609375e+08 -4.699551814393341423e-18
9.686545598977050781e+08 -3.409877348580507795e-18
9.686545598979492188e+08 -2.119664073432423361e-18
9.686545598981933594e+08 -8.354754529202160353e-19
9.686545598984375000e+08 4.502968796429600805e-19
9.686545598986816406e+08 1.721638980735751281e-18
9.686545598989257812e+08 3.014382243305827391e-18
9.686545598991699219e+08 4.282023471950216361e-18
9.686545598994140625e+08 5.536371151197619708e-18
9.686545598996582031e+08 6.795695280404014683e-18
