time,strain_H1,strain_L1
1240215501.0,nan,-2.3383451304824193e-19
1240215501.0002441,nan,-2.338775638672394e-19
1240215501.0004883,nan,-2.4020472399665104e-19
1240215501.0007324,nan,-2.4896823373854834e-19
1240215501.0009766,nan,-2.5396772717796884e-19
1240215501.0012207,nan,-2.542768170469659e-19
1240215501.0014648,nan,-2.4910068175404554e-19
1240215501.001709,nan,-2.41777360416765e-19
1240215501.0019531,nan,-2.367652595165391e-19
1240215501.0021973,nan,-2.3755655389226244e-19
1240215501.0024414,nan,-2.4326451922225966e-19
1240215501.0026855,nan,-2.507984348435917e-19
1240215501.0029297,nan,-2.5662544444338305e-19
1240215501.0031738,nan,-2.556415879310374e-19
1240215501.003418,nan,-2.500527883364244e-19
1240215501.003662,nan,-2.428588430528154e-19
1240215501.0039062,nan,-2.3719856480054254e-19
1240215501.0041504,nan,-2.3751014986967354e-19
1240215501.0043945,nan,-2.423993374216941e-19
1240215501.0046387,nan,-2.500283948621276e-19
1240215501.0048828,nan,-2.5514905346170155e-19
1240215501.005127,nan,-2.535074725412795e-19
1240215501.005371,nan,-2.484156500213721e-19
1240215501.0056152,nan,-2.404793128045105e-19
1240215501.0058594,nan,-2.337792404762618e-19
1240215501.0061035,nan,-2.339568536955778e-19
1240215501.0063477,nan,-2.386190306282683e-19
1240215501.0065918,nan,-2.4533625544528234e-19
1240215501.006836,nan,-2.4982779464857216e-19
1240215501.00708,nan,-2.4882434122062125e-19
1240215501.0073242,nan,-2.4264044516296374e-19
1240215501.0075684,nan,-2.335254018155186e-19
1240215501.0078125,nan,-2.274026631964952e-19
1240215501.0080566,nan,-2.270661691765897e-19
1240215501.0083008,nan,-2.313115023959797e-19
1240215501.008545,nan,-2.369930234203502e-19
1240215501.008789,nan,-2.4142747764773755e-19
1240215501.0090332,nan,-2.403967026118399e-19
1240215501.0092773,nan,-2.329839989688678e-19
1240215501.0095215,nan,-2.2455706149765444e-19
1240215501.0097656,nan,-2.1755477149471905e-19
1240215501.0100098,nan,-2.1611364992387656e-19
1240215501.010254,nan,-2.207866048536186e-19
1240215501.010498,nan,-2.260959560528589e-19
1240215501.0107422,nan,-2.2973789987431186e-19
1240215501.0109863,nan,-2.2761501837812943e-19
1240215501.0112305,nan,-2.207548149860637e-19
1240215501.0114746,nan,-2.123270032081786e-19
1240215501.0117188,nan,-2.034972359333798e-19
1240215501.011963,nan,-2.024776685695157e-19
1240215501.012207,nan,-2.064546322656923e-19
1240215501.0124512,nan,-2.1073163674510733e-19
1240215501.0126953,nan,-2.156042338109308e-19
1240215501.0129395,nan,-2.12939684436458e-19
1240215501.0131836,nan,-2.0461804544140942e-19
1240215501.0134277,nan,-1.9559624868008112e-19
1240215501.0136719,nan,-1.8793513009228314e-19
1240215501.013916,nan,-1.8579804454079264e-19
1240215501.0141602,nan,-1.887429900723206e-19
1240215501.0144043,nan,-1.9424757320342633e-19
1240215501.0146484,nan,-1.9666478917689366e-19
1240215501.0148926,nan,-1.9465693983168688e-19
1240215501.0151367,nan,-1.8724950961706036e-19
1240215501.0153809,nan,-1.7636101250051209e-19
1240215501.015625,nan,-1.6875395314982884e-19
1240215501.0158691,nan,-1.6565743966091994e-19
1240215501.0161133,nan,-1.686555888363107e-19
1240215501.0163574,nan,-1.7394733299406042e-19
1240215501.0166016,nan,-1.7581933401327527e-19
1240215501.0168457,nan,-1.7272993604272797e-19
1240215501.0170898,nan,-1.6470587639386996e-19
1240215501.017334,nan,-1.5500602795302562e-19
1240215501.0175781,nan,-1.4616574891237799e-19
1240215501.0178223,nan,-1.4343311680997865e-19
1240215501.0180664,nan,-1.460797970234027e-19
1240215501.0183105,nan,-1.5067305626079749e-19
1240215501.0185547,nan,-1.5340715186547778e-19
1240215501.0187988,nan,-1.4916549977018847e-19
1240215501.019043,nan,-1.4156998754748314e-19
1240215501.019287,nan,-1.3074836962837642e-19
1240215501.0195312,nan,-1.2185679850413098e-19
1240215501.0197754,nan,-1.1935358718697154e-19
1240215501.0200195,nan,-1.2068013960099925e-19
1240215501.0202637,nan,-1.2525010843855943e-19
1240215501.0205078,nan,-1.2727041228521612e-19
1240215501.020752,nan,-1.2392177467304301e-19
1240215501.020996,nan,-1.1577548401201035e-19
1240215501.0212402,nan,-1.0429879446669195e-19
1240215501.0214844,nan,-9.546643092554191e-20
1240215501.0217285,nan,-9.21951864213943e-20
1240215501.0219727,nan,-9.419544857794409e-20
1240215501.0222168,nan,-9.833573330261451e-20
1240215501.022461,nan,-9.966017060264233e-20
1240215501.022705,nan,-9.604442689922026e-20
1240215501.0229492,nan,-8.757497756996899e-20
1240215501.0231934,nan,-7.641327369368093e-20
1240215501.0234375,nan,-6.725068667243721e-20
1240215501.0236816,nan,-6.372200187968317e-20
1240215501.0239258,nan,-6.550311604601544e-20
1240215501.02417,nan,-6.934799350446489e-20
1240215501.024414,nan,-7.053155760078183e-20
1240215501.0246582,nan,-6.77384985226941e-20
1240215501.0249023,nan,-5.888327268335122e-20
1240215501.0251465,nan,-4.6989165878285795e-20
1240215501.0253906,nan,-3.842486744070004e-20
1240215501.0256348,nan,-3.4462545919292174e-20
1240215501.025879,nan,-3.532965679556641e-20
1240215501.026123,nan,-3.886032088930609e-20
1240215501.0263672,nan,-4.110960336074245e-20
1240215501.0266113,nan,-3.740490574242065e-20
1240215501.0268555,nan,-2.7814842399785304e-20
1240215501.0270996,nan,-1.6795823710228056e-20
1240215501.0273438,nan,-7.158459725970625e-21
1240215501.027588,nan,-3.835981474119608e-21
1240215501.027832,nan,-5.6002328873204076e-21
1240215501.0280762,nan,-8.462785444306013e-21
1240215501.0283203,nan,-1.058740445842128e-20
1240215501.0285645,nan,-6.376175300425989e-21
1240215501.0288086,nan,2.81433653086893e-21
1240215501.0290527,nan,1.3568255743658198e-20
1240215501.0292969,nan,2.36094613397597e-20
1240215501.029541,nan,2.7517801652305543e-20
1240215501.0297852,nan,2.5833801706958243e-20
1240215501.0300293,nan,2.2632669605196486e-20
1240215501.0302734,nan,2.0774466007446748e-20
1240215501.0305176,nan,2.4593969262482976e-20
1240215501.0307617,nan,3.3639565798701014e-20
1240215501.0310059,nan,4.500358073442005e-20
1240215501.03125,nan,5.460440081982978e-20
1240215501.0314941,nan,5.824863607304868e-20
1240215501.0317383,nan,5.693799011286405e-20
1240215501.0319824,nan,5.330225446257765e-20
1240215501.0322266,nan,5.176570653380888e-20
1240215501.0324707,nan,5.56271868248274e-20
1240215501.0327148,nan,6.44976947784629e-20
1240215501.032959,nan,7.608366688045476e-20
1240215501.0332031,nan,8.536912708227625e-20
1240215501.0334473,nan,8.910995454981006e-20
1240215501.0336914,nan,8.737440565464992e-20
1240215501.0339355,nan,8.411455210372477e-20
1240215501.0341797,nan,8.273157809563085e-20
1240215501.0344238,nan,8.553465976957553e-20
1240215501.034668,nan,9.53772880927924e-20
1240215501.034912,nan,1.0664710548417093e-19
1240215501.0351562,nan,1.1488204052788923e-19
1240215501.0354004,nan,1.1903667565958748e-19
1240215501.0356445,nan,1.1723356272474363e-19
1240215501.0358887,nan,1.135200425865521e-19
1240215501.0361328,nan,1.1191374044024262e-19
1240215501.036377,nan,1.1528804022577344e-19
1240215501.036621,nan,1.2409626305107898e-19
1240215501.0368652,nan,1.3489040199191294e-19
1240215501.0371094,nan,1.443845557196729e-19
1240215501.0373535,nan,1.4741216675859953e-19
1240215501.0375977,nan,1.453012450029945e-19
1240215501.0378418,nan,1.4234260043061142e-19
1240215501.038086,nan,1.3987550393802096e-19
1240215501.03833,nan,1.4259709398406459e-19
1240215501.0385742,nan,1.5184859284677742e-19
1240215501.0388184,nan,1.6285533792474902e-19
1240215501.0390625,nan,1.7109365332996868e-19
1240215501.0393066,nan,1.7468687292254814e-19
1240215501.0395508,nan,1.72663528190667e-19
1240215501.039795,nan,1.68463200990335e-19
1240215501.040039,nan,1.671990705109659e-19
1240215501.0402832,nan,1.6932982929793675e-19
1240215501.0405273,nan,1.7725072248031847e-19
1240215501.0407715,nan,1.889186904571204e-19
1240215501.0410156,nan,1.9673505438055804e-19
1240215501.0412598,nan,1.9997739916327704e-19
1240215501.041504,nan,1.9822515847366637e-19
1240215501.041748,nan,1.9326144804724529e-19
1240215501.0419922,nan,1.9070312733327213e-19
1240215501.0422363,nan,1.933085776125497e-19
1240215501.0424805,nan,2.0148531928425082e-19
1240215501.0427246,nan,2.1177872352787557e-19
1240215501.0429688,nan,2.2055599663483037e-19
1240215501.043213,nan,2.2353769420353236e-19
1240215501.043457,nan,2.200930863469002e-19
1240215501.0437012,nan,2.159644659797422e-19
1240215501.0439453,nan,2.1304678247896655e-19
1240215501.0441895,nan,2.1429771851464577e-19
1240215501.0444336,nan,2.2257575137144327e-19
1240215501.0446777,nan,2.3261771957664706e-19
1240215501.0449219,nan,2.400658888720727e-19
1240215501.045166,nan,2.4282581716559546e-19
1240215501.0454102,nan,2.4029116240739343e-19
1240215501.0456543,nan,2.3507117706559695e-19
1240215501.0458984,nan,2.319042035486737e-19
1240215501.0461426,nan,2.3399105645797845e-19
1240215501.0463867,nan,2.407055633152853e-19
1240215501.0466309,nan,2.50407852786058e-19
1240215501.046875,nan,2.5794651591784457e-19
1240215501.0471191,nan,2.60176502297431e-19
1240215501.0473633,nan,2.575635673537651e-19
1240215501.0476074,nan,2.5156423816076354e-19
1240215501.0478516,nan,2.47466326746675e-19
1240215501.0480957,nan,2.4960750171168334e-19
1240215501.0483398,nan,2.567206216693939e-19
1240215501.048584,nan,2.6507738055592454e-19
1240215501.0488281,nan,2.724171276476017e-19
1240215501.0490723,nan,2.7476226138195257e-19
1240215501.0493164,nan,2.7105991764009146e-19
1240215501.0495605,nan,2.6540262364676012e-19
1240215501.0498047,nan,2.614502905635424e-19
1240215501.0500488,nan,2.621306478125753e-19
1240215501.050293,nan,2.6849292142689135e-19
1240215501.050537,nan,2.7768538727490996e-19
1240215501.0507812,nan,2.841676743117376e-19
1240215501.0510254,nan,2.8584798063148556e-19
1240215501.0512695,nan,2.815933284505813e-19
1240215501.0515137,nan,2.749524111606189e-19
1240215501.0517578,nan,2.7128992844945146e-19
1240215501.052002,nan,2.711389948476127e-19
1240215501.052246,nan,2.771055712330115e-19
1240215501.0524902,nan,2.858014968326912e-19
1240215501.0527344,nan,2.918012397746858e-19
1240215501.0529785,nan,2.9312941687614927e-19
1240215501.0532227,nan,2.8812798873525086e-19
1240215501.0534668,nan,2.8165931593489946e-19
1240215501.053711,nan,2.768248026605897e-19
1240215501.053955,nan,2.761690901643382e-19
1240215501.0541992,nan,2.82366782167067e-19
1240215501.0544434,nan,2.900213637760926e-19
1240215501.0546875,nan,2.9536211812229534e-19
1240215501.0549316,nan,2.9688566788120107e-19
1240215501.0551758,nan,2.9182802120229305e-19
1240215501.05542,nan,2.838976695650556e-19
1240215501.055664,nan,2.7937693280637326e-19
1240215501.0559082,nan,2.7911408807550764e-19
1240215501.0561523,nan,2.835728730659453e-19
1240215501.0563965,nan,2.9135623808605545e-19
1240215501.0566406,nan,2.966092156430491e-19
1240215501.0568848,nan,2.9680665487226565e-19
1240215501.057129,nan,2.91690774942986e-19
1240215501.057373,nan,2.8363668238503117e-19
1240215501.0576172,nan,2.777561830492676e-19
1240215501.0578613,nan,2.769726932318116e-19
1240215501.0581055,nan,2.81479927413376e-19
1240215501.0583496,nan,2.8840851985906714e-19
1240215501.0585938,nan,2.935963510422881e-19
1240215501.058838,nan,2.9305795870209243e-19
1240215501.059082,nan,2.872136007651515e-19
1240215501.0593262,nan,2.791959284371956e-19
1240215501.0595703,nan,2.7300199203572852e-19
1240215501.0598145,nan,2.713061761305694e-19
1240215501.0600586,nan,2.7470868220633163e-19
1240215501.0603027,nan,2.825521816875792e-19
1240215501.0605469,nan,2.8691982343995365e-19
1240215501.060791,nan,2.8494944718382325e-19
1240215501.0610352,nan,2.7951621864732185e-19
1240215501.0612793,nan,2.712183080340488e-19
1240215501.0615234,nan,2.6420953372141183e-19
1240215501.0617676,nan,2.6215899483669957e-19
1240215501.0620117,nan,2.663167520267132e-19
1240215501.0622559,nan,2.7225265124293275e-19
1240215501.0625,nan,2.757990281824513e-19
1240215501.0627441,nan,2.752108210208056e-19
1240215501.0629883,nan,2.681953182222428e-19
1240215501.0632324,nan,2.5926861272874597e-19
1240215501.0634766,nan,2.522233258207812e-19
1240215501.0637207,nan,2.4955635396332093e-19
1240215501.0639648,nan,2.529639250254422e-19
1240215501.064209,nan,2.587463826480508e-19
1240215501.0644531,nan,2.623300703180077e-19
1240215501.0646973,nan,2.6053792274884134e-19
1240215501.0649414,nan,2.535882071705622e-19
1240215501.0651855,nan,2.441626878138615e-19
1240215501.0654297,nan,2.368215619917604e-19
1240215501.0656738,nan,2.3403399671267734e-19
1240215501.065918,nan,2.359975677955729e-19
1240215501.066162,nan,2.416318188860868e-19
1240215501.0664062,nan,2.4530740149908236e-19
1240215501.0666504,nan,2.4324668671483983e-19
1240215501.0668945,nan,2.3550557707268037e-19
1240215501.0671387,nan,2.2576214072935238e-19
1240215501.0673828,nan,2.1761895575368663e-19
1240215501.067627,nan,2.1396075226180476e-19
1240215501.067871,nan,2.168593405283865e-19
1240215501.0681152,nan,2.2121859591973014e-19
1240215501.0683594,nan,2.244892491557224e-19
1240215501.0686035,nan,2.2274732510205266e-19
1240215501.0688477,nan,2.1435124409367597e-19
1240215501.0690918,nan,2.0482054587968282e-19
1240215501.069336,nan,1.957091974701576e-19
1240215501.06958,nan,1.9217887227319957e-19
1240215501.0698242,nan,1.9396108219464163e-19
1240215501.0700684,nan,1.980119082327932e-19
1240215501.0703125,nan,2.0172250307796076e-19
1240215501.0705566,nan,1.9834645425489366e-19
1240215501.0708008,nan,1.9002183470152314e-19
1240215501.071045,nan,1.798704569187251e-19
1240215501.071289,nan,1.709114263132723e-19
1240215501.0715332,nan,1.67396434232882e-19
1240215501.0717773,nan,1.6908999422182385e-19
1240215501.0720215,nan,1.7332806817893565e-19
1240215501.0722656,nan,1.7512754237759458e-19
1240215501.0725098,nan,1.720328600061527e-19
1240215501.072754,nan,1.6452661080728257e-19
1240215501.072998,nan,1.5355228173011152e-19
1240215501.0732422,nan,1.4338199930501763e-19
1240215501.0734863,nan,1.3980578755999184e-19
1240215501.0737305,nan,1.412229446149829e-19
1240215501.0739746,nan,1.4432878589673594e-19
1240215501.0742188,nan,1.470699122925836e-19
1240215501.074463,nan,1.4355522565507826e-19
1240215501.074707,nan,1.3474270318896078e-19
1240215501.0749512,nan,1.2424954864793707e-19
1240215501.0751953,nan,1.1436149934368743e-19
1240215501.0754395,nan,1.1016186938885966e-19
1240215501.0756836,nan,1.1118842894977804e-19
1240215501.0759277,nan,1.1413705980732116e-19
1240215501.0761719,nan,1.1672618551468058e-19
1240215501.076416,nan,1.1321628622754203e-19
1240215501.0766602,nan,1.0388293256207445e-19
1240215501.0769043,nan,9.306102880437851e-20
1240215501.0771484,nan,8.332150760430856e-20
1240215501.0773926,nan,7.896507745428801e-20
1240215501.0776367,nan,7.925847174862875e-20
1240215501.0778809,nan,8.298763665420927e-20
1240215501.078125,nan,8.565978660855134e-20
1240215501.0783691,nan,8.050268716905863e-20
1240215501.0786133,nan,7.205031349267676e-20
1240215501.0788574,nan,6.118603768814107e-20
1240215501.0791016,nan,5.055136667804545e-20
1240215501.0793457,nan,4.6597517451044534e-20
1240215501.0795898,nan,4.650738676321939e-20
1240215501.079834,nan,4.9612735651742586e-20
1240215501.0800781,nan,5.169672820720796e-20
1240215501.0803223,nan,4.7808052669568577e-20
1240215501.0805664,nan,3.886172348780455e-20
1240215501.0808105,nan,2.679969256782006e-20
1240215501.0810547,nan,1.6789809323441555e-20
1240215501.0812988,nan,1.2346030704328943e-20
1240215501.081543,nan,1.3230265423228418e-20
1240215501.081787,nan,1.6021141357269515e-20
1240215501.0820312,nan,1.7686761258926675e-20
1240215501.0822754,nan,1.4118039206452728e-20
1240215501.0825195,nan,4.277897254941006e-21
1240215501.0827637,nan,-6.3818960929256545e-21
1240215501.0830078,nan,-1.6914931391733056e-20
1240215501.083252,nan,-2.233918883917342e-20
1240215501.083496,nan,-2.1544156590393648e-20
1240215501.0837402,nan,-1.8466801672595515e-20
1240215501.0839844,nan,-1.6310502603172236e-20
1240215501.0842285,nan,-2.1026090402647774e-20
1240215501.0844727,nan,-2.970761506926189e-20
1240215501.0847168,nan,-4.1110582670697256e-20
1240215501.084961,nan,-5.168181629918932e-20
1240215501.085205,nan,-5.584176321126798e-20
1240215501.0854492,nan,-5.64174495928756e-20
1240215501.0856934,nan,-5.3120688176912326e-20
1240215501.0859375,nan,-5.096720731606967e-20
1240215501.0861816,nan,-5.529608331256193e-20
1240215501.0864258,nan,-6.38932423110807e-20
1240215501.08667,nan,-7.566689533677736e-20
1240215501.086914,nan,-8.584854519943742e-20
1240215501.0871582,nan,-9.02143940046761e-20
1240215501.0874023,nan,-8.9854457087331e-20
1240215501.0876465,nan,-8.729509213931734e-20
1240215501.0878906,nan,-8.52960441594058e-20
1240215501.0881348,nan,-8.81003768395805e-20
1240215501.088379,nan,-9.748595949088584e-20
1240215501.088623,nan,-1.0893829340086379e-19
1240215501.0888672,nan,-1.1888755506484962e-19
1240215501.0891113,nan,-1.2394998968096322e-19
1240215501.0893555,nan,-1.235637242322987e-19
1240215501.0895996,nan,-1.2065559523086795e-19
1240215501.0898438,nan,-1.1816010962080776e-19
1240215501.090088,nan,-1.2241243982140508e-19
1240215501.090332,nan,-1.3093365664783574e-19
1240215501.0905762,nan,-1.4137276561870845e-19
1240215501.0908203,nan,-1.5215038628645862e-19
1240215501.0910645,nan,-1.5584145402085819e-19
1240215501.0913086,nan,-1.5553694296698252e-19
1240215501.0915527,nan,-1.5266461626542143e-19
1240215501.0917969,nan,-1.4975294838426854e-19
1240215501.092041,nan,-1.5364255044549096e-19
1240215501.0922852,nan,-1.622912646330458e-19
1240215501.0925293,nan,-1.7284844334269468e-19
1240215501.0927734,nan,-1.8259981576912456e-19
1240215501.0930176,nan,-1.8776417499432975e-19
1240215501.0932617,nan,-1.8673834560118012e-19
1240215501.0935059,nan,-1.8237740921046458e-19
1240215501.09375,nan,-1.8050251579391905e-19
1240215501.0939941,nan,-1.8389920085177146e-19
1240215501.0942383,nan,-1.9205363531916397e-19
1240215501.0944824,nan,-2.0272757745652527e-19
1240215501.0947266,nan,-2.1202803660516557e-19
1240215501.0949707,nan,-2.1630456862516504e-19
1240215501.0952148,nan,-2.1522101663521178e-19
1240215501.095459,nan,-2.1142429026216989e-19
1240215501.0957031,nan,-2.0881857854460833e-19
1240215501.0959473,nan,-2.1146235617638047e-19
1240215501.0961914,nan,-2.1986421106477047e-19
1240215501.0964355,nan,-2.299584569649017e-19
1240215501.0966797,nan,-2.3881567417504007e-19
1240215501.0969238,nan,-2.435297469838615e-19
1240215501.097168,nan,-2.4153789270797994e-19
1240215501.097412,nan,-2.3723827987682415e-19
1240215501.0976562,nan,-2.3461399967112136e-19
1240215501.0979004,nan,-2.366320429244485e-19
1240215501.0981445,nan,-2.450585355469806e-19
1240215501.0983887,nan,-2.5500387665485167e-19
1240215501.0986328,nan,-2.633745020801815e-19
1240215501.098877,nan,-2.674084712746552e-19
1240215501.099121,nan,-2.65270130730589e-19
1240215501.0993652,nan,-2.6049690023767307e-19
1240215501.0996094,nan,-2.574508817579313e-19
1240215501.0998535,nan,-2.599401271132459e-19
1240215501.1000977,nan,-2.6707113632806436e-19
1240215501.1003418,nan,-2.7615785775774406e-19
1240215501.100586,nan,-2.8493870539161123e-19
1240215501.10083,nan,-2.8841323158724333e-19
1240215501.1010742,nan,-2.866181392283357e-19
1240215501.1013184,nan,-2.8109774635371944e-19
1240215501.1015625,nan,-2.766991589249205e-19
1240215501.1018066,nan,-2.7914607578746087e-19
1240215501.1020508,nan,-2.8560442118173925e-19
1240215501.102295,nan,-2.952140283058085e-19
1240215501.102539,nan,-3.0398955519023316e-19
1240215501.1027832,nan,-3.060771040699023e-19
1240215501.1030273,nan,-3.0361685937675952e-19
1240215501.1032715,nan,-2.982948762328128e-19
1240215501.1035156,nan,-2.9390635098344627e-19
1240215501.1037598,nan,-2.955787060843057e-19
1240215501.104004,nan,-3.0201910637492856e-19
1240215501.104248,nan,-3.103612225697256e-19
1240215501.1044922,nan,-3.1759366139757444e-19
1240215501.1047363,nan,-3.210920758065016e-19
1240215501.1049805,nan,-3.181538230351073e-19
1240215501.1052246,nan,-3.111342947579544e-19
1240215501.1054688,nan,-3.067052151814424e-19
1240215501.105713,nan,-3.0754913258224324e-19
1240215501.105957,nan,-3.137748207883296e-19
1240215501.1062012,nan,-3.222733941156569e-19
1240215501.1064453,nan,-3.2930923740620554e-19
1240215501.1066895,nan,-3.313166304310664e-19
1240215501.1069336,nan,-3.2771627696816873e-19
1240215501.1071777,nan,-3.218253037976334e-19
1240215501.1074219,nan,-3.1634585858266335e-19
1240215501.107666,nan,-3.1658868381868973e-19
1240215501.1079102,nan,-3.223172863837443e-19
1240215501.1081543,nan,-3.3017737971447197e-19
1240215501.1083984,nan,-3.3699320884547545e-19
1240215501.1086426,nan,-3.3795847329660027e-19
1240215501.1088867,nan,-3.3454511510482733e-19
1240215501.1091309,nan,-3.2755613855332984e-19
1240215501.109375,nan,-3.214730218684215e-19
1240215501.1096191,nan,-3.2173741307681073e-19
1240215501.1098633,nan,-3.263729675709759e-19
1240215501.1101074,nan,-3.3365322516439887e-19
1240215501.1103516,nan,-3.401630201880507e-19
1240215501.1105957,nan,-3.4088260780140093e-19
1240215501.1108398,nan,-3.36440551893227e-19
1240215501.111084,nan,-3.2961109909653877e-19
1240215501.1113281,nan,-3.2282764490032825e-19
1240215501.1115723,nan,-3.2181848686748865e-19
1240215501.1118164,nan,-3.2706931336580035e-19
1240215501.1120605,nan,-3.336345245834759e-19
1240215501.1123047,nan,-3.3907193679449947e-19
1240215501.1125488,nan,-3.40491807327629e-19
1240215501.112793,nan,-3.3485864560941155e-19
1240215501.113037,nan,-3.2621836036682793e-19
1240215501.1132812,nan,-3.206751264617867e-19
1240215501.1135254,nan,-3.1908452125019217e-19
1240215501.1137695,nan,-3.2194698362082173e-19
1240215501.1140137,nan,-3.289673778657256e-19
1240215501.1142578,nan,-3.3466370344488186e-19
1240215501.114502,nan,-3.34492226193007e-19
1240215501.114746,nan,-3.2889614532941656e-19
1240215501.1149902,nan,-3.208164809157916e-19
1240215501.1152344,nan,-3.1316217370479017e-19
1240215501.1154785,nan,-3.1070781711028465e-19
1240215501.1157227,nan,-3.151549230291153e-19
1240215501.1159668,nan,-3.2104508774719497e-19
1240215501.116211,nan,-3.2503934628624743e-19
1240215501.116455,nan,-3.2499065370007804e-19
1240215501.1166992,nan,-3.192991064935838e-19
1240215501.1169434,nan,-3.1009979659591577e-19
1240215501.1171875,nan,-3.022416091899641e-19
1240215501.1174316,nan,-2.9999586286672887e-19
1240215501.1176758,nan,-3.0252508708468195e-19
1240215501.11792,nan,-3.0804818569680884e-19
1240215501.118164,nan,-3.1271880029078826e-19
1240215501.1184082,nan,-3.1147731857100264e-19
1240215501.1186523,nan,-3.049261126913685e-19
1240215501.1188965,nan,-2.955877582783647e-19
1240215501.1191406,nan,-2.8741529964767393e-19
1240215501.1193848,nan,-2.8422805526629305e-19
1240215501.119629,nan,-2.868489372369468e-19
1240215501.119873,nan,-2.9204109885229136e-19
1240215501.1201172,nan,-2.9549615836884735e-19
1240215501.1203613,nan,-2.944160898568848e-19
1240215501.1206055,nan,-2.8760673007957213e-19
1240215501.1208496,nan,-2.7758621716081424e-19
1240215501.1210938,nan,-2.6822837514655558e-19
1240215501.121338,nan,-2.6493655686148027e-19
1240215501.121582,nan,-2.6766423465674043e-19
1240215501.1218262,nan,-2.7128192145029455e-19
1240215501.1220703,nan,-2.7466852340753644e-19
1240215501.1223145,nan,-2.7360022189651195e-19
1240215501.1225586,nan,-2.6589488810281667e-19
1240215501.1228027,nan,-2.556042852512164e-19
1240215501.1230469,nan,-2.4641154346071993e-19
1240215501.123291,nan,-2.423226585520544e-19
1240215501.1235352,nan,-2.4378527267972173e-19
1240215501.1237793,nan,-2.483933496706445e-19
1240215501.1240234,nan,-2.5045510203366394e-19
1240215501.1242676,nan,-2.4878458218127575e-19
1240215501.1245117,nan,-2.418916505651232e-19
1240215501.1247559,nan,-2.296340459080982e-19
1240215501.125,nan,-2.206859444678741e-19
1240215501.1252441,nan,-2.1629155065836062e-19
1240215501.1254883,nan,-2.169156376980995e-19
1240215501.1257324,nan,-2.218191252374586e-19
1240215501.1259766,nan,-2.232464430072977e-19
1240215501.1262207,nan,-2.2076551665394865e-19
1240215501.1264648,nan,-2.1324019824992136e-19
1240215501.126709,nan,-2.0176217703383448e-19
1240215501.1269531,nan,-1.9218405633903139e-19
1240215501.1271973,nan,-1.867075054111844e-19
1240215501.1274414,nan,-1.8796484643841765e-19
1240215501.1276855,nan,-1.9134217150093374e-19
1240215501.1279297,nan,-1.9261459878932615e-19
1240215501.1281738,nan,-1.903209053281067e-19
1240215501.128418,nan,-1.822715429296291e-19
1240215501.128662,nan,-1.708475855030535e-19
1240215501.1289062,nan,-1.601447420403301e-19
1240215501.1291504,nan,-1.5545352406746163e-19
1240215501.1293945,nan,-1.55269292577056e-19
1240215501.1296387,nan,-1.5817337909143137e-19
1240215501.1298828,nan,-1.6073850458430022e-19
1240215501.130127,nan,-1.567531236148928e-19
1240215501.130371,nan,-1.4902818469074693e-19
1240215501.1306152,nan,-1.3680699088030308e-19
1240215501.1308594,nan,-1.2561279692506659e-19
1240215501.1311035,nan,-1.2103000569174028e-19
1240215501.1313477,nan,-1.2012233700354385e-19
1240215501.1315918,nan,-1.2312219504668804e-19
1240215501.131836,nan,-1.2515627743364658e-19
1240215501.13208,nan,-1.2189819536520084e-19
1240215501.1323242,nan,-1.1329473051739273e-19
1240215501.1325684,nan,-1.0107369119053354e-19
1240215501.1328125,nan,-9.017687368562837e-20
1240215501.1330566,nan,-8.46248502178929e-20
1240215501.1333008,nan,-8.43550613082748e-20
1240215501.133545,nan,-8.631332989574866e-20
1240215501.133789,nan,-8.835491350414135e-20
1240215501.1340332,nan,-8.553421165690635e-20
1240215501.1342773,nan,-7.558072745550285e-20
1240215501.1345215,nan,-6.33622177016765e-20
1240215501.1347656,nan,-5.252889565535093e-20
1240215501.1350098,nan,-4.66441515284736e-20
1240215501.135254,nan,-4.5947205246530196e-20
1240215501.135498,nan,-4.79623186289454e-20
1240215501.1357422,nan,-5.010191825580182e-20
1240215501.1359863,nan,-4.6513065369960726e-20
1240215501.1362305,nan,-3.733581408523384e-20
1240215501.1364746,nan,-2.51273329522451e-20
1240215501.1367188,nan,-1.358983867703666e-20
1240215501.136963,nan,-7.697939782913338e-21
1240215501.137207,nan,-7.2632651352114e-21
1240215501.1374512,nan,-9.604626229893266e-21
1240215501.1376953,nan,-1.0479115202740424e-20
1240215501.1379395,nan,-7.46702212870871e-21
1240215501.1381836,nan,1.9110890058612284e-21
1240215501.1384277,nan,1.4561979011813903e-20
1240215501.1386719,nan,2.554572875693926e-20
1240215501.138916,nan,3.239544439225646e-20
1240215501.1391602,nan,3.261996829404978e-20
1240215501.1394043,nan,2.9945429894590624e-20
1240215501.1396484,nan,2.872622410050983e-20
1240215501.1398926,nan,3.217240925358912e-20
1240215501.1401367,nan,4.09750321539245e-20
1240215501.1403809,nan,5.3408228035845966e-20
1240215501.140625,nan,6.574350331161231e-20
1240215501.1408691,nan,7.15448219899738e-20
1240215501.1411133,nan,7.20807674513124e-20
1240215501.1413574,nan,7.001967507592592e-20
1240215501.1416016,nan,6.771489338740943e-20
1240215501.1418457,nan,7.171157529410144e-20
1240215501.1420898,nan,8.082475838923018e-20
1240215501.142334,nan,9.252994963747154e-20
1240215501.1425781,nan,1.044600971490419e-19
1240215501.1428223,nan,1.1057662137336066e-19
1240215501.1430664,nan,1.110866569722187e-19
1240215501.1433105,nan,1.0895317748020123e-19
1240215501.1435547,nan,1.0703790960324436e-19
1240215501.1437988,nan,1.100735472539728e-19
1240215501.144043,nan,1.1930598922588566e-19
1240215501.144287,nan,1.3142806096726028e-19
1240215501.1445312,nan,1.4271137119333004e-19
1240215501.1447754,nan,1.489381147908834e-19
1240215501.1450195,nan,1.490189028730452e-19
1240215501.1452637,nan,1.4689753726198553e-19
1240215501.1455078,nan,1.4475003662928081e-19
1240215501.145752,nan,1.4718976221312722e-19
1240215501.145996,nan,1.5670844701466075e-19
1240215501.1462402,nan,1.687531586496245e-19
1240215501.1464844,nan,1.7942943175476424e-19
1240215501.1467285,nan,1.8539647765556057e-19
1240215501.1469727,nan,1.8583490954525425e-19
1240215501.1472168,nan,1.8331242947609867e-19
1240215501.147461,nan,1.8124310666238337e-19
1240215501.147705,nan,1.8382334391025565e-19
1240215501.1479492,nan,1.9195643337067122e-19
1240215501.1481934,nan,2.040495227718635e-19
1240215501.1484375,nan,2.1457840070475946e-19
1240215501.1486816,nan,2.2077786582048886e-19
1240215501.1489258,nan,2.2074830895001997e-19
1240215501.14917,nan,2.1625296391609242e-19
1240215501.149414,nan,2.1559550523719253e-19
1240215501.1496582,nan,2.174655729563034e-19
1240215501.1499023,nan,2.254844025391704e-19
1240215501.1501465,nan,2.3748138565512333e-19
1240215501.1503906,nan,2.468956106207647e-19
1240215501.1506348,nan,2.537886320234256e-19
1240215501.150879,nan,2.527137974052673e-19
1240215501.151123,nan,2.4908195056346725e-19
1240215501.1513672,nan,2.472363593017704e-19
1240215501.1516113,nan,2.483035738302245e-19
1240215501.1518555,nan,2.564963915016902e-19
1240215501.1520996,nan,2.676355804255408e-19
1240215501.1523438,nan,2.7781357964490007e-19
1240215501.152588,nan,2.8247215017979295e-19
1240215501.152832,nan,2.820804583319654e-19
1240215501.1530762,nan,2.7888498206034055e-19
1240215501.1533203,nan,2.7522006155481744e-19
1240215501.1535645,nan,2.768863194370869e-19
1240215501.1538086,nan,2.8367539763772913e-19
1240215501.1540527,nan,2.9514774853399827e-19
1240215501.1542969,nan,3.0526284308069145e-19
1240215501.154541,nan,3.090211300898627e-19
1240215501.1547852,nan,3.0817075555657646e-19
1240215501.1550293,nan,3.038200945425913e-19
1240215501.1552734,nan,3.00577788913832e-19
1240215501.1555176,nan,3.0155777695859547e-19
1240215501.1557617,nan,3.0838409417790176e-19
1240215501.1560059,nan,3.1920760487338674e-19
1240215501.15625,nan,3.277774020480533e-19
1240215501.1564941,nan,3.325912039949651e-19
1240215501.1567383,nan,3.314208285583065e-19
1240215501.1569824,nan,3.2601466048284524e-19
1240215501.1572266,nan,3.221758587087351e-19
1240215501.1574707,nan,3.228280271059347e-19
1240215501.1577148,nan,3.2910807374713333e-19
1240215501.157959,nan,3.3907661455429933e-19
1240215501.1582031,nan,3.4799905136808026e-19
1240215501.1584473,nan,3.5114088546916396e-19
1240215501.1586914,nan,3.4933178368832493e-19
1240215501.1589355,nan,3.4455247090057415e-19
1240215501.1591797,nan,3.398940581717277e-19
1240215501.1594238,nan,3.3946006249272225e-19
1240215501.159668,nan,3.4603902896265384e-19
1240215501.159912,nan,3.555661665345545e-19
1240215501.1601562,nan,3.627909386604045e-19
1240215501.1604004,nan,3.6731614449351986e-19
1240215501.1606445,nan,3.649730601668796e-19
1240215501.1608887,nan,3.581024664388344e-19
1240215501.1611328,nan,3.5314732377751914e-19
1240215501.161377,nan,3.524881485396096e-19
1240215501.161621,nan,3.584680290640773e-19
1240215501.1618652,nan,3.668883718215012e-19
1240215501.1621094,nan,3.748398411080544e-19
1240215501.1623535,nan,3.783146893681385e-19
1240215501.1625977,nan,3.741512849623192e-19
1240215501.1628418,nan,3.6781096160195277e-19
1240215501.163086,nan,3.624913856029941e-19
1240215501.16333,nan,3.613870196768521e-19
1240215501.1635742,nan,3.661770051573577e-19
1240215501.1638184,nan,3.7424141900120796e-19
1240215501.1640625,nan,3.818002305854797e-19
1240215501.1643066,nan,3.841668866756666e-19
1240215501.1645508,nan,3.8039007058110373e-19
1240215501.164795,nan,3.7348387390955566e-19
1240215501.165039,nan,3.6686742017981027e-19
1240215501.1652832,nan,3.6519628698917236e-19
1240215501.1655273,nan,3.6920594636311234e-19
1240215501.1657715,nan,3.7639481836517477e-19
1240215501.1660156,nan,3.8346877391693955e-19
1240215501.1662598,nan,3.8538388700109306e-19
1240215501.166504,nan,3.8114642896612145e-19
1240215501.166748,nan,3.740350137778107e-19
1240215501.1669922,nan,3.6713604863901124e-19
1240215501.1672363,nan,3.6463954922357623e-19
1240215501.1674805,nan,3.679740591248247e-19
1240215501.1677246,nan,3.749445162141122e-19
1240215501.1679688,nan,3.8141877938543714e-19
1240215501.168213,nan,3.8280395589968267e-19
1240215501.168457,nan,3.7787947862479093e-19
1240215501.1687012,nan,3.69320733771222e-19
1240215501.1689453,nan,3.62093809658122e-19
1240215501.1691895,nan,3.5936818363839723e-19
1240215501.1694336,nan,3.6198927834927955e-19
1240215501.1696777,nan,3.6864650383159023e-19
1240215501.1699219,nan,3.7419957293110267e-19
1240215501.170166,nan,3.748255479574236e-19
1240215501.1704102,nan,3.700772105383835e-19
1240215501.1706543,nan,3.6086377439066405e-19
1240215501.1708984,nan,3.526033803130324e-19
1240215501.1711426,nan,3.4918113387743007e-19
1240215501.1713867,nan,3.5134373784053463e-19
1240215501.1716309,nan,3.5731612246752976e-19
1240215501.171875,nan,3.6186663505311583e-19
1240215501.1721191,nan,3.623121307877548e-19
1240215501.1723633,nan,3.5752384814764045e-19
1240215501.1726074,nan,3.472389603817394e-19
1240215501.1728516,nan,3.384275620494404e-19
1240215501.1730957,nan,3.3499222452035015e-19
1240215501.1733398,nan,3.3585767174376382e-19
1240215501.173584,nan,3.4182539952973223e-19
1240215501.1738281,nan,3.4633943744169786e-19
1240215501.1740723,nan,3.456300650373654e-19
1240215501.1743164,nan,3.40168737407689e-19
1240215501.1745605,nan,3.293064547126998e-19
1240215501.1748047,nan,3.2019976846104107e-19
1240215501.1750488,nan,3.157107368508837e-19
1240215501.175293,nan,3.1656492500167227e-19
1240215501.175537,nan,3.219742618664953e-19
1240215501.1757812,nan,3.258375520980891e-19
1240215501.1760254,nan,3.2503836393134415e-19
1240215501.1762695,nan,3.180328342781202e-19
1240215501.1765137,nan,3.073811006522913e-19
1240215501.1767578,nan,2.9830430402002977e-19
1240215501.177002,nan,2.9351538293621797e-19
1240215501.177246,nan,2.934130359759614e-19
1240215501.1774902,nan,2.972688238352513e-19
1240215501.1777344,nan,3.010005933726564e-19
1240215501.1779785,nan,3.0010345988920254e-19
1240215501.1782227,nan,2.9296981485737514e-19
1240215501.1784668,nan,2.8139410466055284e-19
1240215501.178711,nan,2.7136012533484557e-19
1240215501.178955,nan,2.656895913882553e-19
1240215501.1791992,nan,2.6556956490012513e-19
1240215501.1794434,nan,2.702080853843865e-19
1240215501.1796875,nan,2.7252070293466773e-19
1240215501.1799316,nan,2.711856489000085e-19
1240215501.1801758,nan,2.647763554996172e-19
1240215501.18042,nan,2.5228713770866106e-19
1240215501.180664,nan,2.4135435792011745e-19
1240215501.1809082,nan,2.3519002335290368e-19
1240215501.1811523,nan,2.3428531084224287e-19
1240215501.1813965,nan,2.3818143336374157e-19
1240215501.1816406,nan,2.407853138816772e-19
1240215501.1818848,nan,2.3900290253319476e-19
1240215501.182129,nan,2.3146285668213633e-19
1240215501.182373,nan,2.191453364383379e-19
1240215501.1826172,nan,2.0817350674664376e-19
1240215501.1828613,nan,2.0134038881318137e-19
1240215501.1831055,nan,2.0021134296480871e-19
1240215501.1833496,nan,2.0427709644678375e-19
1240215501.1835938,nan,2.066594196159062e-19
1240215501.183838,nan,2.0402454716661932e-19
1240215501.184082,nan,1.9545509869039564e-19
1240215501.1843262,nan,1.8275677827596342e-19
1240215501.1845703,nan,1.7194295567743313e-19
1240215501.1848145,nan,1.6453318898789357e-19
1240215501.1850586,nan,1.6282895419919191e-19
1240215501.1853027,nan,1.661626709969883e-19
1240215501.1855469,nan,1.6901375496865402e-19
1240215501.185791,nan,1.662988854384956e-19
1240215501.1860352,nan,1.5723288643102256e-19
1240215501.1862793,nan,1.4539030758366471e-19
1240215501.1865234,nan,1.3336324888110065e-19
1240215501.1867676,nan,1.2551071242773202e-19
1240215501.1870117,nan,1.2464641369075725e-19
1240215501.1872559,nan,1.274401403462753e-19
1240215501.1875,nan,1.2873803555880035e-19
1240215501.1877441,nan,1.262710877280311e-19
1240215501.1879883,nan,1.1812751257460396e-19
1240215501.1882324,nan,1.0473997350573322e-19
1240215501.1884766,nan,9.242079832803662e-20
1240215501.1887207,nan,8.48478841869837e-20
1240215501.1889648,nan,8.366504595543934e-20
1240215501.189209,nan,8.621802903500886e-20
1240215501.1894531,nan,8.736939760802894e-20
1240215501.1896973,nan,8.515199960571092e-20
1240215501.1899414,nan,7.659876024219067e-20
1240215501.1901855,nan,6.329908181276531e-20
1240215501.1904297,nan,5.0772559678052616e-20
1240215501.1906738,nan,4.3214217959665975e-20
1240215501.190918,nan,4.169490789720837e-20
1240215501.191162,nan,4.4015958639969324e-20
1240215501.1914062,nan,4.530304176854331e-20
1240215501.1916504,nan,4.1893790493213555e-20
1240215501.1918945,nan,3.3541752641353325e-20
1240215501.1921387,nan,2.0966276641798024e-20
1240215501.1923828,nan,8.234886631390955e-21
1240215501.192627,nan,2.646994481886797e-22
1240215501.192871,nan,-1.4386082453446016e-21
1240215501.1931152,nan,7.384465748650222e-22
1240215501.1933594,nan,2.3765770377227053e-21
1240215501.1936035,nan,-4.365595341975255e-22
1240215501.1938477,nan,-9.240828444177334e-21
1240215501.1940918,nan,-2.2134356059531602e-20
1240215501.194336,nan,-3.4304786369602386e-20
1240215501.19458,nan,-4.264484269285072e-20
1240215501.1948242,nan,-4.529343700082813e-20
1240215501.1950684,nan,-4.17871839822954e-20
1240215501.1953125,nan,-4.037834004450474e-20
1240215501.1955566,nan,-4.381190010327672e-20
1240215501.1958008,nan,-5.1400208164009703e-20
1240215501.196045,nan,-6.501826435397959e-20
1240215501.196289,nan,-7.747726198665245e-20
1240215501.1965332,nan,-8.510880497784045e-20
1240215501.1967773,nan,-8.725413004779421e-20
1240215501.1970215,nan,-8.486331682182015e-20
1240215501.1972656,nan,-8.312866658240165e-20
1240215501.1975098,nan,-8.500824563003799e-20
1240215501.197754,nan,-9.42230106158876e-20
1240215501.197998,nan,-1.0689376530164285e-19
1240215501.1982422,nan,-1.1902062472472317e-19
1240215501.1984863,nan,-1.2824224124168605e-19
1240215501.1987305,nan,-1.2831669920377537e-19
1240215501.1989746,nan,-1.2595333635491107e-19
1240215501.1992188,nan,-1.2508870535580525e-19
1240215501.199463,nan,-1.262406721753757e-19
1240215501.199707,nan,-1.354509028864052e-19
1240215501.1999512,nan,-1.4770631457779866e-19
1240215501.2001953,nan,-1.5969254259011776e-19
1240215501.2004395,nan,-1.6826075277012537e-19
1240215501.2006836,nan,-1.6848211085807716e-19
1240215501.2009277,nan,-1.6593696337123327e-19
1240215501.2011719,nan,-1.6419681271093122e-19
1240215501.201416,nan,-1.6603435191929229e-19
1240215501.2016602,nan,-1.7438432669205468e-19
1240215501.2019043,nan,-1.865905437600001e-19
1240215501.2021484,nan,-1.9884300077209858e-19
1240215501.2023926,nan,-2.0611759222606136e-19
1240215501.2026367,nan,-2.070099063620688e-19
1240215501.2028809,nan,-2.0348273888366646e-19
1240215501.203125,nan,-2.0144801781315169e-19
1240215501.2033691,nan,-2.0390415836918416e-19
1240215501.2036133,nan,-2.108974129010063e-19
1240215501.2038574,nan,-2.2372239406133177e-19
1240215501.2041016,nan,-2.353932118664172e-19
1240215501.2043457,nan,-2.421182083468542e-19
1240215501.2045898,nan,-2.436863620693573e-19
1240215501.204834,nan,-2.398576848608114e-19
1240215501.2050781,nan,-2.3630796010879102e-19
1240215501.2053223,nan,-2.382078754270277e-19
1240215501.2055664,nan,-2.4593656529451616e-19
1240215501.2058105,nan,-2.572242495951487e-19
1240215501.2060547,nan,-2.68534790274952e-19
1240215501.2062988,nan,-2.7553176951305733e-19
1240215501.206543,nan,-2.7599695414303163e-19
1240215501.206787,nan,-2.719394449416018e-19
1240215501.2070312,nan,-2.689383453461667e-19
1240215501.2072754,nan,-2.697893342578772e-19
1240215501.2075195,nan,-2.7676546625015877e-19
1240215501.2077637,nan,-2.8847803369963347e-19
1240215501.2080078,nan,-2.9939480437525273e-19
1240215501.208252,nan,-3.0618418254549594e-19
1240215501.208496,nan,-3.0578986167318746e-19
1240215501.2087402,nan,-3.015293964892324e-19
1240215501.2089844,nan,-2.979250980273689e-19
1240215501.2092285,nan,-2.984950001426651e-19
1240215501.2094727,nan,-3.049632320469778e-19
1240215501.2097168,nan,-3.148365210945248e-19
1240215501.209961,nan,-3.257480424869431e-19
1240215501.210205,nan,-3.3238274444716495e-19
1240215501.2104492,nan,-3.317788473948565e-19
1240215501.2106934,nan,-3.267548545568665e-19
1240215501.2109375,nan,-3.2238865797384974e-19
1240215501.2111816,nan,-3.2283964110530248e-19
1240215501.2114258,nan,-3.2870123959734825e-19
1240215501.21167,nan,-3.391540233360199e-19
1240215501.211914,nan,-3.491547389505781e-19
1240215501.2121582,nan,-3.542548205393367e-19
1240215501.2124023,nan,-3.5389290827187154e-19
1240215501.2126465,nan,-3.484673252807541e-19
1240215501.2128906,nan,-3.4321599337531706e-19
1240215501.2131348,nan,-3.4295137984846867e-19
1240215501.213379,nan,-3.4870145443599294e-19
1240215501.213623,nan,-3.584757682291535e-19
1240215501.2138672,nan,-3.6729931203148346e-19
1240215501.2141113,nan,-3.726049287224329e-19
1240215501.2143555,nan,-3.7161325372298e-19
1240215501.2145996,nan,-3.6538816417964345e-19
1240215501.2148438,nan,-3.602389017125907e-19
1240215501.215088,nan,-3.590748468434538e-19
1240215501.215332,nan,-3.638814092156137e-19
1240215501.2155762,nan,-3.729109261217349e-19
1240215501.2158203,nan,-3.817376415677919e-19
1240215501.2160645,nan,-3.865497176385032e-19
1240215501.2163086,nan,-3.8488462923096053e-19
1240215501.2165527,nan,-3.782519849708468e-19
1240215501.2167969,nan,-3.7272321132443543e-19
1240215501.217041,nan,-3.7097896866972613e-19
1240215501.2172852,nan,-3.7467739119597444e-19
1240215501.2175293,nan,-3.839729189825615e-19
1240215501.2177734,nan,-3.9173475338146983e-19
1240215501.2180176,nan,-3.9552936322987163e-19
1240215501.2182617,nan,-3.945416727334712e-19
1240215501.2185059,nan,-3.8708955657482755e-19
1240215501.21875,nan,-3.799152910405172e-19
1240215501.2189941,nan,-3.7803796750396424e-19
1240215501.2192383,nan,-3.8072221263651616e-19
1240215501.2194824,nan,-3.885256137298438e-19
1240215501.2197266,nan,-3.967258820763493e-19
1240215501.2199707,nan,-4.000197756535816e-19
1240215501.2202148,nan,-3.9767236612436925e-19
1240215501.220459,nan,-3.9058217329678256e-19
1240215501.2207031,nan,-3.8283620434726493e-19
1240215501.2209473,nan,-3.7963605409588017e-19
1240215501.2211914,nan,-3.826663709870554e-19
1240215501.2214355,nan,-3.8993704569887116e-19
1240215501.2216797,nan,-3.974761007962636e-19
1240215501.2219238,nan,-4.005663782222024e-19
1240215501.222168,nan,-3.968756656181563e-19
1240215501.222412,nan,-3.8917360007419244e-19
1240215501.2226562,nan,-3.8068371039081426e-19
1240215501.2229004,nan,-3.771397598313567e-19
1240215501.2231445,nan,-3.803794226489695e-19
1240215501.2233887,nan,-3.8620370165552606e-19
1240215501.2236328,nan,-3.9290298645411235e-19
1240215501.223877,nan,-3.9587616588625353e-19
1240215501.224121,nan,-3.9180692317449154e-19
1240215501.2243652,nan,-3.835213092491634e-19
1240215501.2246094,nan,-3.7465455140719054e-19
1240215501.2248535,nan,-3.6987939761488706e-19
1240215501.2250977,nan,-3.720491664228404e-19
1240215501.2253418,nan,-3.7813283262885994e-19
1240215501.225586,nan,-3.848208356019049e-19
1240215501.22583,nan,-3.869106678149663e-19
1240215501.2260742,nan,-3.818059702120944e-19
1240215501.2263184,nan,-3.7280201212763935e-19
1240215501.2265625,nan,-3.6388960500538677e-19
1240215501.2268066,nan,-3.5897464027604644e-19
1240215501.2270508,nan,-3.598239855148905e-19
1240215501.227295,nan,-3.6552328454339726e-19
1240215501.227539,nan,-3.71232510139192e-19
1240215501.2277832,nan,-3.723751620373306e-19
1240215501.2280273,nan,-3.685019572094233e-19
1240215501.2282715,nan,-3.587692897775389e-19
1240215501.2285156,nan,-3.482038491978001e-19
1240215501.2287598,nan,-3.43684494216573e-19
1240215501.229004,nan,-3.43863621469577e-19
1240215501.229248,nan,-3.4829323529566424e-19
1240215501.2294922,nan,-3.5351362268020407e-19
1240215501.2297363,nan,-3.5489302044508655e-19
1240215501.2299805,nan,-3.4977129485383377e-19
1240215501.2302246,nan,-3.387426491270035e-19
1240215501.2304688,nan,-3.2899182465036634e-19
1240215501.230713,nan,-3.2300596873602204e-19
1240215501.230957,nan,-3.234873595375598e-19
1240215501.2312012,nan,-3.2800030044088706e-19
1240215501.2314453,nan,-3.313579258642996e-19
1240215501.2316895,nan,-3.3267293365387143e-19
1240215501.2319336,nan,-3.2674381655448313e-19
1240215501.2321777,nan,-3.163626156357089e-19
1240215501.2324219,nan,-3.0602658406996445e-19
1240215501.232666,nan,-2.9876674451721897e-19
1240215501.2329102,nan,-2.989743042765347e-19
1240215501.2331543,nan,-3.0292246914278012e-19
1240215501.2333984,nan,-3.067682178336475e-19
1240215501.2336426,nan,-3.0711217707239427e-19
1240215501.2338867,nan,-3.009145770735598e-19
1240215501.2341309,nan,-2.901468026737132e-19
1240215501.234375,nan,-2.7865208422330153e-19
1240215501.2346191,nan,-2.7150229201974334e-19
1240215501.2348633,nan,-2.7095068975266747e-19
1240215501.2351074,nan,-2.741746924485898e-19
1240215501.2353516,nan,-2.780836139524002e-19
1240215501.2355957,nan,-2.782504739981699e-19
1240215501.2358398,nan,-2.716963919144601e-19
1240215501.236084,nan,-2.5995398658431303e-19
1240215501.2363281,nan,-2.48123515417853e-19
1240215501.2365723,nan,-2.4114555951695803e-19
1240215501.2368164,nan,-2.3946899968046277e-19
1240215501.2370605,nan,-2.431807852856915e-19
1240215501.2373047,nan,-2.4704365414390984e-19
1240215501.2375488,nan,-2.455653835089342e-19
1240215501.237793,nan,-2.393283439691549e-19
1240215501.238037,nan,-2.279522457340824e-19
1240215501.2382812,nan,-2.1519756137510248e-19
1240215501.2385254,nan,-2.0732528769681185e-19
1240215501.2387695,nan,-2.0616206204622381e-19
1240215501.2390137,nan,-2.0908164001229824e-19
1240215501.2392578,nan,-2.1214468697837192e-19
1240215501.239502,nan,-2.1128710171054432e-19
1240215501.239746,nan,-2.0391114757186942e-19
1240215501.2399902,nan,-1.924709356969622e-19
1240215501.2402344,nan,-1.8050180279851086e-19
1240215501.2404785,nan,-1.7175937059928604e-19
1240215501.2407227,nan,-1.6952733599230672e-19
1240215501.2409668,nan,-1.7271067677035668e-19
1240215501.241211,nan,-1.7549809858814303e-19
1240215501.241455,nan,-1.7445874379646564e-19
1240215501.2416992,nan,-1.675041900727401e-19
1240215501.2419434,nan,-1.5456299976271329e-19
1240215501.2421875,nan,-1.4258545208165985e-19
1240215501.2424316,nan,-1.3445195269332288e-19
1240215501.2426758,nan,-1.3193018141840778e-19
1240215501.24292,nan,-1.3449583932816306e-19
1240215501.243164,nan,-1.369975858249647e-19
1240215501.2434082,nan,-1.3615742470682194e-19
1240215501.2436523,nan,-1.2789241839907162e-19
1240215501.2438965,nan,-1.1577889550334166e-19
1240215501.2441406,nan,-1.0382828732006901e-19
1240215501.2443848,nan,-9.42296743471422e-20
1240215501.244629,nan,-9.273973448411894e-20
1240215501.244873,nan,-9.453268688270037e-20
1240215501.2451172,nan,-9.707206208620026e-20
1240215501.2453613,nan,-9.654625163018114e-20
1240215501.2456055,nan,-8.805801900250206e-20
1240215501.2458496,nan,-7.628874209587072e-20
1240215501.2460938,nan,-6.279978191688373e-20
1240215501.246338,nan,-5.435692644263269e-20
1240215501.246582,nan,-5.230717819189219e-20
1240215501.2468262,nan,-5.363704558185081e-20
1240215501.2470703,nan,-5.746779232368392e-20
1240215501.2473145,nan,-5.498911252501196e-20
1240215501.2475586,nan,-4.7416574744465915e-20
1240215501.2478027,nan,-3.593184173868418e-20
1240215501.2480469,nan,-2.170617293853405e-20
1240215501.248291,nan,-1.3879933844211808e-20
1240215501.2485352,nan,-1.0987288207886876e-20
1240215501.2487793,nan,-1.248759928643151e-20
1240215501.2490234,nan,-1.5835673030115398e-20
1240215501.2492676,nan,-1.3986651596355898e-20
1240215501.2495117,nan,-6.611577968999191e-21
1240215501.2497559,nan,5.637131425727137e-21
1240215501.25,nan,1.8822739397398173e-20
1240215501.2502441,nan,2.746288411344908e-20
1240215501.2504883,nan,3.023372074344107e-20
1240215501.2507324,nan,2.817063228092301e-20
1240215501.2509766,nan,2.5346495641994962e-20
1240215501.2512207,nan,2.6455368963807125e-20
1240215501.2514648,nan,3.398330612987176e-20
1240215501.251709,nan,4.677716296268434e-20
1240215501.2519531,nan,5.943989304790301e-20
1240215501.2521973,nan,6.813048382997575e-20
1240215501.2524414,nan,7.079738299934141e-20
1240215501.2526855,nan,6.863472913441238e-20
1240215501.2529297,nan,6.583216368878538e-20
1240215501.2531738,nan,6.685491459145562e-20
1240215501.253418,nan,7.439578461228645e-20
1240215501.253662,nan,8.634166136203062e-20
1240215501.2539062,nan,9.882973349431477e-20
1240215501.2541504,nan,1.0777592135985761e-19
1240215501.2543945,nan,1.1012008412655481e-19
1240215501.2546387,nan,1.0800849777837717e-19
1240215501.2548828,nan,1.0562316315601184e-19
1240215501.255127,nan,1.0595516223024913e-19
1240215501.255371,nan,1.1336915328464118e-19
1240215501.2556152,nan,1.2572604822428177e-19
1240215501.2558594,nan,1.3746154404108953e-19
1240215501.2561035,nan,1.4686863888387248e-19
1240215501.2563477,nan,1.4882321172391507e-19
1240215501.2565918,nan,1.455640225403453e-19
1240215501.256836,nan,1.435294110262822e-19
1240215501.25708,nan,1.438488145327437e-19
1240215501.2573242,nan,1.5038587175536288e-19
1240215501.2575684,nan,1.6247023366032567e-19
1240215501.2578125,nan,1.7509064163346984e-19
1240215501.2580566,nan,1.8313142260924907e-19
1240215501.2583008,nan,1.8490985883933793e-19
1240215501.258545,nan,1.8276919767167714e-19
1240215501.258789,nan,1.7935143788784137e-19
1240215501.2590332,nan,1.7928134804320387e-19
1240215501.2592773,nan,1.8646378008372983e-19
1240215501.2595215,nan,1.9803459079175975e-19
1240215501.2597656,nan,2.0933700438305497e-19
1240215501.2600098,nan,2.179685517043986e-19
1240215501.260254,nan,2.198574346569505e-19
1240215501.260498,nan,2.1642903660835192e-19
1240215501.2607422,nan,2.1291989742341166e-19
1240215501.2609863,nan,2.1275023350747645e-19
1240215501.2612305,nan,2.1887737196948194e-19
1240215501.2614746,nan,2.300914787173867e-19
1240215501.2617188,nan,2.4246880309335695e-19
1240215501.261963,nan,2.498622996419102e-19
1240215501.262207,nan,2.5105984554567537e-19
1240215501.2624512,nan,2.489398129693034e-19
1240215501.2626953,nan,2.440054108698507e-19
1240215501.2629395,nan,2.435404587368788e-19
1240215501.2631836,nan,2.497265556912655e-19
1240215501.2634277,nan,2.5992142556419544e-19
1240215501.2636719,nan,2.71513472358018e-19
1240215501.263916,nan,2.788775944092025e-19
1240215501.2641602,nan,2.805612278872047e-19
1240215501.2644043,nan,2.7678295774805064e-19
1240215501.2646484,nan,2.7252947186848137e-19
1240215501.2648926,nan,2.719039900646473e-19
1240215501.2651367,nan,2.767244695951409e-19
1240215501.2653809,nan,2.874802882622397e-19
1240215501.265625,nan,2.9800869376363476e-19
1240215501.2658691,nan,3.0543010952712067e-19
1240215501.2661133,nan,3.068733368505829e-19
1240215501.2663574,nan,3.017866537680287e-19
1240215501.2666016,nan,2.970764647617156e-19
1240215501.2668457,nan,2.96530586812413e-19
1240215501.2670898,nan,3.012372361565143e-19
1240215501.267334,nan,3.106344845142268e-19
1240215501.2675781,nan,3.214819033001506e-19
1240215501.2678223,nan,3.2835105916392734e-19
1240215501.2680664,nan,3.286340879619309e-19
1240215501.2683105,nan,3.2470873089882774e-19
1240215501.2685547,nan,3.1928856566195433e-19
1240215501.2687988,nan,3.1710803161324633e-19
1240215501.269043,nan,3.219395723016517e-19
1240215501.269287,nan,3.311143528443365e-19
1240215501.2695312,nan,3.4058817893792375e-19
1240215501.2697754,nan,3.472011095784233e-19
1240215501.2700195,nan,3.4779558096138377e-19
1240215501.2702637,nan,3.4220903810365245e-19
1240215501.2705078,nan,3.3592756812491366e-19
1240215501.270752,nan,3.344618604780995e-19
1240215501.270996,nan,3.3906683790576515e-19
1240215501.2712402,nan,3.4760071651764465e-19
1240215501.2714844,nan,3.563473386674468e-19
1240215501.2717285,nan,3.6298670854066953e-19
1240215501.2719727,nan,3.6251831929403904e-19
1240215501.2722168,nan,3.568185411273902e-19
1240215501.272461,nan,3.507103989401072e-19
1240215501.272705,nan,3.472034876797631e-19
1240215501.2729492,nan,3.517374505730938e-19
1240215501.2731934,nan,3.5978583211349447e-19
1240215501.2734375,nan,3.680558200147411e-19
1240215501.2736816,nan,3.741617820651456e-19
1240215501.2739258,nan,3.737722078296959e-19
1240215501.27417,nan,3.675315840577842e-19
1240215501.274414,nan,3.5971271342651793e-19
1240215501.2746582,nan,3.575457138607715e-19
1240215501.2749023,nan,3.6061155799271266e-19
1240215501.2751465,nan,3.676698762379413e-19
1240215501.2753906,nan,3.768696191565872e-19
1240215501.2756348,nan,3.812627431847975e-19
1240215501.275879,nan,3.8011494175692906e-19
1240215501.276123,nan,3.740401205337095e-19
1240215501.2763672,nan,3.6594520164198023e-19
1240215501.2766113,nan,3.6279314468812936e-19
1240215501.2768555,nan,3.648310761006893e-19
1240215501.2770996,nan,3.718215906413467e-19
1240215501.2773438,nan,3.808893183089263e-19
1240215501.277588,nan,3.841671081466931e-19
1240215501.277832,nan,3.827899395053994e-19
1240215501.2780762,nan,3.7681460298476845e-19
1240215501.2783203,nan,3.6764356006291533e-19
1240215501.2785645,nan,3.63993747949157e-19
1240215501.2788086,nan,3.658091930740005e-19
1240215501.2790527,nan,3.722129238660884e-19
1240215501.2792969,nan,3.8045000363888657e-19
1240215501.279541,nan,3.8389575160236244e-19
1240215501.2797852,nan,3.8140434904023657e-19
1240215501.2800293,nan,3.747450959264304e-19
1240215501.2802734,nan,3.6635441546844417e-19
1240215501.2805176,nan,3.6070270577537956e-19
1240215501.2807617,nan,3.628012006216889e-19
1240215501.2810059,nan,3.6892174029954856e-19
1240215501.28125,nan,3.754260528505288e-19
1240215501.2814941,nan,3.8002709028736296e-19
1240215501.2817383,nan,3.765457294351131e-19
1240215501.2819824,nan,3.6830326930525916e-19
1240215501.2822266,nan,3.600554636093609e-19
1240215501.2824707,nan,3.5441670755269505e-19
1240215501.2827148,nan,3.5494321384703214e-19
1240215501.282959,nan,3.606227161125593e-19
1240215501.2832031,nan,3.673159598429866e-19
1240215501.2834473,nan,3.701278270673725e-19
1240215501.2836914,nan,3.6737032632102864e-19
1240215501.2839355,nan,3.5885004244896736e-19
1240215501.2841797,nan,3.49637333501908e-19
1240215501.2844238,nan,3.443257928273623e-19
1240215501.284668,nan,3.439728781297107e-19
1240215501.284912,nan,3.4886032943377086e-19
1240215501.2851562,nan,3.5511564733731194e-19
1240215501.2854004,nan,3.580627245111248e-19
1240215501.2856445,nan,3.541413501445759e-19
1240215501.2858887,nan,3.4556853102113054e-19
1240215501.2861328,nan,3.356954625150434e-19
1240215501.286377,nan,3.290379514360174e-19
1240215501.286621,nan,3.295257599106793e-19
1240215501.2868652,nan,3.3344079672241684e-19
1240215501.2871094,nan,3.3935534615906126e-19
1240215501.2873535,nan,3.421640596930702e-19
1240215501.2875977,nan,3.3732488231800957e-19
1240215501.2878418,nan,3.285100039255737e-19
1240215501.288086,nan,3.183179715924685e-19
1240215501.28833,nan,3.116661857677926e-19
1240215501.2885742,nan,3.108514019159708e-19
1240215501.2888184,nan,3.143195016723066e-19
1240215501.2890625,nan,3.201223791736129e-19
1240215501.2893066,nan,3.221218731512189e-19
1240215501.2895508,nan,3.172816649661657e-19
1240215501.289795,nan,3.0829483004509946e-19
1240215501.290039,nan,2.9746422373137904e-19
1240215501.2902832,nan,2.8989524069105156e-19
1240215501.2905273,nan,2.891100351607705e-19
1240215501.2907715,nan,2.9325093965123845e-19
1240215501.2910156,nan,2.9779069669538236e-19
1240215501.2912598,nan,2.988201771763947e-19
1240215501.291504,nan,2.9403666699020294e-19
1240215501.291748,nan,2.8425214269974827e-19
1240215501.2919922,nan,2.7370801226997375e-19
1240215501.2922363,nan,2.6570050750688604e-19
1240215501.2924805,nan,2.6420849929187894e-19
1240215501.2927246,nan,2.6739321470211945e-19
1240215501.2929688,nan,2.7175024744524766e-19
1240215501.293213,nan,2.732441277665239e-19
1240215501.293457,nan,2.67888116406243e-19
1240215501.2937012,nan,2.583848416255727e-19
1240215501.2939453,nan,2.467331168401051e-19
1240215501.2941895,nan,2.381100814081212e-19
1240215501.2944336,nan,2.361926587984093e-19
1240215501.2946777,nan,2.3973308258460516e-19
1240215501.2949219,nan,2.443479201918765e-19
1240215501.295166,nan,2.437046730364601e-19
1240215501.2954102,nan,2.390683911116351e-19
1240215501.2956543,nan,2.2898742691143333e-19
1240215501.2958984,nan,2.1669801452561296e-19
1240215501.2961426,nan,2.0894149517730823e-19
1240215501.2963867,nan,2.0578483008002317e-19
1240215501.2966309,nan,2.0905513214373302e-19
1240215501.296875,nan,2.1337002079877483e-19
1240215501.2971191,nan,2.1286182245891956e-19
1240215501.2973633,nan,2.0782180974524284e-19
1240215501.2976074,nan,1.973239333046191e-19
1240215501.2978516,nan,1.8511909529651746e-19
1240215501.2980957,nan,1.7688417558087473e-19
1240215501.2983398,nan,1.7394888673655383e-19
1240215501.298584,nan,1.7614117818651615e-19
1240215501.2988281,nan,1.8003210152715985e-19
1240215501.2990723,nan,1.7970850110550477e-19
1240215501.2993164,nan,1.7418520709002573e-19
1240215501.2995605,nan,1.6445175036593861e-19
1240215501.2998047,nan,1.5162170976085133e-19
1240215501.3000488,nan,1.4253844581351186e-19
1240215501.300293,nan,1.3984673730067734e-19
1240215501.300537,nan,1.420506611670618e-19
1240215501.3007812,nan,1.4539646814785278e-19
1240215501.3010254,nan,1.453627238101654e-19
1240215501.3012695,nan,1.4054342705865208e-19
1240215501.3015137,nan,1.293219618241095e-19
1240215501.3017578,nan,1.1630470319414763e-19
1240215501.302002,nan,1.0714353491975066e-19
1240215501.302246,nan,1.0422540990190701e-19
1240215501.3024902,nan,1.0642330221609248e-19
1240215501.3027344,nan,1.092779029346217e-19
1240215501.3029785,nan,1.0952188758253244e-19
1240215501.3032227,nan,1.0368332751305661e-19
1240215501.3034668,nan,9.255858469502051e-20
1240215501.303711,nan,7.978830053292024e-20
1240215501.303955,nan,7.076422440549677e-20
1240215501.3041992,nan,6.776028159794897e-20
1240215501.3044434,nan,6.928038888358538e-20
1240215501.3046875,nan,7.263663265385137e-20
1240215501.3049316,nan,7.211031276950338e-20
1240215501.3051758,nan,6.657430882243634e-20
1240215501.30542,nan,5.559473684152999e-20
1240215501.305664,nan,4.243168334778376e-20
1240215501.3059082,nan,3.347805157802689e-20
1240215501.3061523,nan,2.997295773232307e-20
1240215501.3063965,nan,3.18015285566795e-20
1240215501.3066406,nan,3.5518983418816877e-20
1240215501.3068848,nan,3.5084204762367867e-20
1240215501.307129,nan,2.8745673088738635e-20
1240215501.307373,nan,1.7762013679451527e-20
1240215501.3076172,nan,4.764876625304026e-21
1240215501.3078613,nan,-4.5575922924556825e-21
1240215501.3081055,nan,-7.565890777842393e-21
1240215501.3083496,nan,-6.029234362386106e-21
1240215501.3085938,nan,-2.841238801384924e-21
1240215501.308838,nan,-3.1149415055094397e-21
1240215501.309082,nan,-9.384362591201392e-21
1240215501.3093262,nan,-2.0303482684981466e-20
1240215501.3095703,nan,-3.253961761358343e-20
1240215501.3098145,nan,-4.187545051902372e-20
1240215501.3100586,nan,-4.566821298084698e-20
1240215501.3103027,nan,-4.4050803517784496e-20
1240215501.3105469,nan,-4.097052227639737e-20
1240215501.310791,nan,-4.073974793470258e-20
1240215501.3110352,nan,-4.643547001419596e-20
1240215501.3112793,nan,-5.808028673329462e-20
1240215501.3115234,nan,-7.01925109997657e-20
1240215501.3117676,nan,-7.96556982522352e-20
1240215501.3120117,nan,-8.326913383390087e-20
1240215501.3122559,nan,-8.111536418753906e-20
1240215501.3125,nan,-7.833086915213081e-20
1240215501.3127441,nan,-7.801881504007595e-20
1240215501.3129883,nan,-8.395164871889965e-20
1240215501.3132324,nan,-9.444459665968711e-20
1240215501.3134766,nan,-1.0652036289798358e-19
1240215501.3137207,nan,-1.1637579980338506e-19
1240215501.3139648,nan,-1.1968454104865445e-19
1240215501.314209,nan,-1.1722502651694668e-19
1240215501.3144531,nan,-1.1419567089852714e-19
1240215501.3146973,nan,-1.1505971170746133e-19
1240215501.3149414,nan,-1.195189596460868e-19
1240215501.3151855,nan,-1.301061004143293e-19
1240215501.3154297,nan,-1.4235929071132345e-19
1240215501.3156738,nan,-1.5116840051552414e-19
1240215501.315918,nan,-1.5583437202360173e-19
1240215501.316162,nan,-1.5220857505307597e-19
1240215501.3164062,nan,-1.4894333327391277e-19
1240215501.3166504,nan,-1.4971234656792522e-19
1240215501.3168945,nan,-1.5341521082190625e-19
1240215501.3171387,nan,-1.6455112084441538e-19
1240215501.3173828,nan,-1.7676330857107173e-19
1240215501.317627,nan,-1.8498844464436084e-19
1240215501.317871,nan,-1.885707523239113e-19
1240215501.3181152,nan,-1.8663619888358722e-19
1240215501.3183594,nan,-1.8261343426973273e-19
1240215501.3186035,nan,-1.8156123399125159e-19
1240215501.3188477,nan,-1.8638881514531105e-19
1240215501.3190918,nan,-1.9707866046933817e-19
1240215501.319336,nan,-2.0882682270093322e-19
1240215501.31958,nan,-2.1733351564609498e-19
1240215501.3198242,nan,-2.204461725909669e-19
1240215501.3200684,nan,-2.1736667900021006e-19
1240215501.3203125,nan,-2.1341512596617505e-19
1240215501.3205566,nan,-2.1281520831764552e-19
1240215501.3208008,nan,-2.176568225179462e-19
1240215501.321045,nan,-2.279951729525454e-19
1240215501.321289,nan,-2.3855681761196977e-19
1240215501.3215332,nan,-2.4678936867831387e-19
1240215501.3217773,nan,-2.4968321240283745e-19
1240215501.3220215,nan,-2.469671783446813e-19
1240215501.3222656,nan,-2.427959994852423e-19
1240215501.3225098,nan,-2.4125332007668345e-19
1240215501.322754,nan,-2.4601447307947385e-19
1240215501.322998,nan,-2.552257785467422e-19
1240215501.3232422,nan,-2.6583755361232526e-19
1240215501.3234863,nan,-2.7460576451643416e-19
1240215501.3237305,nan,-2.7661496390198236e-19
1240215501.3239746,nan,-2.733565835423072e-19
1240215501.3242188,nan,-2.6961109325570726e-19
1240215501.324463,nan,-2.6741507766894653e-19
1240215501.324707,nan,-2.7135725834750753e-19
1240215501.3249512,nan,-2.806718687101541e-19
1240215501.3251953,nan,-2.907344107001708e-19
1240215501.3254395,nan,-2.990842868918682e-19
1240215501.3256836,nan,-3.0143765335295185e-19
1240215501.3259277,nan,-2.9730717236031676e-19
1240215501.3261719,nan,-2.924092665682878e-19
1240215501.326416,nan,-2.907111003268425e-19
1240215501.3266602,nan,-2.937879722692757e-19
1240215501.3269043,nan,-3.0270084114530013e-19
1240215501.3271484,nan,-3.127849318958364e-19
1240215501.3273926,nan,-3.1992647540927137e-19
1240215501.3276367,nan,-3.2187171189963545e-19
1240215501.3278809,nan,-3.1840714349736007e-19
1240215501.328125,nan,-3.1376189586837573e-19
1240215501.3283691,nan,-3.101343948124911e-19
1240215501.3286133,nan,-3.128368478639727e-19
1240215501.3288574,nan,-3.224388138172548e-19
1240215501.3291016,nan,-3.3138689420131184e-19
1240215501.3293457,nan,-3.3808456198520724e-19
1240215501.3295898,nan,-3.403814493328172e-19
1240215501.329834,nan,-3.356558310387323e-19
1240215501.3300781,nan,-3.2932874629018734e-19
1240215501.3303223,nan,-3.2735407743561014e-19
1240215501.3305664,nan,-3.293193018439327e-19
1240215501.3308105,nan,-3.36885813203966e-19
1240215501.3310547,nan,-3.476864916165801e-19
1240215501.3312988,nan,-3.537035440078173e-19
1240215501.331543,nan,-3.541613743619148e-19
1240215501.331787,nan,-3.4982639447322485e-19
1240215501.3320312,nan,-3.434441949699031e-19
1240215501.3322754,nan,-3.406677976141063e-19
1240215501.3325195,nan,-3.4217031454671498e-19
1240215501.3327637,nan,-3.4921519620538115e-19
1240215501.3330078,nan,-3.5859559157449856e-19
1240215501.333252,nan,-3.642903825556956e-19
1240215501.333496,nan,-3.6488905749050467e-19
1240215501.3337402,nan,-3.5975189271351634e-19
1240215501.3339844,nan,-3.5347142271193086e-19
1240215501.3342285,nan,-3.496582153990786e-19
1240215501.3344727,nan,-3.5137249876218807e-19
1240215501.3347168,nan,-3.5816696384606106e-19
1240215501.334961,nan,-3.6598327798171594e-19
1240215501.335205,nan,-3.7254861550394553e-19
1240215501.3354492,nan,-3.720358776410502e-19
1240215501.3356934,nan,-3.6613275383260277e-19
1240215501.3359375,nan,-3.596328490741888e-19
1240215501.3361816,nan,-3.5519251984753796e-19
1240215501.3364258,nan,-3.5654839325776013e-19
1240215501.33667,nan,-3.622022224089876e-19
1240215501.336914,nan,-3.703930812733193e-19
1240215501.3371582,nan,-3.7620112532339484e-19
1240215501.3374023,nan,-3.7506114148165158e-19
1240215501.3376465,nan,-3.6917891788422595e-19
1240215501.3378906,nan,-3.6211021175456e-19
1240215501.3381348,nan,-3.5713674340293886e-19
1240215501.338379,nan,-3.5709085497138556e-19
1240215501.338623,nan,-3.6328101860319193e-19
1240215501.3388672,nan,-3.708222840438153e-19
1240215501.3391113,nan,-3.7559239961412046e-19
1240215501.3393555,nan,-3.74936114620126e-19
1240215501.3395996,nan,-3.682624204946885e-19
1240215501.3398438,nan,-3.6042830726722973e-19
1240215501.340088,nan,-3.5475227826094067e-19
1240215501.340332,nan,-3.549048588264954e-19
1240215501.3405762,nan,-3.6051926612698395e-19
1240215501.3408203,nan,-3.6718419337794707e-19
1240215501.3410645,nan,-3.716048688414227e-19
1240215501.3413086,nan,-3.7064475087452737e-19
1240215501.3415527,nan,-3.6335180282142786e-19
1240215501.3417969,nan,-3.548698043158005e-19
1240215501.342041,nan,-3.4917739966969075e-19
1240215501.3422852,nan,-3.4845520782320624e-19
1240215501.3425293,nan,-3.5341409015883696e-19
1240215501.3427734,nan,-3.597428817005501e-19
1240215501.3430176,nan,-3.6441471908695136e-19
1240215501.3432617,nan,-3.623593792360733e-19
1240215501.3435059,nan,-3.5479494516113193e-19
1240215501.34375,nan,-3.4608174132911343e-19
1240215501.3439941,nan,-3.3929448417104596e-19
1240215501.3442383,nan,-3.388601034493613e-19
1240215501.3444824,nan,-3.424992350122326e-19
1240215501.3447266,nan,-3.488438935153249e-19
1240215501.3449707,nan,-3.5223785264786405e-19
1240215501.3452148,nan,-3.4976031733024803e-19
1240215501.345459,nan,-3.4333217922126997e-19
1240215501.3457031,nan,-3.3253742128236123e-19
1240215501.3459473,nan,-3.2635501040773116e-19
1240215501.3461914,nan,-3.256919212474958e-19
1240215501.3464355,nan,-3.2762176435846565e-19
1240215501.3466797,nan,-3.339726037274082e-19
1240215501.3469238,nan,-3.373871176510004e-19
1240215501.347168,nan,-3.3437288718067685e-19
1240215501.347412,nan,-3.265181087736719e-19
1240215501.3476562,nan,-3.161471821129215e-19
1240215501.3479004,nan,-3.0959112412759064e-19
1240215501.3481445,nan,-3.073804443498196e-19
1240215501.3483887,nan,-3.101367416491672e-19
1240215501.3486328,nan,-3.1604089518802434e-19
1240215501.348877,nan,-3.1845658389029215e-19
1240215501.349121,nan,-3.1563929534387234e-19
1240215501.3493652,nan,-3.0677652470984055e-19
1240215501.3496094,nan,-2.9670539225978116e-19
1240215501.3498535,nan,-2.8911894057207966e-19
1240215501.3500977,nan,-2.8599987743146414e-19
1240215501.3503418,nan,-2.8982125066035537e-19
1240215501.350586,nan,-2.9445918937967156e-19
1240215501.35083,nan,-2.9652124577093147e-19
1240215501.3510742,nan,-2.9358699296046905e-19
1240215501.3513184,nan,-2.8393124501011263e-19
1240215501.3515625,nan,-2.735697827536893e-19
1240215501.3518066,nan,-2.656444718457079e-19
1240215501.3520508,nan,-2.632031069563288e-19
1240215501.352295,nan,-2.656442675223879e-19
1240215501.352539,nan,-2.691382076065905e-19
1240215501.3527832,nan,-2.7203294729728457e-19
1240215501.3530273,nan,-2.6807061570292153e-19
1240215501.3532715,nan,-2.5844073045664284e-19
1240215501.3535156,nan,-2.483206893658504e-19
1240215501.3537598,nan,-2.3906363877729863e-19
1240215501.354004,nan,-2.3618276049499117e-19
1240215501.354248,nan,-2.3796624907494524e-19
1240215501.3544922,nan,-2.4196588224601573e-19
1240215501.3547363,nan,-2.445790484547929e-19
1240215501.3549805,nan,-2.395889277019676e-19
1240215501.3552246,nan,-2.304882682376271e-19
1240215501.3554688,nan,-2.189010489866355e-19
1240215501.355713,nan,-2.102811916823959e-19
1240215501.355957,nan,-2.0712720178578107e-19
1240215501.3562012,nan,-2.080080037222731e-19
1240215501.3564453,nan,-2.1251537208099084e-19
1240215501.3566895,nan,-2.133719378114595e-19
1240215501.3569336,nan,-2.090255175745389e-19
1240215501.3571777,nan,-1.9960832893269037e-19
1240215501.3574219,nan,-1.8757681219205868e-19
1240215501.357666,nan,-1.7911817291334314e-19
1240215501.3579102,nan,-1.7533801283178516e-19
1240215501.3581543,nan,-1.7663136275038563e-19
1240215501.3583984,nan,-1.798633921725223e-19
1240215501.3586426,nan,-1.8108016457625685e-19
1240215501.3588867,nan,-1.7682401959333676e-19
1240215501.3591309,nan,-1.6654632733702705e-19
1240215501.359375,nan,-1.5568620735617968e-19
1240215501.3596191,nan,-1.456315166929671e-19
1240215501.3598633,nan,-1.4082399677848057e-19
1240215501.3601074,nan,-1.4286517882869555e-19
1240215501.3603516,nan,-1.4573419110834005e-19
1240215501.3605957,nan,-1.4741528882230222e-19
1240215501.3608398,nan,-1.4258790335537113e-19
1240215501.361084,nan,-1.3204648612730552e-19
1240215501.3613281,nan,-1.2105783906161713e-19
1240215501.3615723,nan,-1.1071403098479622e-19
1240215501.3618164,nan,-1.0683238599694304e-19
1240215501.3620605,nan,-1.0838239259720771e-19
1240215501.3623047,nan,-1.1029674976958152e-19
1240215501.3625488,nan,-1.114993160653136e-19
1240215501.362793,nan,-1.0730953575990902e-19
1240215501.363037,nan,-9.66533485008709e-20
1240215501.3632812,nan,-8.464470730389961e-20
1240215501.3635254,nan,-7.445633750834616e-20
1240215501.3637695,nan,-7.00852412301581e-20
1240215501.3640137,nan,-7.155208244100004e-20
1240215501.3642578,nan,-7.385758624617671e-20
1240215501.364502,nan,-7.50053764675036e-20
1240215501.364746,nan,-7.061008391794251e-20
1240215501.3649902,nan,-5.988375898969581e-20
1240215501.3652344,nan,-4.7861670046643247e-20
1240215501.3654785,nan,-3.818141473866844e-20
1240215501.3657227,nan,-3.362892243266224e-20
1240215501.3659668,nan,-3.423471817126101e-20
1240215501.366211,nan,-3.695766891356062e-20
1240215501.366455,nan,-3.767109419682733e-20
1240215501.3666992,nan,-3.2889797842836763e-20
1240215501.3669434,nan,-2.257328357421882e-20
1240215501.3671875,nan,-9.846565009496434e-21
1240215501.3674316,nan,-2.601872873501166e-22
1240215501.3676758,nan,3.708491257002466e-21
1240215501.36792,nan,3.498278449517437e-21
1240215501.368164,nan,8.94568254633359e-22
1240215501.3684082,nan,-1.519806670752731e-22
1240215501.3686523,nan,3.850979207829572e-21
1240215501.3688965,nan,1.4528101477839966e-20
1240215501.3691406,nan,2.742465518611901e-20
1240215501.3693848,nan,3.6907633325696205e-20
1240215501.369629,nan,4.1580895155765484e-20
1240215501.369873,nan,4.076959609518954e-20
1240215501.3701172,nan,3.780301428403652e-20
1240215501.3703613,nan,3.7279101275318826e-20
1240215501.3706055,nan,4.1397400671037696e-20
1240215501.3708496,nan,5.1720152578199895e-20
1240215501.3710938,nan,6.39911878356272e-20
1240215501.371338,nan,7.357636851675286e-20
1240215501.371582,nan,7.850463960986787e-20
1240215501.3718262,nan,7.776587835901434e-20
1240215501.3720703,nan,7.484042749013297e-20
1240215501.3723145,nan,7.393953337025802e-20
1240215501.3725586,nan,7.860571387356807e-20
1240215501.3728027,nan,8.834133538170668e-20
1240215501.3730469,nan,1.0010649023746275e-19
1240215501.373291,nan,1.105411417639936e-19
1240215501.3735352,nan,1.144514580494123e-19
1240215501.3737793,nan,1.1371766330093333e-19
1240215501.3740234,nan,1.1109571159831374e-19
1240215501.3742676,nan,1.0890742188159666e-19
1240215501.3745117,nan,1.1379681988348475e-19
1240215501.3747559,nan,1.2327836287949945e-19
1240215501.375,nan,1.3500592572561198e-19
1240215501.3752441,nan,1.452039071353815e-19
1240215501.3754883,nan,1.49175018989337e-19
1240215501.3757324,nan,1.4874798173699692e-19
1240215501.3759766,nan,1.4527664647362031e-19
1240215501.3762207,nan,1.4417147483809368e-19
1240215501.3764648,nan,1.4806151861949434e-19
1240215501.376709,nan,1.5718347730923543e-19
1240215501.3769531,nan,1.6902370556652863e-19
1240215501.3771973,nan,1.7838772647008077e-19
1240215501.3774414,nan,1.831750548622647e-19
1240215501.3776855,nan,1.8136771072272873e-19
1240215501.3779297,nan,1.777534501700725e-19
1240215501.3781738,nan,1.7690317155529434e-19
1240215501.378418,nan,1.8005217271686272e-19
1240215501.378662,nan,1.8928240455254851e-19
1240215501.3789062,nan,2.0105344866021768e-19
1240215501.3791504,nan,2.1047833796501678e-19
1240215501.3793945,nan,2.1411342284306847e-19
1240215501.3796387,nan,2.1244927885590604e-19
1240215501.3798828,nan,2.0908327280776417e-19
1240215501.380127,nan,2.0725207221788866e-19
1240215501.380371,nan,2.1066245529538356e-19
1240215501.3806152,nan,2.195096231863872e-19
1240215501.3808594,nan,2.3037510106306383e-19
1240215501.3811035,nan,2.3905162795840314e-19
1240215501.3813477,nan,2.4285336567103186e-19
1240215501.3815918,nan,2.415736908900099e-19
1240215501.381836,nan,2.3759818896553443e-19
1240215501.38208,nan,2.350986332022441e-19
1240215501.3823242,nan,2.3853305898717293e-19
1240215501.3825684,nan,2.475974762424586e-19
1240215501.3828125,nan,2.578451663238441e-19
1240215501.3830566,nan,2.6636380145425e-19
1240215501.3833008,nan,2.702015689155307e-19
1240215501.383545,nan,2.676290784957699e-19
1240215501.383789,nan,2.630675799382729e-19
1240215501.3840332,nan,2.6142107738049813e-19
1240215501.3842773,nan,2.6385904367248644e-19
1240215501.3845215,nan,2.7169265392917275e-19
1240215501.3847656,nan,2.8255399001581865e-19
1240215501.3850098,nan,2.9033775542230825e-19
1240215501.385254,nan,2.9345685466323e-19
1240215501.385498,nan,2.9186093371637886e-19
1240215501.3857422,nan,2.865140081220444e-19
1240215501.3859863,nan,2.8387329058620544e-19
1240215501.3862305,nan,2.866375621520776e-19
1240215501.3864746,nan,2.931595008008063e-19
1240215501.3867188,nan,3.0360880216570056e-19
1240215501.386963,nan,3.1207055638688923e-19
1240215501.387207,nan,3.1357124785258107e-19
1240215501.3874512,nan,3.11464771184837e-19
1240215501.3876953,nan,3.0664887658404126e-19
1240215501.3879395,nan,3.0334226594627873e-19
1240215501.3881836,nan,3.051184531361318e-19
1240215501.3884277,nan,3.1156748514907453e-19
1240215501.3886719,nan,3.219098045697277e-19
1240215501.388916,nan,3.2976244733231188e-19
1240215501.3891602,nan,3.316479616181258e-19
1240215501.3894043,nan,3.289090292188202e-19
1240215501.3896484,nan,3.230423090224908e-19
1240215501.3898926,nan,3.194315917326738e-19
1240215501.3901367,nan,3.2122173494730066e-19
1240215501.3903809,nan,3.275414632254478e-19
1240215501.390625,nan,3.3615238564255626e-19
1240215501.3908691,nan,3.4351038235943686e-19
1240215501.3911133,nan,3.457261296020902e-19
1240215501.3913574,nan,3.416997557105133e-19
1240215501.3916016,nan,3.3633926983507536e-19
1240215501.3918457,nan,3.325267986601034e-19
1240215501.3920898,nan,3.3231984721289493e-19
1240215501.392334,nan,3.3904818180873017e-19
1240215501.3925781,nan,3.485163928809605e-19
1240215501.3928223,nan,3.543594815988492e-19
1240215501.3930664,nan,3.5616853403425056e-19
1240215501.3933105,nan,3.5227368748729747e-19
1240215501.3935547,nan,3.452277320618057e-19
1240215501.3937988,nan,3.411802649684037e-19
1240215501.394043,nan,3.4164285098775355e-19
1240215501.394287,nan,3.469593254045397e-19
1240215501.3945312,nan,3.55481506136692e-19
1240215501.3947754,nan,3.6146678700080125e-19
1240215501.3950195,nan,3.625842205656468e-19
1240215501.3952637,nan,3.5859092452086734e-19
1240215501.3955078,nan,3.511369256728351e-19
1240215501.395752,nan,3.468026409663746e-19
1240215501.395996,nan,3.4680774595997057e-19
1240215501.3962402,nan,3.511943189455854e-19
1240215501.3964844,nan,3.5941139112737756e-19
1240215501.3967285,nan,3.6507880910605618e-19
1240215501.3969727,nan,3.6560196514705684e-19
1240215501.3972168,nan,3.6144929395566315e-19
1240215501.397461,nan,3.5363695090287814e-19
1240215501.397705,nan,3.480629104485165e-19
1240215501.3979492,nan,3.474757819888004e-19
1240215501.3981934,nan,3.5188391736161915e-19
1240215501.3984375,nan,3.595570821419906e-19
1240215501.3986816,nan,3.650474245361382e-19
1240215501.3989258,nan,3.651392379061047e-19
1240215501.39917,nan,3.5950574165920906e-19
1240215501.399414,nan,3.5208891703135286e-19
1240215501.3996582,nan,3.4637339785482585e-19
1240215501.3999023,nan,3.442928098223491e-19
1240215501.4001465,nan,3.4896916022766536e-19
1240215501.4003906,nan,3.5555117555634637e-19
1240215501.4006348,nan,3.601347946024259e-19
1240215501.400879,nan,3.6068147128104633e-19
1240215501.401123,nan,3.546815957100767e-19
1240215501.4013672,nan,3.469357671003508e-19
1240215501.4016113,nan,3.4054400014643065e-19
1240215501.4018555,nan,3.387051338632843e-19
1240215501.4020996,nan,3.42540884259487e-19
1240215501.4023438,nan,3.482334289549048e-19
1240215501.402588,nan,3.5348778270246533e-19
1240215501.402832,nan,3.5307547196360975e-19
1240215501.4030762,nan,3.4649472029578866e-19
1240215501.4033203,nan,3.382346631117166e-19
1240215501.4035645,nan,3.307087238666511e-19
1240215501.4038086,nan,3.28533662987516e-19
1240215501.4040527,nan,3.325192210735928e-19
1240215501.4042969,nan,3.380639599996197e-19
1240215501.404541,nan,3.417464942144967e-19
1240215501.4047852,nan,3.4116937050189074e-19
1240215501.4050293,nan,3.34553997976024e-19
1240215501.4052734,nan,3.256924560281136e-19
1240215501.4055176,nan,3.1885992111288033e-19
1240215501.4057617,nan,3.1582433876362013e-19
1240215501.4060059,nan,3.184429920687442e-19
1240215501.40625,nan,3.237495273530256e-19
1240215501.4064941,nan,3.2782621268307373e-19
1240215501.4067383,nan,3.268179292793346e-19
1240215501.4069824,nan,3.195850694403829e-19
1240215501.4072266,nan,3.096255696524077e-19
1240215501.4074707,nan,3.017987553752197e-19
1240215501.4077148,nan,2.99382265801701e-19
1240215501.407959,nan,3.0161137247870866e-19
1240215501.4082031,nan,3.071759705910428e-19
1240215501.4084473,nan,3.0971265193369605e-19
1240215501.4086914,nan,3.0788970858918754e-19
1240215501.4089355,nan,3.0202176617625927e-19
1240215501.4091797,nan,2.9085756325811044e-19
1240215501.4094238,nan,2.8308247754736636e-19
1240215501.409668,nan,2.8008017434060063e-19
1240215501.409912,nan,2.8176627436761544e-19
1240215501.4101562,nan,2.8670506336126115e-19
1240215501.4104004,nan,2.887707713639163e-19
1240215501.4106445,nan,2.8770269417361266e-19
1240215501.4108887,nan,2.8035155708134176e-19
1240215501.4111328,nan,2.697802501172651e-19
1240215501.411377,nan,2.61549966977584e-19
1240215501.411621,nan,2.5755770844241925e-19
1240215501.4118652,nan,2.5948233242792605e-19
1240215501.4121094,nan,2.6399464228875685e-19
1240215501.4123535,nan,2.663844183061473e-19
1240215501.4125977,nan,2.6321423220105932e-19
1240215501.4128418,nan,2.561654607444784e-19
1240215501.413086,nan,2.4592598157655997e-19
1240215501.41333,nan,2.3606027155110046e-19
1240215501.4135742,nan,2.332919551327331e-19
1240215501.4138184,nan,2.341392745899064e-19
1240215501.4140625,nan,2.3740475747733617e-19
1240215501.4143066,nan,2.40987313733426e-19
1240215501.4145508,nan,2.377507854003004e-19
1240215501.414795,nan,2.3014636188158266e-19
1240215501.415039,nan,2.198450081516681e-19
1240215501.4152832,nan,2.098956450937379e-19
1240215501.4155273,nan,2.0592486606206534e-19
1240215501.4157715,nan,2.0677445389267527e-19
1240215501.4160156,nan,2.105533288406074e-19
1240215501.4162598,nan,2.1253951975573613e-19
1240215501.416504,nan,2.096557539531313e-19
1240215501.416748,nan,2.0169520221141181e-19
1240215501.4169922,nan,1.905004877911247e-19
1240215501.4172363,nan,1.813364650906438e-19
1240215501.4174805,nan,1.7660963616570783e-19
1240215501.4177246,nan,1.7783141607525777e-19
1240215501.4179688,nan,1.8105227583330996e-19
1240215501.418213,nan,1.8258864733217632e-19
1240215501.418457,nan,1.8031225622537646e-19
1240215501.4187012,nan,1.713159205480234e-19
1240215501.4189453,nan,1.6040067444522616e-19
1240215501.4191895,nan,1.5081676159983107e-19
1240215501.4194336,nan,1.456644800626329e-19
1240215501.4196777,nan,1.4659152353614631e-19
1240215501.4199219,nan,1.5010950677944164e-19
1240215501.420166,nan,1.5171983169062939e-19
1240215501.4204102,nan,1.4780673615740183e-19
1240215501.4206543,nan,1.3982550101109528e-19
1240215501.4208984,nan,1.2871202339956667e-19
1240215501.4211426,nan,1.1884157336097555e-19
1240215501.4213867,nan,1.1396184935999497e-19
1240215501.4216309,nan,1.1412377380945646e-19
1240215501.421875,nan,1.1756153815602473e-19
1240215501.4221191,nan,1.188564805043774e-19
1240215501.4223633,nan,1.1559096330600116e-19
1240215501.4226074,nan,1.0678055209998521e-19
1240215501.4228516,nan,9.545748101772598e-20
1240215501.4230957,nan,8.545446652796962e-20
1240215501.4233398,nan,7.986942519285271e-20
1240215501.423584,nan,8.102222507479703e-20
1240215501.4238281,nan,8.37123327629977e-20
1240215501.4240723,nan,8.529372868182868e-20
1240215501.4243164,nan,8.2196715036042e-20
1240215501.4245605,nan,7.289202470526594e-20
1240215501.4248047,nan,6.219154027454692e-20
1240215501.4250488,nan,5.1508946521528887e-20
1240215501.425293,nan,4.627952366325984e-20
1240215501.425537,nan,4.7520092402944376e-20
1240215501.4257812,nan,4.944831690687335e-20
1240215501.4260254,nan,5.0961054039945245e-20
1240215501.4262695,nan,4.8000673158696786e-20
1240215501.4265137,nan,3.88500484455651e-20
1240215501.4267578,nan,2.792084391244797e-20
1240215501.427002,nan,1.7714168046604517e-20
1240215501.427246,nan,1.2020467561970866e-20
1240215501.4274902,nan,1.2242754209687461e-20
1240215501.4277344,nan,1.569427382419221e-20
1240215501.4279785,nan,1.6890591207280743e-20
1240215501.4282227,nan,1.362856661417838e-20
1240215501.4284668,nan,5.443402360207234e-21
1240215501.428711,nan,-6.734957344659391e-21
1240215501.428955,nan,-1.6908702502390575e-20
1240215501.4291992,nan,-2.2457279289079792e-20
1240215501.4294434,nan,-2.2102717217051685e-20
1240215501.4296875,nan,-1.8820574364528894e-20
1240215501.4299316,nan,-1.7996838897146526e-20
1240215501.4301758,nan,-2.0872642815758062e-20
1240215501.43042,nan,-2.916490484086731e-20
1240215501.430664,nan,-4.097615047760253e-20
1240215501.4309082,nan,-5.101228916501879e-20
1240215501.4311523,nan,-5.598036966162415e-20
1240215501.4313965,nan,-5.547104524593143e-20
1240215501.4316406,nan,-5.301014865593666e-20
1240215501.4318848,nan,-5.16025325485381e-20
1240215501.432129,nan,-5.437778881718691e-20
1240215501.432373,nan,-6.321252532879279e-20
1240215501.4326172,nan,-7.43788617402901e-20
1240215501.4328613,nan,-8.441961014411749e-20
1240215501.4331055,nan,-8.948835730570793e-20
1240215501.4333496,nan,-8.861174809379278e-20
1240215501.4335938,nan,-8.628549712893385e-20
1240215501.433838,nan,-8.477338786191312e-20
1240215501.434082,nan,-8.716619561224908e-20
1240215501.4343262,nan,-9.605573076231682e-20
1240215501.4345703,nan,-1.073398384551727e-19
1240215501.4348145,nan,-1.1667496112074923e-19
1240215501.4350586,nan,-1.221090678088137e-19
1240215501.4353027,nan,-1.2192034816457977e-19
1240215501.4355469,nan,-1.185757004200107e-19
1240215501.435791,nan,-1.1619090737296973e-19
1240215501.4360352,nan,-1.1889089837355905e-19
1240215501.4362793,nan,-1.2744007247689755e-19
1240215501.4365234,nan,-1.386466805565276e-19
1240215501.4367676,nan,-1.4840735177319118e-19
1240215501.4370117,nan,-1.5282147955831216e-19
1240215501.4372559,nan,-1.5203773165420517e-19
1240215501.4375,nan,-1.4869215266807783e-19
1240215501.4377441,nan,-1.468468796201349e-19
1240215501.4379883,nan,-1.495730524052832e-19
1240215501.4382324,nan,-1.572695362214429e-19
1240215501.4384766,nan,-1.6821010437667386e-19
1240215501.4387207,nan,-1.7764575574319917e-19
1240215501.4389648,nan,-1.8229662398687938e-19
1240215501.439209,nan,-1.8176875138986365e-19
1240215501.4394531,nan,-1.780503882707741e-19
1240215501.4396973,nan,-1.7589299173739474e-19
1240215501.4399414,nan,-1.7803619701939465e-19
1240215501.4401855,nan,-1.8533723078599172e-19
1240215501.4404297,nan,-1.964129475953125e-19
1240215501.4406738,nan,-2.0525009088244822e-19
1240215501.440918,nan,-2.1017808153639028e-19
1240215501.441162,nan,-2.092930725023053e-19
1240215501.4414062,nan,-2.0446799142180675e-19
1240215501.4416504,nan,-2.0269969105331915e-19
1240215501.4418945,nan,-2.041917899765047e-19
1240215501.4421387,nan,-2.121752512714752e-19
1240215501.4423828,nan,-2.226963616432925e-19
1240215501.442627,nan,-2.3054435406226036e-19
1240215501.442871,nan,-2.356526207314903e-19
1240215501.4431152,nan,-2.3437115801061727e-19
1240215501.4433594,nan,-2.29792584210895e-19
1240215501.4436035,nan,-2.268602586420706e-19
1240215501.4438477,nan,-2.289932573503891e-19
1240215501.4440918,nan,-2.3642703344646975e-19
1240215501.444336,nan,-2.456336625851332e-19
1240215501.44458,nan,-2.546297220331228e-19
1240215501.4448242,nan,-2.5859538735151683e-19
1240215501.4450684,nan,-2.5710274678398995e-19
1240215501.4453125,nan,-2.53057140367862e-19
1240215501.4455566,nan,-2.490657770943882e-19
1240215501.4458008,nan,-2.5020097923787033e-19
1240215501.446045,nan,-2.572630299626338e-19
1240215501.446289,nan,-2.669787561106965e-19
1240215501.4465332,nan,-2.7537695708073305e-19
1240215501.4467773,nan,-2.7892439104131636e-19
1240215501.4470215,nan,-2.7720380513713677e-19
1240215501.4472656,nan,-2.724443861869445e-19
1240215501.4475098,nan,-2.685287579586926e-19
1240215501.447754,nan,-2.6949971884328784e-19
1240215501.447998,nan,-2.760137391129379e-19
1240215501.4482422,nan,-2.8543952527442977e-19
1240215501.4484863,nan,-2.934006853878026e-19
1240215501.4487305,nan,-2.970870581614209e-19
1240215501.4489746,nan,-2.9467084912771524e-19
1240215501.4492188,nan,-2.8878517796171636e-19
1240215501.449463,nan,-2.850812305568818e-19
1240215501.449707,nan,-2.8608102886141717e-19
1240215501.4499512,nan,-2.9191006257819065e-19
1240215501.4501953,nan,-3.0101449631575016e-19
1240215501.4504395,nan,-3.090577745134752e-19
1240215501.4506836,nan,-3.114051349773292e-19
1240215501.4509277,nan,-3.0857266014135903e-19
1240215501.4511719,nan,-3.0397655950477445e-19
1240215501.451416,nan,-2.9904770114344814e-19
1240215501.4516602,nan,-2.9885681035908355e-19
1240215501.4519043,nan,-3.0531977846136596e-19
1240215501.4521484,nan,-3.133676635688717e-19
1240215501.4523926,nan,-3.207143823599896e-19
1240215501.4526367,nan,-3.2358046301160806e-19
1240215501.4528809,nan,-3.2005487691471994e-19
1240215501.453125,nan,-3.140786833470948e-19
1240215501.4533691,nan,-3.0971077344859206e-19
1240215501.4536133,nan,-3.093741043476746e-19
1240215501.4538574,nan,-3.1443421174214186e-19
1240215501.4541016,nan,-3.2272012251293604e-19
1240215501.4543457,nan,-3.298122387958067e-19
1240215501.4545898,nan,-3.3208191353544566e-19
1240215501.454834,nan,-3.2812801492088804e-19
1240215501.4550781,nan,-3.214765421887161e-19
1240215501.4553223,nan,-3.169397821480519e-19
1240215501.4555664,nan,-3.1677565701618796e-19
1240215501.4558105,nan,-3.209344019172221e-19
1240215501.4560547,nan,-3.2795707412208764e-19
1240215501.4562988,nan,-3.357877675406052e-19
1240215501.456543,nan,-3.372254173338214e-19
1240215501.456787,nan,-3.322709165914534e-19
1240215501.4570312,nan,-3.2666956778945753e-19
1240215501.4572754,nan,-3.210681707293504e-19
1240215501.4575195,nan,-3.197285965594128e-19
1240215501.4577637,nan,-3.2430877913508007e-19
1240215501.4580078,nan,-3.312918808476903e-19
1240215501.458252,nan,-3.3731200496500955e-19
1240215501.458496,nan,-3.391058677601661e-19
1240215501.4587402,nan,-3.3456668049010835e-19
1240215501.4589844,nan,-3.277651761169745e-19
1240215501.4592285,nan,-3.2214802743069945e-19
1240215501.4594727,nan,-3.1969696968060074e-19
1240215501.4597168,nan,-3.239302694502372e-19
1240215501.459961,nan,-3.309447239500778e-19
1240215501.460205,nan,-3.3642217065557057e-19
1240215501.4604492,nan,-3.3773353124556857e-19
1240215501.4606934,nan,-3.3280819969649484e-19
1240215501.4609375,nan,-3.253092576911127e-19
1240215501.4611816,nan,-3.187185077923846e-19
1240215501.4614258,nan,-3.1652797032581276e-19
1240215501.46167,nan,-3.2109743988714492e-19
1240215501.461914,nan,-3.2742198384178426e-19
1240215501.4621582,nan,-3.326269678975383e-19
1240215501.4624023,nan,-3.338155803312685e-19
1240215501.4626465,nan,-3.2769786145100424e-19
1240215501.4628906,nan,-3.197749919938455e-19
1240215501.4631348,nan,-3.1368115748676723e-19
1240215501.463379,nan,-3.1111461386945426e-19
1240215501.463623,nan,-3.1452140084092737e-19
1240215501.4638672,nan,-3.199762083329249e-19
1240215501.4641113,nan,-3.25297197950165e-19
1240215501.4643555,nan,-3.2617715321602587e-19
1240215501.4645996,nan,-3.197385761752244e-19
1240215501.4648438,nan,-3.1214316840973034e-19
1240215501.465088,nan,-3.0489880347842574e-19
1240215501.465332,nan,-3.017726547230893e-19
1240215501.4655762,nan,-3.0494112576467947e-19
1240215501.4658203,nan,-3.0978523969441233e-19
1240215501.4660645,nan,-3.1537140907781055e-19
1240215501.4663086,nan,-3.151997217849856e-19
1240215501.4665527,nan,-3.079826262318888e-19
1240215501.4667969,nan,-3.0063216784591226e-19
1240215501.467041,nan,-2.9312177923816675e-19
1240215501.4672852,nan,-2.8986558029636754e-19
1240215501.4675293,nan,-2.926013153897874e-19
1240215501.4677734,nan,-2.97286390513006e-19
1240215501.4680176,nan,-3.020160493699081e-19
1240215501.4682617,nan,-3.0152600937920474e-19
1240215501.4685059,nan,-2.9531498800257216e-19
1240215501.46875,nan,-2.8609779799744334e-19
1240215501.4689941,nan,-2.774421788043471e-19
1240215501.4692383,nan,-2.7544812395785687e-19
1240215501.4694824,nan,-2.770350935627631e-19
1240215501.4697266,nan,-2.810346627821618e-19
1240215501.4699707,nan,-2.8637680636977113e-19
1240215501.4702148,nan,-2.8509648073227105e-19
1240215501.470459,nan,-2.7825589443980315e-19
1240215501.4707031,nan,-2.692224954215942e-19
1240215501.4709473,nan,-2.606029981660156e-19
1240215501.4711914,nan,-2.5707747891288184e-19
1240215501.4714355,nan,-2.5875679269892463e-19
1240215501.4716797,nan,-2.6367061182005504e-19
1240215501.4719238,nan,-2.673179770495507e-19
1240215501.472168,nan,-2.6603379614672414e-19
1240215501.472412,nan,-2.600449471524483e-19
1240215501.4726562,nan,-2.497481802324889e-19
1240215501.4729004,nan,-2.410713577898109e-19
1240215501.4731445,nan,-2.374669774934307e-19
1240215501.4733887,nan,-2.3800818820385527e-19
1240215501.4736328,nan,-2.427711392786617e-19
1240215501.473877,nan,-2.4619445407963135e-19
1240215501.474121,nan,-2.4447353550787606e-19
1240215501.4743652,nan,-2.3781116581310643e-19
1240215501.4746094,nan,-2.274867209331648e-19
1240215501.4748535,nan,-2.18687020010848e-19
1240215501.4750977,nan,-2.1393080483105003e-19
1240215501.4753418,nan,-2.1520140860826292e-19
1240215501.475586,nan,-2.2058234449671193e-19
1240215501.47583,nan,-2.228941325313935e-19
1240215501.4760742,nan,-2.2058060457809357e-19
1240215501.4763184,nan,-2.1438474235058148e-19
1240215501.4765625,nan,-2.04247500993179e-19
1240215501.4768066,nan,-1.945831042349082e-19
1240215501.4770508,nan,-1.902812831383204e-19
1240215501.477295,nan,-1.9058150568276298e-19
1240215501.477539,nan,-1.9497118745101171e-19
1240215501.4777832,nan,-1.9847554716265927e-19
1240215501.4780273,nan,-1.9589669866986425e-19
1240215501.4782715,nan,-1.887186275879676e-19
1240215501.4785156,nan,-1.7782096536975878e-19
1240215501.4787598,nan,-1.6858898319384926e-19
1240215501.479004,nan,-1.640620000077688e-19
1240215501.479248,nan,-1.6423369640967525e-19
1240215501.4794922,nan,-1.688945344902288e-19
1240215501.4797363,nan,-1.7132742304799204e-19
1240215501.4799805,nan,-1.6880098969793068e-19
1240215501.4802246,nan,-1.6116400552884086e-19
1240215501.4804688,nan,-1.5058688178483438e-19
1240215501.480713,nan,-1.4164496650600974e-19
1240215501.480957,nan,-1.3615601608925542e-19
1240215501.4812012,nan,-1.3684948838980731e-19
1240215501.4814453,nan,-1.4090663629740276e-19
1240215501.4816895,nan,-1.4271013204627974e-19
1240215501.4819336,nan,-1.4095463692334294e-19
1240215501.4821777,nan,-1.335841909785535e-19
1240215501.4824219,nan,-1.222024154040771e-19
1240215501.482666,nan,-1.127859289615676e-19
1240215501.4829102,nan,-1.0753277995956044e-19
1240215501.4831543,nan,-1.0810695776255463e-19
1240215501.4833984,nan,-1.1175083763580204e-19
1240215501.4836426,nan,-1.1374700126868723e-19
1240215501.4838867,nan,-1.1232113093572135e-19
1240215501.4841309,nan,-1.0368754574981864e-19
1240215501.484375,nan,-9.265907146946459e-20
1240215501.4846191,nan,-8.394057882769596e-20
1240215501.4848633,nan,-7.770351296340319e-20
1240215501.4851074,nan,-7.841700831924348e-20
1240215501.4853516,nan,-8.202415168583404e-20
1240215501.4855957,nan,-8.364834219692746e-20
1240215501.4858398,nan,-8.210753225182485e-20
1240215501.486084,nan,-7.397094817546137e-20
1240215501.4863281,nan,-6.308112438252992e-20
1240215501.4865723,nan,-5.379124741848135e-20
1240215501.4868164,nan,-4.7813037764502126e-20
1240215501.4870605,nan,-4.7943742664988e-20
1240215501.4873047,nan,-5.1514005286136857e-20
1240215501.4875488,nan,-5.3942941413791244e-20
1240215501.487793,nan,-5.155672806818566e-20
1240215501.488037,nan,-4.353872433020026e-20
1240215501.4882812,nan,-3.32608034247954e-20
1240215501.4885254,nan,-2.262065711387246e-20
1240215501.4887695,nan,-1.680200492702352e-20
1240215501.4890137,nan,-1.7795507354492617e-20
1240215501.4892578,nan,-2.0818780800936598e-20
1240215501.489502,nan,-2.3369753418116522e-20
1240215501.489746,nan,-2.112730292752482e-20
1240215501.4899902,nan,-1.31515888738361e-20
1240215501.4902344,nan,-2.6452334502582612e-21
1240215501.4904785,nan,7.888633532929308e-21
1240215501.4907227,nan,1.3290921087748141e-20
1240215501.4909668,nan,1.2619681259692716e-20
1240215501.491211,nan,9.53323758933834e-21
1240215501.491455,nan,6.875827287414527e-21
1240215501.4916992,nan,8.89845406956436e-21
1240215501.4919434,nan,1.706144725303906e-20
1240215501.4921875,nan,2.804736959726555e-20
1240215501.4924316,nan,3.774669464310815e-20
1240215501.4926758,nan,4.26634523322715e-20
1240215501.49292,nan,4.238293064367915e-20
1240215501.493164,nan,3.986787546897814e-20
1240215501.4934082,nan,3.7101684790564637e-20
1240215501.4936523,nan,3.844230620138953e-20
1240215501.4938965,nan,4.695614281708232e-20
1240215501.4941406,nan,5.764151084305704e-20
1240215501.4943848,nan,6.759993861658856e-20
1240215501.494629,nan,7.27875357870439e-20
1240215501.494873,nan,7.169346188825803e-20
1240215501.4951172,nan,6.914356902883133e-20
1240215501.4953613,nan,6.606042273914485e-20
1240215501.4956055,nan,6.740614325939779e-20
1240215501.4958496,nan,7.564347029936034e-20
1240215501.4960938,nan,8.580336691842101e-20
1240215501.496338,nan,9.581167062749062e-20
1240215501.496582,nan,1.0165828477747102e-19
1240215501.4968262,nan,1.0048217976467052e-19
1240215501.4970703,nan,9.710878046155285e-20
1240215501.4973145,nan,9.508989164803912e-20
1240215501.4975586,nan,9.621007743971583e-20
1240215501.4978027,nan,1.0306549393206395e-19
1240215501.4980469,nan,1.1372858106417404e-19
1240215501.498291,nan,1.2371549863203715e-19
1240215501.4985352,nan,1.2915174631542847e-19
1240215501.4987793,nan,1.2792603448308018e-19
1240215501.4990234,nan,1.2399468810889086e-19
1240215501.4992676,nan,1.2156736384056942e-19
1240215501.4995117,nan,1.2302809239472892e-19
1240215501.4997559,nan,1.3017914869548048e-19
1240215501.5,nan,1.4063517710731702e-19
1240215501.5002441,nan,1.5060855287699748e-19
1240215501.5004883,nan,1.5523886180546976e-19
1240215501.5007324,nan,1.5391202617686776e-19
1240215501.5009766,nan,1.5018697171519192e-19
1240215501.5012207,nan,1.470763708219566e-19
1240215501.5014648,nan,1.477111607923799e-19
1240215501.501709,nan,1.5501900352807268e-19
1240215501.5019531,nan,1.658695053861179e-19
1240215501.5021973,nan,1.7467596465268203e-19
1240215501.5024414,nan,1.796161199530141e-19
1240215501.5026855,nan,1.7884055535888832e-19
1240215501.5029297,nan,1.7411374555858554e-19
1240215501.5031738,nan,1.705601279613828e-19
1240215501.503418,nan,1.720657684963997e-19
1240215501.503662,nan,1.7889557051206378e-19
1240215501.5039062,nan,1.8826733065164856e-19
1240215501.5041504,nan,1.9804701703168706e-19
1240215501.5043945,nan,2.0217882842133386e-19
1240215501.5046387,nan,2.0033125175027328e-19
1240215501.5048828,nan,1.966416572878104e-19
1240215501.505127,nan,1.9252325709503513e-19
1240215501.505371,nan,1.93176836641719e-19
1240215501.5056152,nan,1.997986332851716e-19
1240215501.5058594,nan,2.1001347936473088e-19
1240215501.5061035,nan,2.1921360069662373e-19
1240215501.5063477,nan,2.229609078992645e-19
1240215501.5065918,nan,2.217657494372049e-19
1240215501.506836,nan,2.1694236310733444e-19
1240215501.50708,nan,2.123851681233119e-19
1240215501.5073242,nan,2.13438275553722e-19
1240215501.5075684,nan,2.199162365442111e-19
1240215501.5078125,nan,2.288151997438125e-19
1240215501.5080566,nan,2.374963778931231e-19
1240215501.5083008,nan,2.413601349036073e-19
1240215501.508545,nan,2.394103288894151e-19
1240215501.508789,nan,2.3476089578423385e-19
1240215501.5090332,nan,2.3038815858063716e-19
1240215501.5092773,nan,2.311815679886878e-19
1240215501.5095215,nan,2.3689638055178846e-19
1240215501.5097656,nan,2.4536097078598365e-19
1240215501.5100098,nan,2.5386667958170986e-19
1240215501.510254,nan,2.581583827666156e-19
1240215501.510498,nan,2.564272212999341e-19
1240215501.5107422,nan,2.5026424695969e-19
1240215501.5109863,nan,2.452224784950006e-19
1240215501.5112305,nan,2.454623663700319e-19
1240215501.5114746,nan,2.517306789208775e-19
1240215501.5117188,nan,2.599647865183201e-19
1240215501.511963,nan,2.67819773675924e-19
1240215501.512207,nan,2.721651963598367e-19
1240215501.5124512,nan,2.692913409735139e-19
1240215501.5126953,nan,2.6315417720231167e-19
1240215501.5129395,nan,2.58299298584997e-19
1240215501.5131836,nan,2.576780759372452e-19
1240215501.5134277,nan,2.6356177154870825e-19
1240215501.5136719,nan,2.720329035780027e-19
1240215501.513916,nan,2.7986855164406026e-19
1240215501.5141602,nan,2.832901775570691e-19
1240215501.5144043,nan,2.7962079097743203e-19
1240215501.5146484,nan,2.737805455372155e-19
1240215501.5148926,nan,2.685645217481658e-19
1240215501.5151367,nan,2.6750251467692335e-19
1240215501.5153809,nan,2.729251425823518e-19
1240215501.515625,nan,2.806158882667232e-19
1240215501.5158691,nan,2.8838644160234115e-19
1240215501.5161133,nan,2.917166423489523e-19
1240215501.5163574,nan,2.8786459486816885e-19
1240215501.5166016,nan,2.822819653537723e-19
1240215501.5168457,nan,2.7661432643961774e-19
1240215501.5170898,nan,2.748061239588096e-19
1240215501.517334,nan,2.8031326603402367e-19
1240215501.5175781,nan,2.8746552736485627e-19
1240215501.5178223,nan,2.9449138328700983e-19
1240215501.5180664,nan,2.977917716471229e-19
1240215501.5183105,nan,2.9368428768968188e-19
1240215501.5185547,nan,2.876450825778043e-19
1240215501.5187988,nan,2.8138892510227555e-19
1240215501.519043,nan,2.7914813818285163e-19
1240215501.519287,nan,2.8449355640068162e-19
1240215501.5195312,nan,2.916912524256428e-19
1240215501.5197754,nan,2.9863646970664225e-19
1240215501.5200195,nan,3.0115173656205713e-19
1240215501.5202637,nan,2.9711984742433473e-19
1240215501.5205078,nan,2.900455547381224e-19
1240215501.520752,nan,2.8336777645157135e-19
1240215501.520996,nan,2.820433556360718e-19
1240215501.5212402,nan,2.8565540298581357e-19
1240215501.5214844,nan,2.927498229364692e-19
1240215501.5217285,nan,2.995217094140301e-19
1240215501.5219727,nan,3.0144874317401536e-19
1240215501.5222168,nan,2.979155843867143e-19
1240215501.522461,nan,2.897690313897989e-19
1240215501.522705,nan,2.8340877851897435e-19
1240215501.5229492,nan,2.814465357794113e-19
1240215501.5231934,nan,2.845815149108954e-19
1240215501.5234375,nan,2.9179383487859215e-19
1240215501.5236816,nan,2.9719040937077992e-19
1240215501.5239258,nan,2.991317561365308e-19
1240215501.52417,nan,2.9555928874357957e-19
1240215501.524414,nan,2.8701302140423695e-19
1240215501.5246582,nan,2.8023959155759876e-19
1240215501.5249023,nan,2.7813342748542384e-19
1240215501.5251465,nan,2.807224464441458e-19
1240215501.5253906,nan,2.877504146093609e-19
1240215501.5256348,nan,2.9378215406695487e-19
1240215501.525879,nan,2.9519311959360386e-19
1240215501.526123,nan,2.9079403300880367e-19
1240215501.5263672,nan,2.819349125326948e-19
1240215501.5266113,nan,2.7513282589008403e-19
1240215501.5268555,nan,2.7238177475725146e-19
1240215501.5270996,nan,2.7476758427584336e-19
1240215501.5273438,nan,2.8130730915295326e-19
1240215501.527588,nan,2.8667323161309453e-19
1240215501.527832,nan,2.876266173442316e-19
1240215501.5280762,nan,2.8310200121006655e-19
1240215501.5283203,nan,2.7514988105602633e-19
1240215501.5285645,nan,2.668496376884364e-19
1240215501.5288086,nan,2.642349649376488e-19
1240215501.5290527,nan,2.670236653195881e-19
1240215501.5292969,nan,2.726137938580626e-19
1240215501.529541,nan,2.783314408591288e-19
1240215501.5297852,nan,2.7863813882049945e-19
1240215501.5300293,nan,2.7405259443004195e-19
1240215501.5302734,nan,2.6459761737153293e-19
1240215501.5305176,nan,2.5641502886218556e-19
1240215501.5307617,nan,2.5365880683489708e-19
1240215501.5310059,nan,2.5562867350751153e-19
1240215501.53125,nan,2.6160077715031835e-19
1240215501.5314941,nan,2.6615900891755697e-19
1240215501.5317383,nan,2.675115330880839e-19
1240215501.5319824,nan,2.621282965256563e-19
1240215501.5322266,nan,2.526459570919223e-19
1240215501.5324707,nan,2.45020540901246e-19
1240215501.5327148,nan,2.4089341195091754e-19
1240215501.532959,nan,2.43279108151637e-19
1240215501.5332031,nan,2.4839643940644234e-19
1240215501.5334473,nan,2.531306134792348e-19
1240215501.5336914,nan,2.5351261325258797e-19
1240215501.5339355,nan,2.4731668393802393e-19
1240215501.5341797,nan,2.3931551782724543e-19
1240215501.5344238,nan,2.304110927397766e-19
1240215501.534668,nan,2.251979553658313e-19
1240215501.534912,nan,2.2841370982777913e-19
1240215501.5351562,nan,2.332459091893653e-19
1240215501.5354004,nan,2.3729973147615533e-19
1240215501.5356445,nan,2.384379937675667e-19
1240215501.5358887,nan,2.32173347394105e-19
1240215501.5361328,nan,2.225259630289484e-19
1240215501.536377,nan,2.1357169034666642e-19
1240215501.536621,nan,2.0987492881729711e-19
1240215501.5368652,nan,2.116815860003991e-19
1240215501.5371094,nan,2.1595325580175158e-19
1240215501.5373535,nan,2.2091157142852605e-19
1240215501.5375977,nan,2.204218259019977e-19
1240215501.5378418,nan,2.140099365495302e-19
1240215501.538086,nan,2.0547639337022488e-19
1240215501.53833,nan,1.9599107169081413e-19
1240215501.5385742,nan,1.9118720161086905e-19
1240215501.5388184,nan,1.9308118552765297e-19
1240215501.5390625,nan,1.9733183232125816e-19
1240215501.5393066,nan,2.0159668557626348e-19
1240215501.5395508,nan,2.015683199528198e-19
1240215501.539795,nan,1.949121761816885e-19
1240215501.540039,nan,1.8509769746615588e-19
1240215501.5402832,nan,1.7652272100431233e-19
1240215501.5405273,nan,1.7172865189693075e-19
1240215501.5407715,nan,1.7209900858006686e-19
1240215501.5410156,nan,1.7754739335055361e-19
1240215501.5412598,nan,1.8114745501465078e-19
1240215501.541504,nan,1.8007518401345668e-19
1240215501.541748,nan,1.750557842271356e-19
1240215501.5419922,nan,1.6484353974109811e-19
1240215501.5422363,nan,1.5473194652674885e-19
1240215501.5424805,nan,1.5035017137408683e-19
1240215501.5427246,nan,1.5083846594563484e-19
1240215501.5429688,nan,1.5529499934092372e-19
1240215501.543213,nan,1.595285255046618e-19
1240215501.543457,nan,1.584499794057294e-19
1240215501.5437012,nan,1.526530569828818e-19
1240215501.5439453,nan,1.4231501493002105e-19
1240215501.5441895,nan,1.322375814704033e-19
1240215501.5444336,nan,1.272167890252653e-19
1240215501.5446777,nan,1.2766215258146253e-19
1240215501.5449219,nan,1.3286498421394746e-19
1240215501.545166,nan,1.3642539465832725e-19
1240215501.5454102,nan,1.3498283639908322e-19
1240215501.5456543,nan,1.2901135441929985e-19
1240215501.5458984,nan,1.184874426793563e-19
1240215501.5461426,nan,1.0871437918897246e-19
1240215501.5463867,nan,1.0370262410355044e-19
1240215501.5466309,nan,1.0422484830837621e-19
1240215501.546875,nan,1.0879772360495092e-19
1240215501.5471191,nan,1.1204986919730096e-19
1240215501.5473633,nan,1.108458993395661e-19
1240215501.5476074,nan,1.0529698284918416e-19
1240215501.5478516,nan,9.500638280731899e-20
1240215501.5480957,nan,8.425495738361488e-20
1240215501.5483398,nan,7.948764817367432e-20
1240215501.548584,nan,8.032075602107352e-20
1240215501.5488281,nan,8.359170862477969e-20
1240215501.5490723,nan,8.715218318878327e-20
1240215501.5493164,nan,8.69705742201653e-20
1240215501.5495605,nan,8.032530258631822e-20
1240215501.5498047,nan,6.956067082708802e-20
1240215501.5500488,nan,5.948270725938873e-20
1240215501.550293,nan,5.434894747183913e-20
1240215501.550537,nan,5.474651184051992e-20
1240215501.5507812,nan,5.844706209797462e-20
1240215501.5510254,nan,6.246533546369667e-20
1240215501.5512695,nan,6.186047068435777e-20
1240215501.5515137,nan,5.45323571127438e-20
1240215501.5517578,nan,4.4569699053541544e-20
1240215501.552002,nan,3.444668619835246e-20
1240215501.552246,nan,2.8437617467896865e-20
1240215501.5524902,nan,2.9727326706426894e-20
1240215501.5527344,nan,3.2977578058455514e-20
1240215501.5529785,nan,3.632975287158308e-20
1240215501.5532227,nan,3.607231779013114e-20
1240215501.5534668,nan,2.8843243647998335e-20
1240215501.553711,nan,1.943265340783621e-20
1240215501.553955,nan,9.133033862510278e-21
1240215501.5541992,nan,2.7518361009762153e-21
1240215501.5544434,nan,3.739542279693193e-21
1240215501.5546875,nan,7.259922419060489e-21
1240215501.5549316,nan,1.0303744836816117e-20
1240215501.5551758,nan,1.0304751670632768e-20
1240215501.55542,nan,4.135884659257492e-21
1240215501.555664,nan,-7.229615540803469e-21
1240215501.5559082,nan,-1.7518544617334922e-20
1240215501.5561523,nan,-2.2552692425069002e-20
1240215501.5563965,nan,-2.204569760364799e-20
1240215501.5566406,nan,-1.8097824231186225e-20
1240215501.5568848,nan,-1.496640783883884e-20
1240215501.557129,nan,-1.5295669375757072e-20
1240215501.557373,nan,-2.1468636087378773e-20
1240215501.5576172,nan,-3.2463718744152535e-20
1240215501.5578613,nan,-4.243174594965391e-20
1240215501.5581055,nan,-4.7577991493265183e-20
1240215501.5583496,nan,-4.706568920867026e-20
1240215501.5585938,nan,-4.349308582132475e-20
1240215501.558838,nan,-4.0079805269535844e-20
1240215501.559082,nan,-4.0508452303428274e-20
1240215501.5593262,nan,-4.6850087606162197e-20
1240215501.5595703,nan,-5.702515559552313e-20
1240215501.5598145,nan,-6.791484698606043e-20
1240215501.5600586,nan,-7.29298062263523e-20
1240215501.5603027,nan,-7.225881861288997e-20
1240215501.5605469,nan,-6.851099295327454e-20
1240215501.560791,nan,-6.467219816999441e-20
1240215501.5610352,nan,-6.607993881113015e-20
1240215501.5612793,nan,-7.134814491141448e-20
1240215501.5615234,nan,-8.16979571719176e-20
1240215501.5617676,nan,-9.234215601428983e-20
1240215501.5620117,nan,-9.706628175784361e-20
1240215501.5622559,nan,-9.678409265331533e-20
1240215501.5625,nan,-9.259737380361787e-20
1240215501.5627441,nan,-8.957060027281215e-20
1240215501.5629883,nan,-8.917775714677593e-20
1240215501.5632324,nan,-9.503422390324696e-20
1240215501.5634766,nan,-1.067587090686335e-19
1240215501.5637207,nan,-1.1593895993072733e-19
1240215501.5639648,nan,-1.2069067522029911e-19
1240215501.564209,nan,-1.2014569478499273e-19
1240215501.5644531,nan,-1.1621948578314662e-19
1240215501.5646973,nan,-1.1252926784867139e-19
1240215501.5649414,nan,-1.127012107852593e-19
1240215501.5651855,nan,-1.1919806126380791e-19
1240215501.5654297,nan,-1.287860284561616e-19
1240215501.5656738,nan,-1.383161236479801e-19
1240215501.565918,nan,-1.4322884134527676e-19
1240215501.566162,nan,-1.4304099996788037e-19
1240215501.5664062,nan,-1.3916354037281262e-19
1240215501.5666504,nan,-1.341100667210076e-19
1240215501.5668945,nan,-1.3515446470540594e-19
1240215501.5671387,nan,-1.407128783349024e-19
1240215501.5673828,nan,-1.4985036699307397e-19
1240215501.567627,nan,-1.6006863834705141e-19
1240215501.567871,nan,-1.6560609992409067e-19
1240215501.5681152,nan,-1.652302426011314e-19
1240215501.5683594,nan,-1.5972158910798258e-19
1240215501.5686035,nan,-1.5596613075994224e-19
1240215501.5688477,nan,-1.558029650405635e-19
1240215501.5690918,nan,-1.6137636582667436e-19
1240215501.569336,nan,-1.7178924775252517e-19
1240215501.56958,nan,-1.8027334997360788e-19
1240215501.5698242,nan,-1.8570713682263363e-19
1240215501.5700684,nan,-1.844116802599555e-19
1240215501.5703125,nan,-1.7925411512792706e-19
1240215501.5705566,nan,-1.7594304600604845e-19
1240215501.5708008,nan,-1.753405445127211e-19
1240215501.571045,nan,-1.8074348468274334e-19
1240215501.571289,nan,-1.9002672332879762e-19
1240215501.5715332,nan,-1.9915908771883902e-19
1240215501.5717773,nan,-2.0448337174921072e-19
1240215501.5720215,nan,-2.035004592738431e-19
1240215501.5722656,nan,-1.9868037145470764e-19
1240215501.5725098,nan,-1.9356909421606312e-19
1240215501.572754,nan,-1.9300820146183158e-19
1240215501.572998,nan,-1.9885127483571897e-19
1240215501.5732422,nan,-2.0793259004581355e-19
1240215501.5734863,nan,-2.164650342186552e-19
1240215501.5737305,nan,-2.2158693934762704e-19
1240215501.5739746,nan,-2.2066617719562744e-19
1240215501.5742188,nan,-2.1481631104944966e-19
1240215501.574463,nan,-2.0996675223245067e-19
1240215501.574707,nan,-2.0960059631469333e-19
1240215501.5749512,nan,-2.140501841244634e-19
1240215501.5751953,nan,-2.2346837523366898e-19
1240215501.5754395,nan,-2.325836418036299e-19
1240215501.5756836,nan,-2.36471708666723e-19
1240215501.5759277,nan,-2.357201352203131e-19
1240215501.5761719,nan,-2.2988216178628984e-19
1240215501.576416,nan,-2.242664618993142e-19
1240215501.5766602,nan,-2.243219635599034e-19
1240215501.5769043,nan,-2.284835602433179e-19
1240215501.5771484,nan,-2.3714736004772746e-19
1240215501.5773926,nan,-2.460935267072564e-19
1240215501.5776367,nan,-2.4991700064936724e-19
1240215501.5778809,nan,-2.4903341151574433e-19
1240215501.578125,nan,-2.431325061233707e-19
1240215501.5783691,nan,-2.372841429925454e-19
1240215501.5786133,nan,-2.3622058889368777e-19
1240215501.5788574,nan,-2.4038703483858735e-19
1240215501.5791016,nan,-2.491084334539566e-19
1240215501.5793457,nan,-2.5751081809801645e-19
1240215501.5795898,nan,-2.6169130850968494e-19
1240215501.579834,nan,-2.5998486014073175e-19
1240215501.5800781,nan,-2.539097522528155e-19
1240215501.5803223,nan,-2.484481788605724e-19
1240215501.5805664,nan,-2.46415837913451e-19
1240215501.5808105,nan,-2.504216135746706e-19
1240215501.5810547,nan,-2.5948078358779983e-19
1240215501.5812988,nan,-2.672960417292128e-19
1240215501.581543,nan,-2.7087399139877686e-19
1240215501.581787,nan,-2.689047865749511e-19
1240215501.5820312,nan,-2.625593807805798e-19
1240215501.5822754,nan,-2.567731295361251e-19
1240215501.5825195,nan,-2.546561562526051e-19
1240215501.5827637,nan,-2.585177735398476e-19
1240215501.5830078,nan,-2.6735520915991723e-19
1240215501.583252,nan,-2.7392370922812553e-19
1240215501.583496,nan,-2.7761765972846037e-19
1240215501.5837402,nan,-2.76832558877674e-19
1240215501.5839844,nan,-2.6918677678266147e-19
1240215501.5842285,nan,-2.6229035870199967e-19
1240215501.5844727,nan,-2.606299604649823e-19
1240215501.5847168,nan,-2.6433823336136613e-19
1240215501.584961,nan,-2.719228727867554e-19
1240215501.585205,nan,-2.7956297963814076e-19
1240215501.5854492,nan,-2.830085430294355e-19
1240215501.5856934,nan,-2.8042055860635055e-19
1240215501.5859375,nan,-2.740666082218692e-19
1240215501.5861816,nan,-2.6749861246018955e-19
1240215501.5864258,nan,-2.647758825364717e-19
1240215501.58667,nan,-2.6742008238666164e-19
1240215501.586914,nan,-2.750413159267391e-19
1240215501.5871582,nan,-2.833513223758766e-19
1240215501.5874023,nan,-2.8527301541636135e-19
1240215501.5876465,nan,-2.821683192255468e-19
1240215501.5878906,nan,-2.7582551554023664e-19
1240215501.5881348,nan,-2.6857396133807884e-19
1240215501.588379,nan,-2.6607999429742535e-19
1240215501.588623,nan,-2.689885012466376e-19
1240215501.5888672,nan,-2.755130323435712e-19
1240215501.5891113,nan,-2.827664275513887e-19
1240215501.5893555,nan,-2.857643993575808e-19
1240215501.5895996,nan,-2.8246610171578754e-19
1240215501.5898438,nan,-2.7528185552148734e-19
1240215501.590088,nan,-2.6835353069858763e-19
1240215501.590332,nan,-2.6534316041009127e-19
1240215501.5905762,nan,-2.6757903920150174e-19
1240215501.5908203,nan,-2.7415227054331984e-19
1240215501.5910645,nan,-2.811076862494312e-19
1240215501.5913086,nan,-2.8325961450555817e-19
1240215501.5915527,nan,-2.806857793842827e-19
1240215501.5917969,nan,-2.7307428180909766e-19
1240215501.592041,nan,-2.6459420242186097e-19
1240215501.5922852,nan,-2.615201079618083e-19
1240215501.5925293,nan,-2.630929894137464e-19
1240215501.5927734,nan,-2.7037789908945787e-19
1240215501.5930176,nan,-2.77361534982007e-19
1240215501.5932617,nan,-2.7910894601984915e-19
1240215501.5935059,nan,-2.756322353558589e-19
1240215501.59375,nan,-2.6773269871640425e-19
1240215501.5939941,nan,-2.60327082499384e-19
1240215501.5942383,nan,-2.563639104406536e-19
1240215501.5944824,nan,-2.582673113779296e-19
1240215501.5947266,nan,-2.64077220841235e-19
1240215501.5949707,nan,-2.6982804048752147e-19
1240215501.5952148,nan,-2.725277894735136e-19
1240215501.595459,nan,-2.6863309004424884e-19
1240215501.5957031,nan,-2.6018992807878797e-19
1240215501.5959473,nan,-2.5221755512315193e-19
1240215501.5961914,nan,-2.4783669513366185e-19
1240215501.5964355,nan,-2.494969101109431e-19
1240215501.5966797,nan,-2.558378182472252e-19
1240215501.5969238,nan,-2.617330084251104e-19
1240215501.597168,nan,-2.6332180935590075e-19
1240215501.597412,nan,-2.588680247061963e-19
1240215501.5976562,nan,-2.5037551000697344e-19
1240215501.5979004,nan,-2.427438572373205e-19
1240215501.5981445,nan,-2.37619908984174e-19
1240215501.5983887,nan,-2.385437209404249e-19
1240215501.5986328,nan,-2.4452409599250753e-19
1240215501.598877,nan,-2.4978754348606313e-19
1240215501.599121,nan,-2.519816503462507e-19
1240215501.5993652,nan,-2.478957889885277e-19
1240215501.5996094,nan,-2.3912856637773684e-19
1240215501.5998535,nan,-2.30082852688414e-19
1240215501.6000977,nan,-2.24964102651801e-19
1240215501.6003418,nan,-2.2660374354018855e-19
1240215501.600586,nan,-2.313866618766072e-19
1240215501.60083,nan,-2.371223659002377e-19
1240215501.6010742,nan,-2.387826463175624e-19
1240215501.6013184,nan,-2.334314306820434e-19
1240215501.6015625,nan,-2.251999196334167e-19
1240215501.6018066,nan,-2.1584827610435357e-19
1240215501.6020508,nan,-2.1075223499104455e-19
1240215501.602295,nan,-2.1194053911732086e-19
1240215501.602539,nan,-2.1628188310844524e-19
1240215501.6027832,nan,-2.213362870091723e-19
1240215501.6030273,nan,-2.229738857470811e-19
1240215501.6032715,nan,-2.1823123563888706e-19
1240215501.6035156,nan,-2.089536657480168e-19
1240215501.6037598,nan,-2.003337294750289e-19
1240215501.604004,nan,-1.9476229886612468e-19
1240215501.604248,nan,-1.941001768786435e-19
1240215501.6044922,nan,-1.9985704859078707e-19
1240215501.6047363,nan,-2.047192488624886e-19
1240215501.6049805,nan,-2.0466488069904112e-19
1240215501.6052246,nan,-2.0033710045491645e-19
1240215501.6054688,nan,-1.9142328931375302e-19
1240215501.605713,nan,-1.8182767935028522e-19
1240215501.605957,nan,-1.7609263209540434e-19
1240215501.6062012,nan,-1.7636605597276345e-19
1240215501.6064453,nan,-1.809373415395181e-19
1240215501.6066895,nan,-1.8566113382207762e-19
1240215501.6069336,nan,-1.8589417211598558e-19
1240215501.6071777,nan,-1.8075729548708755e-19
1240215501.6074219,nan,-1.71715940068076e-19
1240215501.607666,nan,-1.6166510855324432e-19
1240215501.6079102,nan,-1.5567352225174276e-19
1240215501.6081543,nan,-1.55990901406611e-19
1240215501.6083984,nan,-1.6022446580180902e-19
1240215501.6086426,nan,-1.6436943363827286e-19
1240215501.6088867,nan,-1.6533770831055266e-19
1240215501.6091309,nan,-1.6043175239034918e-19
1240215501.609375,nan,-1.504647838152624e-19
1240215501.6096191,nan,-1.4060780976803663e-19
1240215501.6098633,nan,-1.3443902769988805e-19
1240215501.6101074,nan,-1.3369061748295287e-19
1240215501.6103516,nan,-1.379461812367131e-19
1240215501.6105957,nan,-1.4293745575098633e-19
1240215501.6108398,nan,-1.431444055031675e-19
1240215501.611084,nan,-1.3732551959336293e-19
1240215501.6113281,nan,-1.281462693748109e-19
1240215501.6115723,nan,-1.1774941030096511e-19
1240215501.6118164,nan,-1.111618009224762e-19
1240215501.6120605,nan,-1.1075884247826342e-19
1240215501.6123047,nan,-1.1495411282192393e-19
1240215501.6125488,nan,-1.1985993643558418e-19
1240215501.612793,nan,-1.1963267470841856e-19
1240215501.613037,nan,-1.1404839096502122e-19
1240215501.6132812,nan,-1.0463369778788302e-19
1240215501.6135254,nan,-9.398703298019586e-20
1240215501.6137695,nan,-8.704143875575548e-20
1240215501.6140137,nan,-8.642489883061784e-20
1240215501.6142578,nan,-9.064985423691368e-20
1240215501.614502,nan,-9.48214542511149e-20
1240215501.614746,nan,-9.490348382044753e-20
1240215501.6149902,nan,-8.908822039629627e-20
1240215501.6152344,nan,-7.943075937137855e-20
1240215501.6154785,nan,-6.894518790361957e-20
1240215501.6157227,nan,-6.216931533195964e-20
1240215501.6159668,nan,-6.159725655848864e-20
1240215501.616211,nan,-6.513774310193286e-20
1240215501.616455,nan,-6.924972147459487e-20
1240215501.6166992,nan,-6.912049342602157e-20
1240215501.6169434,nan,-6.409636833600522e-20
1240215501.6171875,nan,-5.3841530447928016e-20
1240215501.6174316,nan,-4.249786961289667e-20
1240215501.6176758,nan,-3.620882386531378e-20
1240215501.61792,nan,-3.514090798833006e-20
1240215501.618164,nan,-3.8881396422306684e-20
1240215501.6184082,nan,-4.3246538646375736e-20
1240215501.6186523,nan,-4.304464777310847e-20
1240215501.6188965,nan,-3.7594504750056466e-20
1240215501.6191406,nan,-2.806460530620787e-20
1240215501.6193848,nan,-1.6398302796667893e-20
1240215501.619629,nan,-8.643499985012323e-21
1240215501.619873,nan,-8.763888662664492e-21
1240215501.6201172,nan,-1.2473890478993561e-20
1240215501.6203613,nan,-1.6282230442180005e-20
1240215501.6206055,nan,-1.633220967877283e-20
1240215501.6208496,nan,-1.0612706771493479e-20
1240215501.6210938,nan,-4.707571604138824e-22
1240215501.621338,nan,1.0505581355765892e-20
1240215501.621582,nan,1.717379721200853e-20
1240215501.6218262,nan,1.8537757961604078e-20
1240215501.6220703,nan,1.4469197712253484e-20
1240215501.6223145,nan,1.0349750067278629e-20
1240215501.6225586,nan,1.0609173899359621e-20
1240215501.6228027,nan,1.580868597599469e-20
1240215501.6230469,nan,2.6601905611386078e-20
1240215501.623291,nan,3.709995635789174e-20
1240215501.6235352,nan,4.4474727213404915e-20
1240215501.6237793,nan,4.603758404665397e-20
1240215501.6240234,nan,4.147508975385194e-20
1240215501.6242676,nan,3.7648809412176676e-20
1240215501.6245117,nan,3.758838289968108e-20
1240215501.6247559,nan,4.3623031728561045e-20
1240215501.625,nan,5.3196715744295474e-20
1240215501.6252441,nan,6.373922126530592e-20
1240215501.6254883,nan,7.141676657381742e-20
1240215501.6257324,nan,7.185520710960805e-20
1240215501.6259766,nan,6.890497653191797e-20
1240215501.6262207,nan,6.421546911489058e-20
1240215501.6264648,nan,6.359117952185809e-20
1240215501.626709,nan,7.022588730414568e-20
1240215501.6269531,nan,7.978049023084389e-20
1240215501.6271973,nan,9.065369344721307e-20
1240215501.6274414,nan,9.73094557434214e-20
1240215501.6276855,nan,9.836354497068085e-20
1240215501.6279297,nan,9.538774957135636e-20
1240215501.6281738,nan,9.060117289762137e-20
1240215501.628418,nan,8.997039741885557e-20
1240215501.628662,nan,9.541948282941028e-20
1240215501.6289062,nan,1.0556917771958164e-19
1240215501.6291504,nan,1.1615330588964606e-19
1240215501.6293945,nan,1.2346090602787961e-19
1240215501.6296387,nan,1.241505475324825e-19
1240215501.6298828,nan,1.1995543695940425e-19
1240215501.630127,nan,1.1634202290465038e-19
1240215501.630371,nan,1.1521148803465728e-19
1240215501.6306152,nan,1.2081980869808883e-19
1240215501.6308594,nan,1.3137144123939125e-19
1240215501.6311035,nan,1.4098751319244166e-19
1240215501.6313477,nan,1.479741462725998e-19
1240215501.6315918,nan,1.4909255801444323e-19
1240215501.631836,nan,1.4495486677852752e-19
1240215501.63208,nan,1.4083693097715546e-19
1240215501.6323242,nan,1.4040231669259163e-19
1240215501.6325684,nan,1.447929815863342e-19
1240215501.6328125,nan,1.5480185641102987e-19
1240215501.6330566,nan,1.6528999825520446e-19
1240215501.6333008,nan,1.7164949146651663e-19
1240215501.633545,nan,1.7291361779806175e-19
1240215501.633789,nan,1.6856333148375634e-19
1240215501.6340332,nan,1.6420249066399823e-19
1240215501.6342773,nan,1.6333876248832893e-19
1240215501.6345215,nan,1.6806827923482627e-19
1240215501.6347656,nan,1.7773612066553403e-19
1240215501.6350098,nan,1.8740506692785338e-19
1240215501.635254,nan,1.950794432582955e-19
1240215501.635498,nan,1.9573671738116263e-19
1240215501.6357422,nan,1.9016507121514345e-19
1240215501.6359863,nan,1.8651620165951854e-19
1240215501.6362305,nan,1.8523030300869841e-19
1240215501.6364746,nan,1.8931710150827356e-19
1240215501.6367188,nan,1.9958853567123994e-19
1240215501.636963,nan,2.0896331688337635e-19
1240215501.637207,nan,2.1560688861942901e-19
1240215501.6374512,nan,2.1640109335033882e-19
1240215501.6376953,nan,2.1130606768261706e-19
1240215501.6379395,nan,2.0694910925174723e-19
1240215501.6381836,nan,2.0531030044692562e-19
1240215501.6384277,nan,2.0954282033685637e-19
1240215501.6386719,nan,2.191170760256158e-19
1240215501.638916,nan,2.284486695030551e-19
1240215501.6391602,nan,2.3450279048879834e-19
1240215501.6394043,nan,2.3534118421920904e-19
1240215501.6396484,nan,2.310866991149571e-19
1240215501.6398926,nan,2.2510736101154265e-19
1240215501.6401367,nan,2.236330216736653e-19
1240215501.6403809,nan,2.2859883671186295e-19
1240215501.640625,nan,2.3682143254121105e-19
1240215501.6408691,nan,2.459152158527166e-19
1240215501.6411133,nan,2.522998217668897e-19
1240215501.6413574,nan,2.5251634219942978e-19
1240215501.6416016,nan,2.477383897729707e-19
1240215501.6418457,nan,2.422206061622015e-19
1240215501.6420898,nan,2.4060232327016677e-19
1240215501.642334,nan,2.4416141266210337e-19
1240215501.6425781,nan,2.520079935956396e-19
1240215501.6428223,nan,2.619557186599563e-19
1240215501.6430664,nan,2.681699394566398e-19
1240215501.6433105,nan,2.676093541683279e-19
1240215501.6435547,nan,2.6269541040252407e-19
1240215501.6437988,nan,2.571301878327517e-19
1240215501.644043,nan,2.547545954651386e-19
1240215501.644287,nan,2.5783227075713088e-19
1240215501.6445312,nan,2.665548736744489e-19
1240215501.6447754,nan,2.7568843885518837e-19
1240215501.6450195,nan,2.807810198969304e-19
1240215501.6452637,nan,2.807598811468425e-19
1240215501.6455078,nan,2.7535002845866386e-19
1240215501.645752,nan,2.693618673868161e-19
1240215501.645996,nan,2.665705998030539e-19
1240215501.6462402,nan,2.7001154359723583e-19
1240215501.6464844,nan,2.7796769967358754e-19
1240215501.6467285,nan,2.861482077325363e-19
1240215501.6469727,nan,2.9239342200926307e-19
1240215501.6472168,nan,2.9146358637042315e-19
1240215501.647461,nan,2.852111790760588e-19
1240215501.647705,nan,2.7917114972324336e-19
1240215501.6479492,nan,2.764256447613518e-19
1240215501.6481934,nan,2.7931001995498387e-19
1240215501.6484375,nan,2.8650934198861635e-19
1240215501.6486816,nan,2.9476411509803683e-19
1240215501.6489258,nan,2.9976161929197033e-19
1240215501.64917,nan,2.994657241642139e-19
1240215501.649414,nan,2.9342763631510426e-19
1240215501.6496582,nan,2.864772546214813e-19
1240215501.6499023,nan,2.837902865051512e-19
1240215501.6501465,nan,2.856062068846066e-19
1240215501.6503906,nan,2.9333996469721227e-19
1240215501.6506348,nan,3.019366532696817e-19
1240215501.650879,nan,3.056537693118461e-19
1240215501.651123,nan,3.047114860488562e-19
1240215501.6513672,nan,2.9908594243867096e-19
1240215501.6516113,nan,2.9112224033184854e-19
1240215501.6518555,nan,2.879747266080402e-19
1240215501.6520996,nan,2.903909587787203e-19
1240215501.6523438,nan,2.961645666777541e-19
1240215501.652588,nan,3.047138799357387e-19
1240215501.652832,nan,3.093560406094898e-19
1240215501.6530762,nan,3.076886693086557e-19
1240215501.6533203,nan,3.0112182741236426e-19
1240215501.6535645,nan,2.9354591224528105e-19
1240215501.6538086,nan,2.9022967123858024e-19
1240215501.6540527,nan,2.913169140277109e-19
1240215501.6542969,nan,2.976660079743743e-19
1240215501.654541,nan,3.0574821499573824e-19
1240215501.6547852,nan,3.097407015968049e-19
1240215501.6550293,nan,3.0789035420640283e-19
1240215501.6552734,nan,3.007315333407031e-19
1240215501.6555176,nan,2.933132826304964e-19
1240215501.6557617,nan,2.8850907123832155e-19
1240215501.6560059,nan,2.895811103239757e-19
1240215501.65625,nan,2.965790305729842e-19
1240215501.6564941,nan,3.032947144743924e-19
1240215501.6567383,nan,3.069821702985228e-19
1240215501.6569824,nan,3.0508998279665267e-19
1240215501.6572266,nan,2.9789827735468684e-19
1240215501.6574707,nan,2.8956164317725893e-19
1240215501.6577148,nan,2.847668473145512e-19
1240215501.657959,nan,2.8593386003638617e-19
1240215501.6582031,nan,2.910428175780573e-19
1240215501.6584473,nan,2.982716355541064e-19
1240215501.6586914,nan,3.022622368766981e-19
1240215501.6589355,nan,2.995214432425914e-19
1240215501.6591797,nan,2.923235313006284e-19
1240215501.6594238,nan,2.8328040992445897e-19
1240215501.659668,nan,2.784797968703124e-19
1240215501.659912,nan,2.7898694858171827e-19
1240215501.6601562,nan,2.8343158318368056e-19
1240215501.6604004,nan,2.903490839889131e-19
1240215501.6606445,nan,2.9407077733409856e-19
1240215501.6608887,nan,2.913648963017835e-19
1240215501.6611328,nan,2.8324892806015405e-19
1240215501.661377,nan,2.742482148741097e-19
1240215501.661621,nan,2.6885048887952634e-19
1240215501.6618652,nan,2.6902287393124777e-19
1240215501.6621094,nan,2.738500033271033e-19
1240215501.6623535,nan,2.8000615669345763e-19
1240215501.6625977,nan,2.830557846463407e-19
1240215501.6628418,nan,2.7977025735858565e-19
1240215501.663086,nan,2.7243349198152925e-19
1240215501.66333,nan,2.6305597930988245e-19
1240215501.6635742,nan,2.558709446094591e-19
1240215501.6638184,nan,2.5640059825495683e-19
1240215501.6640625,nan,2.6105667589908877e-19
1240215501.6643066,nan,2.6659553547518866e-19
1240215501.6645508,nan,2.6957226083571083e-19
1240215501.664795,nan,2.6595541873021977e-19
1240215501.665039,nan,2.579411055075835e-19
1240215501.6652832,nan,2.481461770636514e-19
1240215501.6655273,nan,2.4178132531202166e-19
1240215501.6657715,nan,2.4171736777543414e-19
1240215501.6660156,nan,2.4541889022475864e-19
1240215501.6662598,nan,2.507767497530871e-19
1240215501.666504,nan,2.5274050905802484e-19
1240215501.666748,nan,2.4960950748650857e-19
1240215501.6669922,nan,2.413065554191043e-19
1240215501.6672363,nan,2.3086755670551616e-19
1240215501.6674805,nan,2.243721328664947e-19
1240215501.6677246,nan,2.2316758997724395e-19
1240215501.6679688,nan,2.271449778462043e-19
1240215501.668213,nan,2.322288198691855e-19
1240215501.668457,nan,2.3463722823170505e-19
1240215501.6687012,nan,2.3109321060968996e-19
1240215501.6689453,nan,2.2129975411417136e-19
1240215501.6691895,nan,2.11056023775125e-19
1240215501.6694336,nan,2.0443183256486345e-19
1240215501.6696777,nan,2.0331614661564855e-19
1240215501.6699219,nan,2.069568924008432e-19
1240215501.670166,nan,2.116390166872134e-19
1240215501.6704102,nan,2.135908679371801e-19
1240215501.6706543,nan,2.0968069393589345e-19
1240215501.6708984,nan,1.9963495639985492e-19
1240215501.6711426,nan,1.8986506010690309e-19
1240215501.6713867,nan,1.8293759609832473e-19
1240215501.6716309,nan,1.8012502443343271e-19
1240215501.671875,nan,1.8413095578797595e-19
1240215501.6721191,nan,1.885602005164191e-19
1240215501.6723633,nan,1.8994980315076095e-19
1240215501.6726074,nan,1.863937053498928e-19
1240215501.6728516,nan,1.762115293267432e-19
1240215501.6730957,nan,1.6562747875435623e-19
1240215501.6733398,nan,1.581918072489444e-19
1240215501.673584,nan,1.5598948538117953e-19
1240215501.6738281,nan,1.596600410164843e-19
1240215501.6740723,nan,1.636550989722651e-19
1240215501.6743164,nan,1.6462694701455788e-19
1240215501.6745605,nan,1.607573152603854e-19
1240215501.6748047,nan,1.5131505492599349e-19
1240215501.6750488,nan,1.3968252788816607e-19
1240215501.675293,nan,1.3145442345236895e-19
1240215501.675537,nan,1.3001108138033074e-19
1240215501.6757812,nan,1.3289523613149103e-19
1240215501.6760254,nan,1.3663929010488202e-19
1240215501.6762695,nan,1.378786210295201e-19
1240215501.6765137,nan,1.334357252828719e-19
1240215501.6767578,nan,1.2379937519666264e-19
1240215501.677002,nan,1.1256885541153882e-19
1240215501.677246,nan,1.0419251843684105e-19
1240215501.6774902,nan,1.0176865253863503e-19
1240215501.6777344,nan,1.0437911748750279e-19
1240215501.6779785,nan,1.0805701566516549e-19
1240215501.6782227,nan,1.093619345991627e-19
1240215501.6784668,nan,1.0492771933733527e-19
1240215501.678711,nan,9.490636256799175e-20
1240215501.678955,nan,8.344883069081257e-20
1240215501.6791992,nan,7.484627655607033e-20
1240215501.6794434,nan,7.248353935380155e-20
1240215501.6796875,nan,7.476625028327709e-20
1240215501.6799316,nan,7.834563923212433e-20
1240215501.6801758,nan,8.008223153422382e-20
1240215501.68042,nan,7.508131362682918e-20
1240215501.680664,nan,6.470730805993772e-20
1240215501.6809082,nan,5.360416579229457e-20
1240215501.6811523,nan,4.4675369835224935e-20
1240215501.6813965,nan,4.1895174601389695e-20
1240215501.6816406,nan,4.4966576052478224e-20
1240215501.6818848,nan,4.829996704825388e-20
1240215501.682129,nan,4.8508592903118785e-20
1240215501.682373,nan,4.441157734680365e-20
1240215501.6826172,nan,3.385600679118392e-20
1240215501.6828613,nan,2.1625792724224334e-20
1240215501.6831055,nan,1.3980681805935215e-20
1240215501.6833496,nan,1.1338348987475498e-20
1240215501.6835938,nan,1.2946550067395353e-20
1240215501.683838,nan,1.643378594070618e-20
1240215501.684082,nan,1.7738244127167956e-20
1240215501.6843262,nan,1.2578209726146875e-20
1240215501.6845703,nan,2.715507944543148e-21
1240215501.6848145,nan,-9.116527635584251e-21
1240215501.6850586,nan,-1.8398583832064114e-20
1240215501.6853027,nan,-2.0677047506644048e-20
1240215501.6855469,nan,-1.895168381237031e-20
1240215501.685791,nan,-1.4821252569040985e-20
1240215501.6860352,nan,-1.3846913254513047e-20
1240215501.6862793,nan,-1.9728201478133576e-20
1240215501.6865234,nan,-2.9101921354677583e-20
1240215501.6867676,nan,-4.0256981544455684e-20
1240215501.6870117,nan,-4.918728543500472e-20
1240215501.6872559,nan,-5.2835553234957956e-20
1240215501.6875,nan,-5.072978797623176e-20
1240215501.6877441,nan,-4.637565281042597e-20
1240215501.6879883,nan,-4.584338686480928e-20
1240215501.6882324,nan,-5.0679576804549137e-20
1240215501.6884766,nan,-6.052282960081185e-20
1240215501.6887207,nan,-7.266746255595311e-20
1240215501.6889648,nan,-8.144375835582836e-20
1240215501.689209,nan,-8.419089178606174e-20
1240215501.6894531,nan,-8.194923919091773e-20
1240215501.6896973,nan,-7.831019377484052e-20
1240215501.6899414,nan,-7.754880069427337e-20
1240215501.6901855,nan,-8.171034097597396e-20
1240215501.6904297,nan,-9.158998194098318e-20
1240215501.6906738,nan,-1.0346290197956732e-19
1240215501.690918,nan,-1.125427169973331e-19
1240215501.691162,nan,-1.154353346141572e-19
1240215501.6914062,nan,-1.1316366155303912e-19
1240215501.6916504,nan,-1.0943466840929156e-19
1240215501.6918945,nan,-1.0781675468393658e-19
1240215501.6921387,nan,-1.124912765709528e-19
1240215501.6923828,nan,-1.2219360468755417e-19
1240215501.692627,nan,-1.3398705716430284e-19
1240215501.692871,nan,-1.4268050680243544e-19
1240215501.6931152,nan,-1.4533605418043564e-19
1240215501.6933594,nan,-1.4341177460785061e-19
1240215501.6936035,nan,-1.3858938369066177e-19
1240215501.6938477,nan,-1.3754492027685312e-19
1240215501.6940918,nan,-1.4222789955146117e-19
1240215501.694336,nan,-1.5158952603124625e-19
1240215501.69458,nan,-1.6388263919107498e-19
1240215501.6948242,nan,-1.720942995686078e-19
1240215501.6950684,nan,-1.746895158481001e-19
1240215501.6953125,nan,-1.7228602113593664e-19
1240215501.6955566,nan,-1.6816321288928256e-19
1240215501.6958008,nan,-1.6623818672507098e-19
1240215501.696045,nan,-1.700208830907744e-19
1240215501.696289,nan,-1.8069771455665327e-19
1240215501.6965332,nan,-1.914297311326885e-19
1240215501.6967773,nan,-1.9912438035944711e-19
1240215501.6970215,nan,-2.0230093645354372e-19
1240215501.6972656,nan,-1.9957866122542607e-19
1240215501.6975098,nan,-1.9512996948679294e-19
1240215501.697754,nan,-1.933659593851698e-19
1240215501.697998,nan,-1.9716592809219674e-19
1240215501.6982422,nan,-2.0651636770784025e-19
1240215501.6984863,nan,-2.174912802509525e-19
1240215501.6987305,nan,-2.257660037209146e-19
1240215501.6989746,nan,-2.2780973622102835e-19
1240215501.6992188,nan,-2.254182588597801e-19
1240215501.699463,nan,-2.2121876108645117e-19
1240215501.699707,nan,-2.1791455686920237e-19
1240215501.6999512,nan,-2.218842812316925e-19
1240215501.7001953,nan,-2.3117349351724687e-19
1240215501.7004395,nan,-2.4162718996701153e-19
1240215501.7006836,nan,-2.502533880443495e-19
1240215501.7009277,nan,-2.515694785427678e-19
1240215501.7011719,nan,-2.483553509380249e-19
1240215501.701416,nan,-2.4378287780894387e-19
1240215501.7016602,nan,-2.4125351433777907e-19
1240215501.7019043,nan,-2.4432760472920477e-19
1240215501.7021484,nan,-2.5315923555287547e-19
1240215501.7023926,nan,-2.640245835837224e-19
1240215501.7026367,nan,-2.7027667950021234e-19
1240215501.7028809,nan,-2.733097078807644e-19
1240215501.703125,nan,-2.700410665646072e-19
1240215501.7033691,nan,-2.631518666128969e-19
1240215501.7036133,nan,-2.6197519077000507e-19
1240215501.7038574,nan,-2.643045548185606e-19
1240215501.7041016,nan,-2.7235773974385014e-19
1240215501.7043457,nan,-2.82968093954835e-19
1240215501.7045898,nan,-2.8990083343262753e-19
1240215501.704834,nan,-2.923813413125088e-19
1240215501.7050781,nan,-2.87770254955497e-19
1240215501.7053223,nan,-2.8213994680580473e-19
1240215501.7055664,nan,-2.7953995405754313e-19
1240215501.7058105,nan,-2.8135711942370374e-19
1240215501.7060547,nan,-2.895131744980921e-19
1240215501.7062988,nan,-2.993014079458318e-19
1240215501.706543,nan,-3.062082481117617e-19
1240215501.706787,nan,-3.074181379460306e-19
1240215501.7070312,nan,-3.0342684279622927e-19
1240215501.7072754,nan,-2.9754181446445173e-19
1240215501.7075195,nan,-2.9369503509484536e-19
1240215501.7077637,nan,-2.9607206910624513e-19
1240215501.7080078,nan,-3.038756155266364e-19
1240215501.708252,nan,-3.1289524827792237e-19
1240215501.708496,nan,-3.196057386031598e-19
1240215501.7087402,nan,-3.204603362403732e-19
1240215501.7089844,nan,-3.1586357246588995e-19
1240215501.7092285,nan,-3.0977826457415304e-19
1240215501.7094727,nan,-3.051947628865246e-19
1240215501.7097168,nan,-3.066472212621044e-19
1240215501.709961,nan,-3.147464722339792e-19
1240215501.710205,nan,-3.230413796658628e-19
1240215501.7104492,nan,-3.293620346812526e-19
1240215501.7106934,nan,-3.303955946833017e-19
1240215501.7109375,nan,-3.244393856710725e-19
1240215501.7111816,nan,-3.178920781370512e-19
1240215501.7114258,nan,-3.142777050100421e-19
1240215501.71167,nan,-3.150836233077191e-19
1240215501.711914,nan,-3.211250961327592e-19
1240215501.7121582,nan,-3.301714984046696e-19
1240215501.7124023,nan,-3.3642934123005223e-19
1240215501.7126465,nan,-3.356719922672386e-19
1240215501.7128906,nan,-3.307019605082655e-19
1240215501.7131348,nan,-3.238608605189782e-19
1240215501.713379,nan,-3.1832178086444104e-19
1240215501.713623,nan,-3.1894271516296693e-19
1240215501.7138672,nan,-3.2542177110310306e-19
1240215501.7141113,nan,-3.336644684083117e-19
1240215501.7143555,nan,-3.389323647184713e-19
1240215501.7145996,nan,-3.394055151347832e-19
1240215501.7148438,nan,-3.332801398313021e-19
1240215501.715088,nan,-3.251619115397401e-19
1240215501.715332,nan,-3.2011912176695304e-19
1240215501.7155762,nan,-3.2005569024201474e-19
1240215501.7158203,nan,-3.2625160116968213e-19
1240215501.7160645,nan,-3.3359760968872213e-19
1240215501.7163086,nan,-3.390325085742602e-19
1240215501.7165527,nan,-3.387980163192411e-19
1240215501.7167969,nan,-3.3155170815448385e-19
1240215501.717041,nan,-3.23977717571793e-19
1240215501.7172852,nan,-3.183871232786833e-19
1240215501.7175293,nan,-3.173162073186748e-19
1240215501.7177734,nan,-3.234357663843509e-19
1240215501.7180176,nan,-3.3061343654509946e-19
1240215501.7182617,nan,-3.349732526256035e-19
1240215501.7185059,nan,-3.3422183998316443e-19
1240215501.71875,nan,-3.2728696879224965e-19
1240215501.7189941,nan,-3.188605927397662e-19
1240215501.7192383,nan,-3.12703824179177e-19
1240215501.7194824,nan,-3.118783886422732e-19
1240215501.7197266,nan,-3.167749340820189e-19
1240215501.7199707,nan,-3.2368015828503794e-19
1240215501.7202148,nan,-3.276617064749281e-19
1240215501.720459,nan,-3.261827032165149e-19
1240215501.7207031,nan,-3.200136109013277e-19
1240215501.7209473,nan,-3.105886254068207e-19
1240215501.7211914,nan,-3.0335432059263675e-19
1240215501.7214355,nan,-3.0266533023134965e-19
1240215501.7216797,nan,-3.068466194505733e-19
1240215501.7219238,nan,-3.1322938236447435e-19
1240215501.722168,nan,-3.1741676528289573e-19
1240215501.722412,nan,-3.1526950002784667e-19
1240215501.7226562,nan,-3.0831568968235955e-19
1240215501.7229004,nan,-2.9887142905364186e-19
1240215501.7231445,nan,-2.9114250877663362e-19
1240215501.7233887,nan,-2.897034372289567e-19
1240215501.7236328,nan,-2.939388517021618e-19
1240215501.723877,nan,-3.003234963467358e-19
1240215501.724121,nan,-3.0362687651815366e-19
1240215501.7243652,nan,-3.010079322933299e-19
1240215501.7246094,nan,-2.936403070960105e-19
1240215501.7248535,nan,-2.8390996190589063e-19
1240215501.7250977,nan,-2.7611884211891834e-19
1240215501.7253418,nan,-2.7400199610295296e-19
1240215501.725586,nan,-2.7768632529795534e-19
1240215501.72583,nan,-2.836541264001834e-19
1240215501.7260742,nan,-2.865802786762673e-19
1240215501.7263184,nan,-2.839945670709016e-19
1240215501.7265625,nan,-2.758727522686764e-19
1240215501.7268066,nan,-2.6523711051018414e-19
1240215501.7270508,nan,-2.579135750680625e-19
1240215501.727295,nan,-2.554496189989029e-19
1240215501.727539,nan,-2.582368169751324e-19
1240215501.7277832,nan,-2.640269710687939e-19
1240215501.7280273,nan,-2.665878331219795e-19
1240215501.7282715,nan,-2.638146086143215e-19
1240215501.7285156,nan,-2.5505578596747027e-19
1240215501.7287598,nan,-2.442370525357838e-19
1240215501.729004,nan,-2.363808833679849e-19
1240215501.729248,nan,-2.330958724669424e-19
1240215501.7294922,nan,-2.3652395726397183e-19
1240215501.7297363,nan,-2.4175941467442825e-19
1240215501.7299805,nan,-2.437261182850038e-19
1240215501.7302246,nan,-2.4083965907772926e-19
1240215501.7304688,nan,-2.316066069079397e-19
1240215501.730713,nan,-2.2131460268017313e-19
1240215501.730957,nan,-2.1278101270834671e-19
1240215501.7312012,nan,-2.0902145429508292e-19
1240215501.7314453,nan,-2.1215402731341072e-19
1240215501.7316895,nan,-2.1639688789409204e-19
1240215501.7319336,nan,-2.1790073467490144e-19
1240215501.7321777,nan,-2.1540908711924244e-19
1240215501.7324219,nan,-2.0660433902389921e-19
1240215501.732666,nan,-1.9471455102129154e-19
1240215501.7329102,nan,-1.863056205099144e-19
1240215501.7331543,nan,-1.830416657143326e-19
1240215501.7333984,nan,-1.84330987516349e-19
1240215501.7336426,nan,-1.8903321819199396e-19
1240215501.7338867,nan,-1.9160760364260378e-19
1240215501.7341309,nan,-1.8784420896934609e-19
1240215501.734375,nan,-1.7883957608497467e-19
1240215501.7346191,nan,-1.6660143431013316e-19
1240215501.7348633,nan,-1.574538242256629e-19
1240215501.7351074,nan,-1.544348624479082e-19
1240215501.7353516,nan,-1.5587196510476303e-19
1240215501.7355957,nan,-1.603630208477652e-19
1240215501.7358398,nan,-1.6200357479366194e-19
1240215501.736084,nan,-1.5783686862875883e-19
1240215501.7363281,nan,-1.4924741459511558e-19
1240215501.7365723,nan,-1.3738183407588062e-19
1240215501.7368164,nan,-1.279882317585085e-19
1240215501.7370605,nan,-1.2388260096824524e-19
1240215501.7373047,nan,-1.2535877200096926e-19
1240215501.7375488,nan,-1.3002106074023592e-19
1240215501.737793,nan,-1.3143862118993686e-19
1240215501.738037,nan,-1.2656516196218272e-19
1240215501.7382812,nan,-1.171932168366956e-19
1240215501.7385254,nan,-1.0638591708617738e-19
1240215501.7387695,nan,-9.622792389753926e-20
1240215501.7390137,nan,-9.18911968864058e-20
1240215501.7392578,nan,-9.387251385792089e-20
1240215501.739502,nan,-9.730750417978737e-20
1240215501.739746,nan,-9.919291054691877e-20
1240215501.7399902,nan,-9.45935291098561e-20
1240215501.7402344,nan,-8.588115623019098e-20
1240215501.7404785,nan,-7.400896076425428e-20
1240215501.7407227,nan,-6.264197815912603e-20
1240215501.7409668,nan,-6.032580546608276e-20
1240215501.741211,nan,-6.078126361385561e-20
1240215501.741455,nan,-6.397437020996295e-20
1240215501.7416992,nan,-6.630554949493986e-20
1240215501.7419434,nan,-6.110900089430661e-20
1240215501.7421875,nan,-5.245806192118707e-20
1240215501.7424316,nan,-4.0550495399933126e-20
1240215501.7426758,nan,-3.020891926408457e-20
1240215501.74292,nan,-2.622215078910336e-20
1240215501.743164,nan,-2.7382483115443676e-20
1240215501.7434082,nan,-3.125337868920469e-20
1240215501.7436523,nan,-3.2708883505316896e-20
1240215501.7438965,nan,-2.8671727967334893e-20
1240215501.7441406,nan,-1.9052790770457998e-20
1240215501.7443848,nan,-6.830065822195953e-21
1240215501.744629,nan,3.614603366553337e-21
1240215501.744873,nan,7.847334047800074e-21
1240215501.7451172,nan,6.2984820281008906e-21
1240215501.7453613,nan,3.12351796388845e-21
1240215501.7456055,nan,9.205694113339013e-22
1240215501.7458496,nan,4.928914724363389e-21
1240215501.7460938,nan,1.504352435291975e-20
1240215501.746338,nan,2.6595786160697485e-20
1240215501.746582,nan,3.6725226317071755e-20
1240215501.7468262,nan,4.143285965515268e-20
1240215501.7470703,nan,3.966526408373106e-20
1240215501.7473145,nan,3.593032351536462e-20
1240215501.7475586,nan,3.4777875372914346e-20
1240215501.7478027,nan,3.878097013078957e-20
1240215501.7480469,nan,4.8219113233046793e-20
1240215501.748291,nan,6.021728027699378e-20
1240215501.7485352,nan,6.984421172183714e-20
1240215501.7487793,nan,7.410962210971049e-20
1240215501.7490234,nan,7.29518858586552e-20
1240215501.7492676,nan,6.871857124948129e-20
1240215501.7495117,nan,6.732287563944069e-20
1240215501.7497559,nan,7.096022444747297e-20
1240215501.75,nan,8.007912198573839e-20
1240215501.7502441,nan,9.266275151713447e-20
1240215501.7504883,nan,1.0237606564106582e-19
1240215501.7507324,nan,1.0676445768630642e-19
1240215501.7509766,nan,1.0473467948651677e-19
1240215501.7512207,nan,1.005696596216008e-19
1240215501.7514648,nan,9.964517327144375e-20
1240215501.751709,nan,1.0343880853265549e-19
1240215501.7519531,nan,1.1202919548920328e-19
1240215501.7521973,nan,1.234782390219865e-19
1240215501.7524414,nan,1.337119039505564e-19
1240215501.7526855,nan,1.3765080469696614e-19
1240215501.7529297,nan,1.3616999782761848e-19
1240215501.7531738,nan,1.3182392845498804e-19
1240215501.753418,nan,1.3009908028378872e-19
1240215501.753662,nan,1.3364300408047464e-19
1240215501.7539062,nan,1.4163218943036504e-19
1240215501.7541504,nan,1.5412855874698915e-19
1240215501.7543945,nan,1.6367221208449467e-19
1240215501.7546387,nan,1.6714851474384e-19
1240215501.7548828,nan,1.6590159354126402e-19
1240215501.755127,nan,1.6125112078061128e-19
1240215501.755371,nan,1.5885329071315042e-19
1240215501.7556152,nan,1.6243006967144997e-19
1240215501.7558594,nan,1.709852682206121e-19
1240215501.7561035,nan,1.8174217049058622e-19
1240215501.7563477,nan,1.913193317779449e-19
1240215501.7565918,nan,1.9588493250409351e-19
1240215501.756836,nan,1.931036740018777e-19
1240215501.75708,nan,1.8829641532996882e-19
1240215501.7573242,nan,1.8682998265031027e-19
1240215501.7575684,nan,1.889705398328584e-19
1240215501.7578125,nan,1.9746199225566152e-19
1240215501.7580566,nan,2.0869513728106716e-19
1240215501.7583008,nan,2.174575585765289e-19
1240215501.758545,nan,2.216197590998477e-19
1240215501.758789,nan,2.187970840685078e-19
1240215501.7590332,nan,2.1356284830748668e-19
1240215501.7592773,nan,2.1098529631198164e-19
1240215501.7595215,nan,2.1358038698982315e-19
1240215501.7597656,nan,2.216819327119836e-19
1240215501.7600098,nan,2.3248087513349267e-19
1240215501.760254,nan,2.410022796352492e-19
1240215501.760498,nan,2.441584912465269e-19
1240215501.7607422,nan,2.4214116176174205e-19
1240215501.7609863,nan,2.36349056241816e-19
1240215501.7612305,nan,2.336462707842857e-19
1240215501.7614746,nan,2.3586259145751363e-19
1240215501.7617188,nan,2.428788480479097e-19
1240215501.761963,nan,2.536774515763474e-19
1240215501.762207,nan,2.6202510764899716e-19
1240215501.7624512,nan,2.657379330092217e-19
1240215501.7626953,nan,2.620263608897585e-19
1240215501.7629395,nan,2.5616836045464354e-19
1240215501.7631836,nan,2.535925703616485e-19
1240215501.7634277,nan,2.544414710955748e-19
1240215501.7636719,nan,2.6271490224078253e-19
1240215501.763916,nan,2.7207500991669967e-19
1240215501.7641602,nan,2.7984794622038087e-19
1240215501.7644043,nan,2.8396835727326256e-19
1240215501.7646484,nan,2.796215417903358e-19
1240215501.7648926,nan,2.736978307853435e-19
1240215501.7651367,nan,2.6989139612200287e-19
1240215501.7653809,nan,2.71286378137051e-19
1240215501.765625,nan,2.780984237799171e-19
1240215501.7658691,nan,2.874481349088324e-19
1240215501.7661133,nan,2.9617910551487645e-19
1240215501.7663574,nan,2.9756522150600155e-19
1240215501.7666016,nan,2.9417648963266755e-19
1240215501.7668457,nan,2.883879203987949e-19
1240215501.7670898,nan,2.8350788700214493e-19
1240215501.767334,nan,2.8459072021718626e-19
1240215501.7675781,nan,2.9095394087326363e-19
1240215501.7678223,nan,3.010437020581896e-19
1240215501.7680664,nan,3.0748945075302615e-19
1240215501.7683105,nan,3.0883249978088105e-19
1240215501.7685547,nan,3.0581677101023227e-19
1240215501.7687988,nan,2.9823255637949635e-19
1240215501.769043,nan,2.9404934849441254e-19
1240215501.769287,nan,2.947058970866944e-19
1240215501.7695312,nan,3.0048330580671505e-19
1240215501.7697754,nan,3.1026940628363247e-19
1240215501.7700195,nan,3.1650632134784587e-19
1240215501.7702637,nan,3.181550782781902e-19
1240215501.7705078,nan,3.13641092870903e-19
1240215501.770752,nan,3.0600531969559066e-19
1240215501.770996,nan,3.015264691648991e-19
1240215501.7712402,nan,3.0145996646520685e-19
1240215501.7714844,nan,3.075678047634188e-19
1240215501.7717285,nan,3.160700397524663e-19
1240215501.7719727,nan,3.2216573828454857e-19
1240215501.7722168,nan,3.2313427267081165e-19
1240215501.772461,nan,3.182589760934944e-19
1240215501.772705,nan,3.1132731206268755e-19
1240215501.7729492,nan,3.056064788655073e-19
1240215501.7731934,nan,3.0507152916437965e-19
1240215501.7734375,nan,3.103131613276404e-19
1240215501.7736816,nan,3.1807274171123112e-19
1240215501.7739258,nan,3.2426604264420008e-19
1240215501.77417,nan,3.2467954430134875e-19
1240215501.774414,nan,3.2006534948623477e-19
1240215501.7746582,nan,3.126361718257382e-19
1240215501.7749023,nan,3.0615027844810994e-19
1240215501.7751465,nan,3.049283174869514e-19
1240215501.7753906,nan,3.094869249201025e-19
1240215501.7756348,nan,3.1747685262517243e-19
1240215501.775879,nan,3.2357943363851256e-19
1240215501.776123,nan,3.2310343721343077e-19
1240215501.7763672,nan,3.176595988793109e-19
1240215501.7766113,nan,3.097178982659301e-19
1240215501.7768555,nan,3.028802147340948e-19
1240215501.7770996,nan,3.018287886488433e-19
1240215501.7773438,nan,3.0617476728966106e-19
1240215501.777588,nan,3.132703972423698e-19
1240215501.777832,nan,3.189446930455176e-19
1240215501.7780762,nan,3.1898049275090444e-19
1240215501.7783203,nan,3.1237444670325146e-19
1240215501.7785645,nan,3.035062556579921e-19
1240215501.7788086,nan,2.9757223934975554e-19
1240215501.7790527,nan,2.9526458285372748e-19
1240215501.7792969,nan,2.98645649532862e-19
1240215501.779541,nan,3.0567512441828393e-19
1240215501.7797852,nan,3.1055800004589756e-19
1240215501.7800293,nan,3.1090400297688684e-19
1240215501.7802734,nan,3.0395350012388044e-19
1240215501.7805176,nan,2.9458734071582027e-19
1240215501.7807617,nan,2.8782250596922955e-19
1240215501.7810059,nan,2.8514776690871964e-19
1240215501.78125,nan,2.8899283239959566e-19
1240215501.7814941,nan,2.9520667766001233e-19
1240215501.7817383,nan,3.0002157484390344e-19
1240215501.7819824,nan,2.993054734571179e-19
1240215501.7822266,nan,2.92273852290189e-19
1240215501.7824707,nan,2.834988524872608e-19
1240215501.7827148,nan,2.756076415728327e-19
1240215501.782959,nan,2.7279115572463784e-19
1240215501.7832031,nan,2.76030088128737e-19
1240215501.7834473,nan,2.8178153254366643e-19
1240215501.7836914,nan,2.863978988487525e-19
1240215501.7839355,nan,2.8559215358659395e-19
1240215501.7841797,nan,2.778504336828292e-19
1240215501.7844238,nan,2.68052103071762e-19
1240215501.784668,nan,2.6068998989146227e-19
1240215501.784912,nan,2.5705735071894143e-19
1240215501.7851562,nan,2.599463449584634e-19
1240215501.7854004,nan,2.6614635123203487e-19
1240215501.7856445,nan,2.696872956248517e-19
1240215501.7858887,nan,2.6772575547959235e-19
1240215501.7861328,nan,2.6072666945059267e-19
1240215501.786377,nan,2.5137965100406764e-19
1240215501.786621,nan,2.4266899965842624e-19
1240215501.7868652,nan,2.394746917153565e-19
1240215501.7871094,nan,2.41782722780823e-19
1240215501.7873535,nan,2.469834072427954e-19
1240215501.7875977,nan,2.50888938345974e-19
1240215501.7878418,nan,2.4863375794530016e-19
1240215501.788086,nan,2.4114641710017377e-19
1240215501.78833,nan,2.3102849315026574e-19
1240215501.7885742,nan,2.222846126813864e-19
1240215501.7888184,nan,2.1863215374899415e-19
1240215501.7890625,nan,2.209316573238027e-19
1240215501.7893066,nan,2.2615442969957133e-19
1240215501.7895508,nan,2.292231375346527e-19
1240215501.789795,nan,2.2752095014964777e-19
1240215501.790039,nan,2.192514053245863e-19
1240215501.7902832,nan,2.091126289724472e-19
1240215501.7905273,nan,2.000881652783007e-19
1240215501.7907715,nan,1.95965935130373e-19
1240215501.7910156,nan,1.9835033073986012e-19
1240215501.7912598,nan,2.020237393669096e-19
1240215501.791504,nan,2.060920791111559e-19
1240215501.791748,nan,2.0439854321315376e-19
1240215501.7919922,nan,1.952994030623298e-19
1240215501.7922363,nan,1.8490430689969433e-19
1240215501.7924805,nan,1.7575264662152352e-19
1240215501.7927246,nan,1.7184271037355137e-19
1240215501.7929688,nan,1.7338491023813167e-19
1240215501.793213,nan,1.7795075252797635e-19
1240215501.793457,nan,1.8111127412808254e-19
1240215501.7937012,nan,1.7789204719412593e-19
1240215501.7939453,nan,1.7043284832836197e-19
1240215501.7941895,nan,1.595112315319611e-19
1240215501.7944336,nan,1.4967728736667917e-19
1240215501.7946777,nan,1.461410776876532e-19
1240215501.7949219,nan,1.4730564353106718e-19
1240215501.795166,nan,1.5091888877929185e-19
1240215501.7954102,nan,1.5405106894801612e-19
1240215501.7956543,nan,1.5187478962629224e-19
1240215501.7958984,nan,1.4309160958686343e-19
1240215501.7961426,nan,1.323561440073831e-19
1240215501.7963867,nan,1.2304075625659574e-19
1240215501.7966309,nan,1.1794653943086194e-19
1240215501.796875,nan,1.1958177585167307e-19
1240215501.7971191,nan,1.238659096539925e-19
1240215501.7973633,nan,1.2601569137963995e-19
1240215501.7976074,nan,1.241033795904161e-19
1240215501.7978516,nan,1.156821725048644e-19
1240215501.7980957,nan,1.0313285143832995e-19
1240215501.7983398,nan,9.444613995857489e-20
1240215501.798584,nan,9.043575813740364e-20
1240215501.7988281,nan,9.071345931267935e-20
1240215501.7990723,nan,9.528545523983748e-20
1240215501.7993164,nan,9.787500444759481e-20
1240215501.7995605,nan,9.530648035751714e-20
1240215501.7998047,nan,8.641666788185921e-20
1240215501.8000488,nan,7.501869495972412e-20
1240215501.800293,nan,6.588397010540289e-20
1240215501.800537,nan,6.105918482783608e-20
1240215501.8007812,nan,6.191148807744161e-20
1240215501.8010254,nan,6.577606727753096e-20
1240215501.8012695,nan,6.860631823261325e-20
1240215501.8015137,nan,6.58601096827914e-20
1240215501.8017578,nan,5.720294625927609e-20
1240215501.802002,nan,4.6334632991336836e-20
1240215501.802246,nan,3.5823744026891446e-20
1240215501.8024902,nan,3.104680277803591e-20
1240215501.8027344,nan,3.248900903426472e-20
1240215501.8029785,nan,3.6005366076899685e-20
1240215501.8032227,nan,3.8952879096699226e-20
1240215501.8034668,nan,3.597862896966582e-20
1240215501.803711,nan,2.760406249956392e-20
1240215501.803955,nan,1.7100821914004697e-20
1240215501.8041992,nan,6.7395282666056505e-21
1240215501.8044434,nan,1.9086033092505706e-21
1240215501.8046875,nan,2.6987235482556264e-21
1240215501.8049316,nan,6.443607266757155e-21
1240215501.8051758,nan,9.419520957189944e-21
1240215501.80542,nan,6.560550606969471e-21
1240215501.805664,nan,-1.9173222149298126e-21
1240215501.8059082,nan,-1.2686935910117333e-20
1240215501.8061523,nan,-2.2936959650443185e-20
1240215501.8063965,nan,-2.763210574221869e-20
1240215501.8066406,nan,-2.636001327286781e-20
1240215501.8068848,nan,-2.2792582026839735e-20
1240215501.807129,nan,-1.9393587708037164e-20
1240215501.807373,nan,-2.2250388199049363e-20
1240215501.8076172,nan,-3.068149486842394e-20
1240215501.8078613,nan,-4.1349048913810855e-20
1240215501.8081055,nan,-5.1545692347083406e-20
1240215501.8083496,nan,-5.570517783337233e-20
1240215501.8085938,nan,-5.531188979111663e-20
1240215501.808838,nan,-5.110353662597247e-20
1240215501.809082,nan,-4.773299157649994e-20
1240215501.8093262,nan,-5.093340480840772e-20
1240215501.8095703,nan,-5.825783189189033e-20
1240215501.8098145,nan,-6.973480442203968e-20
1240215501.8100586,nan,-7.997040577990046e-20
1240215501.8103027,nan,-8.385457087136109e-20
1240215501.8105469,nan,-8.26657537420955e-20
1240215501.810791,nan,-7.833735545934703e-20
1240215501.8110352,nan,-7.589191482330767e-20
1240215501.8112793,nan,-7.818317103191207e-20
1240215501.8115234,nan,-8.592007171690214e-20
1240215501.8117676,nan,-9.67901905542543e-20
1240215501.8120117,nan,-1.0650820942514096e-19
1240215501.8122559,nan,-1.1122013906039724e-19
1240215501.8125,nan,-1.0915198148825773e-19
1240215501.8127441,nan,-1.053300181871808e-19
1240215501.8129883,nan,-1.0191364333393072e-19
1240215501.8132324,nan,-1.0359021247038284e-19
1240215501.8134766,nan,-1.1288356436291578e-19
1240215501.8137207,nan,-1.226498679407869e-19
1240215501.8139648,nan,-1.3180947314077521e-19
1240215501.814209,nan,-1.3657706905737863e-19
1240215501.8144531,nan,-1.3489909457011327e-19
1240215501.8146973,nan,-1.3047426666860479e-19
1240215501.8149414,nan,-1.2644048514202022e-19
1240215501.8151855,nan,-1.2895801734981871e-19
1240215501.8154297,nan,-1.3677084948241516e-19
1240215501.8156738,nan,-1.4691542496896892e-19
1240215501.815918,nan,-1.5663868121382457e-19
1240215501.816162,nan,-1.60182698922048e-19
1240215501.8164062,nan,-1.582205699322466e-19
1240215501.8166504,nan,-1.5371847781556011e-19
1240215501.8168945,nan,-1.505583228827468e-19
1240215501.8171387,nan,-1.521738208199893e-19
1240215501.8173828,nan,-1.5951247429869693e-19
1240215501.817627,nan,-1.6965991874709163e-19
1240215501.817871,nan,-1.782204083720092e-19
1240215501.8181152,nan,-1.8245716880985274e-19
1240215501.8183594,nan,-1.8081458754732824e-19
1240215501.8186035,nan,-1.7589543463143867e-19
1240215501.8188477,nan,-1.7183146652672568e-19
1240215501.8190918,nan,-1.736239616651943e-19
1240215501.819336,nan,-1.8074951745327288e-19
1240215501.81958,nan,-1.9030748710344963e-19
1240215501.8198242,nan,-1.9906578900100178e-19
1240215501.8200684,nan,-2.0215861471702732e-19
1240215501.8203125,nan,-2.0064159062108039e-19
1240215501.8205566,nan,-1.9574724627435852e-19
1240215501.8208008,nan,-1.906607030423795e-19
1240215501.821045,nan,-1.9212975719262563e-19
1240215501.821289,nan,-1.993983915174892e-19
1240215501.8215332,nan,-2.0865236115370998e-19
1240215501.8217773,nan,-2.1737546105783217e-19
1240215501.8220215,nan,-2.2098996081527494e-19
1240215501.8222656,nan,-2.1842844223796236e-19
1240215501.8225098,nan,-2.130189961708434e-19
1240215501.822754,nan,-2.0861004232940888e-19
1240215501.822998,nan,-2.0944144758990207e-19
1240215501.8232422,nan,-2.1630492979127967e-19
1240215501.8234863,nan,-2.2497203242386276e-19
1240215501.8237305,nan,-2.3322911021444252e-19
1240215501.8239746,nan,-2.3662331524795665e-19
1240215501.8242188,nan,-2.331669706619149e-19
1240215501.824463,nan,-2.2792458974052103e-19
1240215501.824707,nan,-2.233570802986892e-19
1240215501.8249512,nan,-2.2383682002403947e-19
1240215501.8251953,nan,-2.306774662418933e-19
1240215501.8254395,nan,-2.3940801181689335e-19
1240215501.8256836,nan,-2.470014420725603e-19
1240215501.8259277,nan,-2.497080368549322e-19
1240215501.8261719,nan,-2.4721281303684163e-19
1240215501.826416,nan,-2.409189566707591e-19
1240215501.8266602,nan,-2.353623374193625e-19
1240215501.8269043,nan,-2.3597695027598107e-19
1240215501.8271484,nan,-2.415301566657515e-19
1240215501.8273926,nan,-2.5058116702133675e-19
1240215501.8276367,nan,-2.584075195946726e-19
1240215501.8278809,nan,-2.602800755248912e-19
1240215501.828125,nan,-2.575197217853874e-19
1240215501.8283691,nan,-2.5128608280231755e-19
1240215501.8286133,nan,-2.4572502227138714e-19
1240215501.8288574,nan,-2.4574506554988294e-19
1240215501.8291016,nan,-2.5096345367770473e-19
1240215501.8293457,nan,-2.596087958135143e-19
1240215501.8295898,nan,-2.6654607881818133e-19
1240215501.829834,nan,-2.6842909354927886e-19
1240215501.8300781,nan,-2.6507674540429303e-19
1240215501.8303223,nan,-2.5829600665966673e-19
1240215501.8305664,nan,-2.5289720582797003e-19
1240215501.8308105,nan,-2.52053090105694e-19
1240215501.8310547,nan,-2.5752228885727227e-19
1240215501.8312988,nan,-2.662571397603005e-19
1240215501.831543,nan,-2.72322239478662e-19
1240215501.831787,nan,-2.744772301241527e-19
1240215501.8320312,nan,-2.7060361948228013e-19
1240215501.8322754,nan,-2.6318085053953696e-19
1240215501.8325195,nan,-2.576671207969799e-19
1240215501.8327637,nan,-2.5642533625471494e-19
1240215501.8330078,nan,-2.612062590933701e-19
1240215501.833252,nan,-2.68622501374737e-19
1240215501.833496,nan,-2.752146481719742e-19
1240215501.8337402,nan,-2.7725641006280295e-19
1240215501.8339844,nan,-2.7293411668332794e-19
1240215501.8342285,nan,-2.656260636629903e-19
1240215501.8344727,nan,-2.594945107818708e-19
1240215501.8347168,nan,-2.578274743477326e-19
1240215501.834961,nan,-2.622210694054558e-19
1240215501.835205,nan,-2.694894326427722e-19
1240215501.8354492,nan,-2.759004225099574e-19
1240215501.8356934,nan,-2.7802401117518873e-19
1240215501.8359375,nan,-2.729122298403669e-19
1240215501.8361816,nan,-2.647896666670073e-19
1240215501.8364258,nan,-2.586782095750699e-19
1240215501.83667,nan,-2.565277952477092e-19
1240215501.836914,nan,-2.608515469205748e-19
1240215501.8371582,nan,-2.6769891830956966e-19
1240215501.8374023,nan,-2.734931120654331e-19
1240215501.8376465,nan,-2.755357119149639e-19
1240215501.8378906,nan,-2.6996426895375247e-19
1240215501.8381348,nan,-2.621556423582282e-19
1240215501.838379,nan,-2.552569240621421e-19
1240215501.838623,nan,-2.5228438693512944e-19
1240215501.8388672,nan,-2.568869655747203e-19
1240215501.8391113,nan,-2.6350997040782006e-19
1240215501.8393555,nan,-2.6875761253666017e-19
1240215501.8395996,nan,-2.695165829965863e-19
1240215501.8398438,nan,-2.645530604083563e-19
1240215501.840088,nan,-2.5711555808636423e-19
1240215501.840332,nan,-2.489982251935874e-19
1240215501.8405762,nan,-2.468795431637894e-19
1240215501.8408203,nan,-2.506013994075754e-19
1240215501.8410645,nan,-2.562575426693235e-19
1240215501.8413086,nan,-2.6206251213245933e-19
1240215501.8415527,nan,-2.626004788375502e-19
1240215501.8417969,nan,-2.5744040984147945e-19
1240215501.842041,nan,-2.4846239293840255e-19
1240215501.8422852,nan,-2.4029760820774164e-19
1240215501.8425293,nan,-2.3808169551212866e-19
1240215501.8427734,nan,-2.4126744719155034e-19
1240215501.8430176,nan,-2.473780267094521e-19
1240215501.8432617,nan,-2.520361128321936e-19
1240215501.8435059,nan,-2.5266806576679877e-19
1240215501.84375,nan,-2.468465063614746e-19
1240215501.8439941,nan,-2.378029559419067e-19
1240215501.8442383,nan,-2.299838873898699e-19
1240215501.8444824,nan,-2.2669021444807077e-19
1240215501.8447266,nan,-2.304795546719919e-19
1240215501.8449707,nan,-2.354320607600425e-19
1240215501.8452148,nan,-2.4060560848514663e-19
1240215501.845459,nan,-2.406873530113239e-19
1240215501.8457031,nan,-2.3344261013479556e-19
1240215501.8459473,nan,-2.25132171993081e-19
1240215501.8461914,nan,-2.1658679601253635e-19
1240215501.8464355,nan,-2.1366877692845271e-19
1240215501.8466797,nan,-2.1606259912534651e-19
1240215501.8469238,nan,-2.21162055229137e-19
1240215501.847168,nan,-2.268943661956105e-19
1240215501.847412,nan,-2.2602329101930674e-19
1240215501.8476562,nan,-2.202779100303337e-19
1240215501.8479004,nan,-2.1088254999221273e-19
1240215501.8481445,nan,-2.0153744167158024e-19
1240215501.8483887,nan,-1.9848759805932194e-19
1240215501.8486328,nan,-2.0031886478538937e-19
1240215501.848877,nan,-2.0526899289156285e-19
1240215501.849121,nan,-2.1027242668272495e-19
1240215501.8493652,nan,-2.0993937978843878e-19
1240215501.8496094,nan,-2.0319732388147e-19
1240215501.8498535,nan,-1.93668837487812e-19
1240215501.8500977,nan,-1.851036038155311e-19
1240215501.8503418,nan,-1.8102771151701545e-19
1240215501.850586,nan,-1.8339880964960014e-19
1240215501.85083,nan,-1.8854997644598807e-19
1240215501.8510742,nan,-1.92125753466073e-19
1240215501.8513184,nan,-1.9218142434744217e-19
1240215501.8515625,nan,-1.8572707870795311e-19
1240215501.8518066,nan,-1.751382812642468e-19
1240215501.8520508,nan,-1.6646212795469154e-19
1240215501.852295,nan,-1.622586465196971e-19
1240215501.852539,nan,-1.643024331516879e-19
1240215501.8527832,nan,-1.6921583844510168e-19
1240215501.8530273,nan,-1.7231840170090887e-19
1240215501.8532715,nan,-1.7222589723134265e-19
1240215501.8535156,nan,-1.6610850727054225e-19
1240215501.8537598,nan,-1.553549469363259e-19
1240215501.854004,nan,-1.461325298499421e-19
1240215501.854248,nan,-1.424735760252559e-19
1240215501.8544922,nan,-1.438305473367297e-19
1240215501.8547363,nan,-1.4867641121087257e-19
1240215501.8549805,nan,-1.5245781300806677e-19
1240215501.8552246,nan,-1.5094205144247083e-19
1240215501.8554688,nan,-1.4466462011338119e-19
1240215501.855713,nan,-1.345934508101586e-19
1240215501.855957,nan,-1.2465627981716435e-19
1240215501.8562012,nan,-1.205465770690348e-19
1240215501.8564453,nan,-1.2207328801804218e-19
1240215501.8566895,nan,-1.2588292244915611e-19
1240215501.8569336,nan,-1.2979777050109852e-19
1240215501.8571777,nan,-1.292395275584536e-19
1240215501.8574219,nan,-1.2214714763532973e-19
1240215501.857666,nan,-1.1208181895787538e-19
1240215501.8579102,nan,-1.0253792412938595e-19
1240215501.8581543,nan,-9.792294392834502e-20
1240215501.8583984,nan,-9.927482930384082e-20
1240215501.8586426,nan,-1.0373693807302414e-19
1240215501.8588867,nan,-1.0680674081112144e-19
1240215501.8591309,nan,-1.049384157414103e-19
1240215501.859375,nan,-9.941187233454542e-20
1240215501.8596191,nan,-8.90425050098413e-20
1240215501.8598633,nan,-7.880021917414033e-20
1240215501.8601074,nan,-7.493117462318972e-20
1240215501.8603516,nan,-7.577273464369214e-20
1240215501.8605957,nan,-7.998200420675798e-20
1240215501.8608398,nan,-8.401039473580914e-20
1240215501.861084,nan,-8.235698273610107e-20
1240215501.8613281,nan,-7.515447762571443e-20
1240215501.8615723,nan,-6.477552743492777e-20
1240215501.8618164,nan,-5.480152103782219e-20
1240215501.8620605,nan,-5.07263739634853e-20
1240215501.8623047,nan,-5.175771422307221e-20
1240215501.8625488,nan,-5.549608634397393e-20
1240215501.862793,nan,-5.922871290248016e-20
1240215501.863037,nan,-5.750017154949854e-20
1240215501.8632812,nan,-5.097716584369957e-20
1240215501.8635254,nan,-4.0717508772460734e-20
1240215501.8637695,nan,-3.05430591589497e-20
1240215501.8640137,nan,-2.6605196813967556e-20
1240215501.8642578,nan,-2.758686130382469e-20
1240215501.864502,nan,-3.189128237160579e-20
1240215501.864746,nan,-3.456479435665841e-20
1240215501.8649902,nan,-3.31156179349798e-20
1240215501.8652344,nan,-2.718950223879485e-20
1240215501.8654785,nan,-1.6298430430202132e-20
1240215501.8657227,nan,-6.234637324712911e-21
1240215501.8659668,nan,-1.417302163693604e-21
1240215501.866211,nan,-2.4397682181090413e-21
1240215501.866455,nan,-6.875479851705542e-21
1240215501.8666992,nan,-1.042787337519396e-20
1240215501.8669434,nan,-9.642825593032763e-21
1240215501.8671875,nan,-2.0597607883034818e-21
1240215501.8674316,nan,8.36943133197789e-21
1240215501.8676758,nan,1.7631916877782265e-20
1240215501.86792,nan,2.2591697550913533e-20
1240215501.868164,nan,2.155533327334432e-20
1240215501.8684082,nan,1.7524293097215853e-20
1240215501.8686523,nan,1.406488919810848e-20
1240215501.8688965,nan,1.51965706889317e-20
1240215501.8691406,nan,2.1670865997464465e-20
1240215501.8693848,nan,3.2415916546311025e-20
1240215501.869629,nan,4.209974974110018e-20
1240215501.869873,nan,4.618859119405843e-20
1240215501.8701172,nan,4.5655657331492623e-20
1240215501.8703613,nan,4.146619574076887e-20
1240215501.8706055,nan,3.713256018717917e-20
1240215501.8708496,nan,3.859626977039529e-20
1240215501.8710938,nan,4.619316573370833e-20
1240215501.871338,nan,5.572695117289933e-20
1240215501.871582,nan,6.508934060083421e-20
1240215501.8718262,nan,7.029994228330476e-20
1240215501.8720703,nan,6.874960516325966e-20
1240215501.8723145,nan,6.475118397850376e-20
1240215501.8725586,nan,6.101692772643814e-20
1240215501.8728027,nan,6.16593283987588e-20
1240215501.8730469,nan,6.858649177598817e-20
1240215501.873291,nan,7.895135752909632e-20
1240215501.8735352,nan,8.815976087884222e-20
1240215501.8737793,nan,9.245773069372365e-20
1240215501.8740234,nan,9.198345011227996e-20
1240215501.8742676,nan,8.666467903638641e-20
1240215501.8745117,nan,8.273380391889524e-20
1240215501.8747559,nan,8.406318578267209e-20
1240215501.875,nan,9.025027556334116e-20
1240215501.8752441,nan,1.0086939043400277e-19
1240215501.8754883,nan,1.1006439208113434e-19
1240215501.8757324,nan,1.14601073223641e-19
1240215501.8759766,nan,1.1318967809864128e-19
1240215501.8762207,nan,1.0806667609436638e-19
1240215501.8764648,nan,1.0440358766440826e-19
1240215501.876709,nan,1.0492126200586759e-19
1240215501.8769531,nan,1.1184106524753285e-19
1240215501.8771973,nan,1.2123548878630719e-19
1240215501.8774414,nan,1.2986449193285122e-19
1240215501.8776855,nan,1.3522656635261434e-19
1240215501.8779297,nan,1.33268933205525e-19
1240215501.8781738,nan,1.281595909909422e-19
1240215501.878418,nan,1.244611441806824e-19
1240215501.878662,nan,1.2434788173432994e-19
1240215501.8789062,nan,1.3112846125450843e-19
1240215501.8791504,nan,1.4036791070625222e-19
1240215501.8793945,nan,1.4887967496912554e-19
1240215501.8796387,nan,1.5452838551207415e-19
1240215501.8798828,nan,1.5244142235773321e-19
1240215501.880127,nan,1.4678580499834562e-19
1240215501.880371,nan,1.4236284608922582e-19
1240215501.8806152,nan,1.42722879976994e-19
1240215501.8808594,nan,1.4897684445522617e-19
1240215501.8811035,nan,1.5830020879710465e-19
1240215501.8813477,nan,1.6714863669250886e-19
1240215501.8815918,nan,1.7099436777337876e-19
1240215501.881836,nan,1.6910123132039174e-19
1240215501.88208,nan,1.6392340697957564e-19
1240215501.8823242,nan,1.598530636633895e-19
1240215501.8825684,nan,1.5954495909084465e-19
1240215501.8828125,nan,1.6502329495123998e-19
1240215501.8830566,nan,1.744795276816483e-19
1240215501.8833008,nan,1.8273297380704537e-19
1240215501.883545,nan,1.8704523777326247e-19
1240215501.883789,nan,1.845671304764163e-19
1240215501.8840332,nan,1.790772346602155e-19
1240215501.8842773,nan,1.745860180086626e-19
1240215501.8845215,nan,1.739621797457565e-19
1240215501.8847656,nan,1.7987685890496205e-19
1240215501.8850098,nan,1.8847888674861693e-19
1240215501.885254,nan,1.9687295788302945e-19
1240215501.885498,nan,2.0126110978229856e-19
1240215501.8857422,nan,1.9842718420119938e-19
1240215501.8859863,nan,1.9250745928860115e-19
1240215501.8862305,nan,1.8749723648216317e-19
1240215501.8864746,nan,1.8666518760461303e-19
1240215501.8867188,nan,1.9214510476634768e-19
1240215501.886963,nan,2.00808470783566e-19
1240215501.887207,nan,2.0856019637855943e-19
1240215501.8874512,nan,2.1239178423498242e-19
1240215501.8876953,nan,2.099543684528234e-19
1240215501.8879395,nan,2.0372600957188467e-19
1240215501.8881836,nan,1.990007066362843e-19
1240215501.8884277,nan,1.9778261696373984e-19
1240215501.8886719,nan,2.0223388939162636e-19
1240215501.888916,nan,2.1149279866668855e-19
1240215501.8891602,nan,2.1922713348263995e-19
1240215501.8894043,nan,2.219183827543668e-19
1240215501.8896484,nan,2.193184598769874e-19
1240215501.8898926,nan,2.1350209145450158e-19
1240215501.8901367,nan,2.0733516674834743e-19
1240215501.8903809,nan,2.061758536321268e-19
1240215501.890625,nan,2.1169431025055743e-19
1240215501.8908691,nan,2.1868133111041187e-19
1240215501.8911133,nan,2.270669889582394e-19
1240215501.8913574,nan,2.299725186893978e-19
1240215501.8916016,nan,2.2575492932992e-19
1240215501.8918457,nan,2.2098350085640104e-19
1240215501.8920898,nan,2.1458025376296976e-19
1240215501.892334,nan,2.1241278207719697e-19
1240215501.8925781,nan,2.1742085081609765e-19
1240215501.8928223,nan,2.2489931195972345e-19
1240215501.8930664,nan,2.322976905631278e-19
1240215501.8933105,nan,2.3541692355844546e-19
1240215501.8935547,nan,2.3189581701803643e-19
1240215501.8937988,nan,2.250672343768547e-19
1240215501.894043,nan,2.19318814049662e-19
1240215501.894287,nan,2.1728248350823686e-19
1240215501.8945312,nan,2.215147380214579e-19
1240215501.8947754,nan,2.2900674090916786e-19
1240215501.8950195,nan,2.3541894163134864e-19
1240215501.8952637,nan,2.382150491783383e-19
1240215501.8955078,nan,2.34737853039983e-19
1240215501.895752,nan,2.278996531028703e-19
1240215501.895996,nan,2.2129188155159083e-19
1240215501.8962402,nan,2.1905485762923393e-19
1240215501.8964844,nan,2.2296826404316566e-19
1240215501.8967285,nan,2.3002791542458067e-19
1240215501.8969727,nan,2.3658567244348126e-19
1240215501.8972168,nan,2.3898797107581265e-19
1240215501.897461,nan,2.3565549869976226e-19
1240215501.897705,nan,2.279373113201379e-19
1240215501.8979492,nan,2.2128531852984623e-19
1240215501.8981934,nan,2.1916705847011206e-19
1240215501.8984375,nan,2.2206245028319563e-19
1240215501.8986816,nan,2.2929801704388665e-19
1240215501.8989258,nan,2.354025981449848e-19
1240215501.89917,nan,2.371576632018769e-19
1240215501.899414,nan,2.3326472262079855e-19
1240215501.8996582,nan,2.2580761815785218e-19
1240215501.8999023,nan,2.1902017760781763e-19
1240215501.9001465,nan,2.1587947295182594e-19
1240215501.9003906,nan,2.1937963321856505e-19
1240215501.9006348,nan,2.260032430075232e-19
1240215501.900879,nan,2.322766916246546e-19
1240215501.901123,nan,2.3397542103048863e-19
1240215501.9013672,nan,2.2918313944044314e-19
1240215501.9016113,nan,2.2139172213462363e-19
1240215501.9018555,nan,2.1448358762386636e-19
1240215501.9020996,nan,2.1181383701902765e-19
1240215501.9023438,nan,2.1355801500849145e-19
1240215501.902588,nan,2.2045218671253644e-19
1240215501.902832,nan,2.266425487129164e-19
1240215501.9030762,nan,2.2746002551092758e-19
1240215501.9033203,nan,2.234665055605662e-19
1240215501.9035645,nan,2.1547407767175528e-19
1240215501.9038086,nan,2.0823991345477185e-19
1240215501.9040527,nan,2.039223147341689e-19
1240215501.9042969,nan,2.0626244607687963e-19
1240215501.904541,nan,2.1283485512536322e-19
1240215501.9047852,nan,2.1853785572635655e-19
1240215501.9050293,nan,2.2016808399850277e-19
1240215501.9052734,nan,2.1431927611751227e-19
1240215501.9055176,nan,2.0657208455387737e-19
1240215501.9057617,nan,1.9875449123119977e-19
1240215501.9060059,nan,1.9463994171421397e-19
1240215501.90625,nan,1.9751821224159923e-19
1240215501.9064941,nan,2.0300411669872187e-19
1240215501.9067383,nan,2.0869925843842067e-19
1240215501.9069824,nan,2.095526183815247e-19
1240215501.9072266,nan,2.0407021578520843e-19
1240215501.9074707,nan,1.956418185952674e-19
1240215501.9077148,nan,1.8802164036676328e-19
1240215501.907959,nan,1.8438001431108568e-19
1240215501.9082031,nan,1.8528530511730702e-19
1240215501.9084473,nan,1.9123119395668888e-19
1240215501.9086914,nan,1.9681065506191092e-19
1240215501.9089355,nan,1.971264725723896e-19
1240215501.9091797,nan,1.920933148292833e-19
1240215501.9094238,nan,1.8299642471818583e-19
1240215501.909668,nan,1.74980099894793e-19
1240215501.909912,nan,1.7063396437145245e-19
1240215501.9101562,nan,1.720380996078604e-19
1240215501.9104004,nan,1.7843799522445078e-19
1240215501.9106445,nan,1.8358609680132776e-19
1240215501.9108887,nan,1.8330959546323935e-19
1240215501.9111328,nan,1.7755551284497383e-19
1240215501.911377,nan,1.6910976056154512e-19
1240215501.911621,nan,1.6095062688120218e-19
1240215501.9118652,nan,1.5594687597603427e-19
1240215501.9121094,nan,1.5693065863106187e-19
1240215501.9123535,nan,1.6284268470099752e-19
1240215501.9125977,nan,1.6749829895131035e-19
1240215501.9128418,nan,1.6726178956445368e-19
1240215501.913086,nan,1.6226470801719172e-19
1240215501.91333,nan,1.530621718316362e-19
1240215501.9135742,nan,1.4398410997934051e-19
1240215501.9138184,nan,1.3948870270321668e-19
1240215501.9140625,nan,1.4044889026795963e-19
1240215501.9143066,nan,1.4536616285950352e-19
1240215501.9145508,nan,1.5028868750423834e-19
1240215501.914795,nan,1.5017539707442194e-19
1240215501.915039,nan,1.4450576063379136e-19
1240215501.9152832,nan,1.3610904068070466e-19
1240215501.9155273,nan,1.262892137499401e-19
1240215501.9157715,nan,1.2113890853477858e-19
1240215501.9160156,nan,1.227157479659658e-19
1240215501.9162598,nan,1.2712928723880508e-19
1240215501.916504,nan,1.3201815948971355e-19
1240215501.916748,nan,1.3188557470838842e-19
1240215501.9169922,nan,1.259498257585663e-19
1240215501.9172363,nan,1.1701195777508375e-19
1240215501.9174805,nan,1.0717842710289068e-19
1240215501.9177246,nan,1.0195640558770705e-19
1240215501.9179688,nan,1.0327042216686e-19
1240215501.918213,nan,1.0791607787058732e-19
1240215501.918457,nan,1.1234727305112956e-19
1240215501.9187012,nan,1.1222132083965567e-19
1240215501.9189453,nan,1.0649350267801116e-19
1240215501.9191895,nan,9.724399756964106e-20
1240215501.9194336,nan,8.751556242107135e-20
1240215501.9196777,nan,8.22868929339021e-20
1240215501.9199219,nan,8.268450751200532e-20
1240215501.920166,nan,8.748798922122887e-20
1240215501.9204102,nan,9.223011961515855e-20
1240215501.9206543,nan,9.175089752283009e-20
1240215501.9208984,nan,8.64777874483946e-20
1240215501.9211426,nan,7.613201755422497e-20
1240215501.9213867,nan,6.644568204378937e-20
1240215501.9216309,nan,6.211137474872764e-20
1240215501.921875,nan,6.17451035224217e-20
1240215501.9221191,nan,6.673239100277788e-20
1240215501.9223633,nan,7.059842953407898e-20
1240215501.9226074,nan,6.980501403140834e-20
1240215501.9228516,nan,6.493878190682455e-20
1240215501.9230957,nan,5.473709659060307e-20
1240215501.9233398,nan,4.516359368978488e-20
1240215501.923584,nan,4.02510370906147e-20
1240215501.9238281,nan,4.02229662928071e-20
1240215501.9240723,nan,4.4807660807304405e-20
1240215501.9243164,nan,4.890389409333636e-20
1240215501.9245605,nan,4.8517675055793945e-20
1240215501.9248047,nan,4.2964531804841923e-20
1240215501.9250488,nan,3.312047007620695e-20
1240215501.925293,nan,2.352271931014728e-20
1240215501.925537,nan,1.757215870936296e-20
1240215501.9257812,nan,1.7991082991916376e-20
1240215501.9260254,nan,2.3114271997462022e-20
1240215501.9262695,nan,2.6679818079389346e-20
1240215501.9265137,nan,2.6299473726903344e-20
1240215501.9267578,nan,2.0691410826566008e-20
1240215501.927002,nan,1.1108128300889833e-20
1240215501.927246,nan,1.4517068673543903e-21
1240215501.9274902,nan,-4.5609868216351086e-21
1240215501.9277344,nan,-3.471078589889886e-21
1240215501.9279785,nan,7.878407758804018e-22
1240215501.9282227,nan,4.394193764743172e-21
1240215501.9284668,nan,4.64072823273891e-21
1240215501.928711,nan,-1.024858286888456e-21
1240215501.928955,nan,-1.0838225303011683e-20
1240215501.9291992,nan,-2.0860740399654708e-20
1240215501.9294434,nan,-2.6051087529107937e-20
1240215501.9296875,nan,-2.5935932318807254e-20
1240215501.9299316,nan,-2.201061727770139e-20
1240215501.9301758,nan,-1.7103791094480603e-20
1240215501.93042,nan,-1.67983246489033e-20
1240215501.930664,nan,-2.334589487596629e-20
1240215501.9309082,nan,-3.293690429877607e-20
1240215501.9311523,nan,-4.195212500813428e-20
1240215501.9313965,nan,-4.767954106600181e-20
1240215501.9316406,nan,-4.6689490403112364e-20
1240215501.9318848,nan,-4.2751191504241605e-20
1240215501.932129,nan,-3.933994105793795e-20
1240215501.932373,nan,-3.837667986155686e-20
1240215501.9326172,nan,-4.434896585624725e-20
1240215501.9328613,nan,-5.3929992762131295e-20
1240215501.9331055,nan,-6.392116618657852e-20
1240215501.9333496,nan,-6.911399668184809e-20
1240215501.9335938,nan,-6.76681246688741e-20
1240215501.933838,nan,-6.414909099658043e-20
1240215501.934082,nan,-5.979411034031104e-20
1240215501.9343262,nan,-5.91538550776118e-20
1240215501.9345703,nan,-6.47497788153021e-20
1240215501.9348145,nan,-7.474799689030146e-20
1240215501.9350586,nan,-8.366977573127862e-20
1240215501.9353027,nan,-8.889038096646401e-20
1240215501.9355469,nan,-8.932812034441359e-20
1240215501.935791,nan,-8.357846907618055e-20
1240215501.9360352,nan,-7.963809218212811e-20
1240215501.9362793,nan,-7.984988079498715e-20
1240215501.9365234,nan,-8.381112885878559e-20
1240215501.9367676,nan,-9.375668611270655e-20
1240215501.9370117,nan,-1.0331350235376554e-19
1240215501.9372559,nan,-1.0780119215921773e-19
1240215501.9375,nan,-1.080415343177952e-19
1240215501.9377441,nan,-1.0373527154521943e-19
1240215501.9379883,nan,-9.771932413966074e-20
1240215501.9382324,nan,-9.795474323614539e-20
1240215501.9384766,nan,-1.032489455453927e-19
1240215501.9387207,nan,-1.1139378924642699e-19
1240215501.9389648,nan,-1.2126250939863507e-19
1240215501.939209,nan,-1.264618969940245e-19
1240215501.9394531,nan,-1.256782259247644e-19
1240215501.9396973,nan,-1.2052265809907816e-19
1240215501.9399414,nan,-1.1580778169248524e-19
1240215501.9401855,nan,-1.1536670801311625e-19
1240215501.9404297,nan,-1.1975007009945014e-19
1240215501.9406738,nan,-1.2912936541548749e-19
1240215501.940918,nan,-1.3790276630104082e-19
1240215501.941162,nan,-1.4223468939378097e-19
1240215501.9414062,nan,-1.421460329260868e-19
1240215501.9416504,nan,-1.370636503471034e-19
1240215501.9418945,nan,-1.3155713981541938e-19
1240215501.9421387,nan,-1.304111359568242e-19
1240215501.9423828,nan,-1.3575735587715615e-19
1240215501.942627,nan,-1.4471974597014025e-19
1240215501.942871,nan,-1.522176089732418e-19
1240215501.9431152,nan,-1.574663834704447e-19
1240215501.9433594,nan,-1.5737455808749275e-19
1240215501.9436035,nan,-1.511633526497457e-19
1240215501.9438477,nan,-1.4611734181131803e-19
1240215501.9440918,nan,-1.4510937784674777e-19
1240215501.944336,nan,-1.4896672208372473e-19
1240215501.94458,nan,-1.5796031407587204e-19
1240215501.9448242,nan,-1.6611827781643369e-19
1240215501.9450684,nan,-1.7035919874323686e-19
1240215501.9453125,nan,-1.6975577646775046e-19
1240215501.9455566,nan,-1.6457064148274572e-19
1240215501.9458008,nan,-1.584468933387205e-19
1240215501.946045,nan,-1.5694594681447246e-19
1240215501.946289,nan,-1.6192534357527172e-19
1240215501.9465332,nan,-1.692428086170816e-19
1240215501.9467773,nan,-1.780244021315389e-19
1240215501.9470215,nan,-1.825953465391487e-19
1240215501.9472656,nan,-1.7989889509527358e-19
1240215501.9475098,nan,-1.7522284199862333e-19
1240215501.947754,nan,-1.687363946741808e-19
1240215501.947998,nan,-1.6666392580606444e-19
1240215501.9482422,nan,-1.7147641263946817e-19
1240215501.9484863,nan,-1.784885778223227e-19
1240215501.9487305,nan,-1.8700781231804833e-19
1240215501.9489746,nan,-1.919796418780761e-19
1240215501.9492188,nan,-1.8974777488849676e-19
1240215501.949463,nan,-1.8353286896950253e-19
1240215501.949707,nan,-1.77929887100507e-19
1240215501.9499512,nan,-1.7592624554372918e-19
1240215501.9501953,nan,-1.7897810875947974e-19
1240215501.9504395,nan,-1.8650281904470087e-19
1240215501.9506836,nan,-1.9453852257869807e-19
1240215501.9509277,nan,-1.9870832172878846e-19
1240215501.9511719,nan,-1.9649265897769176e-19
1240215501.951416,nan,-1.9027909784324698e-19
1240215501.9516602,nan,-1.8430844325182334e-19
1240215501.9519043,nan,-1.8163478961823403e-19
1240215501.9521484,nan,-1.8523725426577926e-19
1240215501.9523926,nan,-1.9175155812393055e-19
1240215501.9526367,nan,-1.9929279948386357e-19
1240215501.9528809,nan,-2.0410876722936196e-19
1240215501.953125,nan,-2.00466269576821e-19
1240215501.9533691,nan,-1.9470355033010167e-19
1240215501.9536133,nan,-1.8861056560233555e-19
1240215501.9538574,nan,-1.8472206067807606e-19
1240215501.9541016,nan,-1.884287673422942e-19
1240215501.9543457,nan,-1.9504706418820773e-19
1240215501.9545898,nan,-2.0250233222323727e-19
1240215501.954834,nan,-2.064275383479473e-19
1240215501.9550781,nan,-2.03690259792339e-19
1240215501.9553223,nan,-1.9755624782423524e-19
1240215501.9555664,nan,-1.8997385674791465e-19
1240215501.9558105,nan,-1.8675281853192381e-19
1240215501.9560547,nan,-1.8997860838264242e-19
1240215501.9562988,nan,-1.9647046289371508e-19
1240215501.956543,nan,-2.032625951609785e-19
1240215501.956787,nan,-2.0666905726193396e-19
1240215501.9570312,nan,-2.038901432184638e-19
1240215501.9572754,nan,-1.9617327815525323e-19
1240215501.9575195,nan,-1.895475165503244e-19
1240215501.9577637,nan,-1.8619952220127373e-19
1240215501.9580078,nan,-1.886552742338189e-19
1240215501.958252,nan,-1.9532423710904206e-19
1240215501.958496,nan,-2.0126631281974731e-19
1240215501.9587402,nan,-2.0508102084822625e-19
1240215501.9589844,nan,-2.0161642714969076e-19
1240215501.9592285,nan,-1.945176776486213e-19
1240215501.9594727,nan,-1.8765529570591766e-19
1240215501.9597168,nan,-1.824973160664224e-19
1240215501.959961,nan,-1.857023067762882e-19
1240215501.960205,nan,-1.917197935698563e-19
1240215501.9604492,nan,-1.9797042858052458e-19
1240215501.9606934,nan,-2.0145771199622469e-19
1240215501.9609375,nan,-1.9667269500222547e-19
1240215501.9611816,nan,-1.8999482098053674e-19
1240215501.9614258,nan,-1.8284781997130323e-19
1240215501.96167,nan,-1.780953796163245e-19
1240215501.961914,nan,-1.8066925914124842e-19
1240215501.9621582,nan,-1.8679315491523166e-19
1240215501.9624023,nan,-1.920971364564901e-19
1240215501.9626465,nan,-1.949314637010073e-19
1240215501.9628906,nan,-1.9207569166152751e-19
1240215501.9631348,nan,-1.8328851399697624e-19
1240215501.963379,nan,-1.7563795829873894e-19
1240215501.963623,nan,-1.7183411357582562e-19
1240215501.9638672,nan,-1.726622696292106e-19
1240215501.9641113,nan,-1.7954217636454907e-19
1240215501.9643555,nan,-1.8471854411704123e-19
1240215501.9645996,nan,-1.8666672651963548e-19
1240215501.9648438,nan,-1.8427567519378893e-19
1240215501.965088,nan,-1.7541097219961292e-19
1240215501.965332,nan,-1.6723072146123302e-19
1240215501.9655762,nan,-1.62822030601819e-19
1240215501.9658203,nan,-1.644307212099827e-19
1240215501.9660645,nan,-1.7012663668017365e-19
1240215501.9663086,nan,-1.74693247068709e-19
1240215501.9665527,nan,-1.7743262776698659e-19
1240215501.9667969,nan,-1.7393172782997091e-19
1240215501.967041,nan,-1.6536976397826659e-19
1240215501.9672852,nan,-1.5714431475580063e-19
1240215501.9675293,nan,-1.521766531507728e-19
1240215501.9677734,nan,-1.5324972754738125e-19
1240215501.9680176,nan,-1.586448818753737e-19
1240215501.9682617,nan,-1.6455670448359805e-19
1240215501.9685059,nan,-1.663293605926657e-19
1240215501.96875,nan,-1.6262294160373277e-19
1240215501.9689941,nan,-1.5440367690021052e-19
1240215501.9692383,nan,-1.4537950089813815e-19
1240215501.9694824,nan,-1.4031317097231681e-19
1240215501.9697266,nan,-1.4109510018690096e-19
1240215501.9699707,nan,-1.4661976528881206e-19
1240215501.9702148,nan,-1.5175501930511522e-19
1240215501.970459,nan,-1.5297633723684268e-19
1240215501.9707031,nan,-1.4895387762394906e-19
1240215501.9709473,nan,-1.410483774636742e-19
1240215501.9711914,nan,-1.3223573350892482e-19
1240215501.9714355,nan,-1.2622111912893412e-19
1240215501.9716797,nan,-1.277138580365775e-19
1240215501.9719238,nan,-1.3272386436394265e-19
1240215501.972168,nan,-1.3748381443798508e-19
1240215501.972412,nan,-1.3913697762890668e-19
1240215501.9726562,nan,-1.3459395320297583e-19
1240215501.9729004,nan,-1.2678750824650568e-19
1240215501.9731445,nan,-1.1737823495793738e-19
1240215501.9733887,nan,-1.1203511262097816e-19
1240215501.9736328,nan,-1.12474200742582e-19
1240215501.973877,nan,-1.1678583317263044e-19
1240215501.974121,nan,-1.2207942972034575e-19
1240215501.9743652,nan,-1.2374502916951135e-19
1240215501.9746094,nan,-1.2004253457432163e-19
1240215501.9748535,nan,-1.1077562665084557e-19
1240215501.9750977,nan,-1.0171487131833904e-19
1240215501.9753418,nan,-9.619411501605565e-20
1240215501.975586,nan,-9.615068351358457e-20
1240215501.97583,nan,-1.0106759679298316e-19
1240215501.9760742,nan,-1.057336069663871e-19
1240215501.9763184,nan,-1.0740227225740304e-19
1240215501.9765625,nan,-1.0285759426390298e-19
1240215501.9768066,nan,-9.389391773441887e-20
1240215501.9770508,nan,-8.507751835146984e-20
1240215501.977295,nan,-7.932222611899358e-20
1240215501.977539,nan,-7.927132059666208e-20
1240215501.9777832,nan,-8.370556728123725e-20
1240215501.9780273,nan,-8.942323312413127e-20
1240215501.9782715,nan,-9.043254841665921e-20
1240215501.9785156,nan,-8.514168777154694e-20
1240215501.9787598,nan,-7.735136008049018e-20
1240215501.979004,nan,-6.734252646337359e-20
1240215501.979248,nan,-6.15677486269636e-20
1240215501.9794922,nan,-6.278515522493018e-20
1240215501.9797363,nan,-6.579880467077963e-20
1240215501.9799805,nan,-7.13718352183089e-20
1240215501.9802246,nan,-7.313890338226514e-20
1240215501.9804688,nan,-6.746867716824481e-20
1240215501.980713,nan,-5.954323739443275e-20
1240215501.980957,nan,-5.004682158944964e-20
1240215501.9812012,nan,-4.394156581713462e-20
1240215501.9814453,nan,-4.421382546148836e-20
1240215501.9816895,nan,-4.808177973091402e-20
1240215501.9819336,nan,-5.335150269730608e-20
1240215501.9821777,nan,-5.475908787078059e-20
1240215501.9824219,nan,-4.986122730846383e-20
1240215501.982666,nan,-4.127724432413843e-20
1240215501.9829102,nan,-3.1976325877589187e-20
1240215501.9831543,nan,-2.5550932565407438e-20
1240215501.9833984,nan,-2.528211368175014e-20
1240215501.9836426,nan,-2.967064187255948e-20
1240215501.9838867,nan,-3.499606994751251e-20
1240215501.9841309,nan,-3.700279861135443e-20
1240215501.984375,nan,-3.142695694418877e-20
1240215501.9846191,nan,-2.2794999991159078e-20
1240215501.9848633,nan,-1.381997761307711e-20
1240215501.9851074,nan,-7.062251606689972e-21
1240215501.9853516,nan,-7.988771775118334e-21
1240215501.9855957,nan,-1.1506363010859568e-20
1240215501.9858398,nan,-1.6244255740625576e-20
1240215501.986084,nan,-1.8327399096642638e-20
1240215501.9863281,nan,-1.2845797264950937e-20
1240215501.9865723,nan,-5.126726677766654e-21
1240215501.9868164,nan,4.5637726089691336e-21
1240215501.9870605,nan,1.122066931020753e-20
1240215501.9873047,nan,1.0834169074776296e-20
1240215501.9875488,nan,6.972118746435736e-21
1240215501.987793,nan,1.5418236214488703e-21
1240215501.988037,nan,-1.6659000949432746e-22
1240215501.9882812,nan,4.7973867773490875e-21
1240215501.9885254,nan,1.371202286635029e-20
1240215501.9887695,nan,2.2881089743973978e-20
1240215501.9890137,nan,2.872157324006244e-20
1240215501.9892578,nan,2.853731792659006e-20
1240215501.989502,nan,2.4528534863680333e-20
1240215501.989746,nan,1.975700264160429e-20
1240215501.9899902,nan,1.759194420839189e-20
1240215501.9902344,nan,2.2227861796668357e-20
1240215501.9904785,nan,3.05930991586617e-20
1240215501.9907227,nan,4.020631410206553e-20
1240215501.9909668,nan,4.6293424841102703e-20
1240215501.991211,nan,4.549077132385731e-20
1240215501.991455,nan,4.172687474169323e-20
1240215501.9916992,nan,3.69364443267778e-20
1240215501.9919434,nan,3.536827110556892e-20
1240215501.9921875,nan,3.8954913880461374e-20
1240215501.9924316,nan,4.7628991504854197e-20
1240215501.9926758,nan,5.721529344435131e-20
1240215501.99292,nan,6.276101584083717e-20
1240215501.993164,nan,6.338296050549022e-20
1240215501.9934082,nan,5.814279792304057e-20
1240215501.9936523,nan,5.3199021869021917e-20
1240215501.9938965,nan,5.166689797501245e-20
1240215501.9941406,nan,5.474639940133735e-20
1240215501.9943848,nan,6.401785149354369e-20
1240215501.994629,nan,7.261058955455087e-20
1240215501.994873,nan,7.850473309377306e-20
1240215501.9951172,nan,7.936584087627075e-20
1240215501.9953613,nan,7.386011593977229e-20
1240215501.9956055,nan,6.861318086082837e-20
1240215501.9958496,nan,6.640051847733589e-20
1240215501.9960938,nan,7.017367209560906e-20
1240215501.996338,nan,7.967467193309073e-20
1240215501.996582,nan,8.818668499875723e-20
1240215501.9968262,nan,9.299733274723107e-20
1240215501.9970703,nan,9.315139207978321e-20
1240215501.9973145,nan,8.821429983100441e-20
1240215501.9975586,nan,8.273929098913614e-20
1240215501.9978027,nan,8.11997289950329e-20
1240215501.9980469,nan,8.453409300280264e-20
1240215501.998291,nan,9.266788078370403e-20
1240215501.9985352,nan,1.0255755760243224e-19
1240215501.9987793,nan,1.0739510881909287e-19
1240215501.9990234,nan,1.0633347589079816e-19
1240215501.9992676,nan,1.0223981355253705e-19
1240215501.9995117,nan,9.657773527852482e-20
1240215501.9997559,nan,9.402939532952842e-20
1240215502.0,nan,9.794120778451794e-20
1240215502.0002441,nan,1.0586272434176348e-19
1240215502.0004883,nan,1.1439098683485092e-19
1240215502.0007324,nan,1.19365142839815e-19
1240215502.0009766,nan,1.188096479272452e-19
1240215502.0012207,nan,1.141489371175655e-19
1240215502.0014648,nan,1.0806681062943372e-19
1240215502.001709,nan,1.0598038653192794e-19
1240215502.0019531,nan,1.0927275680427138e-19
1240215502.0021973,nan,1.1654669205725378e-19
1240215502.0024414,nan,1.2592757882392834e-19
1240215502.0026855,nan,1.3114619486303183e-19
1240215502.0029297,nan,1.298269499952553e-19
1240215502.0031738,nan,1.250901698619851e-19
1240215502.003418,nan,1.1902809938402989e-19
1240215502.003662,nan,1.1623566635189028e-19
1240215502.0039062,nan,1.1942394945690734e-19
1240215502.0041504,nan,1.2664701512918431e-19
1240215502.0043945,nan,1.3545890150160564e-19
1240215502.0046387,nan,1.4046896633602236e-19
1240215502.0048828,nan,1.3945196121506945e-19
1240215502.005127,nan,1.3444047252631665e-19
1240215502.005371,nan,1.2781997507061493e-19
1240215502.0056152,nan,1.2496785911698782e-19
1240215502.0058594,nan,1.2796088160206047e-19
1240215502.0061035,nan,1.350748391220756e-19
1240215502.0063477,nan,1.434906489114089e-19
1240215502.0065918,nan,1.4899701967170338e-19
1240215502.006836,nan,1.4775685349358865e-19
1240215502.00708,nan,1.412196480226636e-19
1240215502.0073242,nan,1.3530606866152041e-19
1240215502.0075684,nan,1.3198742131479824e-19
1240215502.0078125,nan,1.3438708640722405e-19
1240215502.0080566,nan,1.422939478597954e-19
1240215502.0083008,nan,1.5019435485913685e-19
1240215502.008545,nan,1.5499116855006878e-19
1240215502.008789,nan,1.5348549933566618e-19
1240215502.0090332,nan,1.4771402937634367e-19
1240215502.0092773,nan,1.4156307443003778e-19
1240215502.0095215,nan,1.3725979953451742e-19
1240215502.0097656,nan,1.4008599782096694e-19
1240215502.0100098,nan,1.4787157433532765e-19
1240215502.010254,nan,1.5460360977792797e-19
1240215502.010498,nan,1.5935475841833169e-19
1240215502.0107422,nan,1.5841311389690114e-19
1240215502.0109863,nan,1.519949924309504e-19
1240215502.0112305,nan,1.4565053296655998e-19
1240215502.0114746,nan,1.4174145935210242e-19
1240215502.0117188,nan,1.4357008676495464e-19
1240215502.011963,nan,1.508204103696099e-19
1240215502.012207,nan,1.5831425253203782e-19
1240215502.0124512,nan,1.6235203351768842e-19
1240215502.0126953,nan,1.6075416800521828e-19
1240215502.0129395,nan,1.5531022297326308e-19
1240215502.0131836,nan,1.4799326516552802e-19
1240215502.0134277,nan,1.4343761379780866e-19
1240215502.0136719,nan,1.4599335749324891e-19
1240215502.013916,nan,1.525225262226438e-19
1240215502.0141602,nan,1.597229108806283e-19
1240215502.0144043,nan,1.6404026258925304e-19
1240215502.0146484,nan,1.6301843358944137e-19
1240215502.0148926,nan,1.5648208965231797e-19
1240215502.0151367,nan,1.4870162529231433e-19
1240215502.0153809,nan,1.4499916217424684e-19
1240215502.015625,nan,1.4578997590633874e-19
1240215502.0158691,nan,1.5251382328086917e-19
1240215502.0161133,nan,1.6063111105565955e-19
1240215502.0163574,nan,1.6361920398313789e-19
1240215502.0166016,nan,1.6255331960084465e-19
1240215502.0168457,nan,1.5593044446559845e-19
1240215502.0170898,nan,1.4738939520047446e-19
1240215502.017334,nan,1.4373885651065335e-19
1240215502.0175781,nan,1.4476607636232537e-19
1240215502.0178223,nan,1.5110590038153571e-19
1240215502.0180664,nan,1.5867003420263837e-19
1240215502.0183105,nan,1.6164742821754474e-19
1240215502.0185547,nan,1.6033003735816398e-19
1240215502.0187988,nan,1.5345858366262323e-19
1240215502.019043,nan,1.453480601795784e-19
1240215502.019287,nan,1.411459361422222e-19
1240215502.0195312,nan,1.4184960193871691e-19
1240215502.0197754,nan,1.4786358072859797e-19
1240215502.0200195,nan,1.5504867086664032e-19
1240215502.0202637,nan,1.5833084479662448e-19
1240215502.0205078,nan,1.5615009635655795e-19
1240215502.020752,nan,1.4960365423632163e-19
1240215502.020996,nan,1.4086256518283935e-19
1240215502.0212402,nan,1.3600711290156446e-19
1240215502.0214844,nan,1.374395783501288e-19
1240215502.0217285,nan,1.4284706637883255e-19
1240215502.0219727,nan,1.498757412848307e-19
1240215502.0222168,nan,1.5298299956780706e-19
1240215502.022461,nan,1.508252075968625e-19
1240215502.022705,nan,1.445377205186122e-19
1240215502.0229492,nan,1.3493659048250479e-19
1240215502.0231934,nan,1.3044410639651976e-19
1240215502.0234375,nan,1.315558110966781e-19
1240215502.0236816,nan,1.360195759833129e-19
1240215502.0239258,nan,1.4344155627202955e-19
1240215502.02417,nan,1.4661106721826179e-19
1240215502.024414,nan,1.4370272872473373e-19
1240215502.0246582,nan,1.3681277345801508e-19
1240215502.0249023,nan,1.2801162641917444e-19
1240215502.0251465,nan,1.2251567154716188e-19
1240215502.0253906,nan,1.2344015543768757e-19
1240215502.0256348,nan,1.288431782969855e-19
1240215502.025879,nan,1.351489501954396e-19
1240215502.026123,nan,1.3802477358076036e-19
1240215502.0263672,nan,1.3573334588312806e-19
1240215502.0266113,nan,1.2892694621128128e-19
1240215502.0268555,nan,1.1973489517660177e-19
1240215502.0270996,nan,1.1402227772897492e-19
1240215502.0273438,nan,1.1505783558484868e-19
1240215502.027588,nan,1.198856297596151e-19
1240215502.027832,nan,1.2573191679263436e-19
1240215502.0280762,nan,1.2863185501897381e-19
1240215502.0283203,nan,1.2550369092995709e-19
1240215502.0285645,nan,1.1848498252077724e-19
1240215502.0288086,nan,1.0980335489501013e-19
1240215502.0290527,nan,1.0391651039311022e-19
1240215502.0292969,nan,1.0420041448913321e-19
1240215502.029541,nan,1.0830532494153417e-19
1240215502.0297852,nan,1.1499383533662888e-19
1240215502.0300293,nan,1.18170057661925e-19
1240215502.0302734,nan,1.1466894265822169e-19
1240215502.0305176,nan,1.078279308748977e-19
1240215502.0307617,nan,9.845994579687812e-20
1240215502.0310059,nan,9.23848027268222e-20
1240215502.03125,nan,9.297542055413587e-20
1240215502.0314941,nan,9.723802109880482e-20
1240215502.0317383,nan,1.0273002174877707e-19
1240215502.0319824,nan,1.0558410542292198e-19
1240215502.0322266,nan,1.0299365882571445e-19
1240215502.0324707,nan,9.544336646810165e-20
1240215502.0327148,nan,8.594337825487381e-20
1240215502.032959,nan,7.968486887737099e-20
1240215502.0332031,nan,8.018512548057578e-20
1240215502.0334473,nan,8.450477905980199e-20
1240215502.0336914,nan,8.916012943333419e-20
1240215502.0339355,nan,9.261864301122433e-20
1240215502.0341797,nan,9.027406970392939e-20
1240215502.0344238,nan,8.191978433280701e-20
1240215502.034668,nan,7.219094817353471e-20
1240215502.034912,nan,6.664076152263683e-20
1240215502.0351562,nan,6.661233233761902e-20
1240215502.0354004,nan,7.006896112758923e-20
1240215502.0356445,nan,7.65942123734173e-20
1240215502.0358887,nan,7.9223251814182e-20
1240215502.0361328,nan,7.510262179085394e-20
1240215502.036377,nan,6.773671777252673e-20
1240215502.036621,nan,5.867772430073883e-20
1240215502.0368652,nan,5.245930611821718e-20
1240215502.0371094,nan,5.153312557357805e-20
1240215502.0373535,nan,5.594092628089835e-20
1240215502.0375977,nan,6.219906043526907e-20
1240215502.0378418,nan,6.384725662666984e-20
1240215502.038086,nan,6.048686357904047e-20
1240215502.03833,nan,5.322053162626432e-20
1240215502.0385742,nan,4.339174873147293e-20
1240215502.0388184,nan,3.746333485936862e-20
1240215502.0390625,nan,3.7045229704263666e-20
1240215502.0393066,nan,4.0315976192519477e-20
1240215502.0395508,nan,4.640345358801162e-20
1240215502.039795,nan,4.8962246249873956e-20
1240215502.040039,nan,4.5665191808546453e-20
1240215502.0402832,nan,3.8021113395078773e-20
1240215502.0405273,nan,2.7793657485023695e-20
1240215502.0407715,nan,2.1679823338287475e-20
1240215502.0410156,nan,2.1215349053061137e-20
1240215502.0412598,nan,2.5188728369088055e-20
1240215502.041504,nan,3.1095339195316956e-20
1240215502.041748,nan,3.3148296715139286e-20
1240215502.0419922,nan,3.012683788652834e-20
1240215502.0422363,nan,2.296736891634972e-20
1240215502.0424805,nan,1.3091344136249747e-20
1240215502.0427246,nan,5.751553002923684e-21
1240215502.0429688,nan,5.454581777379869e-21
1240215502.043213,nan,9.612417225325023e-21
1240215502.043457,nan,1.482537560132798e-20
1240215502.0437012,nan,1.7963890429867374e-20
1240215502.0439453,nan,1.4619929879916386e-20
1240215502.0441895,nan,6.346660574998723e-21
1240215502.0444336,nan,-2.680854437729614e-21
1240215502.0446777,nan,-9.603759602062158e-21
1240215502.0449219,nan,-1.0571970767439491e-20
1240215502.045166,nan,-5.885167683712073e-21
1240215502.0454102,nan,-8.098911681543457e-22
1240215502.0456543,nan,1.782362780691129e-21
1240215502.0458984,nan,-1.727440949650958e-22
1240215502.0461426,nan,-8.638308041691136e-21
1240215502.0463867,nan,-1.8988505668541683e-20
1240215502.0466309,nan,-2.4587286796976268e-20
1240215502.046875,nan,-2.5637742701279096e-20
1240215502.0471191,nan,-2.250066745541722e-20
1240215502.0473633,nan,-1.5647422317751415e-20
1240215502.0476074,nan,-1.3659380351080035e-20
1240215502.0478516,nan,-1.6637328006952262e-20
1240215502.0480957,nan,-2.3259119787891386e-20
1240215502.0483398,nan,-3.3933894608627556e-20
1240215502.048584,nan,-4.027790702711858e-20
1240215502.0488281,nan,-4.136003408988058e-20
1240215502.0490723,nan,-3.704566535161718e-20
1240215502.0493164,nan,-3.093014526891547e-20
1240215502.0495605,nan,-2.9132811131296375e-20
1240215502.0498047,nan,-3.092572833930515e-20
1240215502.0500488,nan,-3.814845816888138e-20
1240215502.050293,nan,-4.865641589805479e-20
1240215502.050537,nan,-5.564840690608596e-20
1240215502.0507812,nan,-5.517218361522927e-20
1240215502.0510254,nan,-5.091649923127547e-20
1240215502.0512695,nan,-4.6116520598361706e-20
1240215502.0515137,nan,-4.290817137483491e-20
1240215502.0517578,nan,-4.6110566799291696e-20
1240215502.052002,nan,-5.3483738809234565e-20
1240215502.052246,nan,-6.219932296369516e-20
1240215502.0524902,nan,-6.979348717074395e-20
1240215502.0527344,nan,-6.960611789041925e-20
1240215502.0529785,nan,-6.525293381630427e-20
1240215502.0532227,nan,-6.065516530172495e-20
1240215502.0534668,nan,-5.610968803517988e-20
1240215502.053711,nan,-5.938538552846034e-20
1240215502.053955,nan,-6.703787480923827e-20
1240215502.0541992,nan,-7.486718598189988e-20
1240215502.0544434,nan,-8.286776226086458e-20
1240215502.0546875,nan,-8.285945540173385e-20
1240215502.0549316,nan,-7.852790209234738e-20
1240215502.0551758,nan,-7.335837936546047e-20
1240215502.05542,nan,-6.905327964398277e-20
1240215502.055664,nan,-7.230294444297648e-20
1240215502.0559082,nan,-7.871843958479406e-20
1240215502.0561523,nan,-8.766750364664699e-20
1240215502.0563965,nan,-9.510798880441933e-20
1240215502.0566406,nan,-9.526513785253738e-20
1240215502.0568848,nan,-9.049143332632629e-20
1240215502.057129,nan,-8.427030955772504e-20
1240215502.057373,nan,-8.143148074947805e-20
1240215502.0576172,nan,-8.352975049929499e-20
1240215502.0578613,nan,-9.060700392834623e-20
1240215502.0581055,nan,-9.950616368547529e-20
1240215502.0583496,nan,-1.0576652040042643e-19
1240215502.0585938,nan,-1.0624220418736877e-19
1240215502.058838,nan,-1.0107070255775083e-19
1240215502.059082,nan,-9.543846049482525e-20
1240215502.0593262,nan,-9.210206227750684e-20
1240215502.0595703,nan,-9.3777196312463e-20
1240215502.0598145,nan,-1.0051836297112429e-19
1240215502.0600586,nan,-1.0957623060030168e-19
1240215502.0603027,nan,-1.161431308785314e-19
1240215502.0605469,nan,-1.161877087805605e-19
1240215502.060791,nan,-1.1138891482724913e-19
1240215502.0610352,nan,-1.0501055708444631e-19
1240215502.0612793,nan,-1.0132163335396531e-19
1240215502.0615234,nan,-1.0265636390567023e-19
1240215502.0617676,nan,-1.0959146100175535e-19
1240215502.0620117,nan,-1.1781120458074225e-19
1240215502.0622559,nan,-1.2363580606434573e-19
1240215502.0625,nan,-1.2459871117162065e-19
1240215502.0627441,nan,-1.1974142253837075e-19
1240215502.0629883,nan,-1.1262166491016798e-19
1240215502.0632324,nan,-1.0803711979197368e-19
1240215502.0634766,nan,-1.1069276635582171e-19
1240215502.0637207,nan,-1.1696319954358058e-19
1240215502.0639648,nan,-1.2468816267674327e-19
1240215502.064209,nan,-1.3187574758647668e-19
1240215502.0644531,nan,-1.3110371084171137e-19
1240215502.0646973,nan,-1.2589554063485166e-19
1240215502.0649414,nan,-1.1950892664347008e-19
1240215502.0651855,nan,-1.144688265526157e-19
1240215502.0654297,nan,-1.1611117184736352e-19
1240215502.0656738,nan,-1.2228423291739804e-19
1240215502.065918,nan,-1.3036148480560115e-19
1240215502.066162,nan,-1.363571817227246e-19
1240215502.0664062,nan,-1.3622266186848982e-19
1240215502.0666504,nan,-1.3113791763786218e-19
1240215502.0668945,nan,-1.2404363769525657e-19
1240215502.0671387,nan,-1.1937221648289354e-19
1240215502.0673828,nan,-1.20471348322996e-19
1240215502.067627,nan,-1.2622931093802937e-19
1240215502.067871,nan,-1.3469785687544947e-19
1240215502.0681152,nan,-1.4006804982845094e-19
1240215502.0683594,nan,-1.3906859321433816e-19
1240215502.0686035,nan,-1.340373155424205e-19
1240215502.0688477,nan,-1.268467452596989e-19
1240215502.0690918,nan,-1.2188332698993102e-19
1240215502.069336,nan,-1.2289736294302204e-19
1240215502.06958,nan,-1.2896566243826387e-19
1240215502.0698242,nan,-1.3619794578903537e-19
1240215502.0700684,nan,-1.4147280425607022e-19
1240215502.0703125,nan,-1.4178087205510894e-19
1240215502.0705566,nan,-1.3554686792496662e-19
1240215502.0708008,nan,-1.2771618862349681e-19
1240215502.071045,nan,-1.2279321899022208e-19
1240215502.071289,nan,-1.2346520813053023e-19
1240215502.0715332,nan,-1.2882587726709187e-19
1240215502.0717773,nan,-1.3598391753120311e-19
1240215502.0720215,nan,-1.4209859726098737e-19
1240215502.0722656,nan,-1.4051293960375107e-19
1240215502.0725098,nan,-1.344611186026725e-19
1240215502.072754,nan,-1.2754024117426494e-19
1240215502.072998,nan,-1.222414940782031e-19
1240215502.0732422,nan,-1.229820538040687e-19
1240215502.0734863,nan,-1.2719653439705862e-19
1240215502.0737305,nan,-1.3524340060305145e-19
1240215502.0739746,nan,-1.4052981503666005e-19
1240215502.0742188,nan,-1.3853380958324507e-19
1240215502.074463,nan,-1.333743166664085e-19
1240215502.074707,nan,-1.2488289058380566e-19
1240215502.0749512,nan,-1.1930150199258101e-19
1240215502.0751953,nan,-1.1962074208220977e-19
1240215502.0754395,nan,-1.2389207581137854e-19
1240215502.0756836,nan,-1.317847165188254e-19
1240215502.0759277,nan,-1.3653062217442018e-19
1240215502.0761719,nan,-1.350241061839601e-19
1240215502.076416,nan,-1.2912666880693522e-19
1240215502.0766602,nan,-1.212577845255478e-19
1240215502.0769043,nan,-1.154366803584928e-19
1240215502.0771484,nan,-1.1520572062963015e-19
1240215502.0773926,nan,-1.1996817951605594e-19
1240215502.0776367,nan,-1.264397070667866e-19
1240215502.0778809,nan,-1.3113313659152238e-19
1240215502.078125,nan,-1.2984946332752515e-19
1240215502.0783691,nan,-1.2346505126659432e-19
1240215502.0786133,nan,-1.1551229259889848e-19
1240215502.0788574,nan,-1.0925385173306332e-19
1240215502.0791016,nan,-1.0900156808146178e-19
1240215502.0793457,nan,-1.1360794611215707e-19
1240215502.0795898,nan,-1.1960617204343976e-19
1240215502.079834,nan,-1.2448539889571844e-19
1240215502.0800781,nan,-1.2318787422238758e-19
1240215502.0803223,nan,-1.1649052984505466e-19
1240215502.0805664,nan,-1.0835743670032612e-19
1240215502.0808105,nan,-1.0141504977427493e-19
1240215502.0810547,nan,-1.0071830119957382e-19
1240215502.0812988,nan,-1.0568106012257704e-19
1240215502.081543,nan,-1.117345558108035e-19
1240215502.081787,nan,-1.1563556198269985e-19
1240215502.0820312,nan,-1.1440779067890301e-19
1240215502.0822754,nan,-1.0780293961119771e-19
1240215502.0825195,nan,-9.92915553175757e-20
1240215502.0827637,nan,-9.32318393298067e-20
1240215502.0830078,nan,-9.146198811069956e-20
1240215502.083252,nan,-9.571207729026354e-20
1240215502.083496,nan,-1.0250867886338674e-19
1240215502.0837402,nan,-1.0578537086038781e-19
1240215502.0839844,nan,-1.0491652351463196e-19
1240215502.0842285,nan,-9.791541948614587e-20
1240215502.0844727,nan,-8.810540970346061e-20
1240215502.0847168,nan,-8.25955749073433e-20
1240215502.084961,nan,-8.171259945847474e-20
1240215502.085205,nan,-8.533839705433879e-20
1240215502.0854492,nan,-9.122482941548247e-20
1240215502.0856934,nan,-9.483844024374225e-20
1240215502.0859375,nan,-9.360538530363422e-20
1240215502.0861816,nan,-8.636899016174096e-20
1240215502.0864258,nan,-7.758173826226668e-20
1240215502.08667,nan,-7.101130372006165e-20
1240215502.086914,nan,-6.920449961512212e-20
1240215502.0871582,nan,-7.336715786365932e-20
1240215502.0874023,nan,-7.84312256664201e-20
1240215502.0876465,nan,-8.281769181595531e-20
1240215502.0878906,nan,-8.115655010497128e-20
1240215502.0881348,nan,-7.325952899548284e-20
1240215502.088379,nan,-6.563773536414493e-20
1240215502.088623,nan,-5.835516683872962e-20
1240215502.0888672,nan,-5.629791093104327e-20
1240215502.0891113,nan,-6.020785896737232e-20
1240215502.0893555,nan,-6.605718068388185e-20
1240215502.0895996,nan,-6.978838541859428e-20
1240215502.0898438,nan,-6.780581008983283e-20
1240215502.090088,nan,-6.08698375127948e-20
1240215502.090332,nan,-5.122667151923178e-20
1240215502.0905762,nan,-4.482290054568909e-20
1240215502.0908203,nan,-4.3183972001165527e-20
1240215502.0910645,nan,-4.567939415730775e-20
1240215502.0913086,nan,-5.1979532616172364e-20
1240215502.0915527,nan,-5.562802822085841e-20
1240215502.0917969,nan,-5.3671907507238455e-20
1240215502.092041,nan,-4.7018325428090884e-20
1240215502.0922852,nan,-3.7325070310316514e-20
1240215502.0925293,nan,-3.0624015687324205e-20
1240215502.0927734,nan,-2.9294110528398075e-20
1240215502.0930176,nan,-3.1335684275930806e-20
1240215502.0932617,nan,-3.7617700904600257e-20
1240215502.0935059,nan,-4.163150717585206e-20
1240215502.09375,nan,-3.8742674845974356e-20
1240215502.0939941,nan,-3.178672324334698e-20
1240215502.0942383,nan,-2.2952400542710415e-20
1240215502.0944824,nan,-1.5545630928404892e-20
1240215502.0947266,nan,-1.3536040897744678e-20
1240215502.0949707,nan,-1.7652363305434255e-20
1240215502.0952148,nan,-2.3025766862797907e-20
1240215502.095459,nan,-2.586304878477049e-20
1240215502.0957031,nan,-2.4383023805381067e-20
1240215502.0959473,nan,-1.7308789781532508e-20
1240215502.0961914,nan,-7.72134664410865e-21
1240215502.0964355,nan,-9.063879243794668e-22
1240215502.0966797,nan,1.3566589904819572e-21
1240215502.0969238,nan,-1.7837541341169237e-21
1240215502.097168,nan,-7.993635850740214e-21
1240215502.097412,nan,-1.1049709579636622e-20
1240215502.0976562,nan,-9.424712376954406e-21
1240215502.0979004,nan,-2.7585888999328846e-21
1240215502.0981445,nan,6.987539615133087e-21
1240215502.0983887,nan,1.4089512856013534e-20
1240215502.0986328,nan,1.6525056138227183e-20
1240215502.098877,nan,1.294849526165519e-20
1240215502.099121,nan,6.80155920002182e-21
1240215502.0993652,nan,3.398418266083291e-21
1240215502.0996094,nan,5.3339725392016095e-21
1240215502.0998535,nan,1.2690634837597053e-20
1240215502.1000977,nan,2.2120198168268607e-20
1240215502.1003418,nan,2.8991050294104166e-20
1240215502.100586,nan,3.0827455821108866e-20
1240215502.10083,nan,2.7674482038286607e-20
1240215502.1010742,nan,2.1669621840101547e-20
1240215502.1013184,nan,1.8142399057313922e-20
1240215502.1015625,nan,1.9795349447045545e-20
1240215502.1018066,nan,2.689918456665142e-20
1240215502.1020508,nan,3.699262460383819e-20
1240215502.102295,nan,4.3969572588942465e-20
1240215502.102539,nan,4.526896471896779e-20
1240215502.1027832,nan,4.1950443673482323e-20
1240215502.1030273,nan,3.685601437861125e-20
1240215502.1032715,nan,3.3007043887187783e-20
1240215502.1035156,nan,3.380392195419465e-20
1240215502.1037598,nan,4.14689510340726e-20
1240215502.104004,nan,5.1052260514044204e-20
1240215502.104248,nan,5.722628406159781e-20
1240215502.1044922,nan,5.878231110064868e-20
1240215502.1047363,nan,5.619850241434461e-20
1240215502.1049805,nan,5.0373834468863543e-20
1240215502.1052246,nan,4.626354167397465e-20
1240215502.1054688,nan,4.804590949770986e-20
1240215502.105713,nan,5.505822177504051e-20
1240215502.105957,nan,6.33429317177179e-20
1240215502.1062012,nan,7.036275157098978e-20
1240215502.1064453,nan,7.293233853981549e-20
1240215502.1066895,nan,6.874158155443309e-20
1240215502.1069336,nan,6.297517487205867e-20
1240215502.1071777,nan,5.946780160123757e-20
1240215502.1074219,nan,6.022833670873696e-20
1240215502.107666,nan,6.711408163871549e-20
1240215502.1079102,nan,7.613346668489177e-20
1240215502.1081543,nan,8.269369759217307e-20
1240215502.1083984,nan,8.460285392197598e-20
1240215502.1086426,nan,8.083136643954149e-20
1240215502.1088867,nan,7.517632486876633e-20
1240215502.1091309,nan,7.130056236195613e-20
1240215502.109375,nan,7.20860389476e-20
1240215502.1096191,nan,7.860558462196545e-20
1240215502.1098633,nan,8.73575032952949e-20
1240215502.1101074,nan,9.37412366660308e-20
1240215502.1103516,nan,9.559088283420067e-20
1240215502.1105957,nan,9.218075321252108e-20
1240215502.1108398,nan,8.567134893814555e-20
1240215502.111084,nan,8.14365768406284e-20
1240215502.1113281,nan,8.215065025495439e-20
1240215502.1115723,nan,8.846303324893025e-20
1240215502.1118164,nan,9.791579731153313e-20
1240215502.1120605,nan,1.0360529476961615e-19
1240215502.1123047,nan,1.0498650722541893e-19
1240215502.1125488,nan,1.014422681521849e-19
1240215502.112793,nan,9.44025967715893e-20
1240215502.113037,nan,9.080671510534898e-20
1240215502.1132812,nan,9.111755996774387e-20
1240215502.1135254,nan,9.690094806217517e-20
1240215502.1137695,nan,1.0596377827310923e-19
1240215502.1140137,nan,1.1167935386323234e-19
1240215502.1142578,nan,1.1325441380717458e-19
1240215502.114502,nan,1.094960660643584e-19
1240215502.114746,nan,1.0288283334521516e-19
1240215502.1149902,nan,9.829623152627687e-20
1240215502.1152344,nan,9.822856524519894e-20
1240215502.1154785,nan,1.0440406150435841e-19
1240215502.1157227,nan,1.1281118730971737e-19
1240215502.1159668,nan,1.185340931751585e-19
1240215502.116211,nan,1.1965026572445622e-19
1240215502.116455,nan,1.1595265480291457e-19
1240215502.1166992,nan,1.0934580188374415e-19
1240215502.1169434,nan,1.0391492471799565e-19
1240215502.1171875,nan,1.0421670942146324e-19
1240215502.1174316,nan,1.1036454515728083e-19
1240215502.1176758,nan,1.17969737130163e-19
1240215502.11792,nan,1.2315298450322712e-19
1240215502.118164,nan,1.240536934330089e-19
1240215502.1184082,nan,1.2047024010007513e-19
1240215502.1186523,nan,1.133700072560309e-19
1240215502.1188965,nan,1.0755924675375399e-19
1240215502.1191406,nan,1.0786193682251714e-19
1240215502.1193848,nan,1.1376184151457262e-19
1240215502.119629,nan,1.2082547820556523e-19
1240215502.119873,nan,1.263272724794099e-19
1240215502.1201172,nan,1.2780608912069344e-19
1240215502.1203613,nan,1.2270014281561725e-19
1240215502.1206055,nan,1.1556154167726515e-19
1240215502.1208496,nan,1.105210206427276e-19
1240215502.1210938,nan,1.0995282549864016e-19
1240215502.121338,nan,1.1562892302001523e-19
1240215502.121582,nan,1.2245958673838766e-19
1240215502.1218262,nan,1.2712796645843255e-19
1240215502.1220703,nan,1.290255992586682e-19
1240215502.1223145,nan,1.2465789087536608e-19
1240215502.1225586,nan,1.165740313629816e-19
1240215502.1228027,nan,1.1103174284730113e-19
1240215502.1230469,nan,1.105176303243114e-19
1240215502.123291,nan,1.1535823226043974e-19
1240215502.1235352,nan,1.2277756804682628e-19
1240215502.1237793,nan,1.2834492698082204e-19
1240215502.1240234,nan,1.284215519584647e-19
1240215502.1242676,nan,1.2269981382980224e-19
1240215502.1245117,nan,1.1557567505472885e-19
1240215502.1247559,nan,1.0958728079084574e-19
1240215502.125,nan,1.0881091302180152e-19
1240215502.1252441,nan,1.1426734971880192e-19
1240215502.1254883,nan,1.2084431563157066e-19
1240215502.1257324,nan,1.2543748968669121e-19
1240215502.1259766,nan,1.2594815542940627e-19
1240215502.1262207,nan,1.2084103625821812e-19
1240215502.1264648,nan,1.126370636170241e-19
1240215502.126709,nan,1.0698713129729691e-19
1240215502.1269531,nan,1.0552783717069033e-19
1240215502.1271973,nan,1.1009187566716237e-19
1240215502.1274414,nan,1.1737929046796202e-19
1240215502.1276855,nan,1.2140953093581414e-19
1240215502.1279297,nan,1.2208780099446046e-19
1240215502.1281738,nan,1.1652291656460387e-19
1240215502.128418,nan,1.0812771599983015e-19
1240215502.128662,nan,1.0291388860741134e-19
1240215502.1289062,nan,1.0081790142524391e-19
1240215502.1291504,nan,1.0486099183038579e-19
1240215502.1293945,nan,1.118451767427281e-19
1240215502.1296387,nan,1.1573528433291163e-19
1240215502.1298828,nan,1.1582430429410412e-19
1240215502.130127,nan,1.111527164767406e-19
1240215502.130371,nan,1.0282575715571519e-19
1240215502.1306152,nan,9.571983704610861e-20
1240215502.1308594,nan,9.405048524507642e-20
1240215502.1311035,nan,9.841215462215779e-20
1240215502.1313477,nan,1.0517900502501589e-19
1240215502.1315918,nan,1.091177346455984e-19
1240215502.131836,nan,1.0892512035578193e-19
1240215502.13208,nan,1.0328420528554824e-19
1240215502.1323242,nan,9.45998261785161e-20
1240215502.1325684,nan,8.800155492759821e-20
1240215502.1328125,nan,8.610641546057546e-20
1240215502.1330566,nan,9.034281531536849e-20
1240215502.1333008,nan,9.657634583403201e-20
1240215502.133545,nan,1.0022482643266489e-19
1240215502.133789,nan,9.989302351506175e-20
1240215502.1340332,nan,9.437776802550079e-20
1240215502.1342773,nan,8.582131592719463e-20
1240215502.1345215,nan,7.859927845628375e-20
1240215502.1347656,nan,7.679655287527386e-20
1240215502.1350098,nan,8.100180765350056e-20
1240215502.135254,nan,8.675217940509128e-20
1240215502.135498,nan,9.001719025697492e-20
1240215502.1357422,nan,8.991495117311448e-20
1240215502.1359863,nan,8.416110793346903e-20
1240215502.1362305,nan,7.545723480729999e-20
1240215502.1364746,nan,6.86526467483189e-20
1240215502.1367188,nan,6.568586092411567e-20
1240215502.136963,nan,6.948099082396072e-20
1240215502.137207,nan,7.532196770080588e-20
1240215502.1374512,nan,7.953612944842495e-20
1240215502.1376953,nan,7.906449268152564e-20
1240215502.1379395,nan,7.217807774651648e-20
1240215502.1381836,nan,6.391387452001896e-20
1240215502.1384277,nan,5.71768632587442e-20
1240215502.1386719,nan,5.411615210209704e-20
1240215502.138916,nan,5.723019880675614e-20
1240215502.1391602,nan,6.358142257462247e-20
1240215502.1394043,nan,6.687473811026167e-20
1240215502.1396484,nan,6.623650406564179e-20
1240215502.1398926,nan,6.086077924311684e-20
1240215502.1401367,nan,5.092254020215614e-20
1240215502.1403809,nan,4.383553444107428e-20
1240215502.140625,nan,4.179203226461244e-20
1240215502.1408691,nan,4.4512695845892965e-20
1240215502.1411133,nan,5.018834987032562e-20
1240215502.1413574,nan,5.402173024412998e-20
1240215502.1416016,nan,5.387461548684985e-20
1240215502.1418457,nan,4.6991207916635074e-20
1240215502.1420898,nan,3.763842961963194e-20
1240215502.142334,nan,3.1022509453290023e-20
1240215502.1425781,nan,2.8290028932328976e-20
1240215502.1428223,nan,3.1062233020519686e-20
1240215502.1430664,nan,3.610992140653509e-20
1240215502.1433105,nan,3.9874151962635e-20
1240215502.1435547,nan,3.9810211179549565e-20
1240215502.1437988,nan,3.328630811359894e-20
1240215502.144043,nan,2.4301330595379797e-20
1240215502.144287,nan,1.6886666356563602e-20
1240215502.1445312,nan,1.4167893919229343e-20
1240215502.1447754,nan,1.6916219139484244e-20
1240215502.1450195,nan,2.2061310049445725e-20
1240215502.1452637,nan,2.669549451763157e-20
1240215502.1455078,nan,2.5037599298235866e-20
1240215502.145752,nan,1.899861461720645e-20
1240215502.145996,nan,1.0725055443484514e-20
1240215502.1462402,nan,1.796630772479161e-21
1240215502.1464844,nan,5.965937802122955e-22
1240215502.1467285,nan,2.8956909104699553e-21
1240215502.1469727,nan,7.432053454905874e-21
1240215502.1472168,nan,1.2987534405517145e-20
1240215502.147461,nan,1.029908810517348e-20
1240215502.147705,nan,4.700768088983515e-21
1240215502.1479492,nan,-3.2966630234230677e-21
1240215502.1481934,nan,-1.2698974486060563e-20
1240215502.1484375,nan,-1.4770523309381844e-20
1240215502.1486816,nan,-1.150378524437513e-20
1240215502.1489258,nan,-6.5174442870730664e-21
1240215502.14917,nan,-2.6471554755878145e-21
1240215502.149414,nan,-3.1120447273709682e-21
1240215502.1496582,nan,-9.480783487911002e-21
1240215502.1499023,nan,-1.8586065974009455e-20
1240215502.1501465,nan,-2.5705497447582725e-20
1240215502.1503906,nan,-2.8670876411734104e-20
1240215502.1506348,nan,-2.5707363352454618e-20
1240215502.150879,nan,-2.0379696505639468e-20
1240215502.151123,nan,-1.697525463038271e-20
1240215502.1513672,nan,-1.765876467944208e-20
1240215502.1516113,nan,-2.3344020898163232e-20
1240215502.1518555,nan,-3.228901123655974e-20
1240215502.1520996,nan,-4.06273474370048e-20
1240215502.1523438,nan,-4.316530176613633e-20
1240215502.152588,nan,-3.955741977691114e-20
1240215502.152832,nan,-3.421374235789048e-20
1240215502.1530762,nan,-3.068750827678202e-20
1240215502.1533203,nan,-3.072384039430174e-20
1240215502.1535645,nan,-3.665419324834417e-20
1240215502.1538086,nan,-4.605175473435335e-20
1240215502.1540527,nan,-5.3446912186407243e-20
1240215502.1542969,nan,-5.608288701469935e-20
1240215502.154541,nan,-5.306783127378056e-20
1240215502.1547852,nan,-4.7771177696538217e-20
1240215502.1550293,nan,-4.291642886561005e-20
1240215502.1552734,nan,-4.338729250665415e-20
1240215502.1555176,nan,-4.9871206151936536e-20
1240215502.1557617,nan,-5.789099504293595e-20
1240215502.1560059,nan,-6.61273589800576e-20
1240215502.15625,nan,-6.873686043379823e-20
1240215502.1564941,nan,-6.520426869894357e-20
1240215502.1567383,nan,-5.988979500149035e-20
1240215502.1569824,nan,-5.501149991716158e-20
1240215502.1572266,nan,-5.571651679728535e-20
1240215502.1574707,nan,-6.18384887392786e-20
1240215502.1577148,nan,-7.044755323078898e-20
1240215502.157959,nan,-7.772969533745702e-20
1240215502.1582031,nan,-7.975557012599149e-20
1240215502.1584473,nan,-7.681960461554771e-20
1240215502.1586914,nan,-7.116663542797944e-20
1240215502.1589355,nan,-6.714458753407314e-20
1240215502.1591797,nan,-6.677605242608303e-20
1240215502.1594238,nan,-7.188707985480464e-20
1240215502.159668,nan,-8.118184622096794e-20
1240215502.159912,nan,-8.818408470586421e-20
1240215502.1601562,nan,-9.004873910279143e-20
1240215502.1604004,nan,-8.771604525724303e-20
1240215502.1606445,nan,-8.111743904022935e-20
1240215502.1608887,nan,-7.588169875540102e-20
1240215502.1611328,nan,-7.704708351358112e-20
1240215502.161377,nan,-8.157278291614263e-20
1240215502.161621,nan,-9.029187792913652e-20
1240215502.1618652,nan,-9.756893896770369e-20
1240215502.1621094,nan,-9.866248146117788e-20
1240215502.1623535,nan,-9.692793012567106e-20
1240215502.1625977,nan,-8.966946212970513e-20
1240215502.1628418,nan,-8.47582744048982e-20
1240215502.163086,nan,-8.5602223937309e-20
1240215502.16333,nan,-8.902342519040458e-20
1240215502.1635742,nan,-9.824781230098672e-20
1240215502.1638184,nan,-1.0515124359698257e-19
1240215502.1640625,nan,-1.0642696205204041e-19
1240215502.1643066,nan,-1.0352817503009385e-19
1240215502.1645508,nan,-9.693475646029286e-20
1240215502.164795,nan,-9.19691130238376e-20
1240215502.165039,nan,-9.18979408091127e-20
1240215502.1652832,nan,-9.725299815927417e-20
1240215502.1655273,nan,-1.046462690496312e-19
1240215502.1657715,nan,-1.1108852850600807e-19
1240215502.1660156,nan,-1.1316364807103494e-19
1240215502.1662598,nan,-1.0928271808350508e-19
1240215502.166504,nan,-1.0267509800492561e-19
1240215502.166748,nan,-9.703898574407877e-20
1240215502.1669922,nan,-9.707436254322783e-20
1240215502.1672363,nan,-1.0207327234007336e-19
1240215502.1674805,nan,-1.0918768458427773e-19
1240215502.1677246,nan,-1.1563287289454372e-19
1240215502.1679688,nan,-1.1769674688639866e-19
1240215502.168213,nan,-1.1404682581933706e-19
1240215502.168457,nan,-1.0666175941950545e-19
1240215502.1687012,nan,-1.0139307224827821e-19
1240215502.1689453,nan,-1.0078485343199663e-19
1240215502.1691895,nan,-1.0552978676555655e-19
1240215502.1694336,nan,-1.1238369003113949e-19
1240215502.1696777,nan,-1.1810168788578901e-19
1240215502.1699219,nan,-1.2051761334329656e-19
1240215502.170166,nan,-1.1607983264898012e-19
1240215502.1704102,nan,-1.092150121400786e-19
1240215502.1706543,nan,-1.0357444730519284e-19
1240215502.1708984,nan,-1.0233156591599573e-19
1240215502.1711426,nan,-1.0670934679064421e-19
1240215502.1713867,nan,-1.1374510360545796e-19
1240215502.1716309,nan,-1.2049116264816067e-19
1240215502.171875,nan,-1.2155462725491847e-19
1240215502.1721191,nan,-1.1765147065653635e-19
1240215502.1723633,nan,-1.099274826271746e-19
1240215502.1726074,nan,-1.0383318758369845e-19
1240215502.1728516,nan,-1.0325928834312085e-19
1240215502.1730957,nan,-1.0601174456785749e-19
1240215502.1733398,nan,-1.1383036833274525e-19
1240215502.173584,nan,-1.2009403570558745e-19
1240215502.1738281,nan,-1.2076916120662073e-19
1240215502.1740723,nan,-1.1705444962555154e-19
1240215502.1743164,nan,-1.0900801904242093e-19
1240215502.1745605,nan,-1.0285834408199199e-19
1240215502.1748047,nan,-1.0196342092048874e-19
1240215502.1750488,nan,-1.0506983492268931e-19
1240215502.175293,nan,-1.1221794840890336e-19
1240215502.175537,nan,-1.1833854891469729e-19
1240215502.1757812,nan,-1.1870301438505901e-19
1240215502.1760254,nan,-1.1394543579092916e-19
1240215502.1762695,nan,-1.0674240934966188e-19
1240215502.1765137,nan,-1.0095182855718814e-19
1240215502.1767578,nan,-9.857711619205913e-20
1240215502.177002,nan,-1.0233802060649052e-19
1240215502.177246,nan,-1.091796577664134e-19
1240215502.1774902,nan,-1.139971445821936e-19
1240215502.1777344,nan,-1.1595432603568796e-19
1240215502.1779785,nan,-1.1073196689154348e-19
1240215502.1782227,nan,-1.0293422361051217e-19
1240215502.1784668,nan,-9.722897646877343e-20
1240215502.178711,nan,-9.379905915486303e-20
1240215502.178955,nan,-9.720231641442571e-20
1240215502.1791992,nan,-1.0415416746790947e-19
1240215502.1794434,nan,-1.094280868120252e-19
1240215502.1796875,nan,-1.0999546271076859e-19
1240215502.1799316,nan,-1.0549768310190077e-19
1240215502.1801758,nan,-9.780919015662405e-20
1240215502.18042,nan,-9.05455347870333e-20
1240215502.180664,nan,-8.861169632563121e-20
1240215502.1809082,nan,-9.173026598473848e-20
1240215502.1811523,nan,-9.793816390552725e-20
1240215502.1813965,nan,-1.0410751574485457e-19
1240215502.1816406,nan,-1.0405124272963294e-19
1240215502.1818848,nan,-9.871420052259462e-20
1240215502.182129,nan,-9.150492558295438e-20
1240215502.182373,nan,-8.405991457460703e-20
1240215502.1826172,nan,-8.141945368635638e-20
1240215502.1828613,nan,-8.483142265475992e-20
1240215502.1831055,nan,-9.086034356299699e-20
1240215502.1833496,nan,-9.580953573465927e-20
1240215502.1835938,nan,-9.627950206293242e-20
1240215502.183838,nan,-9.157546050007643e-20
1240215502.184082,nan,-8.327443494690901e-20
1240215502.1843262,nan,-7.630871567289712e-20
1240215502.1845703,nan,-7.421431884394919e-20
1240215502.1848145,nan,-7.622548255858014e-20
1240215502.1850586,nan,-8.246816363498539e-20
1240215502.1853027,nan,-8.793870543215795e-20
1240215502.1855469,nan,-8.778664839227176e-20
1240215502.185791,nan,-8.29222776222901e-20
1240215502.1860352,nan,-7.465304595370562e-20
1240215502.1862793,nan,-6.645018902775866e-20
1240215502.1865234,nan,-6.401240729136355e-20
1240215502.1867676,nan,-6.762207730318351e-20
1240215502.1870117,nan,-7.306558791163644e-20
1240215502.1872559,nan,-7.825608929639474e-20
1240215502.1875,nan,-7.871376277087716e-20
1240215502.1877441,nan,-7.257616917592961e-20
1240215502.1879883,nan,-6.467096462754899e-20
1240215502.1882324,nan,-5.762628494108598e-20
1240215502.1884766,nan,-5.453863061233185e-20
1240215502.1887207,nan,-5.71222297853298e-20
1240215502.1889648,nan,-6.263142631263297e-20
1240215502.189209,nan,-6.744279456544359e-20
1240215502.1894531,nan,-6.763389822125765e-20
1240215502.1896973,nan,-6.278483919448315e-20
1240215502.1899414,nan,-5.453367852018567e-20
1240215502.1901855,nan,-4.632405569685065e-20
1240215502.1904297,nan,-4.360909945367978e-20
1240215502.1906738,nan,-4.6620045398842075e-20
1240215502.190918,nan,-5.2238434146924394e-20
1240215502.191162,nan,-5.696284620070775e-20
1240215502.1914062,nan,-5.659428581659825e-20
1240215502.1916504,nan,-5.156694994576566e-20
1240215502.1918945,nan,-4.37871690181576e-20
1240215502.1921387,nan,-3.5339337023219564e-20
1240215502.1923828,nan,-3.269530788780194e-20
1240215502.192627,nan,-3.502713398712872e-20
1240215502.192871,nan,-3.998018102918215e-20
1240215502.1931152,nan,-4.602616485804003e-20
1240215502.1933594,nan,-4.5376782173825916e-20
1240215502.1936035,nan,-3.9588001687462736e-20
1240215502.1938477,nan,-3.217574569129822e-20
1240215502.1940918,nan,-2.4125043944702012e-20
1240215502.194336,nan,-2.1074097338847877e-20
1240215502.19458,nan,-2.3452783894622272e-20
1240215502.1948242,nan,-2.880520426190865e-20
1240215502.1950684,nan,-3.40709919138277e-20
1240215502.1953125,nan,-3.3957840615241734e-20
1240215502.1955566,nan,-2.81151717431011e-20
1240215502.1958008,nan,-1.996244570348452e-20
1240215502.196045,nan,-1.2595882749190366e-20
1240215502.196289,nan,-9.162411490993047e-21
1240215502.1965332,nan,-1.1736771398366806e-20
1240215502.1967773,nan,-1.7077443730008783e-20
1240215502.1970215,nan,-2.1743292516770814e-20
1240215502.1972656,nan,-2.254836078262133e-20
1240215502.1975098,nan,-1.6328525620462372e-20
1240215502.197754,nan,-8.221633101184476e-21
1240215502.197998,nan,-2.0452334373419936e-21
1240215502.1982422,nan,2.7230334004512284e-21
1240215502.1984863,nan,6.511385663811042e-22
1240215502.1987305,nan,-6.3070101638728416e-21
1240215502.1989746,nan,-9.653499072832807e-21
1240215502.1992188,nan,-1.032527601748326e-20
1240215502.199463,nan,-5.935958522328394e-21
1240215502.199707,nan,3.979183397020952e-21
1240215502.1999512,nan,1.095859941316598e-20
1240215502.2001953,nan,1.31166047729198e-20
1240215502.2004395,nan,1.1478798852062622e-20
1240215502.2006836,nan,6.29429923435869e-21
1240215502.2009277,nan,1.2406064485181369e-21
1240215502.2011719,nan,5.947106400797458e-22
1240215502.201416,nan,6.1810657614290116e-21
1240215502.2016602,nan,1.4874410841634005e-20
1240215502.2019043,nan,2.2343900738050117e-20
1240215502.2021484,nan,2.5326754417602777e-20
1240215502.2023926,nan,2.303285910054167e-20
1240215502.2026367,nan,1.7545750442222808e-20
1240215502.2028809,nan,1.2179680556057728e-20
1240215502.203125,nan,1.157654404130392e-20
1240215502.2033691,nan,1.7234365829156537e-20
1240215502.2036133,nan,2.541371127683846e-20
1240215502.2038574,nan,3.2493306197378824e-20
1240215502.2041016,nan,3.573954610477456e-20
1240215502.2043457,nan,3.356790850652817e-20
1240215502.2045898,nan,2.811608202476177e-20
1240215502.204834,nan,2.2449231134575292e-20
1240215502.2050781,nan,2.1925107249424213e-20
1240215502.2053223,nan,2.8135241326669406e-20
1240215502.2055664,nan,3.5639466386058474e-20
1240215502.2058105,nan,4.2647583285863824e-20
1240215502.2060547,nan,4.6694535694174456e-20
1240215502.2062988,nan,4.349205627014196e-20
1240215502.206543,nan,3.750158163921919e-20
1240215502.206787,nan,3.3125185748383264e-20
1240215502.2070312,nan,3.202567537012841e-20
1240215502.2072754,nan,3.6732869060340274e-20
1240215502.2075195,nan,4.559388582114458e-20
1240215502.2077637,nan,5.2577329226326236e-20
1240215502.2080078,nan,5.519523999372503e-20
1240215502.208252,nan,5.3296618326230854e-20
1240215502.208496,nan,4.6862594044377374e-20
1240215502.2087402,nan,4.2013439432495444e-20
1240215502.2089844,nan,4.1785292286258335e-20
1240215502.2092285,nan,4.5464528592772283e-20
1240215502.2094727,nan,5.414729243088596e-20
1240215502.2097168,nan,6.175220482110006e-20
1240215502.209961,nan,6.353923069970231e-20
1240215502.210205,nan,6.190844010929204e-20
1240215502.2104492,nan,5.621489949852409e-20
1240215502.2106934,nan,5.008467756981654e-20
1240215502.2109375,nan,4.97139957964384e-20
1240215502.2111816,nan,5.459348531334856e-20
1240215502.2114258,nan,6.199901759080466e-20
1240215502.21167,nan,6.912852047375297e-20
1240215502.211914,nan,7.248180957234739e-20
1240215502.2121582,nan,6.976121119624846e-20
1240215502.2124023,nan,6.350460945873926e-20
1240215502.2126465,nan,5.840135292763963e-20
1240215502.2128906,nan,5.735791849554627e-20
1240215502.2131348,nan,6.155638772892669e-20
1240215502.213379,nan,6.91321986838392e-20
1240215502.213623,nan,7.683227539180249e-20
1240215502.2138672,nan,7.926058596637464e-20
1240215502.2141113,nan,7.584569436701993e-20
1240215502.2143555,nan,7.080424176645982e-20
1240215502.2145996,nan,6.491449661427752e-20
1240215502.2148438,nan,6.315674351463709e-20
1240215502.215088,nan,6.812270200591918e-20
1240215502.215332,nan,7.552947100700723e-20
1240215502.2155762,nan,8.277415595746886e-20
1240215502.2158203,nan,8.5621386614532e-20
1240215502.2160645,nan,8.240812266660682e-20
1240215502.2163086,nan,7.639714914285463e-20
1240215502.2165527,nan,7.048506800250549e-20
1240215502.2167969,nan,6.888301514138243e-20
1240215502.217041,nan,7.335207603491644e-20
1240215502.2172852,nan,8.125748770461828e-20
1240215502.2175293,nan,8.79965633168371e-20
1240215502.2177734,nan,9.057938180483513e-20
1240215502.2180176,nan,8.81564939100402e-20
1240215502.2182617,nan,8.117970108577872e-20
1240215502.2185059,nan,7.553637764078509e-20
1240215502.21875,nan,7.459278674458233e-20
1240215502.2189941,nan,7.835970573481785e-20
1240215502.2192383,nan,8.533840955407675e-20
1240215502.2194824,nan,9.173138758327627e-20
1240215502.2197266,nan,9.531401184418213e-20
1240215502.2199707,nan,9.210638622646219e-20
1240215502.2202148,nan,8.50940154846578e-20
1240215502.220459,nan,7.956755678697502e-20
1240215502.2207031,nan,7.775552183069964e-20
1240215502.2209473,nan,8.234471370726595e-20
1240215502.2211914,nan,8.947749192390044e-20
1240215502.2214355,nan,9.598397099250641e-20
1240215502.2216797,nan,9.838783216111653e-20
1240215502.2219238,nan,9.458133663046672e-20
1240215502.222168,nan,8.853418858203513e-20
1240215502.222412,nan,8.261245797661716e-20
1240215502.2226562,nan,8.10726541368413e-20
1240215502.2229004,nan,8.503053855008549e-20
1240215502.2231445,nan,9.127593700333105e-20
1240215502.2233887,nan,9.841075545887965e-20
1240215502.2236328,nan,1.0118638473441482e-19
1240215502.223877,nan,9.75990095042577e-20
1240215502.224121,nan,9.119925739974011e-20
1240215502.2243652,nan,8.475417045107481e-20
1240215502.2246094,nan,8.294588215959815e-20
1240215502.2248535,nan,8.671383576378349e-20
1240215502.2250977,nan,9.385972868051179e-20
1240215502.2253418,nan,1.0038166626848128e-19
1240215502.225586,nan,1.024512172250226e-19
1240215502.22583,nan,9.951676331618774e-20
1240215502.2260742,nan,9.207923835979358e-20
1240215502.2263184,nan,8.577689465378258e-20
1240215502.2265625,nan,8.401813050583823e-20
1240215502.2268066,nan,8.78111981771164e-20
1240215502.2270508,nan,9.515802758478422e-20
1240215502.227295,nan,1.0069209551717067e-19
1240215502.227539,nan,1.0306964482684749e-19
1240215502.2277832,nan,9.991471342248168e-20
1240215502.2280273,nan,9.248071247934672e-20
1240215502.2282715,nan,8.646485448857282e-20
1240215502.2285156,nan,8.456607663405722e-20
1240215502.2287598,nan,8.80570435475266e-20
1240215502.229004,nan,9.486861521652302e-20
1240215502.229248,nan,1.0083269217883816e-19
1240215502.2294922,nan,1.0255643736287354e-19
1240215502.2297363,nan,9.921643294214495e-20
1240215502.2299805,nan,9.279569836578263e-20
1240215502.2302246,nan,8.585636845063443e-20
1240215502.2304688,nan,8.359858470170151e-20
1240215502.230713,nan,8.730212521957467e-20
1240215502.230957,nan,9.385655307292116e-20
1240215502.2312012,nan,1.002302297729159e-19
1240215502.2314453,nan,1.0198391235754985e-19
1240215502.2316895,nan,9.857080441676133e-20
1240215502.2319336,nan,9.147363805391856e-20
1240215502.2321777,nan,8.444592832516673e-20
1240215502.2324219,nan,8.26359983062768e-20
1240215502.232666,nan,8.573982002090152e-20
1240215502.2329102,nan,9.200153888188749e-20
1240215502.2331543,nan,9.820663856716054e-20
1240215502.2333984,nan,1.0056820394637208e-19
1240215502.2336426,nan,9.673203705416877e-20
1240215502.2338867,nan,8.944210524067162e-20
1240215502.2341309,nan,8.305920809921795e-20
1240215502.234375,nan,8.009021345126302e-20
1240215502.2346191,nan,8.346502606952816e-20
1240215502.2348633,nan,9.000142847493215e-20
1240215502.2351074,nan,9.590707604651111e-20
1240215502.2353516,nan,9.833323355163924e-20
1240215502.2355957,nan,9.434444069429297e-20
1240215502.2358398,nan,8.70793733945816e-20
1240215502.236084,nan,8.045834620065816e-20
1240215502.2363281,nan,7.775808921653753e-20
1240215502.2365723,nan,8.043167458338126e-20
1240215502.2368164,nan,8.674390527970873e-20
1240215502.2370605,nan,9.320768124061203e-20
1240215502.2373047,nan,9.505470207969546e-20
1240215502.2375488,nan,9.087054845465265e-20
1240215502.237793,nan,8.335790515221063e-20
1240215502.238037,nan,7.683292768377046e-20
1240215502.2382812,nan,7.417200758405706e-20
1240215502.2385254,nan,7.669008205709264e-20
1240215502.2387695,nan,8.310637800671474e-20
1240215502.2390137,nan,8.91274308571392e-20
1240215502.2392578,nan,9.053260038245362e-20
1240215502.239502,nan,8.73233114331078e-20
1240215502.239746,nan,8.051993496471589e-20
1240215502.2399902,nan,7.243096722404723e-20
1240215502.2402344,nan,7.003978809920761e-20
1240215502.2404785,nan,7.30518210400333e-20
1240215502.2407227,nan,7.862563075859241e-20
1240215502.2409668,nan,8.491182205107454e-20
1240215502.241211,nan,8.655462975158891e-20
1240215502.241455,nan,8.30734854131103e-20
1240215502.2416992,nan,7.532202876459622e-20
1240215502.2419434,nan,6.760635671020678e-20
1240215502.2421875,nan,6.59604592401029e-20
1240215502.2424316,nan,6.812264768157374e-20
1240215502.2426758,nan,7.404058826306674e-20
1240215502.24292,nan,8.042911969304995e-20
1240215502.243164,nan,8.136634782565699e-20
1240215502.2434082,nan,7.80746153661087e-20
1240215502.2436523,nan,7.011028018606492e-20
1240215502.2438965,nan,6.25590995020443e-20
1240215502.2441406,nan,6.039869148317116e-20
1240215502.2443848,nan,6.28206282984386e-20
1240215502.244629,nan,6.907565893024441e-20
1240215502.244873,nan,7.400672133273581e-20
1240215502.2451172,nan,7.599841245179329e-20
1240215502.2453613,nan,7.31229694394797e-20
1240215502.2456055,nan,6.432820175278308e-20
1240215502.2458496,nan,5.728495539637228e-20
1240215502.2460938,nan,5.498549581850975e-20
1240215502.246338,nan,5.628982559559033e-20
1240215502.246582,nan,6.253344738947655e-20
1240215502.2468262,nan,6.911951027727019e-20
1240215502.2470703,nan,6.975496666451421e-20
1240215502.2473145,nan,6.572653158862742e-20
1240215502.2475586,nan,5.857711729777796e-20
1240215502.2478027,nan,5.156004010592158e-20
1240215502.2480469,nan,4.8379488767189815e-20
1240215502.248291,nan,5.010198837061463e-20
1240215502.2485352,nan,5.676760267482014e-20
1240215502.2487793,nan,6.204597080120512e-20
1240215502.2490234,nan,6.329690939990083e-20
1240215502.2492676,nan,6.019296479821743e-20
1240215502.2495117,nan,5.2242595356534125e-20
1240215502.2497559,nan,4.476857349495852e-20
1240215502.25,nan,4.140891393442827e-20
1240215502.2502441,nan,4.4141863467196006e-20
1240215502.2504883,nan,5.0628017395849477e-20
1240215502.2507324,nan,5.485705535793962e-20
1240215502.2509766,nan,5.647632053193004e-20
1240215502.2512207,nan,5.349336078155492e-20
1240215502.2514648,nan,4.4958253747384285e-20
1240215502.251709,nan,3.7556897146348847e-20
1240215502.2519531,nan,3.461318717528011e-20
1240215502.2521973,nan,3.6947389260001777e-20
1240215502.2524414,nan,4.282734484136375e-20
1240215502.2526855,nan,4.815583599842901e-20
1240215502.2529297,nan,5.007930600832571e-20
1240215502.2531738,nan,4.540904932859166e-20
1240215502.253418,nan,3.7840582074079845e-20
1240215502.253662,nan,3.073282617128194e-20
1240215502.2539062,nan,2.626732097570066e-20
1240215502.2541504,nan,2.914382006577194e-20
1240215502.2543945,nan,3.52057921932343e-20
1240215502.2546387,nan,3.983838514274767e-20
1240215502.2548828,nan,4.1617026589086486e-20
1240215502.255127,nan,3.813700297747241e-20
1240215502.255371,nan,3.0259072303148516e-20
1240215502.2556152,nan,2.2237215160295932e-20
1240215502.2558594,nan,1.912408074387095e-20
1240215502.2561035,nan,2.1571192020229734e-20
1240215502.2563477,nan,2.6900299063921325e-20
1240215502.2565918,nan,3.190290380310936e-20
1240215502.256836,nan,3.4135628324071477e-20
1240215502.25708,nan,3.032168241710265e-20
1240215502.2573242,nan,2.1784771247695564e-20
1240215502.2575684,nan,1.4915937811382042e-20
1240215502.2578125,nan,1.109168291851008e-20
1240215502.2580566,nan,1.2993917897278477e-20
1240215502.2583008,nan,1.9453428749004197e-20
1240215502.258545,nan,2.4156292111957142e-20
1240215502.258789,nan,2.5450767062029374e-20
1240215502.2590332,nan,2.1616031175805043e-20
1240215502.2592773,nan,1.3584383124945287e-20
1240215502.2595215,nan,6.3275317020693865e-21
1240215502.2597656,nan,2.614821989595432e-21
1240215502.2600098,nan,4.720846322362328e-21
1240215502.260254,nan,1.1078515208529954e-20
1240215502.260498,nan,1.538245853671229e-20
1240215502.2607422,nan,1.7011468816910926e-20
1240215502.2609863,nan,1.3458555501991202e-20
1240215502.2612305,nan,4.750019605526381e-21
1240215502.2614746,nan,-2.1253643165345004e-21
1240215502.2617188,nan,-5.95167845861433e-21
1240215502.261963,nan,-4.27390435529013e-21
1240215502.262207,nan,1.6124888775555642e-21
1240215502.2624512,nan,6.920629196826184e-21
1240215502.2626953,nan,8.806567439863887e-21
1240215502.2629395,nan,4.443025176995771e-21
1240215502.2631836,nan,-3.709486444308435e-21
1240215502.2634277,nan,-1.1390888846608172e-20
1240215502.2636719,nan,-1.5095751365443597e-20
1240215502.263916,nan,-1.3030247577663582e-20
1240215502.2641602,nan,-7.160600265723502e-21
1240215502.2644043,nan,-1.9416765121193537e-21
1240215502.2646484,nan,-8.59997468473795e-22
1240215502.2648926,nan,-4.6052856312685095e-21
1240215502.2651367,nan,-1.2007012273520713e-20
1240215502.2653809,nan,-2.0548668496283095e-20
1240215502.265625,nan,-2.442119379110925e-20
1240215502.2658691,nan,-2.1862863799210214e-20
1240215502.2661133,nan,-1.660986813469088e-20
1240215502.2663574,nan,-1.1011500170352747e-20
1240215502.2666016,nan,-9.601293755491131e-21
1240215502.2668457,nan,-1.367137623219878e-20
1240215502.2670898,nan,-2.178606067527559e-20
1240215502.267334,nan,-3.0560688925889737e-20
1240215502.2675781,nan,-3.300186392957209e-20
1240215502.2678223,nan,-3.086224624616824e-20
1240215502.2680664,nan,-2.6106805377503014e-20
1240215502.2683105,nan,-1.9965674764980273e-20
1240215502.2685547,nan,-1.9565832457801766e-20
1240215502.2687988,nan,-2.3137803327438648e-20
1240215502.269043,nan,-2.9638427247173024e-20
1240215502.269287,nan,-3.9405634038623386e-20
1240215502.2695312,nan,-4.2849245711842134e-20
1240215502.2697754,nan,-4.0010249909764303e-20
1240215502.2700195,nan,-3.493310633210282e-20
1240215502.2702637,nan,-2.9248386985529047e-20
1240215502.2705078,nan,-2.808832526176336e-20
1240215502.270752,nan,-3.167658227507929e-20
1240215502.270996,nan,-3.99835395049382e-20
1240215502.2712402,nan,-4.795827726723221e-20
1240215502.2714844,nan,-5.0987307865321074e-20
1240215502.2717285,nan,-4.9885973137609606e-20
1240215502.2719727,nan,-4.4265642192652184e-20
1240215502.2722168,nan,-3.829760403628847e-20
1240215502.272461,nan,-3.688121834217013e-20
1240215502.272705,nan,-4.129308689105099e-20
1240215502.2729492,nan,-4.972026657454294e-20
1240215502.2731934,nan,-5.684442408326078e-20
1240215502.2734375,nan,-6.0360159850519e-20
1240215502.2736816,nan,-5.884575827912974e-20
1240215502.2739258,nan,-5.294898111098379e-20
1240215502.27417,nan,-4.774242387793248e-20
1240215502.274414,nan,-4.61890579549316e-20
1240215502.2746582,nan,-5.013166441371752e-20
1240215502.2749023,nan,-5.83055841661987e-20
1240215502.2751465,nan,-6.572858496830737e-20
1240215502.2753906,nan,-6.920660716996585e-20
1240215502.2756348,nan,-6.785851006487993e-20
1240215502.275879,nan,-6.268680372701945e-20
1240215502.276123,nan,-5.661962956694665e-20
1240215502.2763672,nan,-5.502185383599508e-20
1240215502.2766113,nan,-5.982769174781097e-20
1240215502.2768555,nan,-6.721472145527356e-20
1240215502.2770996,nan,-7.469103033299631e-20
1240215502.2773438,nan,-7.800050466684048e-20
1240215502.277588,nan,-7.657369863757882e-20
1240215502.277832,nan,-7.108316847088544e-20
1240215502.2780762,nan,-6.472960617542788e-20
1240215502.2783203,nan,-6.426775267294322e-20
1240215502.2785645,nan,-6.790728405074203e-20
1240215502.2788086,nan,-7.526736080863701e-20
1240215502.2790527,nan,-8.322337228711501e-20
1240215502.2792969,nan,-8.660246444392446e-20
1240215502.279541,nan,-8.489298307153404e-20
1240215502.2797852,nan,-7.880812501392354e-20
1240215502.2800293,nan,-7.38005713264648e-20
1240215502.2802734,nan,-7.232119322034612e-20
1240215502.2805176,nan,-7.535591935492595e-20
1240215502.2807617,nan,-8.321627069305047e-20
1240215502.2810059,nan,-9.132746394806294e-20
1240215502.28125,nan,-9.497838511728659e-20
1240215502.2814941,nan,-9.27266028914555e-20
1240215502.2817383,nan,-8.73507447224394e-20
1240215502.2819824,nan,-8.191833415592924e-20
1240215502.2822266,nan,-8.035655921370178e-20
1240215502.2824707,nan,-8.384089779810371e-20
1240215502.2827148,nan,-9.098792987184045e-20
1240215502.282959,nan,-9.928507931865189e-20
1240215502.2832031,nan,-1.0255850663136881e-19
1240215502.2834473,nan,-1.0037740308543193e-19
1240215502.2836914,nan,-9.458519554390251e-20
1240215502.2839355,nan,-8.883393310965718e-20
1240215502.2841797,nan,-8.703401372822509e-20
1240215502.2844238,nan,-9.029368525596789e-20
1240215502.284668,nan,-9.9065282138643e-20
1240215502.284912,nan,-1.0584099021544835e-19
1240215502.2851562,nan,-1.0889840332645273e-19
1240215502.2854004,nan,-1.0789071257142754e-19
1240215502.2856445,nan,-1.0072251860121072e-19
1240215502.2858887,nan,-9.626933878121718e-20
1240215502.2861328,nan,-9.461600306073192e-20
1240215502.286377,nan,-9.640512853281579e-20
1240215502.286621,nan,-1.0509462375344196e-19
1240215502.2868652,nan,-1.1230758858256074e-19
1240215502.2871094,nan,-1.1526738268370534e-19
1240215502.2873535,nan,-1.1347714396730714e-19
1240215502.2875977,nan,-1.067958928211954e-19
1240215502.2878418,nan,-1.0135059862826964e-19
1240215502.288086,nan,-9.914916914471533e-20
1240215502.28833,nan,-1.0314497553257668e-19
1240215502.2885742,nan,-1.1076710969878428e-19
1240215502.2888184,nan,-1.167247883338574e-19
1240215502.2890625,nan,-1.2129139599704112e-19
1240215502.2893066,nan,-1.1912033059177826e-19
1240215502.2895508,nan,-1.125900635654567e-19
1240215502.289795,nan,-1.0740489118254931e-19
1240215502.290039,nan,-1.0407684157093328e-19
1240215502.2902832,nan,-1.074877932156065e-19
1240215502.2905273,nan,-1.153779305717458e-19
1240215502.2907715,nan,-1.2195170867381584e-19
1240215502.2910156,nan,-1.2526200484695217e-19
1240215502.2912598,nan,-1.2355415557789492e-19
1240215502.291504,nan,-1.1756726465526242e-19
1240215502.291748,nan,-1.1059162455726292e-19
1240215502.2919922,nan,-1.0884955811730285e-19
1240215502.2922363,nan,-1.1177677827730002e-19
1240215502.2924805,nan,-1.1850140618489849e-19
1240215502.2927246,nan,-1.2667160465494125e-19
1240215502.2929688,nan,-1.2900003281529254e-19
1240215502.293213,nan,-1.2678875398575408e-19
1240215502.293457,nan,-1.2016784470611545e-19
1240215502.2937012,nan,-1.1342845399050712e-19
1240215502.2939453,nan,-1.1222970505218306e-19
1240215502.2941895,nan,-1.1469104564548025e-19
1240215502.2944336,nan,-1.2105320947825746e-19
1240215502.2946777,nan,-1.2809665392033335e-19
1240215502.2949219,nan,-1.3132161380906752e-19
1240215502.295166,nan,-1.289804939232591e-19
1240215502.2954102,nan,-1.2216935764279427e-19
1240215502.2956543,nan,-1.1624544586757275e-19
1240215502.2958984,nan,-1.134957188120997e-19
1240215502.2961426,nan,-1.1613780420071762e-19
1240215502.2963867,nan,-1.2323115245814395e-19
1240215502.2966309,nan,-1.2969825178540963e-19
1240215502.296875,nan,-1.3273567375081466e-19
1240215502.2971191,nan,-1.3022424455208368e-19
1240215502.2973633,nan,-1.2351143807277824e-19
1240215502.2976074,nan,-1.1676694780181147e-19
1240215502.2978516,nan,-1.1369989728274917e-19
1240215502.2980957,nan,-1.170003384899037e-19
1240215502.2983398,nan,-1.2349613089962914e-19
1240215502.298584,nan,-1.2955971862546072e-19
1240215502.2988281,nan,-1.3349277671779887e-19
1240215502.2990723,nan,-1.3028240849088797e-19
1240215502.2993164,nan,-1.231180718755312e-19
1240215502.2995605,nan,-1.1663202614629988e-19
1240215502.2998047,nan,-1.129296446713713e-19
1240215502.3000488,nan,-1.156763319662354e-19
1240215502.300293,nan,-1.220973409288539e-19
1240215502.300537,nan,-1.2872488992209582e-19
1240215502.3007812,nan,-1.3144770760118542e-19
1240215502.3010254,nan,-1.2767237424132736e-19
1240215502.3012695,nan,-1.2165855234754377e-19
1240215502.3015137,nan,-1.1489773721838583e-19
1240215502.3017578,nan,-1.1095845832952e-19
1240215502.302002,nan,-1.1355029612526905e-19
1240215502.302246,nan,-1.1980366485966962e-19
1240215502.3024902,nan,-1.2639017963070895e-19
1240215502.3027344,nan,-1.285268578362857e-19
1240215502.3029785,nan,-1.2546437351286054e-19
1240215502.3032227,nan,-1.1863428721817392e-19
1240215502.3034668,nan,-1.1070315336929423e-19
1240215502.303711,nan,-1.0824158050206565e-19
1240215502.303955,nan,-1.1059469047861317e-19
1240215502.3041992,nan,-1.158226698575984e-19
1240215502.3044434,nan,-1.22821729879584e-19
1240215502.3046875,nan,-1.2466473388330828e-19
1240215502.3049316,nan,-1.21119512434582e-19
1240215502.3051758,nan,-1.1459468340858353e-19
1240215502.30542,nan,-1.0704478413211277e-19
1240215502.305664,nan,-1.0364877810944199e-19
1240215502.3059082,nan,-1.0568851987545182e-19
1240215502.3061523,nan,-1.1062922982719085e-19
1240215502.3063965,nan,-1.1728845108620018e-19
1240215502.3066406,nan,-1.1944486785951953e-19
1240215502.3068848,nan,-1.1529715736623519e-19
1240215502.307129,nan,-1.0886533939376065e-19
1240215502.307373,nan,-1.0106718840077444e-19
1240215502.3076172,nan,-9.710995238235371e-20
1240215502.3078613,nan,-9.893963452276945e-20
1240215502.3081055,nan,-1.0485820748462408e-19
1240215502.3083496,nan,-1.1101168403535733e-19
1240215502.3085938,nan,-1.125999919628331e-19
1240215502.308838,nan,-1.092944650793368e-19
1240215502.309082,nan,-1.0176773346569452e-19
1240215502.3093262,nan,-9.374933708567385e-20
1240215502.3095703,nan,-8.965885252663234e-20
1240215502.3098145,nan,-9.124321451734518e-20
1240215502.3100586,nan,-9.733617833832931e-20
1240215502.3103027,nan,-1.0289051745918062e-19
1240215502.3105469,nan,-1.0447423581028715e-19
1240215502.310791,nan,-1.0063319755134367e-19
1240215502.3110352,nan,-9.344381435361169e-20
1240215502.3112793,nan,-8.528773564378969e-20
1240215502.3115234,nan,-8.13296384868641e-20
1240215502.3117676,nan,-8.311892781367163e-20
1240215502.3120117,nan,-8.713766307580628e-20
1240215502.3122559,nan,-9.396017899154024e-20
1240215502.3125,nan,-9.603437948743472e-20
1240215502.3127441,nan,-9.090386292276483e-20
1240215502.3129883,nan,-8.396532204556438e-20
1240215502.3132324,nan,-7.530660070141516e-20
1240215502.3134766,nan,-7.095937917948127e-20
1240215502.3137207,nan,-7.230254490631542e-20
1240215502.3139648,nan,-7.704784167588396e-20
1240215502.314209,nan,-8.32060057202821e-20
1240215502.3144531,nan,-8.469926509812241e-20
1240215502.3146973,nan,-8.068895544567504e-20
1240215502.3149414,nan,-7.263462397607313e-20
1240215502.3151855,nan,-6.434422320806885e-20
1240215502.3154297,nan,-5.977148761183244e-20
1240215502.3156738,nan,-6.078546146797595e-20
1240215502.315918,nan,-6.574192695328153e-20
1240215502.316162,nan,-7.111958176935423e-20
1240215502.3164062,nan,-7.287655034603498e-20
1240215502.3166504,nan,-6.83319250314664e-20
1240215502.3168945,nan,-6.019031642032499e-20
1240215502.3171387,nan,-5.194673287534872e-20
1240215502.3173828,nan,-4.7338717900336405e-20
1240215502.317627,nan,-4.849021750384437e-20
1240215502.317871,nan,-5.3296694948559017e-20
1240215502.3181152,nan,-5.880092702577596e-20
1240215502.3183594,nan,-6.002004882516306e-20
1240215502.3186035,nan,-5.567899169596378e-20
1240215502.3188477,nan,-4.7548916292473696e-20
1240215502.3190918,nan,-3.8736524331618104e-20
1240215502.319336,nan,-3.392224255790742e-20
1240215502.31958,nan,-3.470066880090315e-20
1240215502.3198242,nan,-3.989167379037656e-20
1240215502.3200684,nan,-4.51135229340597e-20
1240215502.3203125,nan,-4.6599070296158337e-20
1240215502.3205566,nan,-4.19983888638205e-20
1240215502.3208008,nan,-3.3473069723161514e-20
1240215502.321045,nan,-2.535775171552936e-20
1240215502.321289,nan,-2.011201671486938e-20
1240215502.3215332,nan,-2.0168514824241637e-20
1240215502.3217773,nan,-2.5229860991794914e-20
1240215502.3220215,nan,-3.125975217030977e-20
1240215502.3222656,nan,-3.20982099071983e-20
1240215502.3225098,nan,-2.714059500205117e-20
1240215502.322754,nan,-1.906106193599511e-20
1240215502.322998,nan,-1.0030254178338883e-20
1240215502.3232422,nan,-5.017089141396066e-21
1240215502.3234863,nan,-5.910713752121307e-21
1240215502.3237305,nan,-1.0488575333810256e-20
1240215502.3239746,nan,-1.5650675479538527e-20
1240215502.3242188,nan,-1.715257621333807e-20
1240215502.324463,nan,-1.2206833326340642e-20
1240215502.324707,nan,-4.4327410343113885e-21
1240215502.3249512,nan,4.722886875541577e-21
1240215502.3251953,nan,1.129571543724844e-20
1240215502.3254395,nan,9.557183317883898e-21
1240215502.3256836,nan,4.605279874888769e-21
1240215502.3259277,nan,6.769287723532165e-23
1240215502.3261719,nan,-1.3413808693277537e-21
1240215502.326416,nan,3.506449237813272e-21
1240215502.3266602,nan,1.1855287854634467e-20
1240215502.3269043,nan,2.052140753855665e-20
1240215502.3271484,nan,2.5245173574822964e-20
1240215502.3273926,nan,2.499862702361118e-20
1240215502.3276367,nan,2.088469329965714e-20
1240215502.3278809,nan,1.5508973897755107e-20
1240215502.328125,nan,1.4496192939608023e-20
1240215502.3283691,nan,1.9050943955408456e-20
1240215502.3286133,nan,2.731412766057909e-20
1240215502.3288574,nan,3.636004283066393e-20
1240215502.3291016,nan,4.1712985109619585e-20
1240215502.3293457,nan,4.0977712472401425e-20
1240215502.3295898,nan,3.6774740403740957e-20
1240215502.329834,nan,3.209974583656197e-20
1240215502.3300781,nan,3.043806232489944e-20
1240215502.3303223,nan,3.514585438021291e-20
1240215502.3305664,nan,4.350478784822239e-20
1240215502.3308105,nan,5.1747343651818185e-20
1240215502.3310547,nan,5.749030575120784e-20
1240215502.3312988,nan,5.732851015404832e-20
1240215502.331543,nan,5.272502359410429e-20
1240215502.331787,nan,4.734093166261521e-20
1240215502.3320312,nan,4.622357482730752e-20
1240215502.3322754,nan,5.1163936533002616e-20
1240215502.3325195,nan,5.917521424908386e-20
1240215502.3327637,nan,6.819682421646447e-20
1240215502.3330078,nan,7.333436043160717e-20
1240215502.333252,nan,7.32013720280957e-20
1240215502.333496,nan,6.861667944783593e-20
1240215502.3337402,nan,6.266881875557138e-20
1240215502.3339844,nan,6.222976417730785e-20
1240215502.3342285,nan,6.647851216642619e-20
1240215502.3344727,nan,7.43480334443076e-20
1240215502.3347168,nan,8.385528025323121e-20
1240215502.334961,nan,8.905082090099546e-20
1240215502.335205,nan,8.828640409408781e-20
1240215502.3354492,nan,8.353911919090285e-20
1240215502.3356934,nan,7.889105211034829e-20
1240215502.3359375,nan,7.718027834795422e-20
1240215502.3361816,nan,8.184860996835772e-20
1240215502.3364258,nan,9.007655282627666e-20
1240215502.33667,nan,9.774971985555812e-20
1240215502.336914,nan,1.0420410237448316e-19
1240215502.3371582,nan,1.0345253457504819e-19
1240215502.3374023,nan,9.810406980532424e-20
1240215502.3376465,nan,9.347024949963166e-20
1240215502.3378906,nan,9.176139395360461e-20
1240215502.3381348,nan,9.648240812883896e-20
1240215502.338379,nan,1.0416817693451441e-19
1240215502.338623,nan,1.1285144503988074e-19
1240215502.3388672,nan,1.183190644355182e-19
1240215502.3391113,nan,1.1730510165697711e-19
1240215502.3393555,nan,1.124353397041255e-19
1240215502.3395996,nan,1.0749108639238838e-19
1240215502.3398438,nan,1.0582234623357694e-19
1240215502.340088,nan,1.0882626221569114e-19
1240215502.340332,nan,1.1771656031142623e-19
1240215502.3405762,nan,1.259083122671127e-19
1240215502.3408203,nan,1.311795636940014e-19
1240215502.3410645,nan,1.3137062078681264e-19
1240215502.3413086,nan,1.246359425218534e-19
1240215502.3415527,nan,1.20322915295696e-19
1240215502.3417969,nan,1.1867839271057307e-19
1240215502.342041,nan,1.2127661502525884e-19
1240215502.3422852,nan,1.2996567988076697e-19
1240215502.3425293,nan,1.3815485107246038e-19
1240215502.3427734,nan,1.436399603156326e-19
1240215502.3430176,nan,1.4264551628125973e-19
1240215502.3432617,nan,1.3683893288982284e-19
1240215502.3435059,nan,1.325791270519396e-19
1240215502.34375,nan,1.299148392209043e-19
1240215502.3439941,nan,1.3274481286288223e-19
1240215502.3442383,nan,1.4158122167725176e-19
1240215502.3444824,nan,1.491799516418743e-19
1240215502.3447266,nan,1.5395942842684545e-19
1240215502.3449707,nan,1.5336125963543717e-19
1240215502.3452148,nan,1.4757870814880613e-19
1240215502.345459,nan,1.421622238694913e-19
1240215502.3457031,nan,1.3943799362326188e-19
1240215502.3459473,nan,1.4323272945355512e-19
1240215502.3461914,nan,1.510757521535475e-19
1240215502.3464355,nan,1.5814551149097397e-19
1240215502.3466797,nan,1.6359606562111764e-19
1240215502.3469238,nan,1.6229460788033895e-19
1240215502.347168,nan,1.5662849994087397e-19
1240215502.347412,nan,1.5132886095802e-19
1240215502.3476562,nan,1.4803779902957078e-19
1240215502.3479004,nan,1.5160924151183756e-19
1240215502.3481445,nan,1.5912326996358164e-19
1240215502.3483887,nan,1.6635479481222898e-19
1240215502.3486328,nan,1.714640111308251e-19
1240215502.348877,nan,1.6986794076426284e-19
1240215502.349121,nan,1.6358744481341537e-19
1240215502.3493652,nan,1.5790222899369004e-19
1240215502.3496094,nan,1.5541851296846044e-19
1240215502.3498535,nan,1.5809558042596428e-19
1240215502.3500977,nan,1.6492875534056655e-19
1240215502.3503418,nan,1.7317337353563832e-19
1240215502.350586,nan,1.7789703082879702e-19
1240215502.35083,nan,1.7592426191291208e-19
1240215502.3510742,nan,1.6988269826823322e-19
1240215502.3513184,nan,1.634934711015896e-19
1240215502.3515625,nan,1.605992663187728e-19
1240215502.3518066,nan,1.6303849134593936e-19
1240215502.3520508,nan,1.6951935923545107e-19
1240215502.352295,nan,1.773766166745891e-19
1240215502.352539,nan,1.8144138803750495e-19
1240215502.3527832,nan,1.7998706006619695e-19
1240215502.3530273,nan,1.7401998026783924e-19
1240215502.3532715,nan,1.667373152220351e-19
1240215502.3535156,nan,1.6383196985335832e-19
1240215502.3537598,nan,1.6599359637577966e-19
1240215502.354004,nan,1.7269047353316487e-19
1240215502.354248,nan,1.8057372817035164e-19
1240215502.3544922,nan,1.841892202118231e-19
1240215502.3547363,nan,1.8221324901048172e-19
1240215502.3549805,nan,1.7562386203687374e-19
1240215502.3552246,nan,1.6877793992097861e-19
1240215502.3554688,nan,1.6545569972671056e-19
1240215502.355713,nan,1.6719782676659612e-19
1240215502.355957,nan,1.7350739730688236e-19
1240215502.3562012,nan,1.8052851103619704e-19
1240215502.3564453,nan,1.8493377994822288e-19
1240215502.3566895,nan,1.8230704194700999e-19
1240215502.3569336,nan,1.7528566523087756e-19
1240215502.3571777,nan,1.688328040817165e-19
1240215502.3574219,nan,1.6503764616022411e-19
1240215502.357666,nan,1.6671489457432983e-19
1240215502.3579102,nan,1.720318889773723e-19
1240215502.3581543,nan,1.789218373779785e-19
1240215502.3583984,nan,1.8324513901897511e-19
1240215502.3586426,nan,1.808745010056355e-19
1240215502.3588867,nan,1.739523584729932e-19
1240215502.3591309,nan,1.664213755807214e-19
1240215502.359375,nan,1.6221345588375402e-19
1240215502.3596191,nan,1.6386864356469168e-19
1240215502.3598633,nan,1.6929255173558687e-19
1240215502.3601074,nan,1.7579612236987775e-19
1240215502.3603516,nan,1.7955082159577104e-19
1240215502.3605957,nan,1.7745044953077098e-19
1240215502.3608398,nan,1.7021365647585948e-19
1240215502.361084,nan,1.6189739619463172e-19
1240215502.3613281,nan,1.5767076257195565e-19
1240215502.3615723,nan,1.590879732354151e-19
1240215502.3618164,nan,1.6429848207007981e-19
1240215502.3620605,nan,1.7096924051541894e-19
1240215502.3623047,nan,1.7450505168898235e-19
1240215502.3625488,nan,1.7173828070173285e-19
1240215502.362793,nan,1.6413168461228225e-19
1240215502.363037,nan,1.5601750953708065e-19
1240215502.3632812,nan,1.5149270052279764e-19
1240215502.3635254,nan,1.5249705251777488e-19
1240215502.3637695,nan,1.573747458808926e-19
1240215502.3640137,nan,1.6304778445752517e-19
1240215502.3642578,nan,1.6738875592507833e-19
1240215502.364502,nan,1.643143216842131e-19
1240215502.364746,nan,1.5544913263391977e-19
1240215502.3649902,nan,1.4805139299065076e-19
1240215502.3652344,nan,1.4289172227187835e-19
1240215502.3654785,nan,1.4340980857261953e-19
1240215502.3657227,nan,1.494235921080918e-19
1240215502.3659668,nan,1.5440450195262836e-19
1240215502.366211,nan,1.5745475388561212e-19
1240215502.366455,nan,1.5455890552278037e-19
1240215502.3666992,nan,1.4553482053086162e-19
1240215502.3669434,nan,1.3763379554843783e-19
1240215502.3671875,nan,1.3269344217633468e-19
1240215502.3674316,nan,1.334833642321633e-19
1240215502.3676758,nan,1.3834080821446304e-19
1240215502.36792,nan,1.4300860404111277e-19
1240215502.368164,nan,1.46468775034882e-19
1240215502.3684082,nan,1.4316204721106125e-19
1240215502.3686523,nan,1.3483536458866398e-19
1240215502.3688965,nan,1.2642098412120172e-19
1240215502.3691406,nan,1.209273528146629e-19
1240215502.3693848,nan,1.2113304352444032e-19
1240215502.369629,nan,1.2535450997197644e-19
1240215502.369873,nan,1.3113901324374867e-19
1240215502.3701172,nan,1.333424100267609e-19
1240215502.3703613,nan,1.3002602541202193e-19
1240215502.3706055,nan,1.2210478871673989e-19
1240215502.3708496,nan,1.1233851696059505e-19
1240215502.3710938,nan,1.0721864958317306e-19
1240215502.371338,nan,1.0793801981327873e-19
1240215502.371582,nan,1.1158284602620594e-19
1240215502.3718262,nan,1.167046496200349e-19
1240215502.3720703,nan,1.1902089834870227e-19
1240215502.3723145,nan,1.1556596731545032e-19
1240215502.3725586,nan,1.0730308396671487e-19
1240215502.3728027,nan,9.810466328916849e-20
1240215502.3730469,nan,9.26672273092069e-20
1240215502.373291,nan,9.216515807486704e-20
1240215502.3735352,nan,9.620978055734332e-20
1240215502.3737793,nan,1.0114992834516126e-19
1240215502.3740234,nan,1.0337397735168998e-19
1240215502.3742676,nan,1.0005109680673673e-19
1240215502.3745117,nan,9.085207407641076e-20
1240215502.3747559,nan,8.19422107683176e-20
1240215502.375,nan,7.595422943209616e-20
1240215502.3752441,nan,7.535772502403789e-20
1240215502.3754883,nan,8.003961472969437e-20
1240215502.3757324,nan,8.441420696659618e-20
1240215502.3759766,nan,8.657648205531761e-20
1240215502.3762207,nan,8.285841035757937e-20
1240215502.3764648,nan,7.398563741740329e-20
1240215502.376709,nan,6.45956549215909e-20
1240215502.3769531,nan,5.793404720766216e-20
1240215502.3771973,nan,5.822431073459795e-20
1240215502.3774414,nan,6.227240416184943e-20
1240215502.3776855,nan,6.635915565494407e-20
1240215502.3779297,nan,6.903555620466192e-20
1240215502.3781738,nan,6.490716911921424e-20
1240215502.378418,nan,5.603526514153715e-20
1240215502.378662,nan,4.6884572924978236e-20
1240215502.3789062,nan,3.959050355774676e-20
1240215502.3791504,nan,3.93468390884313e-20
1240215502.3793945,nan,4.383482111186405e-20
1240215502.3796387,nan,4.7562092368784874e-20
1240215502.3798828,nan,4.942860287833391e-20
1240215502.380127,nan,4.594254105112425e-20
1240215502.380371,nan,3.7030941681670587e-20
1240215502.3806152,nan,2.7338407649013304e-20
1240215502.3808594,nan,2.0897992313293442e-20
1240215502.3811035,nan,1.963716872321722e-20
1240215502.3813477,nan,2.3811094585339998e-20
1240215502.3815918,nan,2.911457339572067e-20
1240215502.381836,nan,2.977067742926196e-20
1240215502.38208,nan,2.63839558271862e-20
1240215502.3823242,nan,1.769165162118667e-20
1240215502.3825684,nan,7.446794815491207e-21
1240215502.3828125,nan,1.4957603967488179e-21
1240215502.3830566,nan,1.0115109911410473e-22
1240215502.3833008,nan,4.0259914853951585e-21
1240215502.383545,nan,9.079553896387024e-21
1240215502.383789,nan,1.0105322860527649e-20
1240215502.3840332,nan,6.31697953264015e-21
1240215502.3842773,nan,-2.247740802120046e-21
1240215502.3845215,nan,-1.2179249122518787e-20
1240215502.3847656,nan,-1.8401752700238722e-20
1240215502.3850098,nan,-2.0108644947179697e-20
1240215502.385254,nan,-1.5978013467941782e-20
1240215502.385498,nan,-1.0857565760083597e-20
1240215502.3857422,nan,-9.90044553270016e-21
1240215502.3859863,nan,-1.2903001878587415e-20
1240215502.3862305,nan,-2.248960967945959e-20
1240215502.3864746,nan,-3.261167639265706e-20
1240215502.3867188,nan,-3.8186489746651273e-20
1240215502.386963,nan,-4.0088169419052375e-20
1240215502.387207,nan,-3.6215357887244726e-20
1240215502.3874512,nan,-3.106496124868921e-20
1240215502.3876953,nan,-2.991024493275934e-20
1240215502.3879395,nan,-3.351753024746231e-20
1240215502.3881836,nan,-4.193146990339242e-20
1240215502.3884277,nan,-5.1976006293978585e-20
1240215502.3886719,nan,-5.864827749195754e-20
1240215502.388916,nan,-5.987079094493647e-20
1240215502.3891602,nan,-5.612038910092062e-20
1240215502.3894043,nan,-5.1068877854992576e-20
1240215502.3896484,nan,-4.9496309906347274e-20
1240215502.3898926,nan,-5.2867391762523474e-20
1240215502.3901367,nan,-6.179003346777812e-20
1240215502.3903809,nan,-7.188294395353799e-20
1240215502.390625,nan,-7.752667462640995e-20
1240215502.3908691,nan,-7.929286914632012e-20
1240215502.3911133,nan,-7.577975403486438e-20
1240215502.3913574,nan,-7.030774201346917e-20
1240215502.3916016,nan,-6.882657947269572e-20
1240215502.3918457,nan,-7.236013009498524e-20
1240215502.3920898,nan,-8.078051205310571e-20
1240215502.392334,nan,-9.062184560386108e-20
1240215502.3925781,nan,-9.720621079789088e-20
1240215502.3928223,nan,-9.764127637662056e-20
1240215502.3930664,nan,-9.48158933354831e-20
1240215502.3933105,nan,-8.994093399535501e-20
1240215502.3935547,nan,-8.677721722819372e-20
1240215502.3937988,nan,-9.094940061393511e-20
1240215502.394043,nan,-9.904995670371941e-20
1240215502.394287,nan,-1.087678431519373e-19
1240215502.3945312,nan,-1.158437849283456e-19
1240215502.3947754,nan,-1.1657024500540468e-19
1240215502.3950195,nan,-1.1229419253571686e-19
1240215502.3952637,nan,-1.0684204575161943e-19
1240215502.3955078,nan,-1.0517656374477508e-19
1240215502.395752,nan,-1.0801420548593315e-19
1240215502.395996,nan,-1.166408299934249e-19
1240215502.3962402,nan,-1.2645651309201913e-19
1240215502.3964844,nan,-1.3242814764843765e-19
1240215502.3967285,nan,-1.3360415978170723e-19
1240215502.3969727,nan,-1.2934948693402144e-19
1240215502.3972168,nan,-1.2412744057467897e-19
1240215502.397461,nan,-1.2196587805727147e-19
1240215502.397705,nan,-1.2497400264991233e-19
1240215502.3979492,nan,-1.3293316853744693e-19
1240215502.3981934,nan,-1.4217710294307257e-19
1240215502.3984375,nan,-1.4869944629104533e-19
1240215502.3986816,nan,-1.4930836634545237e-19
1240215502.3989258,nan,-1.4502837478041643e-19
1240215502.39917,nan,-1.3959332563501809e-19
1240215502.399414,nan,-1.368336654467406e-19
1240215502.3996582,nan,-1.4000252176160077e-19
1240215502.3999023,nan,-1.478391180649781e-19
1240215502.4001465,nan,-1.5680039977497598e-19
1240215502.4003906,nan,-1.6322505664639603e-19
1240215502.4006348,nan,-1.641626638488899e-19
1240215502.400879,nan,-1.5936303092064902e-19
1240215502.401123,nan,-1.5362830141692516e-19
1240215502.4013672,nan,-1.5029852732591093e-19
1240215502.4016113,nan,-1.5302788406716972e-19
1240215502.4018555,nan,-1.6176314211100078e-19
1240215502.4020996,nan,-1.7017408883712366e-19
1240215502.4023438,nan,-1.7609320058162685e-19
1240215502.402588,nan,-1.7690240582142654e-19
1240215502.402832,nan,-1.71940723323733e-19
1240215502.4030762,nan,-1.663913010746314e-19
1240215502.4033203,nan,-1.632260790462416e-19
1240215502.4035645,nan,-1.658384492703657e-19
1240215502.4038086,nan,-1.7359562050603683e-19
1240215502.4040527,nan,-1.818276256683799e-19
1240215502.4042969,nan,-1.8740418386094638e-19
1240215502.404541,nan,-1.8746849120105967e-19
1240215502.4047852,nan,-1.8326999076836674e-19
1240215502.4050293,nan,-1.7683592529637678e-19
1240215502.4052734,nan,-1.7308276979024755e-19
1240215502.4055176,nan,-1.7573172021701447e-19
1240215502.4057617,nan,-1.8260981216409576e-19
1240215502.4060059,nan,-1.9124460769937318e-19
1240215502.40625,nan,-1.9716458960565168e-19
1240215502.4064941,nan,-1.9693121334572135e-19
1240215502.4067383,nan,-1.921456931989571e-19
1240215502.4069824,nan,-1.8620967875010803e-19
1240215502.4072266,nan,-1.8220557830341488e-19
1240215502.4074707,nan,-1.8337830855562055e-19
1240215502.4077148,nan,-1.9128888080308758e-19
1240215502.407959,nan,-1.9905866816372006e-19
1240215502.4082031,nan,-2.0436706828521227e-19
1240215502.4084473,nan,-2.0461734448520788e-19
1240215502.4086914,nan,-1.9805182413737777e-19
1240215502.4089355,nan,-1.9285751648744244e-19
1240215502.4091797,nan,-1.892820181280946e-19
1240215502.4094238,nan,-1.895870179742238e-19
1240215502.409668,nan,-1.9747639420569165e-19
1240215502.409912,nan,-2.052842295679208e-19
1240215502.4101562,nan,-2.0958249858074014e-19
1240215502.4104004,nan,-2.0973761782548952e-19
1240215502.4106445,nan,-2.0389103942827597e-19
1240215502.4108887,nan,-1.967868796347967e-19
1240215502.4111328,nan,-1.9310063078995636e-19
1240215502.411377,nan,-1.938604931569124e-19
1240215502.411621,nan,-1.9989091190745889e-19
1240215502.4118652,nan,-2.091366392015215e-19
1240215502.4121094,nan,-2.1385223154344446e-19
1240215502.4123535,nan,-2.1202139651981337e-19
1240215502.4125977,nan,-2.073925591644156e-19
1240215502.4128418,nan,-1.9980116800276406e-19
1240215502.413086,nan,-1.946944437881992e-19
1240215502.41333,nan,-1.9660781039837552e-19
1240215502.4135742,nan,-2.0219223602657427e-19
1240215502.4138184,nan,-2.0978572770260708e-19
1240215502.4140625,nan,-2.1404944268834815e-19
1240215502.4143066,nan,-2.1274360982094578e-19
1240215502.4145508,nan,-2.075054500007104e-19
1240215502.414795,nan,-2.0022048345494505e-19
1240215502.415039,nan,-1.9529959526129453e-19
1240215502.4152832,nan,-1.961684819963583e-19
1240215502.4155273,nan,-2.0231919612882881e-19
1240215502.4157715,nan,-2.0895076851944445e-19
1240215502.4160156,nan,-2.1334042418219627e-19
1240215502.4162598,nan,-2.124518163887265e-19
1240215502.416504,nan,-2.0612399013755358e-19
1240215502.416748,nan,-1.9895475364967865e-19
1240215502.4169922,nan,-1.931370095515943e-19
1240215502.4172363,nan,-1.9314596843880345e-19
1240215502.4174805,nan,-1.993542494605567e-19
1240215502.4177246,nan,-2.0586536387895115e-19
1240215502.4179688,nan,-2.097400298757088e-19
1240215502.418213,nan,-2.0858162135835617e-19
1240215502.418457,nan,-2.0257952656917539e-19
1240215502.4187012,nan,-1.9455480137985623e-19
1240215502.4189453,nan,-1.8888607884031496e-19
1240215502.4191895,nan,-1.888211087056543e-19
1240215502.4194336,nan,-1.9364060070484618e-19
1240215502.4196777,nan,-2.0093398181506463e-19
1240215502.4199219,nan,-2.0511360916802464e-19
1240215502.420166,nan,-2.0329890314022931e-19
1240215502.4204102,nan,-1.9663561942974052e-19
1240215502.4206543,nan,-1.8832475764895672e-19
1240215502.4208984,nan,-1.8204747997892436e-19
1240215502.4211426,nan,-1.8159147806141956e-19
1240215502.4213867,nan,-1.8772339698025707e-19
1240215502.4216309,nan,-1.9370453921551654e-19
1240215502.421875,nan,-1.969950195125854e-19
1240215502.4221191,nan,-1.9597990922403425e-19
1240215502.4223633,nan,-1.893060128809867e-19
1240215502.4226074,nan,-1.8074870261642576e-19
1240215502.4228516,nan,-1.74101093990058e-19
1240215502.4230957,nan,-1.7347117028577326e-19
1240215502.4233398,nan,-1.7884743036916712e-19
1240215502.423584,nan,-1.8487149030745942e-19
1240215502.4238281,nan,-1.8806317478339003e-19
1240215502.4240723,nan,-1.8614239219913927e-19
1240215502.4243164,nan,-1.7899535058131945e-19
1240215502.4245605,nan,-1.7004465649589818e-19
1240215502.4248047,nan,-1.633701324452976e-19
1240215502.4250488,nan,-1.6331860302187063e-19
1240215502.425293,nan,-1.6811873821200841e-19
1240215502.425537,nan,-1.7281855561578185e-19
1240215502.4257812,nan,-1.7695066160257134e-19
1240215502.4260254,nan,-1.7543273521957452e-19
1240215502.4262695,nan,-1.669950996889667e-19
1240215502.4265137,nan,-1.5830188016987944e-19
1240215502.4267578,nan,-1.512138263842995e-19
1240215502.427002,nan,-1.5066713538420195e-19
1240215502.427246,nan,-1.5509983505030936e-19
1240215502.4274902,nan,-1.5977146227641313e-19
1240215502.4277344,nan,-1.642814868813837e-19
1240215502.4279785,nan,-1.6155141902960946e-19
1240215502.4282227,nan,-1.5337846890227428e-19
1240215502.4284668,nan,-1.4501023961768523e-19
1240215502.428711,nan,-1.377368580192511e-19
1240215502.428955,nan,-1.3626775087582336e-19
1240215502.4291992,nan,-1.4016577307560996e-19
1240215502.4294434,nan,-1.461813232086847e-19
1240215502.4296875,nan,-1.4877984461530347e-19
1240215502.4299316,nan,-1.4619783060983197e-19
1240215502.4301758,nan,-1.3878664561545663e-19
1240215502.43042,nan,-1.2862045150821921e-19
1240215502.430664,nan,-1.2255202190996052e-19
1240215502.4309082,nan,-1.2047144981050105e-19
1240215502.4311523,nan,-1.239655156827816e-19
1240215502.4313965,nan,-1.3020677849479999e-19
1240215502.4316406,nan,-1.323223468895784e-19
1240215502.4318848,nan,-1.3046724204244937e-19
1240215502.432129,nan,-1.220801062059331e-19
1240215502.432373,nan,-1.1231641484338273e-19
1240215502.4326172,nan,-1.0600997784259562e-19
1240215502.4328613,nan,-1.0272703199466111e-19
1240215502.4331055,nan,-1.0687382661504924e-19
1240215502.4333496,nan,-1.1204480249999888e-19
1240215502.4335938,nan,-1.1408048823965254e-19
1240215502.433838,nan,-1.127216552126253e-19
1240215502.434082,nan,-1.0454778184622083e-19
1240215502.4343262,nan,-9.408520021085207e-20
1240215502.4345703,nan,-8.682345278068536e-20
1240215502.4348145,nan,-8.521437377263729e-20
1240215502.4350586,nan,-8.88036629273042e-20
1240215502.4353027,nan,-9.364940079410798e-20
1240215502.4355469,nan,-9.610345317450056e-20
1240215502.435791,nan,-9.328311557331039e-20
1240215502.4360352,nan,-8.496237729020767e-20
1240215502.4362793,nan,-7.522152527794035e-20
1240215502.4365234,nan,-6.794959970407764e-20
1240215502.4367676,nan,-6.557794111430657e-20
1240215502.4370117,nan,-6.869555602006978e-20
1240215502.4372559,nan,-7.392810220519349e-20
1240215502.4375,nan,-7.602368034484913e-20
1240215502.4377441,nan,-7.304290635249548e-20
1240215502.4379883,nan,-6.562323484938662e-20
1240215502.4382324,nan,-5.530953192339274e-20
1240215502.4384766,nan,-4.728346806193281e-20
1240215502.4387207,nan,-4.5457498475040655e-20
1240215502.4389648,nan,-4.788529567581872e-20
1240215502.439209,nan,-5.3144003691945826e-20
1240215502.4394531,nan,-5.571478047009817e-20
1240215502.4396973,nan,-5.2550625915070345e-20
1240215502.4399414,nan,-4.5052253971927573e-20
1240215502.4401855,nan,-3.383550024905059e-20
1240215502.4404297,nan,-2.631923345664191e-20
1240215502.4406738,nan,-2.4892618154736385e-20
1240215502.440918,nan,-2.6907441898710683e-20
1240215502.441162,nan,-3.199701314121148e-20
1240215502.4414062,nan,-3.4931026479102185e-20
1240215502.4416504,nan,-3.177725218083328e-20
1240215502.4418945,nan,-2.3354670175765148e-20
1240215502.4421387,nan,-1.3239524313179937e-20
1240215502.4423828,nan,-5.540684233526941e-21
1240215502.442627,nan,-2.687194679304216e-21
1240215502.442871,nan,-6.0965182590384504e-21
1240215502.4431152,nan,-1.0703732511117443e-20
1240215502.4433594,nan,-1.3070485767359909e-20
1240215502.4436035,nan,-1.0151331906425429e-20
1240215502.4438477,nan,-1.523848622291198e-21
1240215502.4440918,nan,7.826472307990513e-21
1240215502.444336,nan,1.599376010020303e-20
1240215502.44458,nan,1.9117919713524924e-20
1240215502.4448242,nan,1.5785407323900872e-20
1240215502.4450684,nan,1.1030207835729375e-20
1240215502.4453125,nan,8.546968243726718e-21
1240215502.4455566,nan,1.0863972356484816e-20
1240215502.4458008,nan,1.939751685893357e-20
1240215502.446045,nan,3.034389885346175e-20
1240215502.446289,nan,3.796864860167196e-20
1240215502.4465332,nan,4.0362203980873504e-20
1240215502.4467773,nan,3.7761472201162514e-20
1240215502.4470215,nan,3.282881269355344e-20
1240215502.4472656,nan,3.032923464818325e-20
1240215502.4475098,nan,3.319400177754348e-20
1240215502.447754,nan,4.07257045747356e-20
1240215502.447998,nan,5.105565718259191e-20
1240215502.4482422,nan,5.962268460403897e-20
1240215502.4484863,nan,6.134308614412812e-20
1240215502.4487305,nan,5.891049905798573e-20
1240215502.4489746,nan,5.443320944508572e-20
1240215502.4492188,nan,5.139510214999855e-20
1240215502.449463,nan,5.414215222738489e-20
1240215502.449707,nan,6.240711203720623e-20
1240215502.4499512,nan,7.248257672123771e-20
1240215502.4501953,nan,8.02264272437088e-20
1240215502.4504395,nan,8.329580659662076e-20
1240215502.4506836,nan,7.998156384793195e-20
1240215502.4509277,nan,7.549919769563513e-20
1240215502.4511719,nan,7.290704621283916e-20
1240215502.451416,nan,7.421530246676951e-20
1240215502.4516602,nan,8.358660816618542e-20
1240215502.4519043,nan,9.375293327787189e-20
1240215502.4521484,nan,1.0040816727701624e-19
1240215502.4523926,nan,1.035085745766263e-19
1240215502.4526367,nan,1.0049569171660962e-19
1240215502.4528809,nan,9.556397456944551e-20
1240215502.453125,nan,9.297971715962725e-20
1240215502.4533691,nan,9.502858200399416e-20
1240215502.4536133,nan,1.0336551478408015e-19
1240215502.4538574,nan,1.1325899025998505e-19
1240215502.4541016,nan,1.2046375240099225e-19
1240215502.4543457,nan,1.2363739023406285e-19
1240215502.4545898,nan,1.2053782668383096e-19
1240215502.454834,nan,1.1511048387290205e-19
1240215502.4550781,nan,1.1263507161248508e-19
1240215502.4553223,nan,1.147239871803631e-19
1240215502.4555664,nan,1.2185705093032791e-19
1240215502.4558105,nan,1.3212517620277005e-19
1240215502.4560547,nan,1.400224200393442e-19
1240215502.4562988,nan,1.422613891592889e-19
1240215502.456543,nan,1.3911121082254504e-19
1240215502.456787,nan,1.3388813727631895e-19
1240215502.4570312,nan,1.3083663305635335e-19
1240215502.4572754,nan,1.3220755910176385e-19
1240215502.4575195,nan,1.4007711037261364e-19
1240215502.4577637,nan,1.4965101711079852e-19
1240215502.4580078,nan,1.5757343509222963e-19
1240215502.458252,nan,1.6032062256355342e-19
1240215502.458496,nan,1.555941975042835e-19
1240215502.4587402,nan,1.5080817696929107e-19
1240215502.4589844,nan,1.4808809026171858e-19
1240215502.4592285,nan,1.494273688408332e-19
1240215502.4594727,nan,1.56407588476958e-19
1240215502.4597168,nan,1.66124451598983e-19
1240215502.459961,nan,1.74286971374302e-19
1240215502.460205,nan,1.7626788300409555e-19
1240215502.4604492,nan,1.7249489979713614e-19
1240215502.4606934,nan,1.6637050460524518e-19
1240215502.4609375,nan,1.6348921832147924e-19
1240215502.4611816,nan,1.6543086451971437e-19
1240215502.4614258,nan,1.7175807933995384e-19
1240215502.46167,nan,1.8141759934302554e-19
1240215502.461914,nan,1.88749193831007e-19
1240215502.4621582,nan,1.906879859239745e-19
1240215502.4624023,nan,1.8782446622432345e-19
1240215502.4626465,nan,1.814222840894954e-19
1240215502.4628906,nan,1.7726665988951715e-19
1240215502.4631348,nan,1.7960809404910363e-19
1240215502.463379,nan,1.8545781106392132e-19
1240215502.463623,nan,1.945831863193065e-19
1240215502.4638672,nan,2.0259863732555515e-19
1240215502.4641113,nan,2.037015384442922e-19
1240215502.4643555,nan,2.003509852926704e-19
1240215502.4645996,nan,1.940497287633613e-19
1240215502.4648438,nan,1.9012248107351232e-19
1240215502.465088,nan,1.9133870410092667e-19
1240215502.465332,nan,1.9762659650307237e-19
1240215502.4655762,nan,2.068560161560965e-19
1240215502.4658203,nan,2.1336715588697805e-19
1240215502.4660645,nan,2.1561218886901904e-19
1240215502.4663086,nan,2.1103544980098317e-19
1240215502.4665527,nan,2.0467883475125958e-19
1240215502.4667969,nan,2.013665956470081e-19
1240215502.467041,nan,2.0124267062102244e-19
1240215502.4672852,nan,2.0768630083179542e-19
1240215502.4675293,nan,2.165574999633828e-19
1240215502.4677734,nan,2.2304116314936084e-19
1240215502.4680176,nan,2.248978319024659e-19
1240215502.4682617,nan,2.205696127016806e-19
1240215502.4685059,nan,2.138918365655654e-19
1240215502.46875,nan,2.0944004237509696e-19
1240215502.4689941,nan,2.1017312516415902e-19
1240215502.4692383,nan,2.158469992030261e-19
1240215502.4694824,nan,2.245131365495461e-19
1240215502.4697266,nan,2.3132348084253517e-19
1240215502.4699707,nan,2.3184342211775967e-19
1240215502.4702148,nan,2.274081809633219e-19
1240215502.470459,nan,2.203921331417135e-19
1240215502.4707031,nan,2.1558495948298883e-19
1240215502.4709473,nan,2.158650695583297e-19
1240215502.4711914,nan,2.2142754442829825e-19
1240215502.4714355,nan,2.306234441625013e-19
1240215502.4716797,nan,2.359074844763672e-19
1240215502.4719238,nan,2.3636483290337318e-19
1240215502.472168,nan,2.3289963794362864e-19
1240215502.472412,nan,2.252346753080425e-19
1240215502.4726562,nan,2.204294773261963e-19
1240215502.4729004,nan,2.2009702669624476e-19
1240215502.4731445,nan,2.2492284812267297e-19
1240215502.4733887,nan,2.3371189704238973e-19
1240215502.4736328,nan,2.3960704043099346e-19
1240215502.473877,nan,2.4018047748001225e-19
1240215502.474121,nan,2.349759648218804e-19
1240215502.4743652,nan,2.2755325373799457e-19
1240215502.4746094,nan,2.227604729159491e-19
1240215502.4748535,nan,2.2221666842628764e-19
1240215502.4750977,nan,2.2706254428485523e-19
1240215502.4753418,nan,2.3468218929362854e-19
1240215502.475586,nan,2.4002461557706707e-19
1240215502.47583,nan,2.4077452495799175e-19
1240215502.4760742,nan,2.35283217629172e-19
1240215502.4763184,nan,2.270638703914097e-19
1240215502.4765625,nan,2.2251068892105377e-19
1240215502.4768066,nan,2.212811291555731e-19
1240215502.4770508,nan,2.2517782887778624e-19
1240215502.477295,nan,2.3372332105724435e-19
1240215502.477539,nan,2.3933931424085195e-19
1240215502.4777832,nan,2.38981866070721e-19
1240215502.4780273,nan,2.3330793898498156e-19
1240215502.4782715,nan,2.2591499471473265e-19
1240215502.4785156,nan,2.199648881100786e-19
1240215502.4787598,nan,2.183273939274065e-19
1240215502.479004,nan,2.2330415756601315e-19
1240215502.479248,nan,2.298222184411852e-19
1240215502.4794922,nan,2.3462007495915514e-19
1240215502.4797363,nan,2.352632117893536e-19
1240215502.4799805,nan,2.2941514470169565e-19
1240215502.4802246,nan,2.2126055126231907e-19
1240215502.4804688,nan,2.1447979951939925e-19
1240215502.480713,nan,2.1301262246290006e-19
1240215502.480957,nan,2.178642622135477e-19
1240215502.4812012,nan,2.238903959628697e-19
1240215502.4814453,nan,2.289067695623618e-19
1240215502.4816895,nan,2.287293813706182e-19
1240215502.4819336,nan,2.226958355977361e-19
1240215502.4821777,nan,2.1446510927590605e-19
1240215502.4824219,nan,2.0668728150270972e-19
1240215502.482666,nan,2.0569555276756057e-19
1240215502.4829102,nan,2.1008367377100737e-19
1240215502.4831543,nan,2.1570490565387815e-19
1240215502.4833984,nan,2.2068736725867005e-19
1240215502.4836426,nan,2.2024649248616995e-19
1240215502.4838867,nan,2.138353176391559e-19
1240215502.4841309,nan,2.0466799762077433e-19
1240215502.484375,nan,1.9751827462120982e-19
1240215502.4846191,nan,1.9626859646644167e-19
1240215502.4848633,nan,1.9991950426444592e-19
1240215502.4851074,nan,2.0523797221902353e-19
1240215502.4853516,nan,2.0924171074903796e-19
1240215502.4855957,nan,2.0943586111854408e-19
1240215502.4858398,nan,2.0293913109063752e-19
1240215502.486084,nan,1.9307032928930903e-19
1240215502.4863281,nan,1.8618589826774149e-19
1240215502.4865723,nan,1.8370321707666937e-19
1240215502.4868164,nan,1.8733463442956407e-19
1240215502.4870605,nan,1.9373479855609474e-19
1240215502.4873047,nan,1.9623967146199557e-19
1240215502.4875488,nan,1.9584244718826433e-19
1240215502.487793,nan,1.8992369126976728e-19
1240215502.488037,nan,1.7989290617723232e-19
1240215502.4882812,nan,1.7261676176830319e-19
1240215502.4885254,nan,1.6929259485282985e-19
1240215502.4887695,nan,1.723611439060491e-19
1240215502.4890137,nan,1.7861433807079827e-19
1240215502.4892578,nan,1.8223663989154837e-19
1240215502.489502,nan,1.8086999133920602e-19
1240215502.489746,nan,1.7403593203074189e-19
1240215502.4899902,nan,1.6461938927896664e-19
1240215502.4902344,nan,1.5640912795806822e-19
1240215502.4904785,nan,1.53366099395714e-19
1240215502.4907227,nan,1.5626491256600353e-19
1240215502.4909668,nan,1.6136312806376144e-19
1240215502.491211,nan,1.6471646706327378e-19
1240215502.491455,nan,1.6372809964284987e-19
1240215502.4916992,nan,1.5692842432533038e-19
1240215502.4919434,nan,1.462047617968292e-19
1240215502.4921875,nan,1.3871182337657105e-19
1240215502.4924316,nan,1.3595483984739892e-19
1240215502.4926758,nan,1.3697297459347201e-19
1240215502.49292,nan,1.4298502292717985e-19
1240215502.493164,nan,1.472501315227676e-19
1240215502.4934082,nan,1.4462624956266457e-19
1240215502.4936523,nan,1.3731916498923407e-19
1240215502.4938965,nan,1.2804802484736607e-19
1240215502.4941406,nan,1.1874044149335044e-19
1240215502.4943848,nan,1.146972946801142e-19
1240215502.494629,nan,1.180266105840563e-19
1240215502.494873,nan,1.2281014911344046e-19
1240215502.4951172,nan,1.258293581718174e-19
1240215502.4953613,nan,1.2426041085047647e-19
1240215502.4956055,nan,1.1645477962610093e-19
1240215502.4958496,nan,1.0681885652668373e-19
1240215502.4960938,nan,9.781694779490413e-20
1240215502.496338,nan,9.392222924232857e-20
1240215502.496582,nan,9.601216341104379e-20
1240215502.4968262,nan,1.0039831035435936e-19
1240215502.4970703,nan,1.0428794641011815e-19
1240215502.4973145,nan,1.0188192971548553e-19
1240215502.4975586,nan,9.41583424419835e-20
1240215502.4978027,nan,8.438393708546412e-20
1240215502.4980469,nan,7.475697931634155e-20
1240215502.498291,nan,7.104055265221899e-20
1240215502.4985352,nan,7.282600705370574e-20
1240215502.4987793,nan,7.740323647135844e-20
1240215502.4990234,nan,8.130341375532735e-20
1240215502.4992676,nan,7.82120103060997e-20
1240215502.4995117,nan,7.052316505638449e-20
1240215502.4997559,nan,6.069645495964804e-20
1240215502.5,nan,5.082654096463904e-20
1240215502.5002441,nan,4.72059026950074e-20
1240215502.5004883,nan,4.844893044132561e-20
1240215502.5007324,nan,5.248932631923303e-20
1240215502.5009766,nan,5.658671043028922e-20
1240215502.5012207,nan,5.377173510890168e-20
1240215502.5014648,nan,4.5585446470315163e-20
1240215502.501709,nan,3.5243070436569036e-20
1240215502.5019531,nan,2.596204766927188e-20
1240215502.5021973,nan,2.2259699764271384e-20
1240215502.5024414,nan,2.3048657320602574e-20
1240215502.5026855,nan,2.735432385607348e-20
1240215502.5029297,nan,3.0977563112731296e-20
1240215502.5031738,nan,2.826687100165924e-20
1240215502.503418,nan,2.0912939985957014e-20
1240215502.503662,nan,1.0468081395809604e-20
1240215502.5039062,nan,4.437100291696293e-22
1240215502.5041504,nan,-3.800526820786968e-21
1240215502.5043945,nan,-2.7209705525589514e-21
1240215502.5046387,nan,1.8133307438877188e-21
1240215502.5048828,nan,4.773825954430687e-21
1240215502.505127,nan,2.1353812349179866e-21
1240215502.505371,nan,-5.40398748663587e-21
1240215502.5056152,nan,-1.6662119630352845e-20
1240215502.5058594,nan,-2.6106391355640167e-20
1240215502.5061035,nan,-2.950526840233876e-20
1240215502.5063477,nan,-2.8715807717846595e-20
1240215502.5065918,nan,-2.4149291189880185e-20
1240215502.506836,nan,-2.1598318026782267e-20
1240215502.50708,nan,-2.4207080604255208e-20
1240215502.5073242,nan,-3.1233458526400515e-20
1240215502.5075684,nan,-4.301343375513155e-20
1240215502.5078125,nan,-5.199113498274122e-20
1240215502.5080566,nan,-5.588099030137628e-20
1240215502.5083008,nan,-5.562551836239487e-20
1240215502.508545,nan,-5.0499516567581284e-20
1240215502.508789,nan,-4.7962244157740455e-20
1240215502.5090332,nan,-5.0419023192761344e-20
1240215502.5092773,nan,-5.766223782151742e-20
1240215502.5095215,nan,-6.958361655968711e-20
1240215502.5097656,nan,-7.816560910769693e-20
1240215502.5100098,nan,-8.206755934859688e-20
1240215502.510254,nan,-8.19670690596591e-20
1240215502.510498,nan,-7.699102774081663e-20
1240215502.5107422,nan,-7.400805722136868e-20
1240215502.5109863,nan,-7.6687819785328e-20
1240215502.5112305,nan,-8.399756614759992e-20
1240215502.5114746,nan,-9.50157451979131e-20
1240215502.5117188,nan,-1.042321648287208e-19
1240215502.511963,nan,-1.0862205578171575e-19
1240215502.512207,nan,-1.073515637790947e-19
1240215502.5124512,nan,-1.0274351645883082e-19
1240215502.5126953,nan,-9.967013731457934e-20
1240215502.5129395,nan,-1.0157810536439464e-19
1240215502.5131836,nan,-1.0994733503483308e-19
1240215502.5134277,nan,-1.2023792476955262e-19
1240215502.5136719,nan,-1.2932432613924294e-19
1240215502.513916,nan,-1.339126790415098e-19
1240215502.5141602,nan,-1.3234075537059143e-19
1240215502.5144043,nan,-1.284982871759675e-19
1240215502.5146484,nan,-1.2489704287888613e-19
1240215502.5148926,nan,-1.2632523237109388e-19
1240215502.5151367,nan,-1.3410749468416105e-19
1240215502.5153809,nan,-1.4465254095230984e-19
1240215502.515625,nan,-1.539067440730492e-19
1240215502.5158691,nan,-1.573329869426627e-19
1240215502.5161133,nan,-1.5630249265796883e-19
1240215502.5163574,nan,-1.5226631194565005e-19
1240215502.5166016,nan,-1.4838721826964158e-19
1240215502.5168457,nan,-1.4985784800408081e-19
1240215502.5170898,nan,-1.5717054152309597e-19
1240215502.517334,nan,-1.6798474636430504e-19
1240215502.5175781,nan,-1.7742862666193305e-19
1240215502.5178223,nan,-1.8144930462612829e-19
1240215502.5180664,nan,-1.793296680860168e-19
1240215502.5183105,nan,-1.742340476891161e-19
1240215502.5185547,nan,-1.7135176381215367e-19
1240215502.5187988,nan,-1.7237961135376028e-19
1240215502.519043,nan,-1.7883491059621324e-19
1240215502.519287,nan,-1.8969878072832772e-19
1240215502.5195312,nan,-1.9878015720292969e-19
1240215502.5197754,nan,-2.0257870238731185e-19
1240215502.5200195,nan,-2.005683192224337e-19
1240215502.5202637,nan,-1.9545844145857825e-19
1240215502.5205078,nan,-1.9195496138354012e-19
1240215502.520752,nan,-1.927150450475385e-19
1240215502.520996,nan,-1.9940705257452043e-19
1240215502.5212402,nan,-2.0986262474817752e-19
1240215502.5214844,nan,-2.185190180392374e-19
1240215502.5217285,nan,-2.2184041070892347e-19
1240215502.5219727,nan,-2.194782148786083e-19
1240215502.5222168,nan,-2.1429222140985255e-19
1240215502.522461,nan,-2.1043544655556856e-19
1240215502.522705,nan,-2.1105539903862077e-19
1240215502.5229492,nan,-2.1754571629744235e-19
1240215502.5231934,nan,-2.275789092256035e-19
1240215502.5234375,nan,-2.3653138204557886e-19
1240215502.5236816,nan,-2.3979205300658877e-19
1240215502.5239258,nan,-2.3664989072470495e-19
1240215502.52417,nan,-2.3150099046195013e-19
1240215502.524414,nan,-2.2671866798414015e-19
1240215502.5246582,nan,-2.272224797072659e-19
1240215502.5249023,nan,-2.343291845112788e-19
1240215502.5251465,nan,-2.42745487960412e-19
1240215502.5253906,nan,-2.5067981530469377e-19
1240215502.5256348,nan,-2.542605946469271e-19
1240215502.525879,nan,-2.5145608668848597e-19
1240215502.526123,nan,-2.461018385729395e-19
1240215502.5263672,nan,-2.4142129845101264e-19
1240215502.5266113,nan,-2.409738930169423e-19
1240215502.5268555,nan,-2.472484508143672e-19
1240215502.5270996,nan,-2.571094955011934e-19
1240215502.5273438,nan,-2.639343193763293e-19
1240215502.527588,nan,-2.6663550540651676e-19
1240215502.527832,nan,-2.6426708294789554e-19
1240215502.5280762,nan,-2.5769295317828897e-19
1240215502.5283203,nan,-2.5241372471833075e-19
1240215502.5285645,nan,-2.523279823385154e-19
1240215502.5288086,nan,-2.583446868185455e-19
1240215502.5290527,nan,-2.66001165565198e-19
1240215502.5292969,nan,-2.7418063951936723e-19
1240215502.529541,nan,-2.7709848816879026e-19
1240215502.5297852,nan,-2.726469888443026e-19
1240215502.5300293,nan,-2.6762528929789324e-19
1240215502.5302734,nan,-2.612690675982724e-19
1240215502.5305176,nan,-2.600842599513127e-19
1240215502.5307617,nan,-2.6647457295447244e-19
1240215502.5310059,nan,-2.7376314473625275e-19
1240215502.53125,nan,-2.8160004380594903e-19
1240215502.5314941,nan,-2.839331653150153e-19
1240215502.5317383,nan,-2.796261099877932e-19
1240215502.5319824,nan,-2.7332854211690637e-19
1240215502.5322266,nan,-2.6703361170180075e-19
1240215502.5324707,nan,-2.664664175744986e-19
1240215502.5327148,nan,-2.7118509504666653e-19
1240215502.532959,nan,-2.7821834371665906e-19
1240215502.5332031,nan,-2.8611734138470565e-19
1240215502.5334473,nan,-2.8790965346504683e-19
1240215502.5336914,nan,-2.8362619739175015e-19
1240215502.5339355,nan,-2.763187057191092e-19
1240215502.5341797,nan,-2.695024945442914e-19
1240215502.5344238,nan,-2.689078687119175e-19
1240215502.534668,nan,-2.726652911589726e-19
1240215502.534912,nan,-2.8019857249725027e-19
1240215502.5351562,nan,-2.8731121819679807e-19
1240215502.5354004,nan,-2.8803880736191613e-19
1240215502.5356445,nan,-2.8350620281260805e-19
1240215502.5358887,nan,-2.7602094252929786e-19
1240215502.5361328,nan,-2.6954213516902117e-19
1240215502.536377,nan,-2.6757637903514236e-19
1240215502.536621,nan,-2.7120589022958943e-19
1240215502.5368652,nan,-2.7854745745356493e-19
1240215502.5371094,nan,-2.842958585407989e-19
1240215502.5373535,nan,-2.856799085631569e-19
1240215502.5375977,nan,-2.820255431371674e-19
1240215502.5378418,nan,-2.7330252716807636e-19
1240215502.538086,nan,-2.650241820460338e-19
1240215502.53833,nan,-2.637273934525871e-19
1240215502.5385742,nan,-2.6731278261107933e-19
1240215502.5388184,nan,-2.7320108193771757e-19
1240215502.5390625,nan,-2.7886207088464353e-19
1240215502.5393066,nan,-2.802396151628247e-19
1240215502.5395508,nan,-2.753786618427673e-19
1240215502.539795,nan,-2.665489122665445e-19
1240215502.540039,nan,-2.5915350817897945e-19
1240215502.5402832,nan,-2.5596329041890843e-19
1240215502.5405273,nan,-2.596458451269566e-19
1240215502.5407715,nan,-2.661008779670897e-19
1240215502.5410156,nan,-2.703524977595427e-19
1240215502.5412598,nan,-2.71364783722676e-19
1240215502.541504,nan,-2.6589770993363518e-19
1240215502.541748,nan,-2.5693168712268855e-19
1240215502.5419922,nan,-2.4898407647797363e-19
1240215502.5422363,nan,-2.4560317415106943e-19
1240215502.5424805,nan,-2.4904930632331443e-19
1240215502.5427246,nan,-2.54987005896499e-19
1240215502.5429688,nan,-2.5924970610948437e-19
1240215502.543213,nan,-2.589544526879729e-19
1240215502.543457,nan,-2.540943686935379e-19
1240215502.5437012,nan,-2.4484796655535215e-19
1240215502.5439453,nan,-2.354338212242993e-19
1240215502.5441895,nan,-2.325430790257144e-19
1240215502.5444336,nan,-2.3537942752979462e-19
1240215502.5446777,nan,-2.406018922347106e-19
1240215502.5449219,nan,-2.4454598111969435e-19
1240215502.545166,nan,-2.4466100547092083e-19
1240215502.5454102,nan,-2.3883746494644314e-19
1240215502.5456543,nan,-2.285276852024917e-19
1240215502.5458984,nan,-2.2032573398704363e-19
1240215502.5461426,nan,-2.1665053008033289e-19
1240215502.5463867,nan,-2.184713968136352e-19
1240215502.5466309,nan,-2.237344334179895e-19
1240215502.546875,nan,-2.2719641427550666e-19
1240215502.5471191,nan,-2.269497694565834e-19
1240215502.5473633,nan,-2.2092762395086994e-19
1240215502.5476074,nan,-2.1055463600564322e-19
1240215502.5478516,nan,-2.0130651382177174e-19
1240215502.5480957,nan,-1.9700228068717558e-19
1240215502.5483398,nan,-1.9881592188449385e-19
1240215502.548584,nan,-2.0387692899694317e-19
1240215502.5488281,nan,-2.0755354419323476e-19
1240215502.5490723,nan,-2.0726249412775578e-19
1240215502.5493164,nan,-2.0076071772450262e-19
1240215502.5495605,nan,-1.9003045870587899e-19
1240215502.5498047,nan,-1.8074304064400592e-19
1240215502.5500488,nan,-1.7645544705118245e-19
1240215502.550293,nan,-1.7722225192266482e-19
1240215502.550537,nan,-1.8162025555770233e-19
1240215502.5507812,nan,-1.853783164976319e-19
1240215502.5510254,nan,-1.8400591470677172e-19
1240215502.5512695,nan,-1.7762810335279718e-19
1240215502.5515137,nan,-1.6672198446520762e-19
1240215502.5517578,nan,-1.5660476850777795e-19
1240215502.552002,nan,-1.5273615967755834e-19
1240215502.552246,nan,-1.5303677619466154e-19
1240215502.5524902,nan,-1.5749067914584002e-19
1240215502.5527344,nan,-1.614337265638241e-19
1240215502.5529785,nan,-1.5914036954716406e-19
1240215502.5532227,nan,-1.5245554833064592e-19
1240215502.5534668,nan,-1.419655437174479e-19
1240215502.553711,nan,-1.3216620540466749e-19
1240215502.553955,nan,-1.2659945154942345e-19
1240215502.5541992,nan,-1.2652838531988053e-19
1240215502.5544434,nan,-1.3151477362207836e-19
1240215502.5546875,nan,-1.3488229661292364e-19
1240215502.5549316,nan,-1.329192585861955e-19
1240215502.5551758,nan,-1.2564000707840497e-19
1240215502.55542,nan,-1.1480657915727864e-19
1240215502.555664,nan,-1.0455036639984675e-19
1240215502.5559082,nan,-9.927874489102482e-20
1240215502.5561523,nan,-1.0017549100192609e-19
1240215502.5563965,nan,-1.0407878377576848e-19
1240215502.5566406,nan,-1.0692562757158592e-19
1240215502.5568848,nan,-1.0513692607420538e-19
1240215502.557129,nan,-9.79224172346543e-20
1240215502.557373,nan,-8.6656582019944e-20
1240215502.5576172,nan,-7.56772835145226e-20
1240215502.5578613,nan,-7.068909543415555e-20
1240215502.5581055,nan,-7.162536637718163e-20
1240215502.5583496,nan,-7.478817031724126e-20
1240215502.5585938,nan,-7.70234456880129e-20
1240215502.558838,nan,-7.554719473278799e-20
1240215502.559082,nan,-6.88272673640406e-20
1240215502.5593262,nan,-5.754370980082183e-20
1240215502.5595703,nan,-4.643373060744664e-20
1240215502.5598145,nan,-4.09667149280363e-20
1240215502.5600586,nan,-4.135809011032968e-20
1240215502.5603027,nan,-4.472602992986123e-20
1240215502.5605469,nan,-4.755385943742537e-20
1240215502.560791,nan,-4.614505642011977e-20
1240215502.5610352,nan,-3.788588188365151e-20
1240215502.5612793,nan,-2.6819321416362544e-20
1240215502.5615234,nan,-1.6647762349287255e-20
1240215502.5617676,nan,-1.0553694927036532e-20
1240215502.5620117,nan,-1.1194230804749929e-20
1240215502.5622559,nan,-1.434772801692521e-20
1240215502.5625,nan,-1.7157979445499116e-20
1240215502.5627441,nan,-1.560228264607581e-20
1240215502.5629883,nan,-7.832412974669555e-21
1240215502.5632324,nan,3.668671966110018e-21
1240215502.5634766,nan,1.4727651034881667e-20
1240215502.5637207,nan,1.939786437246574e-20
1240215502.5639648,nan,1.9566624853481424e-20
1240215502.564209,nan,1.6813565850189956e-20
1240215502.5644531,nan,1.3413065008970056e-20
1240215502.5646973,nan,1.5098059844115156e-20
1240215502.5649414,nan,2.2697480255530706e-20
1240215502.5651855,nan,3.420890990929485e-20
1240215502.5654297,nan,4.4503911609577165e-20
1240215502.5656738,nan,5.0275188176105935e-20
1240215502.565918,nan,5.046198462748177e-20
1240215502.566162,nan,4.648614635224372e-20
1240215502.5664062,nan,4.4074450010081595e-20
1240215502.5666504,nan,4.566839107706389e-20
1240215502.5668945,nan,5.241808393083522e-20
1240215502.5671387,nan,6.462788001497565e-20
1240215502.5673828,nan,7.518144050033208e-20
1240215502.567627,nan,8.043334783166839e-20
1240215502.567871,nan,8.066423439536627e-20
1240215502.5681152,nan,7.67307402874485e-20
1240215502.5683594,nan,7.361324942408628e-20
1240215502.5686035,nan,7.519245088140988e-20
1240215502.5688477,nan,8.286649986136268e-20
1240215502.5690918,nan,9.426886975025289e-20
1240215502.569336,nan,1.0441900611872992e-19
1240215502.56958,nan,1.0982928187025242e-19
1240215502.5698242,nan,1.0983531494449805e-19
1240215502.5700684,nan,1.0566779076466781e-19
1240215502.5703125,nan,1.0219711688557587e-19
1240215502.5705566,nan,1.0451697631056093e-19
1240215502.5708008,nan,1.1116512599677324e-19
1240215502.571045,nan,1.2231449326465467e-19
1240215502.571289,nan,1.3331332070526106e-19
1240215502.5715332,nan,1.3818661879670591e-19
1240215502.5717773,nan,1.3800825097622762e-19
1240215502.5720215,nan,1.3391543152424574e-19
1240215502.5722656,nan,1.3084646691960437e-19
1240215502.5725098,nan,1.3165638422116167e-19
1240215502.572754,nan,1.3857662276514283e-19
1240215502.572998,nan,1.4958076787251502e-19
1240215502.5732422,nan,1.5939285836348013e-19
1240215502.5734863,nan,1.6531435665455235e-19
1240215502.5737305,nan,1.646672764101231e-19
1240215502.5739746,nan,1.6045116329496692e-19
1240215502.5742188,nan,1.567303147533682e-19
1240215502.574463,nan,1.5755026876397631e-19
1240215502.574707,nan,1.6453936202093593e-19
1240215502.5749512,nan,1.7515175741100332e-19
1240215502.5751953,nan,1.85666542462031e-19
1240215502.5754395,nan,1.9005431612423294e-19
1240215502.5756836,nan,1.890037184751782e-19
1240215502.5759277,nan,1.8501422180202558e-19
1240215502.5761719,nan,1.808251608946775e-19
1240215502.576416,nan,1.8191618294377051e-19
1240215502.5766602,nan,1.8787381091164208e-19
1240215502.5769043,nan,1.9856983658244524e-19
1240215502.5771484,nan,2.0887431924161721e-19
1240215502.5773926,nan,2.1258544672583524e-19
1240215502.5776367,nan,2.1209964873136234e-19
1240215502.5778809,nan,2.0766976626929072e-19
1240215502.578125,nan,2.0315473886492674e-19
1240215502.5783691,nan,2.0392342719570092e-19
1240215502.5786133,nan,2.093210738257293e-19
1240215502.5788574,nan,2.1949467207336187e-19
1240215502.5791016,nan,2.2972010855698836e-19
1240215502.5793457,nan,2.3398790132264185e-19
1240215502.5795898,nan,2.323090552204289e-19
1240215502.579834,nan,2.272642407624038e-19
1240215502.5800781,nan,2.231434854779622e-19
1240215502.5803223,nan,2.2318958747206972e-19
1240215502.5805664,nan,2.289570754908146e-19
1240215502.5808105,nan,2.3877805663693943e-19
1240215502.5810547,nan,2.4753068679987894e-19
1240215502.5812988,nan,2.517683719733891e-19
1240215502.581543,nan,2.5041302120141133e-19
1240215502.581787,nan,2.446040241933292e-19
1240215502.5820312,nan,2.4009536002981127e-19
1240215502.5822754,nan,2.399231171561748e-19
1240215502.5825195,nan,2.448898568117813e-19
1240215502.5827637,nan,2.548907131030489e-19
1240215502.5830078,nan,2.630775348648141e-19
1240215502.583252,nan,2.665924397941337e-19
1240215502.583496,nan,2.6515168072392887e-19
1240215502.5837402,nan,2.59837269752078e-19
1240215502.5839844,nan,2.54887718018808e-19
1240215502.5842285,nan,2.535659138973624e-19
1240215502.5844727,nan,2.595352014887437e-19
1240215502.5847168,nan,2.6845730448849495e-19
1240215502.584961,nan,2.7545487532217016e-19
1240215502.585205,nan,2.798208373412387e-19
1240215502.5854492,nan,2.7771647690798447e-19
1240215502.5856934,nan,2.707374341463018e-19
1240215502.5859375,nan,2.6578402838717737e-19
1240215502.5861816,nan,2.6486291294395807e-19
1240215502.5864258,nan,2.694266020284113e-19
1240215502.58667,nan,2.7810375814066864e-19
1240215502.586914,nan,2.852936699071705e-19
1240215502.5871582,nan,2.893381992985061e-19
1240215502.5874023,nan,2.8689644931183244e-19
1240215502.5876465,nan,2.797094238308761e-19
1240215502.5878906,nan,2.7426832867169836e-19
1240215502.5881348,nan,2.726267692031184e-19
1240215502.588379,nan,2.766902282500564e-19
1240215502.588623,nan,2.8457327177328573e-19
1240215502.5888672,nan,2.923413925855071e-19
1240215502.5891113,nan,2.955714326919177e-19
1240215502.5893555,nan,2.922220176985275e-19
1240215502.5895996,nan,2.8509118593968007e-19
1240215502.5898438,nan,2.786660443055083e-19
1240215502.590088,nan,2.773245768775169e-19
1240215502.590332,nan,2.811532837445352e-19
1240215502.5905762,nan,2.88571530323025e-19
1240215502.5908203,nan,2.960848583726352e-19
1240215502.5910645,nan,2.9839260049592e-19
1240215502.5913086,nan,2.9490083365889784e-19
1240215502.5915527,nan,2.8810138796407274e-19
1240215502.5917969,nan,2.8089403750760144e-19
1240215502.592041,nan,2.786357776933495e-19
1240215502.5922852,nan,2.8254449359176603e-19
1240215502.5925293,nan,2.890534317427328e-19
1240215502.5927734,nan,2.95980891947594e-19
1240215502.5930176,nan,2.988205079481829e-19
1240215502.5932617,nan,2.9441151162995193e-19
1240215502.5935059,nan,2.8716124898541004e-19
1240215502.59375,nan,2.8042794426095406e-19
1240215502.5939941,nan,2.771141432435238e-19
1240215502.5942383,nan,2.8034092361984967e-19
1240215502.5944824,nan,2.8669838871522584e-19
1240215502.5947266,nan,2.930907510780745e-19
1240215502.5949707,nan,2.959229235374897e-19
1240215502.5952148,nan,2.906079414593021e-19
1240215502.595459,nan,2.827243777233251e-19
1240215502.5957031,nan,2.765347088306354e-19
1240215502.5959473,nan,2.7242235304448087e-19
1240215502.5961914,nan,2.747414588939073e-19
1240215502.5964355,nan,2.8199345258728336e-19
1240215502.5966797,nan,2.879116792298099e-19
1240215502.5969238,nan,2.886745258469501e-19
1240215502.597168,nan,2.8433488560154824e-19
1240215502.597412,nan,2.7619793393325615e-19
1240215502.5976562,nan,2.6822718414122595e-19
1240215502.5979004,nan,2.652234695355296e-19
1240215502.5981445,nan,2.6662964503737685e-19
1240215502.5983887,nan,2.7269978077203875e-19
1240215502.5986328,nan,2.7931307212285823e-19
1240215502.598877,nan,2.800084251518964e-19
1240215502.599121,nan,2.753622694134247e-19
1240215502.5993652,nan,2.6631836249131e-19
1240215502.5996094,nan,2.5786460191267677e-19
1240215502.5998535,nan,2.5351249255248433e-19
1240215502.6000977,nan,2.555082585806288e-19
1240215502.6003418,nan,2.6276352714552156e-19
1240215502.600586,nan,2.666226038334839e-19
1240215502.60083,nan,2.671962241873403e-19
1240215502.6010742,nan,2.632652902302323e-19
1240215502.6013184,nan,2.5364690932029163e-19
1240215502.6015625,nan,2.4529732422792634e-19
1240215502.6018066,nan,2.407816979502912e-19
1240215502.6020508,nan,2.424756657594412e-19
1240215502.602295,nan,2.479811445342875e-19
1240215502.602539,nan,2.5255636841598173e-19
1240215502.6027832,nan,2.5393225230285827e-19
1240215502.6030273,nan,2.4773495280944056e-19
1240215502.6032715,nan,2.3810019207365006e-19
1240215502.6035156,nan,2.2983457519215273e-19
1240215502.6037598,nan,2.2521320935223105e-19
1240215502.604004,nan,2.2664806033509344e-19
1240215502.604248,nan,2.3126888996040946e-19
1240215502.6044922,nan,2.363502719409266e-19
1240215502.6047363,nan,2.36568780999949e-19
1240215502.6049805,nan,2.3047243367561314e-19
1240215502.6052246,nan,2.2119176129601564e-19
1240215502.6054688,nan,2.1185795005472244e-19
1240215502.605713,nan,2.0688801736604017e-19
1240215502.605957,nan,2.0749515247776533e-19
1240215502.6062012,nan,2.1269904321716854e-19
1240215502.6064453,nan,2.1723476965474743e-19
1240215502.6066895,nan,2.1690936314290967e-19
1240215502.6069336,nan,2.1110317048336014e-19
1240215502.6071777,nan,2.0145220449898994e-19
1240215502.6074219,nan,1.9203770969652756e-19
1240215502.607666,nan,1.870225222650176e-19
1240215502.6079102,nan,1.8769200215412335e-19
1240215502.6081543,nan,1.915895851514368e-19
1240215502.6083984,nan,1.9601800060513589e-19
1240215502.6086426,nan,1.9559162092913697e-19
1240215502.6088867,nan,1.8911285459078122e-19
1240215502.6091309,nan,1.7933798055953434e-19
1240215502.609375,nan,1.6960060418526277e-19
1240215502.6096191,nan,1.6506308988155807e-19
1240215502.6098633,nan,1.65382515045488e-19
1240215502.6101074,nan,1.6886280362152572e-19
1240215502.6103516,nan,1.7282940055211844e-19
1240215502.6105957,nan,1.726901125669413e-19
1240215502.6108398,nan,1.6646755948312948e-19
1240215502.611084,nan,1.5640047242543677e-19
1240215502.6113281,nan,1.4627084020926646e-19
1240215502.6115723,nan,1.3994338916163767e-19
1240215502.6118164,nan,1.4078710603397154e-19
1240215502.6120605,nan,1.448596516986971e-19
1240215502.6123047,nan,1.4862837734212484e-19
1240215502.6125488,nan,1.482357225569613e-19
1240215502.612793,nan,1.412109430423593e-19
1240215502.613037,nan,1.314489744444969e-19
1240215502.6132812,nan,1.2114197397881043e-19
1240215502.6135254,nan,1.1494754417410715e-19
1240215502.6137695,nan,1.1542931196187665e-19
1240215502.6140137,nan,1.198004762703673e-19
1240215502.6142578,nan,1.2296840729083688e-19
1240215502.614502,nan,1.2241428515144127e-19
1240215502.614746,nan,1.157378268186064e-19
1240215502.6149902,nan,1.0470368328653962e-19
1240215502.6152344,nan,9.603553994074567e-20
1240215502.6154785,nan,8.854534626174715e-20
1240215502.6157227,nan,8.846034740064645e-20
1240215502.6159668,nan,9.399556359461316e-20
1240215502.616211,nan,9.56544698388622e-20
1240215502.616455,nan,9.548253394186856e-20
1240215502.6166992,nan,8.910001594417267e-20
1240215502.6169434,nan,7.829441636670999e-20
1240215502.6171875,nan,6.8591269357493e-20
1240215502.6174316,nan,6.19158569812782e-20
1240215502.6176758,nan,6.20608604565329e-20
1240215502.61792,nan,6.56442305669166e-20
1240215502.618164,nan,6.870779964847518e-20
1240215502.6184082,nan,6.826038704757243e-20
1240215502.6186523,nan,6.154405298393907e-20
1240215502.6188965,nan,5.029268735097025e-20
1240215502.6191406,nan,4.021376594274678e-20
1240215502.6193848,nan,3.448871178088946e-20
1240215502.619629,nan,3.3916242756813916e-20
1240215502.619873,nan,3.8024988919463375e-20
1240215502.6201172,nan,4.1341528526135956e-20
1240215502.6203613,nan,4.0585464159036705e-20
1240215502.6206055,nan,3.3991933292701606e-20
1240215502.6208496,nan,2.3310320071717963e-20
1240215502.6210938,nan,1.3075691219968135e-20
1240215502.621338,nan,6.345300047507723e-21
1240215502.621582,nan,6.092432156504563e-21
1240215502.6218262,nan,1.019007504837102e-20
1240215502.6220703,nan,1.382236522192881e-20
1240215502.6223145,nan,1.2600901048375489e-20
1240215502.6225586,nan,5.7979357533603234e-21
1240215502.6228027,nan,-4.812567111264496e-21
1240215502.6230469,nan,-1.5156737819545232e-20
1240215502.623291,nan,-2.0847622354790605e-20
1240215502.6235352,nan,-2.173868495257792e-20
1240215502.6237793,nan,-1.7680691523195137e-20
1240215502.6240234,nan,-1.3826188163860164e-20
1240215502.6242676,nan,-1.5041406091350327e-20
1240215502.6245117,nan,-2.1408289111248156e-20
1240215502.6247559,nan,-3.232558751837135e-20
1240215502.625,nan,-4.225367927567014e-20
1240215502.6252441,nan,-4.8484061062960296e-20
1240215502.6254883,nan,-4.8709813538122135e-20
1240215502.6257324,nan,-4.4856594011194273e-20
1240215502.6259766,nan,-4.1830704528299526e-20
1240215502.6262207,nan,-4.191333195325705e-20
1240215502.6264648,nan,-4.9241982776665695e-20
1240215502.626709,nan,-5.92876957790065e-20
1240215502.6269531,nan,-6.875891452303593e-20
1240215502.6271973,nan,-7.527371352126949e-20
1240215502.6274414,nan,-7.535987666233582e-20
1240215502.6276855,nan,-7.22988068476297e-20
1240215502.6279297,nan,-6.778728130207076e-20
1240215502.6281738,nan,-6.803353421330645e-20
1240215502.628418,nan,-7.548268679737461e-20
1240215502.628662,nan,-8.502765321051646e-20
1240215502.6289062,nan,-9.56989853595852e-20
1240215502.6291504,nan,-1.0184841909462526e-19
1240215502.6293945,nan,-1.0129034456641544e-19
1240215502.6296387,nan,-9.768950513647356e-20
1240215502.6298828,nan,-9.354533090074707e-20
1240215502.630127,nan,-9.409862432998879e-20
1240215502.630371,nan,-1.0065112884733892e-19
1240215502.6306152,nan,-1.1077908243763302e-19
1240215502.6308594,nan,-1.2059338376625075e-19
1240215502.6311035,nan,-1.2627919337218299e-19
1240215502.6313477,nan,-1.2712303448961314e-19
1240215502.6315918,nan,-1.220039497575165e-19
1240215502.631836,nan,-1.1804504416352972e-19
1240215502.63208,nan,-1.1881117656416583e-19
1240215502.6323242,nan,-1.2457658961837956e-19
1240215502.6325684,nan,-1.349933515079661e-19
1240215502.6328125,nan,-1.4374431220452492e-19
1240215502.6330566,nan,-1.5014826561888662e-19
1240215502.6333008,nan,-1.4957425012515927e-19
1240215502.633545,nan,-1.4477790860535206e-19
1240215502.633789,nan,-1.418929410767468e-19
1240215502.6340332,nan,-1.4143215534116957e-19
1240215502.6342773,nan,-1.471721684594426e-19
1240215502.6345215,nan,-1.5723493075556976e-19
1240215502.6347656,nan,-1.6697428211301325e-19
1240215502.6350098,nan,-1.719833612306901e-19
1240215502.635254,nan,-1.7150082412477681e-19
1240215502.635498,nan,-1.677843637812113e-19
1240215502.6357422,nan,-1.6290867420496674e-19
1240215502.6359863,nan,-1.6318133969280337e-19
1240215502.6362305,nan,-1.6830086613956476e-19
1240215502.6364746,nan,-1.7756012369732907e-19
1240215502.6367188,nan,-1.8740779623060604e-19
1240215502.636963,nan,-1.9214284121692635e-19
1240215502.637207,nan,-1.9251233096829078e-19
1240215502.6374512,nan,-1.8773181813323525e-19
1240215502.6376953,nan,-1.8272087030257936e-19
1240215502.6379395,nan,-1.8306182241698645e-19
1240215502.6381836,nan,-1.879990991354499e-19
1240215502.6384277,nan,-1.9694107916887097e-19
1240215502.6386719,nan,-2.0659273360230873e-19
1240215502.638916,nan,-2.115276637636772e-19
1240215502.6391602,nan,-2.1046720340328138e-19
1240215502.6394043,nan,-2.0532804283603473e-19
1240215502.6396484,nan,-2.005905482053431e-19
1240215502.6398926,nan,-1.9989907865769444e-19
1240215502.6401367,nan,-2.0462601398508822e-19
1240215502.6403809,nan,-2.1390524465237525e-19
1240215502.640625,nan,-2.235019241796087e-19
1240215502.6408691,nan,-2.274325126529728e-19
1240215502.6411133,nan,-2.265755020849338e-19
1240215502.6413574,nan,-2.2258820210415903e-19
1240215502.6416016,nan,-2.160891811820438e-19
1240215502.6418457,nan,-2.1545799413621852e-19
1240215502.6420898,nan,-2.209551537854137e-19
1240215502.642334,nan,-2.2864214236418777e-19
1240215502.6425781,nan,-2.3797790978359203e-19
1240215502.6428223,nan,-2.4216783027533828e-19
1240215502.6430664,nan,-2.4057142792519645e-19
1240215502.6433105,nan,-2.3593374883923025e-19
1240215502.6435547,nan,-2.3007491503365274e-19
1240215502.6437988,nan,-2.2860097819031197e-19
1240215502.644043,nan,-2.336834188833394e-19
1240215502.644287,nan,-2.4213247046401596e-19
1240215502.6445312,nan,-2.4973625682760137e-19
1240215502.6447754,nan,-2.5480128646807717e-19
1240215502.6450195,nan,-2.5335953780592967e-19
1240215502.6452637,nan,-2.467512123500109e-19
1240215502.6455078,nan,-2.413162377211462e-19
1240215502.645752,nan,-2.3994206744295943e-19
1240215502.645996,nan,-2.4459965583422837e-19
1240215502.6462402,nan,-2.521499318743278e-19
1240215502.6464844,nan,-2.5933056857090996e-19
1240215502.6467285,nan,-2.645026228578872e-19
1240215502.6469727,nan,-2.622332727518872e-19
1240215502.6472168,nan,-2.560709779952808e-19
1240215502.647461,nan,-2.505654289160208e-19
1240215502.647705,nan,-2.48052665528315e-19
1240215502.6479492,nan,-2.5227959752563336e-19
1240215502.6481934,nan,-2.601954328919787e-19
1240215502.6484375,nan,-2.6759187334680065e-19
1240215502.6486816,nan,-2.7157042865577985e-19
1240215502.6489258,nan,-2.6955634382356078e-19
1240215502.64917,nan,-2.6279018410758585e-19
1240215502.649414,nan,-2.565479361530733e-19
1240215502.6496582,nan,-2.5424854190696113e-19
1240215502.6499023,nan,-2.575891225298562e-19
1240215502.6501465,nan,-2.654174822854162e-19
1240215502.6503906,nan,-2.7294160281338575e-19
1240215502.6506348,nan,-2.762320906977423e-19
1240215502.650879,nan,-2.7359764245347996e-19
1240215502.651123,nan,-2.673761554869413e-19
1240215502.6513672,nan,-2.610125649883687e-19
1240215502.6516113,nan,-2.5767061136653093e-19
1240215502.6518555,nan,-2.6114996212870107e-19
1240215502.6520996,nan,-2.682053056460292e-19
1240215502.6523438,nan,-2.7528997258423616e-19
1240215502.652588,nan,-2.78845147168114e-19
1240215502.652832,nan,-2.7519019472570484e-19
1240215502.6530762,nan,-2.6874523885262236e-19
1240215502.6533203,nan,-2.6187305293959086e-19
1240215502.6535645,nan,-2.589207636485426e-19
1240215502.6538086,nan,-2.624379433644691e-19
1240215502.6540527,nan,-2.686516215837035e-19
1240215502.6542969,nan,-2.755921337865352e-19
1240215502.654541,nan,-2.7796846884055917e-19
1240215502.6547852,nan,-2.751889616338596e-19
1240215502.6550293,nan,-2.684674171982388e-19
1240215502.6552734,nan,-2.6068358114988313e-19
1240215502.6555176,nan,-2.5759417317969564e-19
1240215502.6557617,nan,-2.5944628325594374e-19
1240215502.6560059,nan,-2.6664165504990054e-19
1240215502.65625,nan,-2.7317354693717557e-19
1240215502.6564941,nan,-2.7465447168975854e-19
1240215502.6567383,nan,-2.7229731224726604e-19
1240215502.6569824,nan,-2.6510097897324064e-19
1240215502.6572266,nan,-2.570715506119531e-19
1240215502.6574707,nan,-2.5354375694311516e-19
1240215502.6577148,nan,-2.554337133428104e-19
1240215502.657959,nan,-2.6171417789171864e-19
1240215502.6582031,nan,-2.6818012945877643e-19
1240215502.6584473,nan,-2.700836320545384e-19
1240215502.6586914,nan,-2.6606059101632435e-19
1240215502.6589355,nan,-2.585694241595416e-19
1240215502.6591797,nan,-2.511036835937283e-19
1240215502.6594238,nan,-2.469768744401069e-19
1240215502.659668,nan,-2.487645325833364e-19
1240215502.659912,nan,-2.546548135118929e-19
1240215502.6601562,nan,-2.608049623614075e-19
1240215502.6604004,nan,-2.627176208720247e-19
1240215502.6606445,nan,-2.584004702490543e-19
1240215502.6608887,nan,-2.505726200020863e-19
1240215502.6611328,nan,-2.421714362643685e-19
1240215502.661377,nan,-2.379405531239976e-19
1240215502.661621,nan,-2.397706550010052e-19
1240215502.6618652,nan,-2.452415416501879e-19
1240215502.6621094,nan,-2.506546037467886e-19
1240215502.6623535,nan,-2.5228805011464733e-19
1240215502.6625977,nan,-2.4819308384076564e-19
1240215502.6628418,nan,-2.393776092956833e-19
1240215502.663086,nan,-2.311500974857902e-19
1240215502.66333,nan,-2.26531653879178e-19
1240215502.6635742,nan,-2.2801557633133203e-19
1240215502.6638184,nan,-2.3319426495400482e-19
1240215502.6640625,nan,-2.379785942973214e-19
1240215502.6643066,nan,-2.400240864664612e-19
1240215502.6645508,nan,-2.3551285569123284e-19
1240215502.664795,nan,-2.270818716264647e-19
1240215502.665039,nan,-2.1755527755250597e-19
1240215502.6652832,nan,-2.12554404204935e-19
1240215502.6655273,nan,-2.1444827523829227e-19
1240215502.6657715,nan,-2.1838270832938086e-19
1240215502.6660156,nan,-2.23676417710689e-19
1240215502.6662598,nan,-2.248289410580727e-19
1240215502.666504,nan,-2.1984050169102653e-19
1240215502.666748,nan,-2.1182958612381477e-19
1240215502.6669922,nan,-2.0249048133568276e-19
1240215502.6672363,nan,-1.9715623452368833e-19
1240215502.6674805,nan,-1.9799332554924616e-19
1240215502.6677246,nan,-2.0268312135796562e-19
1240215502.6679688,nan,-2.0728309161127354e-19
1240215502.668213,nan,-2.081606059406172e-19
1240215502.668457,nan,-2.0329319098789817e-19
1240215502.6687012,nan,-1.9415967282260257e-19
1240215502.6689453,nan,-1.8517538439807318e-19
1240215502.6691895,nan,-1.7917457869308062e-19
1240215502.6694336,nan,-1.7969780992010993e-19
1240215502.6696777,nan,-1.841239581674505e-19
1240215502.6699219,nan,-1.8820366682416726e-19
1240215502.670166,nan,-1.8987806420263837e-19
1240215502.6704102,nan,-1.8397133119959292e-19
1240215502.6706543,nan,-1.7513850662484044e-19
1240215502.6708984,nan,-1.6588182359411071e-19
1240215502.6711426,nan,-1.5944888067704513e-19
1240215502.6713867,nan,-1.6048434629174756e-19
1240215502.6716309,nan,-1.6419281478358142e-19
1240215502.671875,nan,-1.685181126329067e-19
1240215502.6721191,nan,-1.6903631979146281e-19
1240215502.6723633,nan,-1.6338380040189614e-19
1240215502.6726074,nan,-1.544799420838844e-19
1240215502.6728516,nan,-1.444308547717459e-19
1240215502.6730957,nan,-1.3862690441712347e-19
1240215502.6733398,nan,-1.3796212540162622e-19
1240215502.673584,nan,-1.4253382730419135e-19
1240215502.6738281,nan,-1.4738672814296072e-19
1240215502.6740723,nan,-1.4649819119974462e-19
1240215502.6743164,nan,-1.417387609838321e-19
1240215502.6745605,nan,-1.322177662191821e-19
1240215502.6748047,nan,-1.2202832989866281e-19
1240215502.6750488,nan,-1.1587760711461328e-19
1240215502.675293,nan,-1.1519714505308777e-19
1240215502.675537,nan,-1.1985350684966812e-19
1240215502.6757812,nan,-1.2337293076586774e-19
1240215502.6760254,nan,-1.2356326238641895e-19
1240215502.6762695,nan,-1.18637648817418e-19
1240215502.6765137,nan,-1.0806809698643331e-19
1240215502.6767578,nan,-9.856351402801617e-20
1240215502.677002,nan,-9.229127966019112e-20
1240215502.677246,nan,-9.1462629116167e-20
1240215502.6774902,nan,-9.532831500206822e-20
1240215502.6777344,nan,-9.932764843034188e-20
1240215502.6779785,nan,-9.932968339313621e-20
1240215502.6782227,nan,-9.349316987065081e-20
1240215502.6784668,nan,-8.4075566174097e-20
1240215502.678711,nan,-7.329216601288284e-20
1240215502.678955,nan,-6.704392857660997e-20
1240215502.6791992,nan,-6.696862144976146e-20
1240215502.6794434,nan,-6.9798357243775e-20
1240215502.6796875,nan,-7.392642688630094e-20
1240215502.6799316,nan,-7.386965819173928e-20
1240215502.6801758,nan,-6.797341457972748e-20
1240215502.68042,nan,-5.861441581736581e-20
1240215502.680664,nan,-4.7775271991177645e-20
1240215502.6809082,nan,-4.1000355852777706e-20
1240215502.6811523,nan,-4.0388933222311416e-20
1240215502.6813965,nan,-4.408532960421809e-20
1240215502.6816406,nan,-4.7935548532102563e-20
1240215502.6818848,nan,-4.7868404739723136e-20
1240215502.682129,nan,-4.19269628417464e-20
1240215502.682373,nan,-3.1471871270423603e-20
1240215502.6826172,nan,-2.1662633119127013e-20
1240215502.6828613,nan,-1.5018609441297425e-20
1240215502.6831055,nan,-1.429230041123086e-20
1240215502.6833496,nan,-1.8004741479343104e-20
1240215502.6835938,nan,-2.1202434536909762e-20
1240215502.683838,nan,-2.1720877784792116e-20
1240215502.684082,nan,-1.5746179579309184e-20
1240215502.6843262,nan,-5.395305604798451e-21
1240215502.6845703,nan,4.953662789448656e-21
1240215502.6848145,nan,1.1706937366846231e-20
1240215502.6850586,nan,1.231099472226295e-20
1240215502.6853027,nan,9.089183581402325e-21
1240215502.6855469,nan,5.2053071465476905e-21
1240215502.685791,nan,4.870408645671259e-21
1240215502.6860352,nan,1.0946492433390162e-20
1240215502.6862793,nan,2.111604728563383e-20
1240215502.6865234,nan,3.1010349627649716e-20
1240215502.6867676,nan,3.779578738883022e-20
1240215502.6870117,nan,3.9217564810751756e-20
1240215502.6872559,nan,3.5592996230053157e-20
1240215502.6875,nan,3.149892952181173e-20
1240215502.6877441,nan,3.130664379620627e-20
1240215502.6879883,nan,3.702787913851503e-20
1240215502.6882324,nan,4.739487821746573e-20
1240215502.6884766,nan,5.802431331016118e-20
1240215502.6887207,nan,6.385907042878045e-20
1240215502.6889648,nan,6.47814234860379e-20
1240215502.689209,nan,6.206770274211487e-20
1240215502.6894531,nan,5.737685087311446e-20
1240215502.6896973,nan,5.755250153995995e-20
1240215502.6899414,nan,6.338761235476119e-20
1240215502.6901855,nan,7.271678040917677e-20
1240215502.6904297,nan,8.355732635355091e-20
1240215502.6906738,nan,9.010491623274089e-20
1240215502.690918,nan,9.069886078841938e-20
1240215502.691162,nan,8.740630587145285e-20
1240215502.6914062,nan,8.35903622474951e-20
1240215502.6916504,nan,8.25510209704352e-20
1240215502.6918945,nan,8.798651653804567e-20
1240215502.6921387,nan,9.857415853513177e-20
1240215502.6923828,nan,1.0800726889271287e-19
1240215502.692627,nan,1.151834261989851e-19
1240215502.692871,nan,1.1594030377505318e-19
1240215502.6931152,nan,1.1147643311083027e-19
1240215502.6933594,nan,1.0818278010196941e-19
1240215502.6936035,nan,1.0713446946488069e-19
1240215502.6938477,nan,1.1232031454012177e-19
1240215502.6940918,nan,1.2247458358562332e-19
1240215502.694336,nan,1.3239527875864671e-19
1240215502.69458,nan,1.3872506346662075e-19
1240215502.6948242,nan,1.388401118772659e-19
1240215502.6950684,nan,1.3550342490801559e-19
1240215502.6953125,nan,1.3127254204844107e-19
1240215502.6955566,nan,1.3005023779026535e-19
1240215502.6958008,nan,1.353838432018872e-19
1240215502.696045,nan,1.450142131835785e-19
1240215502.696289,nan,1.5509784047261063e-19
1240215502.6965332,nan,1.6085263430882014e-19
1240215502.6967773,nan,1.61609230729647e-19
1240215502.6970215,nan,1.5815228637440107e-19
1240215502.6972656,nan,1.5254805614978654e-19
1240215502.6975098,nan,1.5179035967074274e-19
1240215502.697754,nan,1.5772458471570734e-19
1240215502.697998,nan,1.6647173776993433e-19
1240215502.6982422,nan,1.7619706263622395e-19
1240215502.6984863,nan,1.8268882066830726e-19
1240215502.6987305,nan,1.8186126467281415e-19
1240215502.6989746,nan,1.7814721367556342e-19
1240215502.6992188,nan,1.7360252605874936e-19
1240215502.699463,nan,1.7152065031490961e-19
1240215502.699707,nan,1.7719275232147973e-19
1240215502.6999512,nan,1.8590952239479984e-19
1240215502.7001953,nan,1.9557250159610446e-19
1240215502.7004395,nan,2.0174092607394365e-19
1240215502.7006836,nan,2.0075525403773178e-19
1240215502.7009277,nan,1.9711571316864173e-19
1240215502.7011719,nan,1.9171296313829855e-19
1240215502.701416,nan,1.9020897529390987e-19
1240215502.7016602,nan,1.9506249483676186e-19
1240215502.7019043,nan,2.0333548646881414e-19
1240215502.7021484,nan,2.133515806335799e-19
1240215502.7023926,nan,2.1854726916680115e-19
1240215502.7026367,nan,2.1829636198124943e-19
1240215502.7028809,nan,2.1389919546819176e-19
1240215502.703125,nan,2.0782974881985983e-19
1240215502.7033691,nan,2.0692736555479036e-19
1240215502.7036133,nan,2.1098207849306718e-19
1240215502.7038574,nan,2.192273256588113e-19
1240215502.7041016,nan,2.28950873513962e-19
1240215502.7043457,nan,2.3328488425492275e-19
1240215502.7045898,nan,2.326950161385002e-19
1240215502.704834,nan,2.286952637178574e-19
1240215502.7050781,nan,2.227171941653625e-19
1240215502.7053223,nan,2.2037515689731063e-19
1240215502.7055664,nan,2.242878285177629e-19
1240215502.7058105,nan,2.3254658401640403e-19
1240215502.7060547,nan,2.4169663942306435e-19
1240215502.7062988,nan,2.468734074675211e-19
1240215502.706543,nan,2.451905102378739e-19
1240215502.706787,nan,2.401449351354074e-19
1240215502.7070312,nan,2.349974963181853e-19
1240215502.7072754,nan,2.317593406318287e-19
1240215502.7075195,nan,2.3525081946161164e-19
1240215502.7077637,nan,2.437648389133352e-19
1240215502.7080078,nan,2.5149173267525857e-19
1240215502.708252,nan,2.5635776558900897e-19
1240215502.708496,nan,2.5586074881174284e-19
1240215502.7087402,nan,2.4992358100581953e-19
1240215502.7089844,nan,2.4367131377297185e-19
1240215502.7092285,nan,2.411305121467957e-19
1240215502.7094727,nan,2.4384854001492056e-19
1240215502.7097168,nan,2.5190317160559943e-19
1240215502.709961,nan,2.604401589776421e-19
1240215502.710205,nan,2.644990984645925e-19
1240215502.7104492,nan,2.629553467149563e-19
1240215502.7106934,nan,2.5707084370851835e-19
1240215502.7109375,nan,2.505683041361176e-19
1240215502.7111816,nan,2.474034403015758e-19
1240215502.7114258,nan,2.4996555002933473e-19
1240215502.71167,nan,2.5760992880694705e-19
1240215502.711914,nan,2.6600525422390247e-19
1240215502.7121582,nan,2.699769403410279e-19
1240215502.7124023,nan,2.67307933307981e-19
1240215502.7126465,nan,2.6141067930504477e-19
1240215502.7128906,nan,2.550678567253345e-19
1240215502.7131348,nan,2.5133412316137474e-19
1240215502.713379,nan,2.534361847762487e-19
1240215502.713623,nan,2.6010148335073276e-19
1240215502.7138672,nan,2.685135007433943e-19
1240215502.7141113,nan,2.7211828711223715e-19
1240215502.7143555,nan,2.694111391139085e-19
1240215502.7145996,nan,2.641111819773723e-19
1240215502.7148438,nan,2.5665644444642475e-19
1240215502.715088,nan,2.5276228630519e-19
1240215502.715332,nan,2.552250133838508e-19
1240215502.7155762,nan,2.608862285065801e-19
1240215502.7158203,nan,2.6874332650037955e-19
1240215502.7160645,nan,2.719882231965781e-19
1240215502.7163086,nan,2.6931969297783723e-19
1240215502.7165527,nan,2.6344707540002237e-19
1240215502.7167969,nan,2.549506627145288e-19
1240215502.717041,nan,2.5132079915778314e-19
1240215502.7172852,nan,2.53123521705848e-19
1240215502.7175293,nan,2.5879255494934826e-19
1240215502.7177734,nan,2.6622335214861937e-19
1240215502.7180176,nan,2.6882919798059733e-19
1240215502.7182617,nan,2.6708678959562164e-19
1240215502.7185059,nan,2.600025017178786e-19
1240215502.71875,nan,2.513492640377545e-19
1240215502.7189941,nan,2.4741560012818715e-19
1240215502.7192383,nan,2.483473714886399e-19
1240215502.7194824,nan,2.5448414187154144e-19
1240215502.7197266,nan,2.607158112405848e-19
1240215502.7199707,nan,2.6391342711414548e-19
1240215502.7202148,nan,2.6141425142858062e-19
1240215502.720459,nan,2.5345938946025954e-19
1240215502.7207031,nan,2.455202231840339e-19
1240215502.7209473,nan,2.4033114697515303e-19
1240215502.7211914,nan,2.4128671610996003e-19
1240215502.7214355,nan,2.4661035124222186e-19
1240215502.7216797,nan,2.527966255912599e-19
1240215502.7219238,nan,2.560865569080488e-19
1240215502.722168,nan,2.5273158619352632e-19
1240215502.722412,nan,2.446214194069778e-19
1240215502.7226562,nan,2.359982899018043e-19
1240215502.7229004,nan,2.308546332484122e-19
1240215502.7231445,nan,2.3120645580753116e-19
1240215502.7233887,nan,2.369947157474196e-19
1240215502.7236328,nan,2.4333527940843344e-19
1240215502.723877,nan,2.453857584029178e-19
1240215502.724121,nan,2.4213368780675193e-19
1240215502.7243652,nan,2.3382631372200175e-19
1240215502.7246094,nan,2.2500413276988083e-19
1240215502.7248535,nan,2.1929131725569743e-19
1240215502.7250977,nan,2.19535468657838e-19
1240215502.7253418,nan,2.2465509876000064e-19
1240215502.725586,nan,2.3012181662003497e-19
1240215502.72583,nan,2.3254789133809084e-19
1240215502.7260742,nan,2.287102074000546e-19
1240215502.7263184,nan,2.2028646667590283e-19
1240215502.7265625,nan,2.1086320814489834e-19
1240215502.7268066,nan,2.0534362797450909e-19
1240215502.7270508,nan,2.0483449738628433e-19
1240215502.727295,nan,2.0932055006631664e-19
1240215502.727539,nan,2.15818085478692e-19
1240215502.7277832,nan,2.174026314607894e-19
1240215502.7280273,nan,2.1362850324618074e-19
1240215502.7282715,nan,2.05166380164349e-19
1240215502.7285156,nan,1.9508737425072993e-19
1240215502.7287598,nan,1.8871888283472665e-19
1240215502.729004,nan,1.8867789772340312e-19
1240215502.729248,nan,1.9361363770980743e-19
1240215502.7294922,nan,1.9837647226448104e-19
1240215502.7297363,nan,2.0017104872122678e-19
1240215502.7299805,nan,1.96270511110377e-19
1240215502.7302246,nan,1.8755128707387292e-19
1240215502.7304688,nan,1.774556811265341e-19
1240215502.730713,nan,1.7101987197379518e-19
1240215502.730957,nan,1.7117314824256094e-19
1240215502.7312012,nan,1.747638895622807e-19
1240215502.7314453,nan,1.7983904268391608e-19
1240215502.7316895,nan,1.8172048205247166e-19
1240215502.7319336,nan,1.772316722313712e-19
1240215502.7321777,nan,1.6809349972507212e-19
1240215502.7324219,nan,1.579700097389197e-19
1240215502.732666,nan,1.514339085555946e-19
1240215502.7329102,nan,1.5077523285179145e-19
1240215502.7331543,nan,1.5459219865780627e-19
1240215502.7333984,nan,1.59082033542916e-19
1240215502.7336426,nan,1.6125397772739866e-19
1240215502.7338867,nan,1.5718600428376534e-19
1240215502.7341309,nan,1.4724819912151515e-19
1240215502.734375,nan,1.3712162835962634e-19
1240215502.7346191,nan,1.2996633587757424e-19
1240215502.7348633,nan,1.2969255718066584e-19
1240215502.7351074,nan,1.3356257500192286e-19
1240215502.7353516,nan,1.3740013017928014e-19
1240215502.7355957,nan,1.3909815793725417e-19
1240215502.7358398,nan,1.3429929922685302e-19
1240215502.736084,nan,1.254494148817437e-19
1240215502.7363281,nan,1.151854082169969e-19
1240215502.7365723,nan,1.0745554895690459e-19
1240215502.7368164,nan,1.0704496683766462e-19
1240215502.7370605,nan,1.1000731432959212e-19
1240215502.7373047,nan,1.143927282260158e-19
1240215502.7375488,nan,1.167103898330745e-19
1240215502.737793,nan,1.1129876660789309e-19
1240215502.738037,nan,1.0192934055481561e-19
1240215502.7382812,nan,9.186477153103254e-20
1240215502.7385254,nan,8.424320938484727e-20
1240215502.7387695,nan,8.31771265019589e-20
1240215502.7390137,nan,8.670591348316057e-20
1240215502.7392578,nan,9.093999735746689e-20
1240215502.739502,nan,9.242387249617668e-20
1240215502.739746,nan,8.755682069270985e-20
1240215502.7399902,nan,7.835098653052637e-20
1240215502.7402344,nan,6.770889952572507e-20
1240215502.7404785,nan,5.954469640827972e-20
1240215502.7407227,nan,5.8689542225942e-20
1240215502.7409668,nan,6.221959806087198e-20
1240215502.741211,nan,6.673442203149599e-20
1240215502.741455,nan,6.801461634750536e-20
1240215502.7416992,nan,6.286673330230483e-20
1240215502.7419434,nan,5.421094688287076e-20
1240215502.7421875,nan,4.3120851704431885e-20
1240215502.7424316,nan,3.532713109958142e-20
1240215502.7426758,nan,3.464533023269444e-20
1240215502.74292,nan,3.7032041756327826e-20
1240215502.743164,nan,4.178499910933771e-20
1240215502.7434082,nan,4.3686361336932854e-20
1240215502.7436523,nan,3.795428281917337e-20
1240215502.7438965,nan,2.894387772448219e-20
1240215502.7441406,nan,1.8627578137316437e-20
1240215502.7443848,nan,1.0213977512913498e-20
1240215502.744629,nan,9.153332686323652e-21
1240215502.744873,nan,1.2642633825067256e-20
1240215502.7451172,nan,1.7022999000250402e-20
1240215502.7453613,nan,1.8816510757415817e-20
1240215502.7456055,nan,1.3812778952316166e-20
1240215502.7458496,nan,4.324414465882169e-21
1240215502.7460938,nan,-6.0646473858909735e-21
1240215502.746338,nan,-1.4147271093514526e-20
1240215502.746582,nan,-1.5561242853946113e-20
1240215502.7468262,nan,-1.1771547028828989e-20
1240215502.7470703,nan,-7.11122615846475e-21
1240215502.7473145,nan,-6.222457842787056e-21
1240215502.7475586,nan,-1.0969603444738568e-20
1240215502.7478027,nan,-1.9675709956963185e-20
1240215502.7480469,nan,-3.090427257885083e-20
1240215502.748291,nan,-3.8863658905369186e-20
1240215502.7485352,nan,-4.02349061236099e-20
1240215502.7487793,nan,-3.6322953771882574e-20
1240215502.7490234,nan,-3.1262577316541657e-20
1240215502.7492676,nan,-3.0956851443569384e-20
1240215502.7495117,nan,-3.5111568250180133e-20
1240215502.7497559,nan,-4.3981248483759883e-20
1240215502.75,nan,-5.483050824054022e-20
1240215502.7502441,nan,-6.192162759549789e-20
1240215502.7504883,nan,-6.432484554333795e-20
1240215502.7507324,nan,-5.99841440792112e-20
1240215502.7509766,nan,-5.446335055041904e-20
1240215502.7512207,nan,-5.3975978185573955e-20
1240215502.7514648,nan,-5.821138783381183e-20
1240215502.751709,nan,-6.742004798130367e-20
1240215502.7519531,nan,-7.770417612234059e-20
1240215502.7521973,nan,-8.497302249587721e-20
1240215502.7524414,nan,-8.689705406665332e-20
1240215502.7526855,nan,-8.245922047495935e-20
1240215502.7529297,nan,-7.775830881759023e-20
1240215502.7531738,nan,-7.690826923756403e-20
1240215502.753418,nan,-8.02830109771489e-20
1240215502.753662,nan,-8.952543165825534e-20
1240215502.7539062,nan,-1.0011258381937057e-19
1240215502.7541504,nan,-1.0714482506855809e-19
1240215502.7543945,nan,-1.0862689396439628e-19
1240215502.7546387,nan,-1.0491443744370348e-19
1240215502.7548828,nan,-9.970835268024616e-20
1240215502.755127,nan,-9.729339314221727e-20
1240215502.755371,nan,-1.016057978018292e-19
1240215502.7556152,nan,-1.1046695903071233e-19
1240215502.7558594,nan,-1.2032888074259138e-19
1240215502.7561035,nan,-1.2756030129147396e-19
1240215502.7563477,nan,-1.289696739602709e-19
1240215502.7565918,nan,-1.252749242709124e-19
1240215502.756836,nan,-1.1918330358492763e-19
1240215502.75708,nan,-1.172137514808351e-19
1240215502.7573242,nan,-1.2122305563974118e-19
1240215502.7575684,nan,-1.29400491176689e-19
1240215502.7578125,nan,-1.397073853299117e-19
1240215502.7580566,nan,-1.470779275234346e-19
1240215502.7583008,nan,-1.477089822088748e-19
1240215502.758545,nan,-1.431497378920851e-19
1240215502.758789,nan,-1.3819213994576575e-19
1240215502.7590332,nan,-1.356372414061803e-19
1240215502.7592773,nan,-1.3901564651953469e-19
1240215502.7595215,nan,-1.4788699802787628e-19
1240215502.7597656,nan,-1.5728085549717966e-19
1240215502.7600098,nan,-1.6470660954470137e-19
1240215502.760254,nan,-1.649641424362771e-19
1240215502.760498,nan,-1.6017754150307993e-19
1240215502.7607422,nan,-1.5547255881588136e-19
1240215502.7609863,nan,-1.5194613224744707e-19
1240215502.7612305,nan,-1.5540877178636414e-19
1240215502.7614746,nan,-1.6361602710148803e-19
1240215502.7617188,nan,-1.7249855422834987e-19
1240215502.761963,nan,-1.8027024261534205e-19
1240215502.762207,nan,-1.805334149174278e-19
1240215502.7624512,nan,-1.7552193676054298e-19
1240215502.7626953,nan,-1.699301568057597e-19
1240215502.7629395,nan,-1.665466150182123e-19
1240215502.7631836,nan,-1.6975991156572985e-19
1240215502.7634277,nan,-1.775936393904251e-19
1240215502.7636719,nan,-1.866438277194895e-19
1240215502.763916,nan,-1.9322841531766896e-19
1240215502.7641602,nan,-1.9394750878551653e-19
1240215502.7644043,nan,-1.8888620745748992e-19
1240215502.7646484,nan,-1.8223718919507458e-19
1240215502.7648926,nan,-1.793612911876214e-19
1240215502.7651367,nan,-1.824035525770115e-19
1240215502.7653809,nan,-1.8991307560271422e-19
1240215502.765625,nan,-1.9886333028874796e-19
1240215502.7658691,nan,-2.0467695747930835e-19
1240215502.7661133,nan,-2.0467159842147326e-19
1240215502.7663574,nan,-1.9991966612981442e-19
1240215502.7666016,nan,-1.9319577204673403e-19
1240215502.7668457,nan,-1.8974903463457045e-19
1240215502.7670898,nan,-1.923343686602246e-19
1240215502.767334,nan,-1.9892582018956775e-19
1240215502.7675781,nan,-2.0786249272298024e-19
1240215502.7678223,nan,-2.1483721139837318e-19
1240215502.7680664,nan,-2.144412718308586e-19
1240215502.7683105,nan,-2.0905842889003664e-19
1240215502.7685547,nan,-2.0181886980774402e-19
1240215502.7687988,nan,-1.9790557317546717e-19
1240215502.769043,nan,-2.0053321747447788e-19
1240215502.769287,nan,-2.0742310526543545e-19
1240215502.7695312,nan,-2.158200821249015e-19
1240215502.7697754,nan,-2.2157969089426513e-19
1240215502.7700195,nan,-2.2159216049025806e-19
1240215502.7702637,nan,-2.1628385037103594e-19
1240215502.7705078,nan,-2.0864432255181297e-19
1240215502.770752,nan,-2.0448041284218482e-19
1240215502.770996,nan,-2.0624658023208886e-19
1240215502.7712402,nan,-2.128214568374486e-19
1240215502.7714844,nan,-2.213532162227014e-19
1240215502.7717285,nan,-2.269958088489902e-19
1240215502.7719727,nan,-2.2665018975027804e-19
1240215502.7722168,nan,-2.2025514363481266e-19
1240215502.772461,nan,-2.1246951558763636e-19
1240215502.772705,nan,-2.0806179018752924e-19
1240215502.7729492,nan,-2.0946471728258083e-19
1240215502.7731934,nan,-2.1636343987131438e-19
1240215502.7734375,nan,-2.2475357494691376e-19
1240215502.7736816,nan,-2.297377399123873e-19
1240215502.7739258,nan,-2.291152125365203e-19
1240215502.77417,nan,-2.229443962796754e-19
1240215502.774414,nan,-2.1525515204338534e-19
1240215502.7746582,nan,-2.1096916839261528e-19
1240215502.7749023,nan,-2.1153446277308718e-19
1240215502.7751465,nan,-2.175535207120556e-19
1240215502.7753906,nan,-2.260306250819919e-19
1240215502.7756348,nan,-2.3046562256919274e-19
1240215502.775879,nan,-2.2959400280474556e-19
1240215502.776123,nan,-2.231789531564888e-19
1240215502.7763672,nan,-2.1502806837499314e-19
1240215502.7766113,nan,-2.1015052221255756e-19
1240215502.7768555,nan,-2.1026680240127338e-19
1240215502.7770996,nan,-2.1653742428244947e-19
1240215502.7773438,nan,-2.244204980615802e-19
1240215502.777588,nan,-2.288068665244503e-19
1240215502.777832,nan,-2.283365469739007e-19
1240215502.7780762,nan,-2.217116121486799e-19
1240215502.7783203,nan,-2.126111286357538e-19
1240215502.7785645,nan,-2.0803495342143574e-19
1240215502.7788086,nan,-2.0855307349013264e-19
1240215502.7790527,nan,-2.138776268601745e-19
1240215502.7792969,nan,-2.214127674574669e-19
1240215502.779541,nan,-2.259624705359728e-19
1240215502.7797852,nan,-2.244182893859124e-19
1240215502.7800293,nan,-2.171935008945037e-19
1240215502.7802734,nan,-2.091334299068877e-19
1240215502.7805176,nan,-2.035829741501668e-19
1240215502.7807617,nan,-2.0358724730715836e-19
1240215502.7810059,nan,-2.0977271807552377e-19
1240215502.78125,nan,-2.1659868511930533e-19
1240215502.7814941,nan,-2.211119065433985e-19
1240215502.7817383,nan,-2.194030017359384e-19
1240215502.7819824,nan,-2.1167712974236993e-19
1240215502.7822266,nan,-2.0329544655165007e-19
1240215502.7824707,nan,-1.9736256607039995e-19
1240215502.7827148,nan,-1.9722154873144165e-19
1240215502.782959,nan,-2.0223650614860493e-19
1240215502.7832031,nan,-2.089829607096183e-19
1240215502.7834473,nan,-2.1316994696830982e-19
1240215502.7836914,nan,-2.1161289115922216e-19
1240215502.7839355,nan,-2.0481321746857294e-19
1240215502.7841797,nan,-1.9599186238208267e-19
1240215502.7844238,nan,-1.8973052192415177e-19
1240215502.784668,nan,-1.8879773376809056e-19
1240215502.784912,nan,-1.940617923797561e-19
1240215502.7851562,nan,-2.0105810515337723e-19
1240215502.7854004,nan,-2.0419119444356183e-19
1240215502.7856445,nan,-2.026938729717511e-19
1240215502.7858887,nan,-1.9575778803692498e-19
1240215502.7861328,nan,-1.859285986570372e-19
1240215502.786377,nan,-1.7949603657098068e-19
1240215502.786621,nan,-1.7916721402633474e-19
1240215502.7868652,nan,-1.8388454326698258e-19
1240215502.7871094,nan,-1.906969642691978e-19
1240215502.7873535,nan,-1.945350138797657e-19
1240215502.7875977,nan,-1.9221341040167543e-19
1240215502.7878418,nan,-1.8463307524266366e-19
1240215502.788086,nan,-1.7552700458760505e-19
1240215502.78833,nan,-1.687245432400974e-19
1240215502.7885742,nan,-1.6740470248061024e-19
1240215502.7888184,nan,-1.7223436501277847e-19
1240215502.7890625,nan,-1.7873003517682492e-19
1240215502.7893066,nan,-1.8212274664190357e-19
1240215502.7895508,nan,-1.804624595719903e-19
1240215502.789795,nan,-1.7329112549113366e-19
1240215502.790039,nan,-1.6299668256802154e-19
1240215502.7902832,nan,-1.5561276057746162e-19
1240215502.7905273,nan,-1.5539426754489708e-19
1240215502.7907715,nan,-1.5988049648470518e-19
1240215502.7910156,nan,-1.6562783577079594e-19
1240215502.7912598,nan,-1.696555530601794e-19
1240215502.791504,nan,-1.6728065342621844e-19
1240215502.791748,nan,-1.5906246207085802e-19
1240215502.7919922,nan,-1.4909613866419565e-19
1240215502.7922363,nan,-1.4253603553504106e-19
1240215502.7924805,nan,-1.4131844041503308e-19
1240215502.7927246,nan,-1.449643567199757e-19
1240215502.7929688,nan,-1.5205962904577204e-19
1240215502.793213,nan,-1.554653865082477e-19
1240215502.793457,nan,-1.5266156702434616e-19
1240215502.7937012,nan,-1.4467180399174971e-19
1240215502.7939453,nan,-1.342888480810371e-19
1240215502.7941895,nan,-1.2811806473342318e-19
1240215502.7944336,nan,-1.269503058008746e-19
1240215502.7946777,nan,-1.3022911618112745e-19
1240215502.7949219,nan,-1.3653593088471417e-19
1240215502.795166,nan,-1.4085251586024785e-19
1240215502.7954102,nan,-1.3762123871457214e-19
1240215502.7956543,nan,-1.286657596701708e-19
1240215502.7958984,nan,-1.1992798609983216e-19
1240215502.7961426,nan,-1.1227983506243515e-19
1240215502.7963867,nan,-1.103920334779298e-19
1240215502.7966309,nan,-1.1510025885985217e-19
1240215502.796875,nan,-1.2042169205513767e-19
1240215502.7971191,nan,-1.2405893200547656e-19
1240215502.7973633,nan,-1.2176596209745515e-19
1240215502.7976074,nan,-1.1319312102182375e-19
1240215502.7978516,nan,-1.0329389883013894e-19
1240215502.7980957,nan,-9.576793720000241e-20
1240215502.7983398,nan,-9.417855513625565e-20
1240215502.798584,nan,-9.84656790319298e-20
1240215502.7988281,nan,-1.0417896113242653e-19
1240215502.7990723,nan,-1.0707180381093848e-19
1240215502.7993164,nan,-1.0522628831636574e-19
1240215502.7995605,nan,-9.662987058461214e-20
1240215502.7998047,nan,-8.602564667692144e-20
1240215502.8000488,nan,-7.946980438579323e-20
1240215502.800293,nan,-7.730512764283983e-20
1240215502.800537,nan,-8.072109801611144e-20
1240215502.8007812,nan,-8.69691516110479e-20
1240215502.8010254,nan,-9.010920503518898e-20
1240215502.8012695,nan,-8.789837513204282e-20
1240215502.8015137,nan,-7.977232441312027e-20
1240215502.8017578,nan,-6.93033259270959e-20
1240215502.802002,nan,-6.171350462133098e-20
1240215502.802246,nan,-5.996704374299912e-20
1240215502.8024902,nan,-6.431599659046415e-20
1240215502.8027344,nan,-6.962077071559317e-20
1240215502.8029785,nan,-7.279886282513764e-20
1240215502.8032227,nan,-7.052448603162361e-20
1240215502.8034668,nan,-6.19472578926364e-20
1240215502.803711,nan,-5.22380078496559e-20
1240215502.803955,nan,-4.4694269431611505e-20
1240215502.8041992,nan,-4.3054147235844093e-20
1240215502.8044434,nan,-4.621210257128294e-20
1240215502.8046875,nan,-5.2213231417494157e-20
1240215502.8049316,nan,-5.63444326479951e-20
1240215502.8051758,nan,-5.274113091865335e-20
1240215502.80542,nan,-4.5377786758993874e-20
1240215502.805664,nan,-3.46510959961453e-20
1240215502.8059082,nan,-2.6757157803332893e-20
1240215502.8061523,nan,-2.5598467768428744e-20
1240215502.8063965,nan,-2.842402790394836e-20
1240215502.8066406,nan,-3.5413215894221906e-20
1240215502.8068848,nan,-3.846021643953757e-20
1240215502.807129,nan,-3.5357885093064826e-20
1240215502.807373,nan,-2.7800349238967276e-20
1240215502.8076172,nan,-1.737752810478202e-20
1240215502.8078613,nan,-9.96093151680191e-21
1240215502.8081055,nan,-7.490170478194443e-21
1240215502.8083496,nan,-1.1245942012197621e-20
1240215502.8085938,nan,-1.7668995603907124e-20
1240215502.808838,nan,-2.060289015519173e-20
1240215502.809082,nan,-1.873370025744371e-20
1240215502.8093262,nan,-1.0358637532059175e-20
1240215502.8095703,nan,-1.1352505415717119e-22
1240215502.8098145,nan,7.110181900182006e-21
1240215502.8100586,nan,9.727775579269003e-21
1240215502.8103027,nan,5.532517271307406e-21
1240215502.8105469,nan,-1.7150401501915104e-22
1240215502.810791,nan,-3.443582420876994e-21
1240215502.8110352,nan,-2.1364771820168414e-21
1240215502.8112793,nan,6.788182419479453e-21
1240215502.8115234,nan,1.69272242730868e-20
1240215502.8117676,nan,2.3998205575812495e-20
1240215502.8120117,nan,2.6628469956347538e-20
1240215502.8122559,nan,2.245279569263626e-20
1240215502.8125,nan,1.6197590322083554e-20
1240215502.8127441,nan,1.2654984821818075e-20
1240215502.8129883,nan,1.5040625916414186e-20
1240215502.8132324,nan,2.3132664005553585e-20
1240215502.8134766,nan,3.331311011517614e-20
1240215502.8137207,nan,4.113065967117337e-20
1240215502.8139648,nan,4.2415203613167616e-20
1240215502.814209,nan,3.88538556534263e-20
1240215502.8144531,nan,3.276901140462643e-20
1240215502.8146973,nan,2.885511318835737e-20
1240215502.8149414,nan,3.10679263720169e-20
1240215502.8151855,nan,3.8811601014507756e-20
1240215502.8154297,nan,4.9140429806808973e-20
1240215502.8156738,nan,5.646330346202266e-20
1240215502.815918,nan,5.863357863654082e-20
1240215502.816162,nan,5.446603556953461e-20
1240215502.8164062,nan,4.856395812233672e-20
1240215502.8166504,nan,4.4972745100510077e-20
1240215502.8168945,nan,4.613272960914246e-20
1240215502.8171387,nan,5.457967998211971e-20
1240215502.8173828,nan,6.474745173921542e-20
1240215502.817627,nan,7.207319167550488e-20
1240215502.817871,nan,7.333378242146436e-20
1240215502.8181152,nan,6.964707271377207e-20
1240215502.8183594,nan,6.405996875195857e-20
1240215502.8186035,nan,5.933482477837981e-20
1240215502.8188477,nan,6.133117317692337e-20
1240215502.8190918,nan,6.889949707438616e-20
1240215502.819336,nan,7.851764035415598e-20
1240215502.81958,nan,8.652046674430499e-20
1240215502.8198242,nan,8.781843989538617e-20
1240215502.8200684,nan,8.39074638068595e-20
1240215502.8203125,nan,7.811565069360509e-20
1240215502.8205566,nan,7.340686757893712e-20
1240215502.8208008,nan,7.47782282214336e-20
1240215502.821045,nan,8.299726899420015e-20
1240215502.821289,nan,9.278425788132051e-20
1240215502.8215332,nan,1.001246752994313e-19
1240215502.8217773,nan,1.0185754718321228e-19
1240215502.8220215,nan,9.715223604466381e-20
1240215502.8222656,nan,9.125793993152009e-20
1240215502.8225098,nan,8.702957046616105e-20
1240215502.822754,nan,8.814078449492123e-20
1240215502.822998,nan,9.599570391999746e-20
1240215502.8232422,nan,1.0518506331702468e-19
1240215502.8234863,nan,1.1293852152387083e-19
1240215502.8237305,nan,1.1431870821623458e-19
1240215502.8239746,nan,1.097021997260767e-19
1240215502.8242188,nan,1.0389776946615855e-19
1240215502.824463,nan,9.871777448931789e-20
1240215502.824707,nan,1.002614589209977e-19
1240215502.8249512,nan,1.0800570986810997e-19
1240215502.8251953,nan,1.1699877280827482e-19
1240215502.8254395,nan,1.2435539484768615e-19
1240215502.8256836,nan,1.2534103030452892e-19
1240215502.8259277,nan,1.2105673968340997e-19
1240215502.8261719,nan,1.1478696169623525e-19
1240215502.826416,nan,1.0975967621406588e-19
1240215502.8266602,nan,1.1126702974946e-19
1240215502.8269043,nan,1.1884177987845919e-19
1240215502.8271484,nan,1.285704801516689e-19
1240215502.8273926,nan,1.3517261156087547e-19
1240215502.8276367,nan,1.3607484803365824e-19
1240215502.8278809,nan,1.3205906332422958e-19
1240215502.828125,nan,1.2495101374364185e-19
1240215502.8283691,nan,1.2060354906280096e-19
1240215502.8286133,nan,1.214815798185645e-19
1240215502.8288574,nan,1.284231110325043e-19
1240215502.8291016,nan,1.3835967329464537e-19
1240215502.8293457,nan,1.4477618999248375e-19
1240215502.8295898,nan,1.4627305934940592e-19
1240215502.829834,nan,1.4131664039428393e-19
1240215502.8300781,nan,1.3439622503812884e-19
1240215502.8303223,nan,1.3011255883435177e-19
1240215502.8305664,nan,1.3017064327980725e-19
1240215502.8308105,nan,1.3776097851162346e-19
1240215502.8310547,nan,1.4670457814944796e-19
1240215502.8312988,nan,1.5294046639008144e-19
1240215502.831543,nan,1.5477528616225739e-19
1240215502.831787,nan,1.4969115965820093e-19
1240215502.8320312,nan,1.4233908409687287e-19
1240215502.8322754,nan,1.3731355960307274e-19
1240215502.8325195,nan,1.3823560322660533e-19
1240215502.8327637,nan,1.4496451260318191e-19
1240215502.8330078,nan,1.5363479884567229e-19
1240215502.833252,nan,1.6075362937035312e-19
1240215502.833496,nan,1.6205807512605296e-19
1240215502.8337402,nan,1.5720826788225435e-19
1240215502.8339844,nan,1.494522092703246e-19
1240215502.8342285,nan,1.4422163254848e-19
1240215502.8344727,nan,1.4500435578843642e-19
1240215502.8347168,nan,1.5145506800258552e-19
1240215502.834961,nan,1.605862984513583e-19
1240215502.835205,nan,1.664940720474509e-19
1240215502.8354492,nan,1.678198560719611e-19
1240215502.8356934,nan,1.6332133369965171e-19
1240215502.8359375,nan,1.5493251344478127e-19
1240215502.8361816,nan,1.5005650765762455e-19
1240215502.8364258,nan,1.5014848316771682e-19
1240215502.83667,nan,1.5676804171306087e-19
1240215502.836914,nan,1.6574565730987126e-19
1240215502.8371582,nan,1.7122984533435148e-19
1240215502.8374023,nan,1.7280723778748284e-19
1240215502.8376465,nan,1.6766375050343427e-19
1240215502.8378906,nan,1.5958869526170347e-19
1240215502.8381348,nan,1.539893035250578e-19
1240215502.838379,nan,1.5396762372329078e-19
1240215502.838623,nan,1.6057309934667926e-19
1240215502.8388672,nan,1.6919741442660272e-19
1240215502.8391113,nan,1.751133339676212e-19
1240215502.8393555,nan,1.7541670937242294e-19
1240215502.8395996,nan,1.7093429298069734e-19
1240215502.8398438,nan,1.6329440617996844e-19
1240215502.840088,nan,1.5660871651886252e-19
1240215502.840332,nan,1.5717918682993753e-19
1240215502.8405762,nan,1.6293858070691744e-19
1240215502.8408203,nan,1.7123003437351857e-19
1240215502.8410645,nan,1.7789538706545368e-19
1240215502.8413086,nan,1.7760749537700527e-19
1240215502.8415527,nan,1.7307949527020842e-19
1240215502.8417969,nan,1.651245279427979e-19
1240215502.842041,nan,1.5797011503506455e-19
1240215502.8422852,nan,1.5870175118716788e-19
1240215502.8425293,nan,1.6477656138876487e-19
1240215502.8427734,nan,1.7236053406508228e-19
1240215502.8430176,nan,1.7861236911224603e-19
1240215502.8432617,nan,1.7938635020180234e-19
1240215502.8435059,nan,1.734768282609525e-19
1240215502.84375,nan,1.6465039341874228e-19
1240215502.8439941,nan,1.5935647032670411e-19
1240215502.8442383,nan,1.587859227506842e-19
1240215502.8444824,nan,1.639431896554924e-19
1240215502.8447266,nan,1.7287188216686909e-19
1240215502.8449707,nan,1.7830196841139065e-19
1240215502.8452148,nan,1.7854269973734607e-19
1240215502.845459,nan,1.7336295504843445e-19
1240215502.8457031,nan,1.647208138226551e-19
1240215502.8459473,nan,1.5865767729329205e-19
1240215502.8461914,nan,1.5731522636751836e-19
1240215502.8464355,nan,1.6255250087677574e-19
1240215502.8466797,nan,1.7126177482485914e-19
1240215502.8469238,nan,1.7645109183045919e-19
1240215502.847168,nan,1.7703816985438941e-19
1240215502.847412,nan,1.715132912126943e-19
1240215502.8476562,nan,1.6275385059630936e-19
1240215502.8479004,nan,1.5641624637722746e-19
1240215502.8481445,nan,1.5541401903370782e-19
1240215502.8483887,nan,1.608010356085907e-19
1240215502.8486328,nan,1.6837810731045997e-19
1240215502.848877,nan,1.7394393200482808e-19
1240215502.849121,nan,1.745483725330995e-19
1240215502.8493652,nan,1.6851061990674217e-19
1240215502.8496094,nan,1.5968183759852384e-19
1240215502.8498535,nan,1.5264103478921495e-19
1240215502.8500977,nan,1.5148063167728513e-19
1240215502.8503418,nan,1.575532375640965e-19
1240215502.850586,nan,1.6495137345614323e-19
1240215502.85083,nan,1.6991785117518138e-19
1240215502.8510742,nan,1.7069656010917325e-19
1240215502.8513184,nan,1.6392964822138416e-19
1240215502.8515625,nan,1.5496494773059388e-19
1240215502.8518066,nan,1.4872466854191936e-19
1240215502.8520508,nan,1.4647317253371439e-19
1240215502.852295,nan,1.5197913343044888e-19
1240215502.852539,nan,1.601842917281622e-19
1240215502.8527832,nan,1.6499360718719231e-19
1240215502.8530273,nan,1.6518569009252697e-19
1240215502.8532715,nan,1.5928815864610045e-19
1240215502.8535156,nan,1.5001026204830474e-19
1240215502.8537598,nan,1.423587094216495e-19
1240215502.854004,nan,1.4154543718177163e-19
1240215502.854248,nan,1.467489159271041e-19
1240215502.8544922,nan,1.5285102411344904e-19
1240215502.8547363,nan,1.5823548136632434e-19
1240215502.8549805,nan,1.5844241050494534e-19
1240215502.8552246,nan,1.5220171375121879e-19
1240215502.8554688,nan,1.4301652513237612e-19
1240215502.855713,nan,1.3569067708511575e-19
1240215502.855957,nan,1.3456361476960367e-19
1240215502.8562012,nan,1.384370153677282e-19
1240215502.8564453,nan,1.4578624740363138e-19
1240215502.8566895,nan,1.5145669304566862e-19
1240215502.8569336,nan,1.5060874746496453e-19
1240215502.8571777,nan,1.4471623092566217e-19
1240215502.8574219,nan,1.3549219818363032e-19
1240215502.857666,nan,1.271100028073588e-19
1240215502.8579102,nan,1.2564042369164725e-19
1240215502.8581543,nan,1.3076280017961062e-19
1240215502.8583984,nan,1.3715706689304355e-19
1240215502.8586426,nan,1.4260798211902396e-19
1240215502.8588867,nan,1.429139704283468e-19
1240215502.8591309,nan,1.3542291704716651e-19
1240215502.859375,nan,1.2594644667853494e-19
1240215502.8596191,nan,1.1826943670760142e-19
1240215502.8598633,nan,1.1645519489013918e-19
1240215502.8601074,nan,1.2040649993339543e-19
1240215502.8603516,nan,1.2729013841363752e-19
1240215502.8605957,nan,1.3312628912300174e-19
1240215502.8608398,nan,1.3124755788965161e-19
1240215502.861084,nan,1.252681758554281e-19
1240215502.8613281,nan,1.1644992291385112e-19
1240215502.8615723,nan,1.0802358404065367e-19
1240215502.8618164,nan,1.0637382150378627e-19
1240215502.8620605,nan,1.100723005338673e-19
1240215502.8623047,nan,1.169607332571316e-19
1240215502.8625488,nan,1.2188101077275177e-19
1240215502.862793,nan,1.2139584646367258e-19
1240215502.863037,nan,1.1458146019456153e-19
1240215502.8632812,nan,1.0466074150794593e-19
1240215502.8635254,nan,9.703930180026459e-20
1240215502.8637695,nan,9.423023196044294e-20
1240215502.8640137,nan,9.888646334284143e-20
1240215502.8642578,nan,1.0515252325573933e-19
1240215502.864502,nan,1.096005297941983e-19
1240215502.864746,nan,1.0972086164984283e-19
1240215502.8649902,nan,1.0226741996071409e-19
1240215502.8652344,nan,9.284710914091816e-20
1240215502.8654785,nan,8.506845257035871e-20
1240215502.8657227,nan,8.208298067824715e-20
1240215502.8659668,nan,8.598759773188506e-20
1240215502.866211,nan,9.317010524414609e-20
1240215502.866455,nan,9.743802018004896e-20
1240215502.8666992,nan,9.638313615507022e-20
1240215502.8669434,nan,9.035829056808167e-20
1240215502.8671875,nan,8.024586411401933e-20
1240215502.8674316,nan,7.197506845291071e-20
1240215502.8676758,nan,6.948234690238793e-20
1240215502.86792,nan,7.269650458495693e-20
1240215502.868164,nan,7.956516150108981e-20
1240215502.8684082,nan,8.413560276038585e-20
1240215502.8686523,nan,8.394276131309907e-20
1240215502.8688965,nan,7.711120938041802e-20
1240215502.8691406,nan,6.663742827742192e-20
1240215502.8693848,nan,5.902748541085243e-20
1240215502.869629,nan,5.582773959837362e-20
1240215502.869873,nan,5.931510663865764e-20
1240215502.8701172,nan,6.655122079350774e-20
1240215502.8703613,nan,7.014192013603231e-20
1240215502.8706055,nan,6.920257842528538e-20
1240215502.8708496,nan,6.339735616202382e-20
1240215502.8710938,nan,5.2977674433830454e-20
1240215502.871338,nan,4.430378147349073e-20
1240215502.871582,nan,4.1649861303406216e-20
1240215502.8718262,nan,4.57384286647503e-20
1240215502.8720703,nan,5.205867352923184e-20
1240215502.8723145,nan,5.563366234119307e-20
1240215502.8725586,nan,5.537862958949711e-20
1240215502.8728027,nan,4.897064022137111e-20
1240215502.8730469,nan,3.85994206222318e-20
1240215502.873291,nan,3.005063326149489e-20
1240215502.8735352,nan,2.6946800752077462e-20
1240215502.8737793,nan,3.090000710467702e-20
1240215502.8740234,nan,3.7122750846519404e-20
1240215502.8742676,nan,4.127803524782104e-20
1240215502.8745117,nan,4.079102698436142e-20
1240215502.8747559,nan,3.420652600233103e-20
1240215502.875,nan,2.416142388095152e-20
1240215502.8752441,nan,1.567136381037671e-20
1240215502.8754883,nan,1.2352917597739222e-20
1240215502.8757324,nan,1.537341698146384e-20
1240215502.8759766,nan,2.3041160118824313e-20
1240215502.8762207,nan,2.670657066118077e-20
1240215502.8764648,nan,2.5323732530687827e-20
1240215502.876709,nan,1.9729951412342696e-20
1240215502.8769531,nan,8.455253888107532e-21
1240215502.8771973,nan,4.729226042880481e-22
1240215502.8774414,nan,-1.8845484624597585e-21
1240215502.8776855,nan,5.692801037843277e-22
1240215502.8779297,nan,7.578860383291786e-21
1240215502.8781738,nan,1.1680258155616847e-20
1240215502.878418,nan,1.0859589818292682e-20
1240215502.878662,nan,4.3376178084226935e-21
1240215502.8789062,nan,-5.564429950515801e-21
1240215502.8791504,nan,-1.406075127200459e-20
1240215502.8793945,nan,-1.7496613673251188e-20
1240215502.8796387,nan,-1.3579390024539293e-20
1240215502.8798828,nan,-7.486654381088063e-21
1240215502.880127,nan,-3.3711465836919415e-21
1240215502.880371,nan,-3.841531110878187e-21
1240215502.8806152,nan,-1.0500803712066695e-20
1240215502.8808594,nan,-2.0383298714504704e-20
1240215502.8811035,nan,-2.879542692556696e-20
1240215502.8813477,nan,-3.1740717809620276e-20
1240215502.8815918,nan,-2.877747791802523e-20
1240215502.881836,nan,-2.2602259320100212e-20
1240215502.88208,nan,-1.8038235593817362e-20
1240215502.8823242,nan,-1.8821330443474124e-20
1240215502.8825684,nan,-2.5230931702903375e-20
1240215502.8828125,nan,-3.522352990767709e-20
1240215502.8830566,nan,-4.396843791744044e-20
1240215502.8833008,nan,-4.6757185378038686e-20
1240215502.883545,nan,-4.3275926188062886e-20
1240215502.883789,nan,-3.756351219531482e-20
1240215502.8840332,nan,-3.255718585713645e-20
1240215502.8842773,nan,-3.247008613163074e-20
1240215502.8845215,nan,-3.953066735161944e-20
1240215502.8847656,nan,-4.955999874833187e-20
1240215502.8850098,nan,-5.800714769685788e-20
1240215502.885254,nan,-6.094821708103455e-20
1240215502.885498,nan,-5.775776095901003e-20
1240215502.8857422,nan,-5.1651645448170715e-20
1240215502.8859863,nan,-4.666341375946644e-20
1240215502.8862305,nan,-4.6971134464380464e-20
1240215502.8864746,nan,-5.3848275146751764e-20
1240215502.8867188,nan,-6.373049794392107e-20
1240215502.886963,nan,-7.150033852904758e-20
1240215502.887207,nan,-7.47469924700841e-20
1240215502.8874512,nan,-7.217078625886382e-20
1240215502.8876953,nan,-6.463874559828979e-20
1240215502.8879395,nan,-5.988993331638012e-20
1240215502.8881836,nan,-6.110988180206391e-20
1240215502.8884277,nan,-6.691912623380042e-20
1240215502.8886719,nan,-7.759740850746537e-20
1240215502.888916,nan,-8.544273116306141e-20
1240215502.8891602,nan,-8.748738500875221e-20
1240215502.8894043,nan,-8.582300058956913e-20
1240215502.8896484,nan,-7.865709700928762e-20
1240215502.8898926,nan,-7.335817760228827e-20
1240215502.8901367,nan,-7.366650298726168e-20
1240215502.8903809,nan,-7.881272918651216e-20
1240215502.890625,nan,-8.978689638543945e-20
1240215502.8908691,nan,-9.798562332242507e-20
1240215502.8911133,nan,-1.0014107202337305e-19
1240215502.8913574,nan,-9.771821071988535e-20
1240215502.8916016,nan,-9.016160453203584e-20
1240215502.8918457,nan,-8.510603527327559e-20
1240215502.8920898,nan,-8.63270909421394e-20
1240215502.892334,nan,-9.14532487272448e-20
1240215502.8925781,nan,-1.0050295622792596e-19
1240215502.8928223,nan,-1.0957465191085752e-19
1240215502.8930664,nan,-1.1268608694198612e-19
1240215502.8933105,nan,-1.0848981710311035e-19
1240215502.8935547,nan,-1.0129545355260836e-19
1240215502.8937988,nan,-9.700993118811802e-20
1240215502.894043,nan,-9.713406184961122e-20
1240215502.894287,nan,-1.0233771168458178e-19
1240215502.8945312,nan,-1.1224996965805494e-19
1240215502.8947754,nan,-1.2009215519174997e-19
1240215502.8950195,nan,-1.2216025742899082e-19
1240215502.8952637,nan,-1.1962784571029576e-19
1240215502.8955078,nan,-1.1231340689160717e-19
1240215502.895752,nan,-1.069080119344463e-19
1240215502.895996,nan,-1.0743488896729004e-19
1240215502.8962402,nan,-1.1218674329742614e-19
1240215502.8964844,nan,-1.218172130718045e-19
1240215502.8967285,nan,-1.3013882935472213e-19
1240215502.8969727,nan,-1.3208498155880857e-19
1240215502.8972168,nan,-1.2876830288934205e-19
1240215502.897461,nan,-1.2195419589474747e-19
1240215502.897705,nan,-1.163285878047485e-19
1240215502.8979492,nan,-1.1574295426067225e-19
1240215502.8981934,nan,-1.2132959071553846e-19
1240215502.8984375,nan,-1.3068135126115638e-19
1240215502.8986816,nan,-1.3822525273660522e-19
1240215502.8989258,nan,-1.4091608769413884e-19
1240215502.89917,nan,-1.3721072282390312e-19
1240215502.899414,nan,-1.301445488610665e-19
1240215502.8996582,nan,-1.2445715488911177e-19
1240215502.8999023,nan,-1.237417381294706e-19
1240215502.9001465,nan,-1.2938177121913405e-19
1240215502.9003906,nan,-1.3766131985014548e-19
1240215502.9006348,nan,-1.4533964131929684e-19
1240215502.900879,nan,-1.477472135275628e-19
1240215502.901123,nan,-1.4361786743717889e-19
1240215502.9013672,nan,-1.3751634621430633e-19
1240215502.9016113,nan,-1.3132790853893007e-19
1240215502.9018555,nan,-1.300043946218443e-19
1240215502.9020996,nan,-1.3567982214677205e-19
1240215502.9023438,nan,-1.4381408893327818e-19
1240215502.902588,nan,-1.5161708094674505e-19
1240215502.902832,nan,-1.5418377967154527e-19
1240215502.9030762,nan,-1.497192261333164e-19
1240215502.9033203,nan,-1.4243979891764104e-19
1240215502.9035645,nan,-1.3673638632033052e-19
1240215502.9038086,nan,-1.3541693624726905e-19
1240215502.9040527,nan,-1.4005570668663475e-19
1240215502.9042969,nan,-1.4894327276537263e-19
1240215502.904541,nan,-1.5644549079281734e-19
1240215502.9047852,nan,-1.5828000622807292e-19
1240215502.9050293,nan,-1.5442683920497e-19
1240215502.9052734,nan,-1.4689943977953956e-19
1240215502.9055176,nan,-1.4023865664249758e-19
1240215502.9057617,nan,-1.3917802854852892e-19
1240215502.9060059,nan,-1.4438740537087785e-19
1240215502.90625,nan,-1.5213376402329032e-19
1240215502.9064941,nan,-1.5857830539120332e-19
1240215502.9067383,nan,-1.612536331785351e-19
1240215502.9069824,nan,-1.573976231913451e-19
1240215502.9072266,nan,-1.4924135205089016e-19
1240215502.9074707,nan,-1.4248898630804608e-19
1240215502.9077148,nan,-1.416419353961176e-19
1240215502.907959,nan,-1.4620455870726156e-19
1240215502.9082031,nan,-1.535099278155054e-19
1240215502.9084473,nan,-1.6146121151343057e-19
1240215502.9086914,nan,-1.6295923472532554e-19
1240215502.9089355,nan,-1.5801791940114577e-19
1240215502.9091797,nan,-1.5122024415672977e-19
1240215502.9094238,nan,-1.4396022870951538e-19
1240215502.909668,nan,-1.4240992495431e-19
1240215502.909912,nan,-1.4726135129638746e-19
1240215502.9101562,nan,-1.5441506973901738e-19
1240215502.9104004,nan,-1.6118204199368133e-19
1240215502.9106445,nan,-1.6279820028692137e-19
1240215502.9108887,nan,-1.587617980938795e-19
1240215502.9111328,nan,-1.5122459370994937e-19
1240215502.911377,nan,-1.4335372305946624e-19
1240215502.911621,nan,-1.4183546459126025e-19
1240215502.9118652,nan,-1.464267629364055e-19
1240215502.9121094,nan,-1.5350314845366547e-19
1240215502.9123535,nan,-1.6016091597361586e-19
1240215502.9125977,nan,-1.6156535914768748e-19
1240215502.9128418,nan,-1.5763526537119482e-19
1240215502.913086,nan,-1.4931782254370941e-19
1240215502.91333,nan,-1.418376575495807e-19
1240215502.9135742,nan,-1.403909148616526e-19
1240215502.9138184,nan,-1.4394190061806637e-19
1240215502.9140625,nan,-1.513771136755065e-19
1240215502.9143066,nan,-1.5782846974340546e-19
1240215502.9145508,nan,-1.5906056202662525e-19
1240215502.914795,nan,-1.5445915178354593e-19
1240215502.915039,nan,-1.4661557027707478e-19
1240215502.9152832,nan,-1.3913500794083406e-19
1240215502.9155273,nan,-1.3622150388571008e-19
1240215502.9157715,nan,-1.405904315482781e-19
1240215502.9160156,nan,-1.4766131415628531e-19
1240215502.9162598,nan,-1.5430671563386583e-19
1240215502.916504,nan,-1.5597715909552383e-19
1240215502.916748,nan,-1.498633959792148e-19
1240215502.9169922,nan,-1.4176440977764543e-19
1240215502.9172363,nan,-1.3531995349540939e-19
1240215502.9174805,nan,-1.3244406905282206e-19
1240215502.9177246,nan,-1.3518969691368016e-19
1240215502.9179688,nan,-1.4295669395464502e-19
1240215502.918213,nan,-1.4912510548458623e-19
1240215502.918457,nan,-1.4946695624711505e-19
1240215502.9187012,nan,-1.4520742145734266e-19
1240215502.9189453,nan,-1.3646352001344434e-19
1240215502.9191895,nan,-1.2893173372370794e-19
1240215502.9194336,nan,-1.267969774536337e-19
1240215502.9196777,nan,-1.2921546848289787e-19
1240215502.9199219,nan,-1.3643908110124936e-19
1240215502.920166,nan,-1.4320870939275262e-19
1240215502.9204102,nan,-1.4351380453371915e-19
1240215502.9206543,nan,-1.3799235768692364e-19
1240215502.9208984,nan,-1.2958217135995354e-19
1240215502.9211426,nan,-1.2258877772295637e-19
1240215502.9213867,nan,-1.1981284803819207e-19
1240215502.9216309,nan,-1.2214280504350003e-19
1240215502.921875,nan,-1.2920135397429068e-19
1240215502.9221191,nan,-1.3528102657318702e-19
1240215502.9223633,nan,-1.3579915729387686e-19
1240215502.9226074,nan,-1.3128017059228846e-19
1240215502.9228516,nan,-1.2230286785929624e-19
1240215502.9230957,nan,-1.1443086909385364e-19
1240215502.9233398,nan,-1.1229650909190656e-19
1240215502.923584,nan,-1.144871153424272e-19
1240215502.9238281,nan,-1.2089206000990152e-19
1240215502.9240723,nan,-1.269073921100654e-19
1240215502.9243164,nan,-1.277802089013672e-19
1240215502.9245605,nan,-1.2273830757670636e-19
1240215502.9248047,nan,-1.1317178339318109e-19
1240215502.9250488,nan,-1.0578771072608481e-19
1240215502.925293,nan,-1.0291466220903092e-19
1240215502.925537,nan,-1.0530827020689674e-19
1240215502.9257812,nan,-1.1220458898061639e-19
1240215502.9260254,nan,-1.171576174816335e-19
1240215502.9262695,nan,-1.1814573737875633e-19
1240215502.9265137,nan,-1.1319664594391036e-19
1240215502.9267578,nan,-1.0416896457815724e-19
1240215502.927002,nan,-9.596019081573976e-20
1240215502.927246,nan,-9.255556189229777e-20
1240215502.9274902,nan,-9.573340897944733e-20
1240215502.9277344,nan,-1.0184157719462215e-19
1240215502.9279785,nan,-1.0758523053816772e-19
1240215502.9282227,nan,-1.0795303172774388e-19
1240215502.9284668,nan,-1.0231800907947104e-19
1240215502.928711,nan,-9.40783126154183e-20
1240215502.928955,nan,-8.572183532913496e-20
1240215502.9291992,nan,-8.214558801986182e-20
1240215502.9294434,nan,-8.499844725425007e-20
1240215502.9296875,nan,-9.071475902283648e-20
1240215502.9299316,nan,-9.643251328599227e-20
1240215502.9301758,nan,-9.771390405662078e-20
1240215502.93042,nan,-9.135069251220259e-20
1240215502.930664,nan,-8.250195878025152e-20
1240215502.9309082,nan,-7.545220225017137e-20
1240215502.9311523,nan,-7.107102346039436e-20
1240215502.9313965,nan,-7.345715406240303e-20
1240215502.9316406,nan,-8.008587372968186e-20
1240215502.9318848,nan,-8.492719690094325e-20
1240215502.932129,nan,-8.570866387952536e-20
1240215502.932373,nan,-8.010580419503389e-20
1240215502.9326172,nan,-7.126265343508417e-20
1240215502.9328613,nan,-6.339049680487884e-20
1240215502.9331055,nan,-5.904966434625387e-20
1240215502.9333496,nan,-6.116949316564402e-20
1240215502.9335938,nan,-6.778694776138976e-20
1240215502.933838,nan,-7.323573926288205e-20
1240215502.934082,nan,-7.39295330497655e-20
1240215502.9343262,nan,-6.867262008580526e-20
1240215502.9345703,nan,-5.916929587694772e-20
1240215502.9348145,nan,-5.074405493385454e-20
1240215502.9350586,nan,-4.768302231918515e-20
1240215502.9353027,nan,-4.973216170801845e-20
1240215502.9355469,nan,-5.538022318042716e-20
1240215502.935791,nan,-6.103364866654806e-20
1240215502.9360352,nan,-6.161251532400631e-20
1240215502.9362793,nan,-5.614946871588219e-20
1240215502.9365234,nan,-4.716802159713761e-20
1240215502.9367676,nan,-3.902813870049153e-20
1240215502.9370117,nan,-3.528397306084635e-20
1240215502.9372559,nan,-3.6808088057460044e-20
1240215502.9375,nan,-4.283081475489853e-20
1240215502.9377441,nan,-4.844130823503886e-20
1240215502.9379883,nan,-4.8978564305665033e-20
1240215502.9382324,nan,-4.418171463546878e-20
1240215502.9384766,nan,-3.483724100870256e-20
1240215502.9387207,nan,-2.610842516723715e-20
1240215502.9389648,nan,-2.26445523449513e-20
1240215502.939209,nan,-2.4889700319486755e-20
1240215502.9394531,nan,-3.103958374952112e-20
1240215502.9396973,nan,-3.640233859128585e-20
1240215502.9399414,nan,-3.6608019457757713e-20
1240215502.9401855,nan,-3.121377482264492e-20
1240215502.9404297,nan,-2.2513249599994452e-20
1240215502.9406738,nan,-1.3611468749702295e-20
1240215502.940918,nan,-9.884116391099207e-21
1240215502.941162,nan,-1.2564769204742722e-20
1240215502.9414062,nan,-1.832742002333343e-20
1240215502.9416504,nan,-2.4155360640247035e-20
1240215502.9418945,nan,-2.4210354460278493e-20
1240215502.9421387,nan,-1.880267454705301e-20
1240215502.9423828,nan,-1.0640350530838802e-20
1240215502.942627,nan,-1.8650047139434516e-21
1240215502.942871,nan,1.9462750106864785e-21
1240215502.9431152,nan,6.250317548080323e-23
1240215502.9433594,nan,-6.254292092773452e-21
1240215502.9436035,nan,-1.1469533132685873e-20
1240215502.9438477,nan,-1.1927455845989642e-20
1240215502.9440918,nan,-7.319811960216379e-21
1240215502.944336,nan,2.1919150704977185e-21
1240215502.94458,nan,1.0176726055162805e-20
1240215502.9448242,nan,1.3947633826026573e-20
1240215502.9450684,nan,1.2164654287088008e-20
1240215502.9453125,nan,5.710961146442789e-21
1240215502.9455566,nan,2.883082938592507e-22
1240215502.9458008,nan,-4.0486366641328644e-22
1240215502.946045,nan,5.761223361180977e-21
1240215502.946289,nan,1.4076843338847056e-20
1240215502.9465332,nan,2.180990755605891e-20
1240215502.9467773,nan,2.5996695412828765e-20
1240215502.9470215,nan,2.36979504152176e-20
1240215502.9472656,nan,1.8122763946369338e-20
1240215502.9475098,nan,1.1830668092457078e-20
1240215502.947754,nan,1.118366884229415e-20
1240215502.947998,nan,1.673217593013783e-20
1240215502.9482422,nan,2.480068467648434e-20
1240215502.9484863,nan,3.3109209610026144e-20
1240215502.9487305,nan,3.722029254290592e-20
1240215502.9489746,nan,3.5157495492964416e-20
1240215502.9492188,nan,2.9023147796908336e-20
1240215502.949463,nan,2.3109551458196706e-20
1240215502.949707,nan,2.2089740445393274e-20
1240215502.9499512,nan,2.81397093601238e-20
1240215502.9501953,nan,3.580329913340882e-20
1240215502.9504395,nan,4.389762243534037e-20
1240215502.9506836,nan,4.8502071468653787e-20
1240215502.9509277,nan,4.44714981678198e-20
1240215502.9511719,nan,3.9870286438947656e-20
1240215502.951416,nan,3.459182576386111e-20
1240215502.9516602,nan,3.252960016245135e-20
1240215502.9519043,nan,3.849714717537655e-20
1240215502.9521484,nan,4.618028872647799e-20
1240215502.9523926,nan,5.452864071175193e-20
1240215502.9526367,nan,5.785571884764751e-20
1240215502.9528809,nan,5.594090454951012e-20
1240215502.953125,nan,5.0606835281607234e-20
1240215502.9533691,nan,4.3668774332134235e-20
1240215502.9536133,nan,4.3544444188188584e-20
1240215502.9538574,nan,4.762220477132251e-20
1240215502.9541016,nan,5.52470021506066e-20
1240215502.9543457,nan,6.400679714009608e-20
1240215502.9545898,nan,6.728568482711985e-20
1240215502.954834,nan,6.546694077793041e-20
1240215502.9550781,nan,5.923683110742904e-20
1240215502.9553223,nan,5.3482564762198483e-20
1240215502.9555664,nan,5.189937907836404e-20
1240215502.9558105,nan,5.640254442358502e-20
1240215502.9560547,nan,6.542661449670722e-20
1240215502.9562988,nan,7.216071682397454e-20
1240215502.956543,nan,7.606766071896817e-20
1240215502.956787,nan,7.421849057480586e-20
1240215502.9570312,nan,6.720751132279707e-20
1240215502.9572754,nan,6.19049720606571e-20
1240215502.9575195,nan,6.025037942050403e-20
1240215502.9577637,nan,6.483361285525628e-20
1240215502.9580078,nan,7.31703281417536e-20
1240215502.958252,nan,7.998270534543132e-20
1240215502.958496,nan,8.37401641314444e-20
1240215502.9587402,nan,8.175698192443781e-20
1240215502.9589844,nan,7.50269589896698e-20
1240215502.9592285,nan,6.921267136108703e-20
1240215502.9594727,nan,6.752590708185461e-20
1240215502.9597168,nan,7.139292293518098e-20
1240215502.959961,nan,8.031496134732632e-20
1240215502.960205,nan,8.718050336853321e-20
1240215502.9604492,nan,9.00297593579796e-20
1240215502.9606934,nan,8.841095617561925e-20
1240215502.9609375,nan,8.106381216828151e-20
1240215502.9611816,nan,7.57116365017096e-20
1240215502.9614258,nan,7.405916098543405e-20
1240215502.96167,nan,7.725841916065348e-20
1240215502.961914,nan,8.621227793323053e-20
1240215502.9621582,nan,9.301962777558619e-20
1240215502.9624023,nan,9.622011061656366e-20
1240215502.9626465,nan,9.452983288237794e-20
1240215502.9628906,nan,8.710552257999118e-20
1240215502.9631348,nan,8.126998404011747e-20
1240215502.963379,nan,7.910045941402388e-20
1240215502.963623,nan,8.298865203829818e-20
1240215502.9638672,nan,9.136900654923186e-20
1240215502.9641113,nan,9.809376128581212e-20
1240215502.9643555,nan,1.0161599044639662e-19
1240215502.9645996,nan,9.902534587292712e-20
1240215502.9648438,nan,9.229259965050276e-20
1240215502.965088,nan,8.555365610276996e-20
1240215502.965332,nan,8.370256405878504e-20
1240215502.9655762,nan,8.816714899339678e-20
1240215502.9658203,nan,9.47163201487951e-20
1240215502.9660645,nan,1.0228477377294709e-19
1240215502.9663086,nan,1.0544738620088703e-19
1240215502.9665527,nan,1.0230929181894817e-19
1240215502.9667969,nan,9.611247178830486e-20
1240215502.967041,nan,8.905357404295379e-20
1240215502.9672852,nan,8.715352612881212e-20
1240215502.9675293,nan,9.082883408875264e-20
1240215502.9677734,nan,9.88349365012855e-20
1240215502.9680176,nan,1.0648069724063354e-19
1240215502.9682617,nan,1.0782586836692668e-19
1240215502.9685059,nan,1.0582012560369439e-19
1240215502.96875,nan,9.971052855825158e-20
1240215502.9689941,nan,9.181385406988144e-20
1240215502.9692383,nan,8.985002187516678e-20
1240215502.9694824,nan,9.361261335360395e-20
1240215502.9697266,nan,1.0071067959567887e-19
1240215502.9699707,nan,1.078252114974422e-19
1240215502.9702148,nan,1.1083407920291118e-19
1240215502.970459,nan,1.079922287850487e-19
1240215502.9707031,nan,1.0078095619805246e-19
1240215502.9709473,nan,9.479230056784608e-20
1240215502.9711914,nan,9.18942439163051e-20
1240215502.9714355,nan,9.452753151863864e-20
1240215502.9716797,nan,1.0282874501207844e-19
1240215502.9719238,nan,1.0918149594337567e-19
1240215502.972168,nan,1.1154784897605473e-19
1240215502.972412,nan,1.0916438573316285e-19
1240215502.9726562,nan,1.0238194606318561e-19
1240215502.9729004,nan,9.600600529531834e-20
1240215502.9731445,nan,9.300384646583353e-20
1240215502.9733887,nan,9.628962510324753e-20
1240215502.9736328,nan,1.0360133341232821e-19
1240215502.973877,nan,1.104645509120639e-19
1240215502.974121,nan,1.1293979516965665e-19
1240215502.9743652,nan,1.093160413537038e-19
1240215502.9746094,nan,1.0297536993266948e-19
1240215502.9748535,nan,9.602771347125665e-20
1240215502.9750977,nan,9.346032824563983e-20
1240215502.9753418,nan,9.6705213532853e-20
1240215502.975586,nan,1.0302981316958525e-19
1240215502.97583,nan,1.1036495068026774e-19
1240215502.9760742,nan,1.1289762538706004e-19
1240215502.9763184,nan,1.0978163836107515e-19
1240215502.9765625,nan,1.0299354758094705e-19
1240215502.9768066,nan,9.550012580930688e-20
1240215502.9770508,nan,9.328871545987563e-20
1240215502.977295,nan,9.597442541218147e-20
1240215502.977539,nan,1.0229887002866118e-19
1240215502.9777832,nan,1.09700734992774e-19
1240215502.9780273,nan,1.120604137916526e-19
1240215502.9782715,nan,1.0870880887358572e-19
1240215502.9785156,nan,1.01444666535542e-19
1240215502.9787598,nan,9.448146201930997e-20
1240215502.979004,nan,9.205882395725869e-20
1240215502.979248,nan,9.475959287225281e-20
1240215502.9794922,nan,1.0178070879488211e-19
1240215502.9797363,nan,1.0823152337503015e-19
1240215502.9799805,nan,1.103370405850155e-19
1240215502.9802246,nan,1.0762436439381109e-19
1240215502.9804688,nan,1.0048588126660477e-19
1240215502.980713,nan,9.359769252263123e-20
1240215502.980957,nan,9.000869374680304e-20
1240215502.9812012,nan,9.205703141846811e-20
1240215502.9814453,nan,9.984681328280179e-20
1240215502.9816895,nan,1.061974296280538e-19
1240215502.9819336,nan,1.0885159249162628e-19
1240215502.9821777,nan,1.0622466713983392e-19
1240215502.9824219,nan,9.799998174077362e-20
1240215502.982666,nan,9.151440712216722e-20
1240215502.9829102,nan,8.800470089768566e-20
1240215502.9831543,nan,9.025635424694506e-20
1240215502.9833984,nan,9.765126914747069e-20
1240215502.9836426,nan,1.0327937227915716e-19
1240215502.9838867,nan,1.0639055086642458e-19
1240215502.9841309,nan,1.0327037491375509e-19
1240215502.984375,nan,9.53886269333068e-20
1240215502.9846191,nan,8.837033111463686e-20
1240215502.9848633,nan,8.517811079767922e-20
1240215502.9851074,nan,8.802215858083796e-20
1240215502.9853516,nan,9.401568132821767e-20
1240215502.9855957,nan,1.0056399971358169e-19
1240215502.9858398,nan,1.0344619508248836e-19
1240215502.986084,nan,1.0012343091785419e-19
1240215502.9863281,nan,9.267398895654715e-20
1240215502.9865723,nan,8.530710435473324e-20
1240215502.9868164,nan,8.228739245479772e-20
1240215502.9870605,nan,8.460333916149189e-20
1240215502.9873047,nan,9.122366435248362e-20
1240215502.9875488,nan,9.755140683489982e-20
1240215502.987793,nan,9.996967152627327e-20
1240215502.988037,nan,9.666574855580368e-20
1240215502.9882812,nan,8.895209461002816e-20
1240215502.9885254,nan,8.212695672083524e-20
1240215502.9887695,nan,7.866180183163672e-20
1240215502.9890137,nan,8.126763696705879e-20
1240215502.9892578,nan,8.796837754254898e-20
1240215502.989502,nan,9.365157564366034e-20
1240215502.989746,nan,9.640377944071803e-20
1240215502.9899902,nan,9.341745385278036e-20
1240215502.9902344,nan,8.549048615398722e-20
1240215502.9904785,nan,7.800296553731525e-20
1240215502.9907227,nan,7.52139577150647e-20
1240215502.9909668,nan,7.666964429314071e-20
1240215502.991211,nan,8.320252490219e-20
1240215502.991455,nan,9.023382543962551e-20
1240215502.9916992,nan,9.189775497861734e-20
1240215502.9919434,nan,8.906643044498655e-20
1240215502.9921875,nan,8.172580404204875e-20
1240215502.9924316,nan,7.423710786323126e-20
1240215502.9926758,nan,7.108385813151601e-20
1240215502.99292,nan,7.302294456989928e-20
1240215502.993164,nan,7.924338707525605e-20
1240215502.9934082,nan,8.539960078142067e-20
1240215502.9936523,nan,8.852653615769146e-20
1240215502.9938965,nan,8.507016255235092e-20
1240215502.9941406,nan,7.661337752039722e-20
1240215502.9943848,nan,7.030650159596799e-20
1240215502.994629,nan,6.702585744827551e-20
1240215502.994873,nan,6.839997666897114e-20
1240215502.9951172,nan,7.489250258754658e-20
1240215502.9953613,nan,8.1524874053784e-20
1240215502.9956055,nan,8.407532293073466e-20
1240215502.9958496,nan,8.001888283709497e-20
1240215502.9960938,nan,7.288553814950612e-20
1240215502.996338,nan,6.572734561434238e-20
1240215502.996582,nan,6.142438078794055e-20
1240215502.9968262,nan,6.485731047756776e-20
1240215502.9970703,nan,7.052483825627683e-20
1240215502.9973145,nan,7.610366588807038e-20
1240215502.9975586,nan,7.925664038719237e-20
1240215502.9978027,nan,7.564274194503043e-20
1240215502.9980469,nan,6.851210007815548e-20
1240215502.998291,nan,6.141274195581543e-20
1240215502.9985352,nan,5.792008820016614e-20
1240215502.9987793,nan,5.975320013105918e-20
1240215502.9990234,nan,6.554924361165262e-20
1240215502.9992676,nan,7.236345915528645e-20
1240215502.9995117,nan,7.454563947954307e-20
1240215502.9997559,nan,7.037271148087791e-20
1240215503.0,nan,6.361341641599709e-20
1240215503.0002441,nan,5.672506354948648e-20
1240215503.0004883,nan,5.282509144083678e-20
1240215503.0007324,nan,5.446096837354117e-20
1240215503.0009766,nan,6.114252418010074e-20
1240215503.0012207,nan,6.769240855647958e-20
1240215503.0014648,nan,6.919674107154174e-20
1240215503.001709,nan,6.663922921946209e-20
1240215503.0019531,nan,5.921924310105618e-20
1240215503.0021973,nan,5.112916769851617e-20
1240215503.0024414,nan,4.89958537776744e-20
1240215503.0026855,nan,5.0375287841320005e-20
1240215503.0029297,nan,5.618247835972869e-20
1240215503.0031738,nan,6.283034782407777e-20
1240215503.003418,nan,6.489444407255657e-20
1240215503.003662,nan,6.197938283348591e-20
1240215503.0039062,nan,5.426878849688189e-20
1240215503.0041504,nan,4.639165548370863e-20
1240215503.0043945,nan,4.352406246322923e-20
1240215503.0046387,nan,4.5866753937885746e-20
1240215503.0048828,nan,5.103558956536877e-20
1240215503.005127,nan,5.764487113284584e-20
1240215503.005371,nan,6.052109054507159e-20
1240215503.0056152,nan,5.69919721938576e-20
1240215503.0058594,nan,4.971851396261936e-20
1240215503.0061035,nan,4.1622529712014487e-20
1240215503.0063477,nan,3.859295162375883e-20
1240215503.0065918,nan,4.115540556871298e-20
1240215503.006836,nan,4.613772035161916e-20
1240215503.00708,nan,5.2855459586467785e-20
1240215503.0073242,nan,5.540796445241245e-20
1240215503.0075684,nan,5.2011140528913045e-20
1240215503.0078125,nan,4.4638146735312605e-20
1240215503.0080566,nan,3.7259337591029995e-20
1240215503.0083008,nan,3.3642254726165333e-20
1240215503.008545,nan,3.518802726092372e-20
1240215503.008789,nan,4.1686335307289634e-20
1240215503.0090332,nan,4.75412255915358e-20
1240215503.0092773,nan,4.973990581069434e-20
1240215503.0095215,nan,4.731416809312074e-20
1240215503.0097656,nan,3.944917872587274e-20
1240215503.0100098,nan,3.172750804758511e-20
1240215503.010254,nan,2.924760120592227e-20
1240215503.010498,nan,3.058388198248442e-20
1240215503.0107422,nan,3.589422188023206e-20
1240215503.0109863,nan,4.2722144298792394e-20
1240215503.0112305,nan,4.495801971527679e-20
1240215503.0114746,nan,4.22032897048418e-20
1240215503.0117188,nan,3.502393514626507e-20
1240215503.011963,nan,2.723329851846219e-20
1240215503.012207,nan,2.386746216697368e-20
1240215503.0124512,nan,2.5264225832956475e-20
1240215503.0126953,nan,3.1543237145642107e-20
1240215503.0129395,nan,3.74888429149533e-20
1240215503.0131836,nan,3.9907892050123045e-20
1240215503.0134277,nan,3.7036764668540836e-20
1240215503.0136719,nan,2.8935596256467005e-20
1240215503.013916,nan,2.1371446995897543e-20
1240215503.0141602,nan,1.8308988844707343e-20
1240215503.0144043,nan,1.9939800200956874e-20
1240215503.0146484,nan,2.577614862913094e-20
1240215503.0148926,nan,3.244697012036261e-20
1240215503.0151367,nan,3.4486105249386575e-20
1240215503.0153809,nan,3.198537601166101e-20
1240215503.015625,nan,2.4206438779261325e-20
1240215503.0158691,nan,1.6080159850525973e-20
1240215503.0161133,nan,1.2878618751055369e-20
1240215503.0163574,nan,1.3838909806630972e-20
1240215503.0166016,nan,2.0406098159999495e-20
1240215503.0168457,nan,2.6471151053381476e-20
1240215503.0170898,nan,2.8319113828924903e-20
1240215503.017334,nan,2.6120984739279892e-20
1240215503.0175781,nan,1.854466167275922e-20
1240215503.0178223,nan,1.0628114968385105e-20
1240215503.0180664,nan,6.812616499536914e-21
1240215503.0183105,nan,8.719741864274067e-21
1240215503.0185547,nan,1.4190272064881753e-20
1240215503.0187988,nan,2.125089830561228e-20
1240215503.019043,nan,2.389364707618585e-20
1240215503.019287,nan,1.9052563135621946e-20
1240215503.0195312,nan,1.2794944098182342e-20
1240215503.0197754,nan,5.2119357363779815e-21
1240215503.0200195,nan,8.172096154875212e-22
1240215503.0202637,nan,2.9832768208933323e-21
1240215503.0205078,nan,8.267965593644763e-21
1240215503.020752,nan,1.490058951424046e-20
1240215503.020996,nan,1.7187952470993604e-20
1240215503.0212402,nan,1.3961730592039985e-20
1240215503.0214844,nan,6.4205385869085674e-21
1240215503.0217285,nan,-1.7036592143781247e-21
1240215503.0219727,nan,-4.217193214902441e-21
1240215503.0222168,nan,-3.1288864567897762e-21
1240215503.022461,nan,1.9841628222872628e-21
1240215503.022705,nan,8.751907984183886e-21
1240215503.0229492,nan,1.0955623281728226e-20
1240215503.0231934,nan,8.053533092590544e-21
1240215503.0234375,nan,9.874280583203467e-22
1240215503.0236816,nan,-7.300863149371867e-21
1240215503.0239258,nan,-1.1506821978085817e-20
1240215503.02417,nan,-9.080522400987615e-21
1240215503.024414,nan,-3.676470914675215e-21
1240215503.0246582,nan,1.8609163391397608e-21
1240215503.0249023,nan,5.168347264690635e-21
1240215503.0251465,nan,2.0238857707308218e-21
1240215503.0253906,nan,-6.323668593617136e-21
1240215503.0256348,nan,-1.37517180832605e-20
1240215503.025879,nan,-1.7020745462284636e-20
1240215503.026123,nan,-1.6710519341893915e-20
1240215503.0263672,nan,-1.060256916085624e-20
1240215503.0266113,nan,-4.0809620009814856e-21
1240215503.0268555,nan,-2.671152521329237e-21
1240215503.0270996,nan,-4.5223561224783735e-21
1240215503.0273438,nan,-1.2702996793271457e-20
1240215503.027588,nan,-2.1169765368284085e-20
1240215503.027832,nan,-2.3699423244683166e-20
1240215503.0280762,nan,-2.265779847341016e-20
1240215503.0283203,nan,-1.751534987496701e-20
1240215503.0285645,nan,-1.14063230531882e-20
1240215503.0288086,nan,-8.779316572499446e-21
1240215503.0290527,nan,-1.1501342797091119e-20
1240215503.0292969,nan,-1.9311704492448335e-20
1240215503.029541,nan,-2.7103323854110785e-20
1240215503.0297852,nan,-3.1474953473449624e-20
1240215503.0300293,nan,-3.03224125453544e-20
1240215503.0302734,nan,-2.4160083716692102e-20
1240215503.0305176,nan,-1.8480317508241308e-20
1240215503.0307617,nan,-1.6059129472997043e-20
1240215503.0310059,nan,-1.8566680477916102e-20
1240215503.03125,nan,-2.6631567708708545e-20
1240215503.0314941,nan,-3.4484069363611953e-20
1240215503.0317383,nan,-3.84134810645718e-20
1240215503.0319824,nan,-3.6900306372511876e-20
1240215503.0322266,nan,-3.1102185288310363e-20
1240215503.0324707,nan,-2.5608253043826285e-20
1240215503.0327148,nan,-2.2819480113913646e-20
1240215503.032959,nan,-2.6521095469963967e-20
1240215503.0332031,nan,-3.4122075815379836e-20
1240215503.0334473,nan,-4.111821698929437e-20
1240215503.0336914,nan,-4.5755227919434576e-20
1240215503.0339355,nan,-4.430441838779882e-20
1240215503.0341797,nan,-3.884461073637702e-20
1240215503.0344238,nan,-3.3272938331080834e-20
1240215503.034668,nan,-3.0425780401695155e-20
1240215503.034912,nan,-3.336665396216856e-20
1240215503.0351562,nan,-4.135023659942692e-20
1240215503.0354004,nan,-4.910331167284982e-20
1240215503.0356445,nan,-5.2406051477809763e-20
1240215503.0358887,nan,-5.181822424024003e-20
1240215503.0361328,nan,-4.64857899580432e-20
1240215503.036377,nan,-4.0453705097236575e-20
1240215503.036621,nan,-3.8178229479793415e-20
1240215503.0368652,nan,-4.0371257062159326e-20
1240215503.0371094,nan,-4.8126671582150284e-20
1240215503.0373535,nan,-5.617758349253191e-20
1240215503.0375977,nan,-6.021737993780744e-20
1240215503.0378418,nan,-5.972865361470581e-20
1240215503.038086,nan,-5.3784586851149893e-20
1240215503.03833,nan,-4.7562832216267496e-20
1240215503.0385742,nan,-4.591249216854824e-20
1240215503.0388184,nan,-4.8231866310102356e-20
1240215503.0390625,nan,-5.530269399270241e-20
1240215503.0393066,nan,-6.44058743673505e-20
1240215503.0395508,nan,-6.819297351130298e-20
1240215503.039795,nan,-6.664797879028404e-20
1240215503.040039,nan,-6.157487190349562e-20
1240215503.0402832,nan,-5.563244616321142e-20
1240215503.0405273,nan,-5.3423469387895255e-20
1240215503.0407715,nan,-5.607825419818233e-20
1240215503.0410156,nan,-6.386742485017351e-20
1240215503.0412598,nan,-7.13606118132899e-20
1240215503.041504,nan,-7.52033756291771e-20
1240215503.041748,nan,-7.488566719037232e-20
1240215503.0419922,nan,-6.922648000577692e-20
1240215503.0422363,nan,-6.321258653337299e-20
1240215503.0424805,nan,-6.08975142235588e-20
1240215503.0427246,nan,-6.332315923654869e-20
1240215503.0429688,nan,-7.109545566308128e-20
1240215503.043213,nan,-7.911675144447419e-20
1240215503.043457,nan,-8.350015334377381e-20
1240215503.0437012,nan,-8.200474017264061e-20
1240215503.0439453,nan,-7.598006323486733e-20
1240215503.0441895,nan,-7.086709672212568e-20
1240215503.0444336,nan,-6.791566493708406e-20
1240215503.0446777,nan,-7.061913163923733e-20
1240215503.0449219,nan,-7.841054999549972e-20
1240215503.045166,nan,-8.61597977929574e-20
1240215503.0454102,nan,-9.109470500820095e-20
1240215503.0456543,nan,-8.913465212819149e-20
1240215503.0458984,nan,-8.308138906097482e-20
1240215503.0461426,nan,-7.856005148906853e-20
1240215503.0463867,nan,-7.566531504065461e-20
1240215503.0466309,nan,-7.784699589681495e-20
1240215503.046875,nan,-8.560448697258842e-20
1240215503.0471191,nan,-9.296038205065107e-20
1240215503.0473633,nan,-9.752220088360259e-20
1240215503.0476074,nan,-9.655974421701009e-20
1240215503.0478516,nan,-9.058314260048024e-20
1240215503.0480957,nan,-8.526016319915375e-20
1240215503.0483398,nan,-8.217441678413751e-20
1240215503.048584,nan,-8.477712433545612e-20
1240215503.0488281,nan,-9.262422655189045e-20
1240215503.0490723,nan,-1.0006548896656418e-19
1240215503.0493164,nan,-1.0470864116238309e-19
1240215503.0495605,nan,-1.0397428812567457e-19
1240215503.0498047,nan,-9.806493710921237e-20
1240215503.0500488,nan,-9.122357535578736e-20
1240215503.050293,nan,-8.907630438642599e-20
1240215503.050537,nan,-9.176559736967735e-20
1240215503.0507812,nan,-9.865780300356647e-20
1240215503.0510254,nan,-1.069406830370435e-19
1240215503.0512695,nan,-1.1020670721691692e-19
1240215503.0515137,nan,-1.0926183804208342e-19
1240215503.0517578,nan,-1.0416459553431846e-19
1240215503.052002,nan,-9.750319574990114e-20
1240215503.052246,nan,-9.493789553656449e-20
1240215503.0524902,nan,-9.80621186242395e-20
1240215503.0527344,nan,-1.0499246793791289e-19
1240215503.0529785,nan,-1.1183241119624835e-19
1240215503.0532227,nan,-1.1672030810115316e-19
1240215503.0534668,nan,-1.1527439265175498e-19
1240215503.053711,nan,-1.0986687512461225e-19
1240215503.053955,nan,-1.0405679812757647e-19
1240215503.0541992,nan,-9.996782920450505e-20
1240215503.0544434,nan,-1.034958719650209e-19
1240215503.0546875,nan,-1.1022558766766017e-19
1240215503.0549316,nan,-1.1710148278015574e-19
1240215503.0551758,nan,-1.2186600328432431e-19
1240215503.05542,nan,-1.2020607146228008e-19
1240215503.055664,nan,-1.1447007021082306e-19
1240215503.0559082,nan,-1.0827752966442025e-19
1240215503.0561523,nan,-1.0570883495138761e-19
1240215503.0563965,nan,-1.0819759027068279e-19
1240215503.0566406,nan,-1.1444651863743045e-19
1240215503.0568848,nan,-1.2232033733890371e-19
1240215503.057129,nan,-1.264092318608454e-19
1240215503.057373,nan,-1.2504186428605158e-19
1240215503.0576172,nan,-1.1955779515473734e-19
1240215503.0578613,nan,-1.1277047005253992e-19
1240215503.0581055,nan,-1.0932305612502323e-19
1240215503.0583496,nan,-1.1152859077765194e-19
1240215503.0585938,nan,-1.1911149207034981e-19
1240215503.058838,nan,-1.2664513114741069e-19
1240215503.059082,nan,-1.3003036017789825e-19
1240215503.0593262,nan,-1.2821232881140092e-19
1240215503.0595703,nan,-1.2255666830589902e-19
1240215503.0598145,nan,-1.1659308365127205e-19
1240215503.0600586,nan,-1.1330070213379406e-19
1240215503.0603027,nan,-1.1576814518274556e-19
1240215503.0605469,nan,-1.2210821366969566e-19
1240215503.060791,nan,-1.2901938290623396e-19
1240215503.0610352,nan,-1.330702672631916e-19
1240215503.0612793,nan,-1.3150504099228399e-19
1240215503.0615234,nan,-1.257450759748614e-19
1240215503.0617676,nan,-1.1825677515775813e-19
1240215503.0620117,nan,-1.1481111013540267e-19
1240215503.0622559,nan,-1.175233329027512e-19
1240215503.0625,nan,-1.2381490642671735e-19
1240215503.0627441,nan,-1.3099261463873312e-19
1240215503.0629883,nan,-1.3484553380450806e-19
1240215503.0632324,nan,-1.3347580745761093e-19
1240215503.0634766,nan,-1.2698077432331933e-19
1240215503.0637207,nan,-1.1997943722079775e-19
1240215503.0639648,nan,-1.1735627127295227e-19
1240215503.064209,nan,-1.1845828381134119e-19
1240215503.0644531,nan,-1.2493712197114976e-19
1240215503.0646973,nan,-1.331254152466104e-19
1240215503.0649414,nan,-1.3565088366162397e-19
1240215503.0651855,nan,-1.3350550919194616e-19
1240215503.0654297,nan,-1.2767897952582351e-19
1240215503.0656738,nan,-1.2086181063699173e-19
1240215503.065918,nan,-1.1776520870194678e-19
1240215503.066162,nan,-1.191797313215551e-19
1240215503.0664062,nan,-1.247157606156586e-19
1240215503.0666504,nan,-1.3194202961084414e-19
1240215503.0668945,nan,-1.3576349174638758e-19
1240215503.0671387,nan,-1.3345145471205122e-19
1240215503.0673828,nan,-1.271335561658718e-19
1240215503.067627,nan,-1.201173548296879e-19
1240215503.067871,nan,-1.1678595842353719e-19
1240215503.0681152,nan,-1.1796179846290696e-19
1240215503.0683594,nan,-1.234221408002742e-19
1240215503.0686035,nan,-1.313572457572271e-19
1240215503.0688477,nan,-1.3404336525198092e-19
1240215503.0690918,nan,-1.3157184258273966e-19
1240215503.069336,nan,-1.2613622401084138e-19
1240215503.06958,nan,-1.1801256250241247e-19
1240215503.0698242,nan,-1.1383331296054287e-19
1240215503.0700684,nan,-1.1582752224852402e-19
1240215503.0703125,nan,-1.2146548591478565e-19
1240215503.0705566,nan,-1.2825225032860899e-19
1240215503.0708008,nan,-1.3153947997987795e-19
1240215503.071045,nan,-1.2933152540828706e-19
1240215503.071289,nan,-1.2289247945644014e-19
1240215503.0715332,nan,-1.153070415849736e-19
1240215503.0717773,nan,-1.1107359445064948e-19
1240215503.0720215,nan,-1.1228886842316876e-19
1240215503.0722656,nan,-1.1752568416042217e-19
1240215503.0725098,nan,-1.249697250668438e-19
1240215503.072754,nan,-1.2784078921592328e-19
1240215503.072998,nan,-1.2495638210676653e-19
1240215503.0732422,nan,-1.1904146541575387e-19
1240215503.0734863,nan,-1.107760016663295e-19
1240215503.0737305,nan,-1.0650210830359616e-19
1240215503.0739746,nan,-1.0785672878860465e-19
1240215503.0742188,nan,-1.1306508106805303e-19
1240215503.074463,nan,-1.1955087049997723e-19
1240215503.074707,nan,-1.2249672509961438e-19
1240215503.0749512,nan,-1.199467289843225e-19
1240215503.0751953,nan,-1.1274430499082078e-19
1240215503.0754395,nan,-1.0583274327730211e-19
1240215503.0756836,nan,-1.0125071110101365e-19
1240215503.0759277,nan,-1.0145864459610476e-19
1240215503.0761719,nan,-1.078938384660162e-19
1240215503.076416,nan,-1.1368900579580486e-19
1240215503.0766602,nan,-1.1580594201190202e-19
1240215503.0769043,nan,-1.136095472529392e-19
1240215503.0771484,nan,-1.0676933523771154e-19
1240215503.0773926,nan,-9.796068021602887e-20
1240215503.0776367,nan,-9.303814605816314e-20
1240215503.0778809,nan,-9.482359293633344e-20
1240215503.078125,nan,-1.0008051910550549e-19
1240215503.0783691,nan,-1.051624437408833e-19
1240215503.0786133,nan,-1.0822078218368406e-19
1240215503.0788574,nan,-1.0618119480434874e-19
1240215503.0791016,nan,-9.830212359361255e-20
1240215503.0793457,nan,-9.049298621648241e-20
1240215503.0795898,nan,-8.584631797313045e-20
1240215503.079834,nan,-8.585665374007357e-20
1240215503.0800781,nan,-9.145710014224452e-20
1240215503.0803223,nan,-9.673235896557209e-20
1240215503.0805664,nan,-9.950300152786818e-20
1240215503.0808105,nan,-9.726102051110222e-20
1240215503.0810547,nan,-8.959223926773575e-20
1240215503.0812988,nan,-8.163241378886648e-20
1240215503.081543,nan,-7.57183305985022e-20
1240215503.081787,nan,-7.628412432856282e-20
1240215503.0820312,nan,-8.19581329527766e-20
1240215503.0822754,nan,-8.715386853010605e-20
1240215503.0825195,nan,-8.951944949074504e-20
1240215503.0827637,nan,-8.67940724014921e-20
1240215503.0830078,nan,-7.858690350871183e-20
1240215503.083252,nan,-7.094530067095804e-20
1240215503.083496,nan,-6.622947721984137e-20
1240215503.0837402,nan,-6.517019187975578e-20
1240215503.0839844,nan,-7.064499047757215e-20
1240215503.0842285,nan,-7.635169629094602e-20
1240215503.0844727,nan,-7.834533800718304e-20
1240215503.0847168,nan,-7.558509080602934e-20
1240215503.084961,nan,-6.717019988313452e-20
1240215503.085205,nan,-5.985216179566813e-20
1240215503.0854492,nan,-5.435358353599754e-20
1240215503.0856934,nan,-5.3965684891991843e-20
1240215503.0859375,nan,-5.966911533630802e-20
1240215503.0861816,nan,-6.40019142598504e-20
1240215503.0864258,nan,-6.621642859432303e-20
1240215503.08667,nan,-6.340754909459173e-20
1240215503.086914,nan,-5.588335754796251e-20
1240215503.0871582,nan,-4.6893583136673665e-20
1240215503.0874023,nan,-4.1195830639689663e-20
1240215503.0876465,nan,-4.2144421465682055e-20
1240215503.0878906,nan,-4.6105037443336953e-20
1240215503.0881348,nan,-5.1102010325109234e-20
1240215503.088379,nan,-5.359183305476978e-20
1240215503.088623,nan,-5.087038892492391e-20
1240215503.0888672,nan,-4.2594642941418263e-20
1240215503.0891113,nan,-3.3392809372305384e-20
1240215503.0893555,nan,-2.920864177114316e-20
1240215503.0895996,nan,-2.8196061202675275e-20
1240215503.0898438,nan,-3.21924050387628e-20
1240215503.090088,nan,-3.86205458891713e-20
1240215503.090332,nan,-4.0149400957513515e-20
1240215503.0905762,nan,-3.663389274410237e-20
1240215503.0908203,nan,-2.8964743585746517e-20
1240215503.0910645,nan,-2.0422050208813597e-20
1240215503.0913086,nan,-1.438272322759791e-20
1240215503.0915527,nan,-1.39494476516281e-20
1240215503.0917969,nan,-1.8607679185727566e-20
1240215503.092041,nan,-2.4146344801413532e-20
1240215503.0922852,nan,-2.632833643542175e-20
1240215503.0925293,nan,-2.206740479913733e-20
1240215503.0927734,nan,-1.4296360045701698e-20
1240215503.0930176,nan,-5.4651155323660995e-21
1240215503.0932617,nan,-2.661244698738471e-22
1240215503.0935059,nan,-5.744415147496974e-24
1240215503.09375,nan,-3.1287603308209566e-21
1240215503.0939941,nan,-9.519687023125345e-21
1240215503.0942383,nan,-1.1021878505518774e-20
1240215503.0944824,nan,-7.089174854635509e-21
1240215503.0947266,nan,-5.3990375780036e-22
1240215503.0949707,nan,8.968116498274344e-21
1240215503.0952148,nan,1.486475691248969e-20
1240215503.095459,nan,1.5346431186987863e-20
1240215503.0957031,nan,1.1667720776030353e-20
1240215503.0959473,nan,5.7099010461121984e-21
1240215503.0961914,nan,3.521011313761771e-21
1240215503.0964355,nan,7.14759891167445e-21
1240215503.0966797,nan,1.5360835819345975e-20
1240215503.0969238,nan,2.4660951206513492e-20
1240215503.097168,nan,3.0062881240637866e-20
1240215503.097412,nan,3.084152529688099e-20
1240215503.0976562,nan,2.594476819716232e-20
1240215503.0979004,nan,2.0821433002759716e-20
1240215503.0981445,nan,2.0537969329916626e-20
1240215503.0983887,nan,2.2591394286852582e-20
1240215503.0986328,nan,3.0417157833705814e-20
1240215503.098877,nan,4.000380383800972e-20
1240215503.099121,nan,4.526018357099801e-20
1240215503.0993652,nan,4.5858523719034874e-20
1240215503.0996094,nan,4.169402916429101e-20
1240215503.0998535,nan,3.7010332210115e-20
1240215503.1000977,nan,3.448930572976812e-20
1240215503.1003418,nan,3.808832465160776e-20
1240215503.100586,nan,4.664927758258875e-20
1240215503.10083,nan,5.452469552435337e-20
1240215503.1010742,nan,6.034190011981932e-20
1240215503.1013184,nan,6.170786552974218e-20
1240215503.1015625,nan,5.74725338605496e-20
1240215503.1018066,nan,5.149914518035773e-20
1240215503.1020508,nan,5.001986159083439e-20
1240215503.102295,nan,5.3170463581532156e-20
1240215503.102539,nan,6.042494744438162e-20
1240215503.1027832,nan,7.012907701435992e-20
1240215503.1030273,nan,7.581494412209154e-20
1240215503.1032715,nan,7.685061664469181e-20
1240215503.1035156,nan,7.272727741561474e-20
1240215503.1037598,nan,6.681789477518695e-20
1240215503.104004,nan,6.520744212964814e-20
1240215503.104248,nan,6.752152463421305e-20
1240215503.1044922,nan,7.582773576450777e-20
1240215503.1047363,nan,8.542882545624879e-20
1240215503.1049805,nan,9.006362980772134e-20
1240215503.1052246,nan,9.11136858469857e-20
1240215503.1054688,nan,8.691329770703567e-20
1240215503.105713,nan,8.122401287728988e-20
1240215503.105957,nan,7.959582780975431e-20
1240215503.1062012,nan,8.29857324145919e-20
1240215503.1064453,nan,9.050369727983646e-20
1240215503.1066895,nan,9.877545578377555e-20
1240215503.1069336,nan,1.0564657201169855e-19
1240215503.1071777,nan,1.0555721764960404e-19
1240215503.1074219,nan,1.0064823236061494e-19
1240215503.107666,nan,9.631759528735881e-20
1240215503.1079102,nan,9.263982861159193e-20
1240215503.1081543,nan,9.601341725901499e-20
1240215503.1083984,nan,1.041055309455268e-19
1240215503.1086426,nan,1.1244886024300414e-19
1240215503.1088867,nan,1.1951473499972386e-19
1240215503.1091309,nan,1.1870754581042503e-19
1240215503.109375,nan,1.139139495348674e-19
1240215503.1096191,nan,1.0933932010763943e-19
1240215503.1098633,nan,1.0655829898171108e-19
1240215503.1101074,nan,1.09550367965207e-19
1240215503.1103516,nan,1.1665527719921574e-19
1240215503.1105957,nan,1.253783251560653e-19
1240215503.1108398,nan,1.3148222280984477e-19
1240215503.111084,nan,1.3171092306921338e-19
1240215503.1113281,nan,1.2718585867626075e-19
1240215503.1115723,nan,1.2096113778567616e-19
1240215503.1118164,nan,1.18521372626449e-19
1240215503.1120605,nan,1.2213294244667943e-19
1240215503.1123047,nan,1.2932502316164403e-19
1240215503.1125488,nan,1.371805793036924e-19
1240215503.112793,nan,1.4291108487408268e-19
1240215503.113037,nan,1.4364970650039325e-19
1240215503.1132812,nan,1.385217125260541e-19
1240215503.1135254,nan,1.3278629508628334e-19
1240215503.1137695,nan,1.3036619641225778e-19
1240215503.1140137,nan,1.3230466851368137e-19
1240215503.1142578,nan,1.4035469412021038e-19
1240215503.114502,nan,1.4850107516050995e-19
1240215503.114746,nan,1.532596982432085e-19
1240215503.1149902,nan,1.544407257196812e-19
1240215503.1152344,nan,1.4852155401394647e-19
1240215503.1154785,nan,1.4270070458761267e-19
1240215503.1157227,nan,1.4062830431812747e-19
1240215503.1159668,nan,1.426103660996776e-19
1240215503.116211,nan,1.5021920287699525e-19
1240215503.116455,nan,1.5759366098310363e-19
1240215503.1166992,nan,1.6332103288016606e-19
1240215503.1169434,nan,1.6354581972983187e-19
1240215503.1171875,nan,1.577721816835496e-19
1240215503.1174316,nan,1.5242037779851333e-19
1240215503.1176758,nan,1.4956386259693455e-19
1240215503.11792,nan,1.512032501753359e-19
1240215503.118164,nan,1.5837820637741408e-19
1240215503.1184082,nan,1.66766261732098e-19
1240215503.1186523,nan,1.71302497241706e-19
1240215503.1188965,nan,1.708808304173448e-19
1240215503.1191406,nan,1.6626459627975902e-19
1240215503.1193848,nan,1.5999055206131793e-19
1240215503.119629,nan,1.5647529319334096e-19
1240215503.119873,nan,1.5869633030716366e-19
1240215503.1201172,nan,1.6560818702199103e-19
1240215503.1203613,nan,1.7302454998794513e-19
1240215503.1206055,nan,1.7833496605516556e-19
1240215503.1208496,nan,1.776427692804636e-19
1240215503.1210938,nan,1.7190270610225435e-19
1240215503.121338,nan,1.6589451876087538e-19
1240215503.121582,nan,1.6182314600951917e-19
1240215503.1218262,nan,1.6442343356062702e-19
1240215503.1220703,nan,1.709837504662759e-19
1240215503.1223145,nan,1.7797818778003616e-19
1240215503.1225586,nan,1.833873326335146e-19
1240215503.1228027,nan,1.8235852531101487e-19
1240215503.1230469,nan,1.7693562165933473e-19
1240215503.123291,nan,1.7035520515166415e-19
1240215503.1235352,nan,1.6709726897259326e-19
1240215503.1237793,nan,1.6845749619070733e-19
1240215503.1240234,nan,1.7414860683487355e-19
1240215503.1242676,nan,1.8294183938828898e-19
1240215503.1245117,nan,1.8674346967340168e-19
1240215503.1247559,nan,1.8582209697122058e-19
1240215503.125,nan,1.8051479885219068e-19
1240215503.1252441,nan,1.731439655717332e-19
1240215503.1254883,nan,1.6954653226639196e-19
1240215503.1257324,nan,1.7048310173371747e-19
1240215503.1259766,nan,1.7727061326160832e-19
1240215503.1262207,nan,1.8432160667817786e-19
1240215503.1264648,nan,1.8828950727506556e-19
1240215503.126709,nan,1.8791841714458081e-19
1240215503.1269531,nan,1.8161259754914143e-19
1240215503.1271973,nan,1.7446472285472373e-19
1240215503.1274414,nan,1.7017181651874283e-19
1240215503.1276855,nan,1.7160610108440634e-19
1240215503.1279297,nan,1.7745502076191837e-19
1240215503.1281738,nan,1.8407544105441272e-19
1240215503.128418,nan,1.8914197847277517e-19
1240215503.128662,nan,1.8772620120790587e-19
1240215503.1289062,nan,1.8162158546189863e-19
1240215503.1291504,nan,1.744332753200844e-19
1240215503.1293945,nan,1.6928584137355817e-19
1240215503.1296387,nan,1.708390520751783e-19
1240215503.1298828,nan,1.7654382226044648e-19
1240215503.130127,nan,1.8315837776024953e-19
1240215503.130371,nan,1.8744258903550474e-19
1240215503.1306152,nan,1.8544820306386846e-19
1240215503.1308594,nan,1.7889537877622468e-19
1240215503.1311035,nan,1.721734989588394e-19
1240215503.1313477,nan,1.6780080668076295e-19
1240215503.1315918,nan,1.6766846900245698e-19
1240215503.131836,nan,1.7300606707045427e-19
1240215503.13208,nan,1.8033837225596399e-19
1240215503.1323242,nan,1.8413297602696852e-19
1240215503.1325684,nan,1.819775825705836e-19
1240215503.1328125,nan,1.76004444752302e-19
1240215503.1330566,nan,1.6848705257916627e-19
1240215503.1333008,nan,1.6258232091805906e-19
1240215503.133545,nan,1.6351880865125566e-19
1240215503.133789,nan,1.688635167353991e-19
1240215503.1340332,nan,1.74904086171008e-19
1240215503.1342773,nan,1.7878682679263708e-19
1240215503.1345215,nan,1.7659726653103258e-19
1240215503.1347656,nan,1.7004606841744603e-19
1240215503.1350098,nan,1.6242270758421607e-19
1240215503.135254,nan,1.5715591278089525e-19
1240215503.135498,nan,1.5715095264328646e-19
1240215503.1357422,nan,1.62065561200001e-19
1240215503.1359863,nan,1.6832226271660742e-19
1240215503.1362305,nan,1.7211184948527448e-19
1240215503.1364746,nan,1.6990575345127406e-19
1240215503.1367188,nan,1.6283188729138424e-19
1240215503.136963,nan,1.5534882339802037e-19
1240215503.137207,nan,1.496440355665709e-19
1240215503.1374512,nan,1.4899055522630027e-19
1240215503.1376953,nan,1.5452252581604035e-19
1240215503.1379395,nan,1.6051342837773423e-19
1240215503.1381836,nan,1.6311336701021796e-19
1240215503.1384277,nan,1.6170327635912925e-19
1240215503.1386719,nan,1.5444243117914673e-19
1240215503.138916,nan,1.457311441658682e-19
1240215503.1391602,nan,1.408162685145731e-19
1240215503.1394043,nan,1.4030161496035211e-19
1240215503.1396484,nan,1.443990073719452e-19
1240215503.1398926,nan,1.5034261215726372e-19
1240215503.1401367,nan,1.534465757512468e-19
1240215503.1403809,nan,1.5135846853245564e-19
1240215503.140625,nan,1.4444708116872072e-19
1240215503.1408691,nan,1.3466755523096886e-19
1240215503.1411133,nan,1.2903785233987275e-19
1240215503.1413574,nan,1.3010774894015573e-19
1240215503.1416016,nan,1.3309479147707308e-19
1240215503.1418457,nan,1.3859589144775427e-19
1240215503.1420898,nan,1.4196833726723222e-19
1240215503.142334,nan,1.3922914635864932e-19
1240215503.1425781,nan,1.3244370709062966e-19
1240215503.1428223,nan,1.2356568102623762e-19
1240215503.1430664,nan,1.1710189872609127e-19
1240215503.1433105,nan,1.1609752620917543e-19
1240215503.1435547,nan,1.2066043051670972e-19
1240215503.1437988,nan,1.2620696379052296e-19
1240215503.144043,nan,1.287559006649171e-19
1240215503.144287,nan,1.2629001947143162e-19
1240215503.1445312,nan,1.1856398148661877e-19
1240215503.1447754,nan,1.0922353551329222e-19
1240215503.1450195,nan,1.0303957018971759e-19
1240215503.1452637,nan,1.0305055297375299e-19
1240215503.1455078,nan,1.0617350720790465e-19
1240215503.145752,nan,1.1117587754849483e-19
1240215503.145996,nan,1.1504122896570786e-19
1240215503.1462402,nan,1.111549497705218e-19
1240215503.1464844,nan,1.033834321566526e-19
1240215503.1467285,nan,9.504090515612669e-20
1240215503.1469727,nan,8.766812804824637e-20
1240215503.1472168,nan,8.678108464987768e-20
1240215503.147461,nan,9.093928419625582e-20
1240215503.147705,nan,9.595454341304546e-20
1240215503.1479492,nan,9.891358969809557e-20
1240215503.1481934,nan,9.557742255759109e-20
1240215503.1484375,nan,8.752513810919167e-20
1240215503.1486816,nan,7.841535894085307e-20
1240215503.1489258,nan,7.151938272138132e-20
1240215503.14917,nan,7.050226448117614e-20
1240215503.149414,nan,7.42594533668513e-20
1240215503.1496582,nan,7.922748112254105e-20
1240215503.1499023,nan,8.17029578830619e-20
1240215503.1501465,nan,7.85990805126642e-20
1240215503.1503906,nan,7.06360728193929e-20
1240215503.1506348,nan,6.143844577929353e-20
1240215503.150879,nan,5.421466543090924e-20
1240215503.151123,nan,5.3127491681594465e-20
1240215503.1513672,nan,5.66897709899918e-20
1240215503.1516113,nan,6.091756843222591e-20
1240215503.1518555,nan,6.393863415001261e-20
1240215503.1520996,nan,6.076579398470409e-20
1240215503.1523438,nan,5.268640169077564e-20
1240215503.152588,nan,4.323812741825414e-20
1240215503.152832,nan,3.610272797381653e-20
1240215503.1530762,nan,3.4770018357711484e-20
1240215503.1533203,nan,3.762855095207703e-20
1240215503.1535645,nan,4.316817169786326e-20
1240215503.1538086,nan,4.59127851460452e-20
1240215503.1540527,nan,4.1706199762052834e-20
1240215503.1542969,nan,3.3510194851432304e-20
1240215503.154541,nan,2.44094586940165e-20
1240215503.1547852,nan,1.7528389815236912e-20
1240215503.1550293,nan,1.5810129251032428e-20
1240215503.1552734,nan,1.8448643988164717e-20
1240215503.1555176,nan,2.389205327915842e-20
1240215503.1557617,nan,2.664940386264036e-20
1240215503.1560059,nan,2.1917485446100227e-20
1240215503.15625,nan,1.454014973401586e-20
1240215503.1564941,nan,5.1579545949930355e-21
1240215503.1567383,nan,-2.4628838992520808e-21
1240215503.1569824,nan,-3.1967918030228263e-21
1240215503.1572266,nan,-9.872936977648897e-22
1240215503.1574707,nan,4.441650971966244e-21
1240215503.1577148,nan,6.605492298763531e-21
1240215503.157959,nan,2.6406154445485848e-21
1240215503.1582031,nan,-4.5915448387396856e-21
1240215503.1584473,nan,-1.5529166413650657e-20
1240215503.1586914,nan,-2.210625855548774e-20
1240215503.1589355,nan,-2.294829499524606e-20
1240215503.1591797,nan,-2.0926628451891582e-20
1240215503.1594238,nan,-1.598830393982344e-20
1240215503.159668,nan,-1.3588889886012424e-20
1240215503.159912,nan,-1.695813805841186e-20
1240215503.1601562,nan,-2.4519966671271516e-20
1240215503.1604004,nan,-3.463917286342915e-20
1240215503.1606445,nan,-4.24088225438595e-20
1240215503.1608887,nan,-4.3627591553509984e-20
1240215503.1611328,nan,-4.0818491576863166e-20
1240215503.161377,nan,-3.6260319229558186e-20
1240215503.161621,nan,-3.315930581218138e-20
1240215503.1618652,nan,-3.653706895487192e-20
1240215503.1621094,nan,-4.487243697266808e-20
1240215503.1623535,nan,-5.435692059467616e-20
1240215503.1625977,nan,-6.207248473056015e-20
1240215503.1628418,nan,-6.38372557927852e-20
1240215503.163086,nan,-6.072143890468833e-20
1240215503.16333,nan,-5.580861191844695e-20
1240215503.1635742,nan,-5.289525868596436e-20
1240215503.1638184,nan,-5.652503122125609e-20
1240215503.1640625,nan,-6.522624194915251e-20
1240215503.1643066,nan,-7.459009249265909e-20
1240215503.1645508,nan,-8.111214820028145e-20
1240215503.164795,nan,-8.338389260707106e-20
1240215503.165039,nan,-8.051712889607205e-20
1240215503.1652832,nan,-7.535149836715469e-20
1240215503.1655273,nan,-7.30947896308328e-20
1240215503.1657715,nan,-7.537792652623471e-20
1240215503.1660156,nan,-8.3561551728745e-20
1240215503.1662598,nan,-9.397322609824474e-20
1240215503.166504,nan,-1.0061310268061097e-19
1240215503.166748,nan,-1.024292062388252e-19
1240215503.1669922,nan,-9.934255734956727e-20
1240215503.1672363,nan,-9.434352125506914e-20
1240215503.1674805,nan,-9.15083863851183e-20
1240215503.1677246,nan,-9.449900283363499e-20
1240215503.1679688,nan,-1.0309509048740735e-19
1240215503.168213,nan,-1.1197869476700581e-19
1240215503.168457,nan,-1.1917651510538462e-19
1240215503.1687012,nan,-1.2097332036020452e-19
1240215503.1689453,nan,-1.172907197124393e-19
1240215503.1691895,nan,-1.126533014952394e-19
1240215503.1694336,nan,-1.0892692894697063e-19
1240215503.1696777,nan,-1.1196237968843589e-19
1240215503.1699219,nan,-1.2076524819780938e-19
1240215503.170166,nan,-1.2973672559387175e-19
1240215503.1704102,nan,-1.3709996224415775e-19
1240215503.1706543,nan,-1.3859682315878735e-19
1240215503.1708984,nan,-1.3510608798156479e-19
1240215503.1711426,nan,-1.302419031777867e-19
1240215503.1713867,nan,-1.2661338016151491e-19
1240215503.1716309,nan,-1.2913608649651857e-19
1240215503.171875,nan,-1.3719284813892715e-19
1240215503.1721191,nan,-1.4659697916661938e-19
1240215503.1723633,nan,-1.534729889957409e-19
1240215503.1726074,nan,-1.548473712666005e-19
1240215503.1728516,nan,-1.5131283954411654e-19
1240215503.1730957,nan,-1.4564800132343734e-19
1240215503.1733398,nan,-1.4292335389608947e-19
1240215503.173584,nan,-1.4544643462399422e-19
1240215503.1738281,nan,-1.525283130694715e-19
1240215503.1740723,nan,-1.6215210325412216e-19
1240215503.1743164,nan,-1.6868841752123693e-19
1240215503.1745605,nan,-1.7021926794999443e-19
1240215503.1748047,nan,-1.6683798579367605e-19
1240215503.1750488,nan,-1.6033745677953259e-19
1240215503.175293,nan,-1.5736113402286535e-19
1240215503.175537,nan,-1.5962274519069966e-19
1240215503.1757812,nan,-1.6683782361021427e-19
1240215503.1760254,nan,-1.7599249830886491e-19
1240215503.1762695,nan,-1.8214265236873104e-19
1240215503.1765137,nan,-1.835858818674595e-19
1240215503.1767578,nan,-1.794948602841516e-19
1240215503.177002,nan,-1.7400105350979955e-19
1240215503.177246,nan,-1.704036374779033e-19
1240215503.1774902,nan,-1.719955536982287e-19
1240215503.1777344,nan,-1.7945497710822621e-19
1240215503.1779785,nan,-1.8758466855797193e-19
1240215503.1782227,nan,-1.9419332686780233e-19
1240215503.1784668,nan,-1.9588860120739039e-19
1240215503.178711,nan,-1.9136113653456407e-19
1240215503.178955,nan,-1.8467829058291262e-19
1240215503.1791992,nan,-1.8091985059467842e-19
1240215503.1794434,nan,-1.8317268055564492e-19
1240215503.1796875,nan,-1.900909404664843e-19
1240215503.1799316,nan,-1.9858034546298255e-19
1240215503.1801758,nan,-2.0475564087152784e-19
1240215503.18042,nan,-2.0573397861343253e-19
1240215503.180664,nan,-2.0134219848678262e-19
1240215503.1809082,nan,-1.947158259825367e-19
1240215503.1811523,nan,-1.903957341967102e-19
1240215503.1813965,nan,-1.9184340603813765e-19
1240215503.1816406,nan,-1.9832303387708632e-19
1240215503.1818848,nan,-2.0698858552159416e-19
1240215503.182129,nan,-2.1319995976217437e-19
1240215503.182373,nan,-2.1341860940702128e-19
1240215503.1826172,nan,-2.0936927202543066e-19
1240215503.1828613,nan,-2.026399298748431e-19
1240215503.1831055,nan,-1.9794054386015188e-19
1240215503.1833496,nan,-1.9882622727946232e-19
1240215503.1835938,nan,-2.051021141710711e-19
1240215503.183838,nan,-2.134403346078999e-19
1240215503.184082,nan,-2.186414206830215e-19
1240215503.1843262,nan,-2.1991630365295905e-19
1240215503.1845703,nan,-2.1522499676660874e-19
1240215503.1848145,nan,-2.0714923051897743e-19
1240215503.1850586,nan,-2.0305452075055706e-19
1240215503.1853027,nan,-2.040703208769755e-19
1240215503.1855469,nan,-2.0953381491197263e-19
1240215503.185791,nan,-2.178179670712031e-19
1240215503.1860352,nan,-2.231947362262757e-19
1240215503.1862793,nan,-2.227562028414373e-19
1240215503.1865234,nan,-2.1910435317142795e-19
1240215503.1867676,nan,-2.1163544709540715e-19
1240215503.1870117,nan,-2.054699655576897e-19
1240215503.1872559,nan,-2.0725685420432758e-19
1240215503.1875,nan,-2.124228950355839e-19
1240215503.1877441,nan,-2.1969621550510983e-19
1240215503.1879883,nan,-2.252162664762328e-19
1240215503.1882324,nan,-2.2484551555060056e-19
1240215503.1884766,nan,-2.2033797209954023e-19
1240215503.1887207,nan,-2.1193407002246347e-19
1240215503.1889648,nan,-2.0674184046056237e-19
1240215503.189209,nan,-2.076225675540895e-19
1240215503.1894531,nan,-2.122557738666878e-19
1240215503.1896973,nan,-2.2011081633735808e-19
1240215503.1899414,nan,-2.243471025792328e-19
1240215503.1901855,nan,-2.2393497238305455e-19
1240215503.1904297,nan,-2.1921069737199636e-19
1240215503.1906738,nan,-2.1108830071809326e-19
1240215503.190918,nan,-2.0570460589715013e-19
1240215503.191162,nan,-2.0512837018884643e-19
1240215503.1914062,nan,-2.1025386075002873e-19
1240215503.1916504,nan,-2.175928382167324e-19
1240215503.1918945,nan,-2.225354326559188e-19
1240215503.1921387,nan,-2.2159423710014416e-19
1240215503.1923828,nan,-2.1532390424717042e-19
1240215503.192627,nan,-2.0831385498413906e-19
1240215503.192871,nan,-2.0183305852767478e-19
1240215503.1931152,nan,-2.0107629380476356e-19
1240215503.1933594,nan,-2.0686871047675955e-19
1240215503.1936035,nan,-2.124842072291061e-19
1240215503.1938477,nan,-2.1651296999143784e-19
1240215503.1940918,nan,-2.166263065488655e-19
1240215503.194336,nan,-2.103000806454561e-19
1240215503.19458,nan,-2.021302294902954e-19
1240215503.1948242,nan,-1.9593024535054164e-19
1240215503.1950684,nan,-1.9441110816230927e-19
1240215503.1953125,nan,-1.9970243329520651e-19
1240215503.1955566,nan,-2.0597108490998647e-19
1240215503.1958008,nan,-2.095855943240972e-19
1240215503.196045,nan,-2.0874401993847396e-19
1240215503.196289,nan,-2.0273316303259301e-19
1240215503.1965332,nan,-1.9489537415533057e-19
1240215503.1967773,nan,-1.8687751637021706e-19
1240215503.1970215,nan,-1.8585799950444845e-19
1240215503.1972656,nan,-1.9082041497603063e-19
1240215503.1975098,nan,-1.959572279551605e-19
1240215503.197754,nan,-2.0060739863908018e-19
1240215503.197998,nan,-1.995660803339623e-19
1240215503.1982422,nan,-1.9271024490848807e-19
1240215503.1984863,nan,-1.8402264951914482e-19
1240215503.1987305,nan,-1.7686554628245806e-19
1240215503.1989746,nan,-1.7543073354037367e-19
1240215503.1992188,nan,-1.7931119651899505e-19
1240215503.199463,nan,-1.8497567431592545e-19
1240215503.199707,nan,-1.8871141623253172e-19
1240215503.1999512,nan,-1.8760553997783135e-19
1240215503.2001953,nan,-1.8077254273008678e-19
1240215503.2004395,nan,-1.7147068135974904e-19
1240215503.2006836,nan,-1.645191840010368e-19
1240215503.2009277,nan,-1.6257366420695577e-19
1240215503.2011719,nan,-1.6612223757788763e-19
1240215503.201416,nan,-1.720325419559263e-19
1240215503.2016602,nan,-1.7521538060839897e-19
1240215503.2019043,nan,-1.7336611484560984e-19
1240215503.2021484,nan,-1.673435596582193e-19
1240215503.2023926,nan,-1.5757071690262973e-19
1240215503.2026367,nan,-1.4947475588507692e-19
1240215503.2028809,nan,-1.4805876992128439e-19
1240215503.203125,nan,-1.5137146937623874e-19
1240215503.2033691,nan,-1.5687191049257484e-19
1240215503.2036133,nan,-1.6042509744343023e-19
1240215503.2038574,nan,-1.576329608725693e-19
1240215503.2041016,nan,-1.5064903937715157e-19
1240215503.2043457,nan,-1.4224384989474555e-19
1240215503.2045898,nan,-1.3410036854914508e-19
1240215503.204834,nan,-1.3096131282540229e-19
1240215503.2050781,nan,-1.3451475362608754e-19
1240215503.2053223,nan,-1.3995616648423366e-19
1240215503.2055664,nan,-1.4255975014142907e-19
1240215503.2058105,nan,-1.4086275614488543e-19
1240215503.2060547,nan,-1.3416734611703062e-19
1240215503.2062988,nan,-1.2397647821568744e-19
1240215503.206543,nan,-1.1570297803160345e-19
1240215503.206787,nan,-1.1358105918656057e-19
1240215503.2070312,nan,-1.1641224939908788e-19
1240215503.2072754,nan,-1.213989400338184e-19
1240215503.2075195,nan,-1.2469783014789924e-19
1240215503.2077637,nan,-1.223314833065487e-19
1240215503.2080078,nan,-1.1424904430968317e-19
1240215503.208252,nan,-1.0507524304245521e-19
1240215503.208496,nan,-9.721828720189539e-20
1240215503.2087402,nan,-9.377369724237929e-20
1240215503.2089844,nan,-9.661704511082726e-20
1240215503.2092285,nan,-1.0191336268350304e-19
1240215503.2094727,nan,-1.0496903860951471e-19
1240215503.2097168,nan,-1.0241366046604654e-19
1240215503.209961,nan,-9.473466469221857e-20
1240215503.210205,nan,-8.46359446329395e-20
1240215503.2104492,nan,-7.649348835717025e-20
1240215503.2106934,nan,-7.333854867662182e-20
1240215503.2109375,nan,-7.587463270074095e-20
1240215503.2111816,nan,-8.123313061340221e-20
1240215503.2114258,nan,-8.357607639324271e-20
1240215503.21167,nan,-8.145398875711032e-20
1240215503.211914,nan,-7.427755962367959e-20
1240215503.2121582,nan,-6.345607455534786e-20
1240215503.2124023,nan,-5.485939261224347e-20
1240215503.2126465,nan,-5.189548094071571e-20
1240215503.2128906,nan,-5.450281771181335e-20
1240215503.2131348,nan,-5.964517514225466e-20
1240215503.213379,nan,-6.2366408473118e-20
1240215503.213623,nan,-5.958960374860458e-20
1240215503.2138672,nan,-5.1708085139914736e-20
1240215503.2141113,nan,-4.1373587954840965e-20
1240215503.2143555,nan,-3.342632705652837e-20
1240215503.2145996,nan,-2.9705060919662056e-20
1240215503.2148438,nan,-3.1801169345377735e-20
1240215503.215088,nan,-3.726526831249474e-20
1240215503.215332,nan,-3.9328974352136993e-20
1240215503.2155762,nan,-3.7396373593159654e-20
1240215503.2158203,nan,-3.0143734165709936e-20
1240215503.2160645,nan,-1.8239151801072673e-20
1240215503.2163086,nan,-1.0102374780524983e-20
1240215503.2165527,nan,-7.796463271630275e-21
1240215503.2167969,nan,-8.96043687148655e-21
1240215503.217041,nan,-1.3893797436559207e-20
1240215503.2172852,nan,-1.6771501883386188e-20
1240215503.2175293,nan,-1.4552593431990284e-20
1240215503.2177734,nan,-6.703347522395959e-21
1240215503.2180176,nan,4.3579546108733786e-21
1240215503.2182617,nan,1.1867470419866223e-20
1240215503.2185059,nan,1.5582961061816272e-20
1240215503.21875,nan,1.3919728903195636e-20
1240215503.2189941,nan,8.488590470804769e-21
1240215503.2192383,nan,6.103059622442281e-21
1240215503.2194824,nan,8.31008631480935e-21
1240215503.2197266,nan,1.5676228733272518e-20
1240215503.2199707,nan,2.649488980958013e-20
1240215503.2202148,nan,3.535606640767545e-20
1240215503.220459,nan,3.864441329355403e-20
1240215503.2207031,nan,3.662048104649778e-20
1240215503.2209473,nan,3.2073465317235943e-20
1240215503.2211914,nan,2.9148151582003695e-20
1240215503.2214355,nan,3.138751983781981e-20
1240215503.2216797,nan,3.866146726253398e-20
1240215503.2219238,nan,4.9071770406686215e-20
1240215503.222168,nan,5.807902824173452e-20
1240215503.222412,nan,6.146819996254301e-20
1240215503.2226562,nan,5.917403152083505e-20
1240215503.2229004,nan,5.422275994340805e-20
1240215503.2231445,nan,5.158686693546925e-20
1240215503.2233887,nan,5.3458672354057165e-20
1240215503.2236328,nan,6.067380597056383e-20
1240215503.223877,nan,7.193306263929948e-20
1240215503.224121,nan,8.043818678855457e-20
1240215503.2243652,nan,8.333819996835518e-20
1240215503.2246094,nan,8.144991467583963e-20
1240215503.2248535,nan,7.591295649353227e-20
1240215503.2250977,nan,7.295039529224335e-20
1240215503.2253418,nan,7.515208069918071e-20
1240215503.225586,nan,8.209840085199148e-20
1240215503.22583,nan,9.289838125950151e-20
1240215503.2260742,nan,1.0158365411953123e-19
1240215503.2263184,nan,1.045423350446754e-19
1240215503.2265625,nan,1.0248585858919497e-19
1240215503.2268066,nan,9.742516474370011e-20
1240215503.2270508,nan,9.401336762484707e-20
1240215503.227295,nan,9.59217343016764e-20
1240215503.227539,nan,1.0327534408679038e-19
1240215503.2277832,nan,1.135584299224243e-19
1240215503.2280273,nan,1.2155947725926457e-19
1240215503.2282715,nan,1.245533908360395e-19
1240215503.2285156,nan,1.2253855085457796e-19
1240215503.2287598,nan,1.172002676971211e-19
1240215503.229004,nan,1.1394155730336726e-19
1240215503.229248,nan,1.1553673846648839e-19
1240215503.2294922,nan,1.2235229587693746e-19
1240215503.2297363,nan,1.3253196992907712e-19
1240215503.2299805,nan,1.4075636554657412e-19
1240215503.2302246,nan,1.4370364393970455e-19
1240215503.2304688,nan,1.4120396174181996e-19
1240215503.230713,nan,1.3649888163795704e-19
1240215503.230957,nan,1.3208900575779457e-19
1240215503.2312012,nan,1.3299661480928177e-19
1240215503.2314453,nan,1.4063941403402195e-19
1240215503.2316895,nan,1.5024369585048892e-19
1240215503.2319336,nan,1.5866464421580352e-19
1240215503.2321777,nan,1.6074338108710283e-19
1240215503.2324219,nan,1.5828176237508826e-19
1240215503.232666,nan,1.5323270252058317e-19
1240215503.2329102,nan,1.4844631859387267e-19
1240215503.2331543,nan,1.5015371789655695e-19
1240215503.2333984,nan,1.5650649781982472e-19
1240215503.2336426,nan,1.659069905350203e-19
1240215503.2338867,nan,1.742095327697189e-19
1240215503.2341309,nan,1.7696560263562687e-19
1240215503.234375,nan,1.7388052619352564e-19
1240215503.2346191,nan,1.678395065244651e-19
1240215503.2348633,nan,1.6404835205596587e-19
1240215503.2351074,nan,1.6457130929457774e-19
1240215503.2353516,nan,1.7136312771566937e-19
1240215503.2355957,nan,1.8076159251595485e-19
1240215503.2358398,nan,1.8792580265866572e-19
1240215503.236084,nan,1.908878792846616e-19
1240215503.2363281,nan,1.8769891906652645e-19
1240215503.2365723,nan,1.8126969570511654e-19
1240215503.2368164,nan,1.7701795658994008e-19
1240215503.2370605,nan,1.7791750815986643e-19
1240215503.2373047,nan,1.829447378206283e-19
1240215503.2375488,nan,1.9270402034996502e-19
1240215503.237793,nan,2.0056402023472046e-19
1240215503.238037,nan,2.0149147631915495e-19
1240215503.2382812,nan,1.9952405939607024e-19
1240215503.2385254,nan,1.9296849630367785e-19
1240215503.2387695,nan,1.8766022151417029e-19
1240215503.2390137,nan,1.8865310556055978e-19
1240215503.2392578,nan,1.9369718456236153e-19
1240215503.239502,nan,2.029446710882971e-19
1240215503.239746,nan,2.098730070143087e-19
1240215503.2399902,nan,2.123631231985215e-19
1240215503.2402344,nan,2.0895488497597777e-19
1240215503.2404785,nan,2.0155806832394613e-19
1240215503.2407227,nan,1.9748353361923608e-19
1240215503.2409668,nan,1.962081049572919e-19
1240215503.241211,nan,2.0169967699658577e-19
1240215503.241455,nan,2.1173741105082367e-19
1240215503.2416992,nan,2.179689760190571e-19
1240215503.2419434,nan,2.1985424905639445e-19
1240215503.2421875,nan,2.153872453158712e-19
1240215503.2424316,nan,2.0858514017191915e-19
1240215503.2426758,nan,2.0417848852961547e-19
1240215503.24292,nan,2.0305874714379066e-19
1240215503.243164,nan,2.083196047109098e-19
1240215503.2434082,nan,2.1638035789501915e-19
1240215503.2436523,nan,2.2309205583476376e-19
1240215503.2438965,nan,2.251727029502942e-19
1240215503.2441406,nan,2.2099219985356657e-19
1240215503.2443848,nan,2.1398899255541687e-19
1240215503.244629,nan,2.0797056877502108e-19
1240215503.244873,nan,2.0693660492159566e-19
1240215503.2451172,nan,2.1210812475657371e-19
1240215503.2453613,nan,2.201515146501437e-19
1240215503.2456055,nan,2.268415394857475e-19
1240215503.2458496,nan,2.2771132161192963e-19
1240215503.2460938,nan,2.232140883003929e-19
1240215503.246338,nan,2.1675296101900146e-19
1240215503.246582,nan,2.1096616913765702e-19
1240215503.2468262,nan,2.0929836140125262e-19
1240215503.2470703,nan,2.13546952395983e-19
1240215503.2473145,nan,2.2088891508489146e-19
1240215503.2475586,nan,2.2729934110571515e-19
1240215503.2478027,nan,2.286890644564846e-19
1240215503.2480469,nan,2.2329237836920366e-19
1240215503.248291,nan,2.1638734379163136e-19
1240215503.2485352,nan,2.101975820111281e-19
1240215503.2487793,nan,2.0773706825807606e-19
1240215503.2490234,nan,2.1238556078952183e-19
1240215503.2492676,nan,2.201822825436826e-19
1240215503.2495117,nan,2.2580180192973617e-19
1240215503.2497559,nan,2.2631810449890793e-19
1240215503.25,nan,2.215291240286964e-19
1240215503.2502441,nan,2.1329849048598866e-19
1240215503.2504883,nan,2.070027913389096e-19
1240215503.2507324,nan,2.058850718107813e-19
1240215503.2509766,nan,2.086814849905585e-19
1240215503.2512207,nan,2.1584974911630832e-19
1240215503.2514648,nan,2.219522533917351e-19
1240215503.251709,nan,2.219482836799761e-19
1240215503.2519531,nan,2.1723418820100485e-19
1240215503.2521973,nan,2.091649912676385e-19
1240215503.2524414,nan,2.0212753826107692e-19
1240215503.2526855,nan,2.000591642914337e-19
1240215503.2529297,nan,2.0366799880906652e-19
1240215503.2531738,nan,2.1012827194475407e-19
1240215503.253418,nan,2.1576140975269366e-19
1240215503.253662,nan,2.1618094718808147e-19
1240215503.2539062,nan,2.1006546265844553e-19
1240215503.2541504,nan,2.0246277145130544e-19
1240215503.2543945,nan,1.9513381604122177e-19
1240215503.2546387,nan,1.9185871981530826e-19
1240215503.2548828,nan,1.9587894218922855e-19
1240215503.255127,nan,2.0222717048416742e-19
1240215503.255371,nan,2.0756752463136477e-19
1240215503.2556152,nan,2.0795233342511153e-19
1240215503.2558594,nan,2.0174615479487815e-19
1240215503.2561035,nan,1.9311619619955036e-19
1240215503.2563477,nan,1.8559019597111337e-19
1240215503.2565918,nan,1.8324476509256017e-19
1240215503.256836,nan,1.8598876549669044e-19
1240215503.25708,nan,1.9190635747516996e-19
1240215503.2573242,nan,1.9771056579512757e-19
1240215503.2575684,nan,1.970621852058403e-19
1240215503.2578125,nan,1.9146594802237042e-19
1240215503.2580566,nan,1.8238237275787624e-19
1240215503.2583008,nan,1.740435358811945e-19
1240215503.258545,nan,1.7226841464726247e-19
1240215503.258789,nan,1.7381598190671577e-19
1240215503.2590332,nan,1.793556590783976e-19
1240215503.2592773,nan,1.8515135801011037e-19
1240215503.2595215,nan,1.8447530295284106e-19
1240215503.2597656,nan,1.790330242078143e-19
1240215503.2600098,nan,1.6933314449293053e-19
1240215503.260254,nan,1.6125014511984976e-19
1240215503.260498,nan,1.5896417984473425e-19
1240215503.2607422,nan,1.5987115224264114e-19
1240215503.2609863,nan,1.6585667912011042e-19
1240215503.2612305,nan,1.7173092566652139e-19
1240215503.2614746,nan,1.7039874654159027e-19
1240215503.2617188,nan,1.644626481431974e-19
1240215503.261963,nan,1.5544912465526304e-19
1240215503.262207,nan,1.4713146450867106e-19
1240215503.2624512,nan,1.4345157895741362e-19
1240215503.2626953,nan,1.4483706097297695e-19
1240215503.2629395,nan,1.509831916332646e-19
1240215503.2631836,nan,1.5586192968230337e-19
1240215503.2634277,nan,1.5495609409619265e-19
1240215503.2636719,nan,1.4856974022925428e-19
1240215503.263916,nan,1.3920486087747453e-19
1240215503.2641602,nan,1.306271967367154e-19
1240215503.2644043,nan,1.2704443518336633e-19
1240215503.2646484,nan,1.290289069031413e-19
1240215503.2648926,nan,1.3383080468364432e-19
1240215503.2651367,nan,1.3851936695366672e-19
1240215503.2653809,nan,1.3825104447226049e-19
1240215503.265625,nan,1.316442848989561e-19
1240215503.2658691,nan,1.2195823120081908e-19
1240215503.2661133,nan,1.1325803160174978e-19
1240215503.2663574,nan,1.0931671390808454e-19
1240215503.2666016,nan,1.110795691265709e-19
1240215503.2668457,nan,1.1646119049677602e-19
1240215503.2670898,nan,1.2032928432881655e-19
1240215503.267334,nan,1.1945807906152056e-19
1240215503.2675781,nan,1.1344666198679921e-19
1240215503.2678223,nan,1.0325343232290155e-19
1240215503.2680664,nan,9.455632452399892e-20
1240215503.2683105,nan,9.11320800325598e-20
1240215503.2685547,nan,9.214118570306907e-20
1240215503.2687988,nan,9.696491369386279e-20
1240215503.269043,nan,1.014453165832837e-19
1240215503.269287,nan,1.0029744259018936e-19
1240215503.2695312,nan,9.404471010887282e-20
1240215503.2697754,nan,8.415647805310156e-20
1240215503.2700195,nan,7.483173027971995e-20
1240215503.2702637,nan,7.083833755562295e-20
1240215503.2705078,nan,7.292802677991078e-20
1240215503.270752,nan,7.757495616483616e-20
1240215503.270996,nan,8.115949238977087e-20
1240215503.2712402,nan,8.094492648189546e-20
1240215503.2714844,nan,7.413007447204755e-20
1240215503.2717285,nan,6.42875896804702e-20
1240215503.2719727,nan,5.54565919808147e-20
1240215503.2722168,nan,5.0821429729654044e-20
1240215503.272461,nan,5.236782315970672e-20
1240215503.272705,nan,5.76835003935441e-20
1240215503.2729492,nan,6.150048761272723e-20
1240215503.2731934,nan,6.017815854974014e-20
1240215503.2734375,nan,5.3998135960875333e-20
1240215503.2736816,nan,4.365518825389451e-20
1240215503.2739258,nan,3.4896290081011937e-20
1240215503.27417,nan,3.1137752492136385e-20
1240215503.274414,nan,3.172348072710039e-20
1240215503.2746582,nan,3.688075271294364e-20
1240215503.2749023,nan,4.0778748137001326e-20
1240215503.2751465,nan,3.9856805979731765e-20
1240215503.2753906,nan,3.3319466718358316e-20
1240215503.2756348,nan,2.3196057812542546e-20
1240215503.275879,nan,1.4596385043110466e-20
1240215503.276123,nan,9.376405903930708e-21
1240215503.2763672,nan,1.1225369280457485e-20
1240215503.2766113,nan,1.644022274255036e-20
1240215503.2768555,nan,1.9411417534287937e-20
1240215503.2770996,nan,1.9926479271287995e-20
1240215503.2773438,nan,1.3002701633477701e-20
1240215503.277588,nan,2.5427057509715528e-21
1240215503.277832,nan,-5.106009448854767e-21
1240215503.2780762,nan,-1.0680623757722305e-20
1240215503.2783203,nan,-9.771191281002756e-21
1240215503.2785645,nan,-3.942402737293159e-21
1240215503.2788086,nan,-2.705003081253727e-22
1240215503.2790527,nan,-1.2114576348440592e-21
1240215503.2792969,nan,-7.784971763619672e-21
1240215503.279541,nan,-1.7403559012941248e-20
1240215503.2797852,nan,-2.598533416258976e-20
1240215503.2800293,nan,-3.106694170353404e-20
1240215503.2802734,nan,-2.9265823108505155e-20
1240215503.2805176,nan,-2.4304345148840493e-20
1240215503.2807617,nan,-2.055610587371625e-20
1240215503.2810059,nan,-2.0646468115507573e-20
1240215503.28125,nan,-2.7567108039307706e-20
1240215503.2814941,nan,-3.645496548740535e-20
1240215503.2817383,nan,-4.563455294640643e-20
1240215503.2819824,nan,-5.0916553523098446e-20
1240215503.2822266,nan,-4.857264649224517e-20
1240215503.2824707,nan,-4.411242920308094e-20
1240215503.2827148,nan,-3.9827236292104915e-20
1240215503.282959,nan,-4.0321732164226566e-20
1240215503.2832031,nan,-4.6896160788062086e-20
1240215503.2834473,nan,-5.565367909921642e-20
1240215503.2836914,nan,-6.465699250836467e-20
1240215503.2839355,nan,-6.913901289179092e-20
1240215503.2841797,nan,-6.789886103839468e-20
1240215503.2844238,nan,-6.265292473619311e-20
1240215503.284668,nan,-5.838672346717908e-20
1240215503.284912,nan,-5.905773017443921e-20
1240215503.2851562,nan,-6.429698390371442e-20
1240215503.2854004,nan,-7.419376024821929e-20
1240215503.2856445,nan,-8.348094437825651e-20
1240215503.2858887,nan,-8.668225859442002e-20
1240215503.2861328,nan,-8.559634502891688e-20
1240215503.286377,nan,-8.095225958539962e-20
1240215503.286621,nan,-7.55468214290974e-20
1240215503.2868652,nan,-7.570968219553997e-20
1240215503.2871094,nan,-8.170712189498244e-20
1240215503.2873535,nan,-9.114789703030629e-20
1240215503.2875977,nan,-1.0018637000288897e-19
1240215503.2878418,nan,-1.0409466721912493e-19
1240215503.288086,nan,-1.0233059818997681e-19
1240215503.28833,nan,-9.712670690229473e-20
1240215503.2885742,nan,-9.20207340290543e-20
1240215503.2888184,nan,-9.196400184107744e-20
1240215503.2890625,nan,-9.804799903084895e-20
1240215503.2893066,nan,-1.0699665977416399e-19
1240215503.2895508,nan,-1.1567705373231156e-19
1240215503.289795,nan,-1.1948535534346947e-19
1240215503.290039,nan,-1.1762225568523477e-19
1240215503.2902832,nan,-1.1304285295623951e-19
1240215503.2905273,nan,-1.0741231481657833e-19
1240215503.2907715,nan,-1.0681965131912291e-19
1240215503.2910156,nan,-1.1301319569405878e-19
1240215503.2912598,nan,-1.2148820760694833e-19
1240215503.291504,nan,-1.2958225663335536e-19
1240215503.291748,nan,-1.3373592075916253e-19
1240215503.2919922,nan,-1.3193632980894834e-19
1240215503.2922363,nan,-1.2603690096806354e-19
1240215503.2924805,nan,-1.2095334209161858e-19
1240215503.2927246,nan,-1.2121721437105206e-19
1240215503.2929688,nan,-1.2577768070056293e-19
1240215503.293213,nan,-1.3444564800805143e-19
1240215503.293457,nan,-1.4329555408412676e-19
1240215503.2937012,nan,-1.4651650933650032e-19
1240215503.2939453,nan,-1.4502985934868673e-19
1240215503.2941895,nan,-1.3892704388729022e-19
1240215503.2944336,nan,-1.3286156631607278e-19
1240215503.2946777,nan,-1.325304522950659e-19
1240215503.2949219,nan,-1.3746903287288195e-19
1240215503.295166,nan,-1.463530436885608e-19
1240215503.2954102,nan,-1.5410313617763344e-19
1240215503.2956543,nan,-1.5721991369405688e-19
1240215503.2958984,nan,-1.560436580520051e-19
1240215503.2961426,nan,-1.4934881528152396e-19
1240215503.2963867,nan,-1.4342258767543018e-19
1240215503.2966309,nan,-1.4324306672316173e-19
1240215503.296875,nan,-1.4762125578897765e-19
1240215503.2971191,nan,-1.5679286859635876e-19
1240215503.2973633,nan,-1.6389192182782143e-19
1240215503.2976074,nan,-1.667073501990619e-19
1240215503.2978516,nan,-1.6564043873996498e-19
1240215503.2980957,nan,-1.5848201807328994e-19
1240215503.2983398,nan,-1.5302284222250831e-19
1240215503.298584,nan,-1.5204118794793364e-19
1240215503.2988281,nan,-1.561613245543337e-19
1240215503.2990723,nan,-1.648666644447455e-19
1240215503.2993164,nan,-1.716044728225652e-19
1240215503.2995605,nan,-1.7474943913714037e-19
1240215503.2998047,nan,-1.7268215434117426e-19
1240215503.3000488,nan,-1.6625718481529354e-19
1240215503.300293,nan,-1.6037079532355857e-19
1240215503.300537,nan,-1.58799344749493e-19
1240215503.3007812,nan,-1.6288240004691532e-19
1240215503.3010254,nan,-1.707068816601506e-19
1240215503.3012695,nan,-1.783251639340052e-19
1240215503.3015137,nan,-1.8119262755740264e-19
1240215503.3017578,nan,-1.7872893764328708e-19
1240215503.302002,nan,-1.72302525410012e-19
1240215503.302246,nan,-1.6608386460359472e-19
1240215503.3024902,nan,-1.6353480375130365e-19
1240215503.3027344,nan,-1.6738152915570183e-19
1240215503.3029785,nan,-1.760038321146992e-19
1240215503.3032227,nan,-1.8266251480291086e-19
1240215503.3034668,nan,-1.8596061744609314e-19
1240215503.303711,nan,-1.8236579500286063e-19
1240215503.303955,nan,-1.7542118066709212e-19
1240215503.3041992,nan,-1.7078986211314268e-19
1240215503.3044434,nan,-1.6685798672424579e-19
1240215503.3046875,nan,-1.7024184543856585e-19
1240215503.3049316,nan,-1.791416867353603e-19
1240215503.3051758,nan,-1.8527714350438947e-19
1240215503.30542,nan,-1.8831193151122326e-19
1240215503.305664,nan,-1.8506647667911866e-19
1240215503.3059082,nan,-1.7758877830872076e-19
1240215503.3061523,nan,-1.7142520152325542e-19
1240215503.3063965,nan,-1.6918258075145127e-19
1240215503.3066406,nan,-1.7239772401561402e-19
1240215503.3068848,nan,-1.794002075272883e-19
1240215503.307129,nan,-1.8658555996172576e-19
1240215503.307373,nan,-1.8947298911374635e-19
1240215503.3076172,nan,-1.863200332470239e-19
1240215503.3078613,nan,-1.7918639673933784e-19
1240215503.3081055,nan,-1.7151511233312447e-19
1240215503.3083496,nan,-1.690955935334346e-19
1240215503.3085938,nan,-1.7301888667112195e-19
1240215503.308838,nan,-1.7947149363047916e-19
1240215503.309082,nan,-1.8571474195400246e-19
1240215503.3093262,nan,-1.8756268343327603e-19
1240215503.3095703,nan,-1.849351978114571e-19
1240215503.3098145,nan,-1.777602220282364e-19
1240215503.3100586,nan,-1.7014158098353883e-19
1240215503.3103027,nan,-1.6788460826371487e-19
1240215503.3105469,nan,-1.704440756318969e-19
1240215503.310791,nan,-1.77747307395193e-19
1240215503.3110352,nan,-1.8347857967197842e-19
1240215503.3112793,nan,-1.8537910668694172e-19
1240215503.3115234,nan,-1.829854450787321e-19
1240215503.3117676,nan,-1.744643257460426e-19
1240215503.3120117,nan,-1.6749434246891362e-19
1240215503.3122559,nan,-1.6436529124690417e-19
1240215503.3125,nan,-1.6696794094865455e-19
1240215503.3127441,nan,-1.7396544855697433e-19
1240215503.3129883,nan,-1.7953550343177662e-19
1240215503.3132324,nan,-1.8204654352878914e-19
1240215503.3134766,nan,-1.7832486416565398e-19
1240215503.3137207,nan,-1.703756540951147e-19
1240215503.3139648,nan,-1.6287563065679427e-19
1240215503.314209,nan,-1.5987982510457674e-19
1240215503.3144531,nan,-1.6261478554128313e-19
1240215503.3146973,nan,-1.685560662014507e-19
1240215503.3149414,nan,-1.7458095217767257e-19
1240215503.3151855,nan,-1.765842662337807e-19
1240215503.3154297,nan,-1.7271548813785728e-19
1240215503.3156738,nan,-1.6470659362866912e-19
1240215503.315918,nan,-1.5700258112810213e-19
1240215503.316162,nan,-1.5352910923460022e-19
1240215503.3164062,nan,-1.5555678225584912e-19
1240215503.3166504,nan,-1.621526853533347e-19
1240215503.3168945,nan,-1.6800483580869193e-19
1240215503.3171387,nan,-1.6903400436679095e-19
1240215503.3173828,nan,-1.6537426227130878e-19
1240215503.317627,nan,-1.5760367965487458e-19
1240215503.317871,nan,-1.4927657317396925e-19
1240215503.3181152,nan,-1.459337075357339e-19
1240215503.3183594,nan,-1.483741838284719e-19
1240215503.3186035,nan,-1.5390849247129756e-19
1240215503.3188477,nan,-1.597207729324603e-19
1240215503.3190918,nan,-1.6114158761949078e-19
1240215503.319336,nan,-1.567622493950813e-19
1240215503.31958,nan,-1.4881355757408575e-19
1240215503.3198242,nan,-1.412958226878062e-19
1240215503.3200684,nan,-1.3757164255084344e-19
1240215503.3203125,nan,-1.3922026403216455e-19
1240215503.3205566,nan,-1.4514320454697405e-19
1240215503.3208008,nan,-1.4990766901381744e-19
1240215503.321045,nan,-1.5167737962047169e-19
1240215503.321289,nan,-1.481266367633611e-19
1240215503.3215332,nan,-1.3865087892322543e-19
1240215503.3217773,nan,-1.313471219871527e-19
1240215503.3220215,nan,-1.2781155694209272e-19
1240215503.3222656,nan,-1.2852077251706877e-19
1240215503.3225098,nan,-1.3468323828926663e-19
1240215503.322754,nan,-1.401851917562009e-19
1240215503.322998,nan,-1.4108568398157044e-19
1240215503.3232422,nan,-1.367101224526855e-19
1240215503.3234863,nan,-1.2865171769405016e-19
1240215503.3237305,nan,-1.2035676933902984e-19
1240215503.3239746,nan,-1.163519737904874e-19
1240215503.3242188,nan,-1.1814650820525502e-19
1240215503.324463,nan,-1.235990181677216e-19
1240215503.324707,nan,-1.2841288400553927e-19
1240215503.3249512,nan,-1.297014497515055e-19
1240215503.3251953,nan,-1.257684515032333e-19
1240215503.3254395,nan,-1.1640817544618793e-19
1240215503.3256836,nan,-1.0842731872245207e-19
1240215503.3259277,nan,-1.0468461870975412e-19
1240215503.3261719,nan,-1.0536220959350347e-19
1240215503.326416,nan,-1.112474000060977e-19
1240215503.3266602,nan,-1.1633724677149274e-19
1240215503.3269043,nan,-1.180687359229479e-19
1240215503.3271484,nan,-1.1375385335687728e-19
1240215503.3273926,nan,-1.0450278435141048e-19
1240215503.3276367,nan,-9.670333742387803e-20
1240215503.3278809,nan,-9.177141389414777e-20
1240215503.328125,nan,-9.35103011358388e-20
1240215503.3283691,nan,-9.88241681089929e-20
1240215503.3286133,nan,-1.03412582119099e-19
1240215503.3288574,nan,-1.0552050693747495e-19
1240215503.3291016,nan,-1.0030504873106213e-19
1240215503.3293457,nan,-9.144986184571175e-20
1240215503.3295898,nan,-8.35921424281817e-20
1240215503.329834,nan,-7.868998148977377e-20
1240215503.3300781,nan,-8.011015694073709e-20
1240215503.3303223,nan,-8.574230845832371e-20
1240215503.3305664,nan,-9.018586075322233e-20
1240215503.3308105,nan,-9.135005640024975e-20
1240215503.3310547,nan,-8.741562222432685e-20
1240215503.3312988,nan,-7.820619727444007e-20
1240215503.331543,nan,-6.95205834341488e-20
1240215503.331787,nan,-6.52613099108158e-20
1240215503.3320312,nan,-6.625531670640022e-20
1240215503.3322754,nan,-7.125989828814914e-20
1240215503.3325195,nan,-7.60001820105998e-20
1240215503.3327637,nan,-7.754543700664814e-20
1240215503.3330078,nan,-7.326020915056508e-20
1240215503.333252,nan,-6.440312644381947e-20
1240215503.333496,nan,-5.626276032621482e-20
1240215503.3337402,nan,-5.1589229249702255e-20
1240215503.3339844,nan,-5.273255134319869e-20
1240215503.3342285,nan,-5.74397508419739e-20
1240215503.3344727,nan,-6.21456650385618e-20
1240215503.3347168,nan,-6.375199114661016e-20
1240215503.334961,nan,-5.864017203791888e-20
1240215503.335205,nan,-5.013583849814409e-20
1240215503.3354492,nan,-4.1547040143819695e-20
1240215503.3356934,nan,-3.668711730102398e-20
1240215503.3359375,nan,-3.857737668028401e-20
1240215503.3361816,nan,-4.3168543605278994e-20
1240215503.3364258,nan,-4.740692012104597e-20
1240215503.33667,nan,-4.8684143298093847e-20
1240215503.336914,nan,-4.461416843158485e-20
1240215503.3371582,nan,-3.56523745215462e-20
1240215503.3374023,nan,-2.7048106685717148e-20
1240215503.3376465,nan,-2.262341799703307e-20
1240215503.3378906,nan,-2.3254363805541622e-20
1240215503.3381348,nan,-2.887948696525773e-20
1240215503.338379,nan,-3.323207739207921e-20
1240215503.338623,nan,-3.402183469931513e-20
1240215503.3388672,nan,-3.000587530678761e-20
1240215503.3391113,nan,-2.133343912336313e-20
1240215503.3393555,nan,-1.2733327775098755e-20
1240215503.3395996,nan,-8.189034299103957e-21
1240215503.3398438,nan,-1.0055825648448255e-20
1240215503.340088,nan,-1.3660837794987452e-20
1240215503.340332,nan,-1.828862798663802e-20
1240215503.3405762,nan,-2.0443347912630296e-20
1240215503.3408203,nan,-1.494152801447719e-20
1240215503.3410645,nan,-6.660884415572475e-21
1240215503.3413086,nan,1.8212366354519e-21
1240215503.3415527,nan,6.443513206362848e-21
1240215503.3417969,nan,5.834374419189695e-21
1240215503.342041,nan,5.308269730023684e-22
1240215503.3422852,nan,-4.977886370875889e-21
1240215503.3425293,nan,-4.992604325062093e-21
1240215503.3427734,nan,-1.130728813675682e-21
1240215503.3430176,nan,7.351263584085063e-21
1240215503.3432617,nan,1.6129057185894454e-20
1240215503.3435059,nan,2.0407386506831763e-20
1240215503.34375,nan,2.0117770197573703e-20
1240215503.3439941,nan,1.4962327780001037e-20
1240215503.3442383,nan,9.617377834342583e-21
1240215503.3444824,nan,8.811026791978339e-21
1240215503.3447266,nan,1.347504424231134e-20
1240215503.3449707,nan,2.16049378705359e-20
1240215503.3452148,nan,3.0011729727105963e-20
1240215503.345459,nan,3.4747451676451486e-20
1240215503.3457031,nan,3.3759814804847996e-20
1240215503.3459473,nan,2.917676765506464e-20
1240215503.3461914,nan,2.3417881752054674e-20
1240215503.3464355,nan,2.2616164269562624e-20
1240215503.3466797,nan,2.6806840351250045e-20
1240215503.3469238,nan,3.456246533849948e-20
1240215503.347168,nan,4.3653718188634196e-20
1240215503.347412,nan,4.8036216896357326e-20
1240215503.3476562,nan,4.7713136936317554e-20
1240215503.3479004,nan,4.275223641935844e-20
1240215503.3481445,nan,3.705798784236135e-20
1240215503.3483887,nan,3.5835664249727026e-20
1240215503.3486328,nan,4.007965905915e-20
1240215503.348877,nan,4.8511571785906246e-20
1240215503.349121,nan,5.707067470644014e-20
1240215503.3493652,nan,6.118143143024685e-20
1240215503.3496094,nan,5.936877968643332e-20
1240215503.3498535,nan,5.523993995587414e-20
1240215503.3500977,nan,5.022387684929628e-20
1240215503.3503418,nan,4.83727503908007e-20
1240215503.350586,nan,5.277167544057345e-20
1240215503.35083,nan,6.06878464240236e-20
1240215503.3510742,nan,6.943934991572069e-20
1240215503.3513184,nan,7.376997802242073e-20
1240215503.3515625,nan,7.260947716487437e-20
1240215503.3518066,nan,6.770198844621107e-20
1240215503.3520508,nan,6.272360000200995e-20
1240215503.352295,nan,6.082064935383497e-20
1240215503.352539,nan,6.436312960887417e-20
1240215503.3527832,nan,7.283920165892077e-20
1240215503.3530273,nan,8.089870778760033e-20
1240215503.3532715,nan,8.538463873982004e-20
1240215503.3535156,nan,8.426415147340999e-20
1240215503.3537598,nan,7.943202748241684e-20
1240215503.354004,nan,7.374784784601137e-20
1240215503.354248,nan,7.197087364439416e-20
1240215503.3544922,nan,7.637111472196172e-20
1240215503.3547363,nan,8.367156304888846e-20
1240215503.3549805,nan,9.256522908487856e-20
1240215503.3552246,nan,9.702179443732931e-20
1240215503.3554688,nan,9.49935542823662e-20
1240215503.355713,nan,9.016933873526726e-20
1240215503.355957,nan,8.450615494558732e-20
1240215503.3562012,nan,8.283870715248184e-20
1240215503.3564453,nan,8.642001023461015e-20
1240215503.3566895,nan,9.449306570803985e-20
1240215503.3569336,nan,1.0254456187109896e-19
1240215503.3571777,nan,1.0638194405071568e-19
1240215503.3574219,nan,1.0572114089827128e-19
1240215503.357666,nan,1.0017333620802821e-19
1240215503.3579102,nan,9.483341540418544e-20
1240215503.3581543,nan,9.285567798093866e-20
1240215503.3583984,nan,9.59946130578173e-20
1240215503.3586426,nan,1.0417211666437114e-19
1240215503.3588867,nan,1.1192092822039822e-19
1240215503.3591309,nan,1.153002769214621e-19
1240215503.359375,nan,1.139069419932832e-19
1240215503.3596191,nan,1.0939923705804629e-19
1240215503.3598633,nan,1.039219749577481e-19
1240215503.3601074,nan,1.0165923810493224e-19
1240215503.3603516,nan,1.0462951315609839e-19
1240215503.3605957,nan,1.1253973739933106e-19
1240215503.3608398,nan,1.206414778172666e-19
1240215503.361084,nan,1.2405515643769606e-19
1240215503.3613281,nan,1.2324620429489688e-19
1240215503.3615723,nan,1.1727129414463752e-19
1240215503.3618164,nan,1.1175917827847026e-19
1240215503.3620605,nan,1.0992675111346241e-19
1240215503.3623047,nan,1.1240477279078512e-19
1240215503.3625488,nan,1.2049425955143137e-19
1240215503.362793,nan,1.2805416619239083e-19
1240215503.363037,nan,1.3177872141125802e-19
1240215503.3632812,nan,1.2961287411177465e-19
1240215503.3635254,nan,1.2428465771956013e-19
1240215503.3637695,nan,1.1925325468067292e-19
1240215503.3640137,nan,1.1629149415394894e-19
1240215503.3642578,nan,1.194710007594774e-19
1240215503.364502,nan,1.2708751459909774e-19
1240215503.364746,nan,1.342517237173399e-19
1240215503.3649902,nan,1.3753476839302097e-19
1240215503.3652344,nan,1.3607675118307879e-19
1240215503.3654785,nan,1.304005468862688e-19
1240215503.3657227,nan,1.2476244560358055e-19
1240215503.3659668,nan,1.2217088650673226e-19
1240215503.366211,nan,1.2446244182616331e-19
1240215503.366455,nan,1.3199762244012215e-19
1240215503.3666992,nan,1.3928097089228446e-19
1240215503.3669434,nan,1.4303428023672697e-19
1240215503.3671875,nan,1.4078706700604252e-19
1240215503.3674316,nan,1.3467899225855214e-19
1240215503.3676758,nan,1.2928962272949265e-19
1240215503.36792,nan,1.2715759139714506e-19
1240215503.368164,nan,1.295344430874051e-19
1240215503.3684082,nan,1.3598856769619742e-19
1240215503.3686523,nan,1.4379706454061688e-19
1240215503.3688965,nan,1.4681334819431785e-19
1240215503.3691406,nan,1.4474441525147907e-19
1240215503.3693848,nan,1.3935526844650112e-19
1240215503.369629,nan,1.3275950932066668e-19
1240215503.369873,nan,1.301114486197857e-19
1240215503.3701172,nan,1.3277346383537035e-19
1240215503.3703613,nan,1.395921115131076e-19
1240215503.3706055,nan,1.4691770843061418e-19
1240215503.3708496,nan,1.495911428885734e-19
1240215503.3710938,nan,1.4758582400326496e-19
1240215503.371338,nan,1.4218535737525576e-19
1240215503.371582,nan,1.3524497730394923e-19
1240215503.3718262,nan,1.3208124150749222e-19
1240215503.3720703,nan,1.3497820187013885e-19
1240215503.3723145,nan,1.4162420323115024e-19
1240215503.3725586,nan,1.4844256366754145e-19
1240215503.3728027,nan,1.5169285307214102e-19
1240215503.3730469,nan,1.4947167862374172e-19
1240215503.373291,nan,1.4306563529420782e-19
1240215503.3735352,nan,1.3671521392236058e-19
1240215503.3737793,nan,1.3388677327056146e-19
1240215503.3740234,nan,1.3582274858935988e-19
1240215503.3742676,nan,1.4250825235186578e-19
1240215503.3745117,nan,1.4946645176522563e-19
1240215503.3747559,nan,1.519892318322108e-19
1240215503.375,nan,1.497536783171534e-19
1240215503.3752441,nan,1.4367624157817884e-19
1240215503.3754883,nan,1.3654978397910606e-19
1240215503.3757324,nan,1.3311323920122497e-19
1240215503.3759766,nan,1.3579934846821948e-19
1240215503.3762207,nan,1.4220528613704723e-19
1240215503.3764648,nan,1.486319128994868e-19
1240215503.376709,nan,1.5140915540422616e-19
1240215503.3769531,nan,1.4867837243942603e-19
1240215503.3771973,nan,1.4221854551686251e-19
1240215503.3774414,nan,1.3561691320976735e-19
1240215503.3776855,nan,1.3257975418551648e-19
1240215503.3779297,nan,1.3492208654382224e-19
1240215503.3781738,nan,1.408447425445441e-19
1240215503.378418,nan,1.467077992541699e-19
1240215503.378662,nan,1.4978974683710482e-19
1240215503.3789062,nan,1.472551300901688e-19
1240215503.3791504,nan,1.403262278299883e-19
1240215503.3793945,nan,1.3391907965703747e-19
1240215503.3796387,nan,1.305100449454111e-19
1240215503.3798828,nan,1.3188125383447498e-19
1240215503.380127,nan,1.3812811429047452e-19
1240215503.380371,nan,1.444421158754297e-19
1240215503.3806152,nan,1.4632372328578341e-19
1240215503.3808594,nan,1.4366626065766205e-19
1240215503.3811035,nan,1.3801179819961432e-19
1240215503.3813477,nan,1.30793596835306e-19
1240215503.3815918,nan,1.2686036922943993e-19
1240215503.381836,nan,1.285464766606326e-19
1240215503.38208,nan,1.3394346032818807e-19
1240215503.3823242,nan,1.4007432230235504e-19
1240215503.3825684,nan,1.4239183896579056e-19
1240215503.3828125,nan,1.4016673888973488e-19
1240215503.3830566,nan,1.3354973918081313e-19
1240215503.3833008,nan,1.2559088156985985e-19
1240215503.383545,nan,1.2273388490425094e-19
1240215503.383789,nan,1.241344207885111e-19
1240215503.3840332,nan,1.2907439657288576e-19
1240215503.3842773,nan,1.3588830838425507e-19
1240215503.3845215,nan,1.380912874779459e-19
1240215503.3847656,nan,1.3469105696625002e-19
1240215503.3850098,nan,1.28184532880927e-19
1240215503.385254,nan,1.209123681025009e-19
1240215503.385498,nan,1.1647852678264326e-19
1240215503.3857422,nan,1.1836567901718186e-19
1240215503.3859863,nan,1.2410070362330115e-19
1240215503.3862305,nan,1.2917101149343432e-19
1240215503.3864746,nan,1.3199185539027428e-19
1240215503.3867188,nan,1.2898318452046728e-19
1240215503.386963,nan,1.2173508729731475e-19
1240215503.387207,nan,1.1489914410005477e-19
1240215503.3874512,nan,1.1066758838164842e-19
1240215503.3876953,nan,1.119452308052126e-19
1240215503.3879395,nan,1.1679058481024151e-19
1240215503.3881836,nan,1.2272320295327507e-19
1240215503.3884277,nan,1.2482565202838746e-19
1240215503.3886719,nan,1.2143157675280612e-19
1240215503.388916,nan,1.1554019788809173e-19
1240215503.3891602,nan,1.0729365364830005e-19
1240215503.3894043,nan,1.0330524179989252e-19
1240215503.3896484,nan,1.0482515656409375e-19
1240215503.3898926,nan,1.092909699667832e-19
1240215503.3901367,nan,1.1501373469000946e-19
1240215503.3903809,nan,1.1689246157664765e-19
1240215503.390625,nan,1.1431178157408301e-19
1240215503.3908691,nan,1.0692682856778015e-19
1240215503.3911133,nan,9.914555405177318e-20
1240215503.3913574,nan,9.543946599949748e-20
1240215503.3916016,nan,9.579515075851681e-20
1240215503.3918457,nan,1.008094244845105e-19
1240215503.3920898,nan,1.064676796391076e-19
1240215503.392334,nan,1.0844095594020903e-19
1240215503.3925781,nan,1.047428084708366e-19
1240215503.3928223,nan,9.819551557223922e-20
1240215503.3930664,nan,9.125841041125685e-20
1240215503.3933105,nan,8.562730300840508e-20
1240215503.3935547,nan,8.65825097330206e-20
1240215503.3937988,nan,9.165144919894443e-20
1240215503.394043,nan,9.687365743310432e-20
1240215503.394287,nan,9.949390409028451e-20
1240215503.3945312,nan,9.62521059763323e-20
1240215503.3947754,nan,8.850453956723161e-20
1240215503.3950195,nan,8.053149092233869e-20
1240215503.3952637,nan,7.628370859297804e-20
1240215503.3955078,nan,7.696745097750067e-20
1240215503.395752,nan,8.211887058199412e-20
1240215503.395996,nan,8.673495506494751e-20
1240215503.3962402,nan,8.887746311209752e-20
1240215503.3964844,nan,8.635444779380237e-20
1240215503.3967285,nan,7.795610460826148e-20
1240215503.3969727,nan,7.107865884150209e-20
1240215503.3972168,nan,6.630313682069901e-20
1240215503.397461,nan,6.6273540552752e-20
1240215503.397705,nan,7.166287429956436e-20
1240215503.3979492,nan,7.623979495161616e-20
1240215503.3981934,nan,7.898193059813294e-20
1240215503.3984375,nan,7.495330618584329e-20
1240215503.3986816,nan,6.749598844229298e-20
1240215503.3989258,nan,6.060912084453145e-20
1240215503.39917,nan,5.44875736834995e-20
1240215503.399414,nan,5.547466834475827e-20
1240215503.3996582,nan,6.050828492739617e-20
1240215503.3999023,nan,6.562006875107117e-20
1240215503.4001465,nan,6.702701210355453e-20
1240215503.4003906,nan,6.322683484956538e-20
1240215503.4006348,nan,5.735830702629186e-20
1240215503.400879,nan,4.8666566768667925e-20
1240215503.401123,nan,4.3641234740011005e-20
1240215503.4013672,nan,4.4088290849942925e-20
1240215503.4016113,nan,4.8365214210588437e-20
1240215503.4018555,nan,5.470713833640145e-20
1240215503.4020996,nan,5.556212090314239e-20
1240215503.4023438,nan,5.208808702350384e-20
1240215503.402588,nan,4.557874655014292e-20
1240215503.402832,nan,3.7471369196869086e-20
1240215503.4030762,nan,3.1969398835503815e-20
1240215503.4033203,nan,3.2288101639431635e-20
1240215503.4035645,nan,3.763899721013806e-20
1240215503.4038086,nan,4.198525465905908e-20
1240215503.4040527,nan,4.4070107105952394e-20
1240215503.4042969,nan,4.0680286875970346e-20
1240215503.404541,nan,3.294775708721527e-20
1240215503.4047852,nan,2.5671635954186262e-20
1240215503.4050293,nan,1.9855895770953187e-20
1240215503.4052734,nan,2.037274156416005e-20
1240215503.4055176,nan,2.508964204401311e-20
1240215503.4057617,nan,2.998629450373904e-20
1240215503.4060059,nan,3.20659601091963e-20
1240215503.40625,nan,2.8557157999400066e-20
1240215503.4064941,nan,2.1533373815963156e-20
1240215503.4067383,nan,1.2957340853050444e-20
1240215503.4069824,nan,8.363212390219393e-21
1240215503.4072266,nan,9.17313475401789e-21
1240215503.4074707,nan,1.2958001698869754e-20
1240215503.4077148,nan,1.8438399203954506e-20
1240215503.407959,nan,1.9449683347918554e-20
1240215503.4082031,nan,1.646094690549698e-20
1240215503.4084473,nan,9.747934112960966e-21
1240215503.4086914,nan,5.885528881309442e-22
1240215503.4089355,nan,-3.408801576924224e-21
1240215503.4091797,nan,-3.6256595094035785e-21
1240215503.4094238,nan,1.059511154933965e-21
1240215503.409668,nan,6.6171997094787594e-21
1240215503.409912,nan,6.889817384113054e-21
1240215503.4101562,nan,4.745009626421676e-21
1240215503.4104004,nan,-2.879772201201026e-21
1240215503.4106445,nan,-1.1419171001158792e-20
1240215503.4108887,nan,-1.504914775710747e-20
1240215503.4111328,nan,-1.5565935359823292e-20
1240215503.411377,nan,-1.1158442016127522e-20
1240215503.411621,nan,-5.9126555971701414e-21
1240215503.4118652,nan,-4.079470682635017e-21
1240215503.4121094,nan,-7.323848156083781e-21
1240215503.4123535,nan,-1.506774184769848e-20
1240215503.4125977,nan,-2.2307816909689688e-20
1240215503.4128418,nan,-2.7613097901908376e-20
1240215503.413086,nan,-2.7137567757336754e-20
1240215503.41333,nan,-2.2482287347200114e-20
1240215503.4135742,nan,-1.8344089268896123e-20
1240215503.4138184,nan,-1.5705640817701214e-20
1240215503.4140625,nan,-1.9300417355039815e-20
1240215503.4143066,nan,-2.6798151452415458e-20
1240215503.4145508,nan,-3.420919508178847e-20
1240215503.414795,nan,-3.931394043858123e-20
1240215503.415039,nan,-3.9143893532523814e-20
1240215503.4152832,nan,-3.5190620010709886e-20
1240215503.4155273,nan,-2.981439698146073e-20
1240215503.4157715,nan,-2.716618981996807e-20
1240215503.4160156,nan,-3.038514533535459e-20
1240215503.4162598,nan,-3.8281971566547676e-20
1240215503.416504,nan,-4.5473190732005667e-20
1240215503.416748,nan,-5.004055193517403e-20
1240215503.4169922,nan,-5.083119276815658e-20
1240215503.4172363,nan,-4.5737541735829075e-20
1240215503.4174805,nan,-4.114403304978049e-20
1240215503.4177246,nan,-3.924788327374517e-20
1240215503.4179688,nan,-4.139742396969735e-20
1240215503.418213,nan,-4.934964807019113e-20
1240215503.418457,nan,-5.724602658708031e-20
1240215503.4187012,nan,-6.14185161227616e-20
1240215503.4189453,nan,-6.117413499029978e-20
1240215503.4191895,nan,-5.650398842156906e-20
1240215503.4194336,nan,-5.146453462167744e-20
1240215503.4196777,nan,-4.999364908202086e-20
1240215503.4199219,nan,-5.253268847407064e-20
1240215503.420166,nan,-5.960183215985813e-20
1240215503.4204102,nan,-6.702687924443018e-20
1240215503.4206543,nan,-7.197878274553544e-20
1240215503.4208984,nan,-7.185750771700398e-20
1240215503.4211426,nan,-6.648163660803039e-20
1240215503.4213867,nan,-6.242459705483906e-20
1240215503.4216309,nan,-6.004101389997869e-20
1240215503.421875,nan,-6.23624458695181e-20
1240215503.4221191,nan,-7.022008631497428e-20
1240215503.4223633,nan,-7.697820584751026e-20
1240215503.4226074,nan,-8.197375061565858e-20
1240215503.4228516,nan,-8.18828949706108e-20
1240215503.4230957,nan,-7.722985175445592e-20
1240215503.4233398,nan,-7.215106878195935e-20
1240215503.423584,nan,-6.903356995592737e-20
1240215503.4238281,nan,-7.230402111320774e-20
1240215503.4240723,nan,-7.988935243591995e-20
1240215503.4243164,nan,-8.712558132092454e-20
1240215503.4245605,nan,-9.107339073338708e-20
1240215503.4248047,nan,-9.097807376541298e-20
1240215503.4250488,nan,-8.633517009541678e-20
1240215503.425293,nan,-8.034120706272448e-20
1240215503.425537,nan,-7.872034403948129e-20
1240215503.4257812,nan,-8.131358762089341e-20
1240215503.4260254,nan,-8.805741485149908e-20
1240215503.4262695,nan,-9.569943781780994e-20
1240215503.4265137,nan,-9.983389489069364e-20
1240215503.4267578,nan,-1.0000579882456736e-19
1240215503.427002,nan,-9.441041436037446e-20
1240215503.427246,nan,-8.915291315181398e-20
1240215503.4274902,nan,-8.748290803776581e-20
1240215503.4277344,nan,-8.903599380116133e-20
1240215503.4279785,nan,-9.656918107949565e-20
1240215503.4282227,nan,-1.0374433122100543e-19
1240215503.4284668,nan,-1.080241539515723e-19
1240215503.428711,nan,-1.0828887198611016e-19
1240215503.428955,nan,-1.0263218559715523e-19
1240215503.4291992,nan,-9.756410427576455e-20
1240215503.4294434,nan,-9.530554624220819e-20
1240215503.4296875,nan,-9.724310312408502e-20
1240215503.4299316,nan,-1.0389241134846055e-19
1240215503.4301758,nan,-1.1103451840948296e-19
1240215503.43042,nan,-1.154618699936008e-19
1240215503.430664,nan,-1.1474280823773178e-19
1240215503.4309082,nan,-1.0996445969440163e-19
1240215503.4311523,nan,-1.0439928931648888e-19
1240215503.4313965,nan,-1.0190783046615865e-19
1240215503.4316406,nan,-1.0402473138811877e-19
1240215503.4318848,nan,-1.1084341942287742e-19
1240215503.432129,nan,-1.1766817426172045e-19
1240215503.432373,nan,-1.2132198055218226e-19
1240215503.4326172,nan,-1.2175368969064586e-19
1240215503.4328613,nan,-1.166813088012519e-19
1240215503.4331055,nan,-1.1044975704185824e-19
1240215503.4333496,nan,-1.0779215804720261e-19
1240215503.4335938,nan,-1.1008877864929812e-19
1240215503.433838,nan,-1.1599665340175176e-19
1240215503.434082,nan,-1.232919939220899e-19
1240215503.4343262,nan,-1.2765785383306378e-19
1240215503.4345703,nan,-1.2650086936653882e-19
1240215503.4348145,nan,-1.2248328286177408e-19
1240215503.4350586,nan,-1.1630868816844021e-19
1240215503.4353027,nan,-1.1290953568508717e-19
1240215503.4355469,nan,-1.1539274524104683e-19
1240215503.435791,nan,-1.2136971690588477e-19
1240215503.4360352,nan,-1.2825342300037745e-19
1240215503.4362793,nan,-1.3246155385214996e-19
1240215503.4365234,nan,-1.3213533477891154e-19
1240215503.4367676,nan,-1.2623228188329017e-19
1240215503.4370117,nan,-1.2040753075468217e-19
1240215503.4372559,nan,-1.184036861623954e-19
1240215503.4375,nan,-1.1945056769830301e-19
1240215503.4377441,nan,-1.250452082643003e-19
1240215503.4379883,nan,-1.3243495485609321e-19
1240215503.4382324,nan,-1.3682558651628945e-19
1240215503.4384766,nan,-1.3524298210078885e-19
1240215503.4387207,nan,-1.2966843034461915e-19
1240215503.4389648,nan,-1.2370864520049716e-19
1240215503.439209,nan,-1.2087765895451591e-19
1240215503.4394531,nan,-1.2311603664732044e-19
1240215503.4396973,nan,-1.2826067551034033e-19
1240215503.4399414,nan,-1.3501779085538374e-19
1240215503.4401855,nan,-1.393462383086301e-19
1240215503.4404297,nan,-1.375887230166644e-19
1240215503.4406738,nan,-1.3258609301583254e-19
1240215503.440918,nan,-1.2700774229808833e-19
1240215503.441162,nan,-1.2357052319639126e-19
1240215503.4414062,nan,-1.2506631941314438e-19
1240215503.4416504,nan,-1.3111559315860463e-19
1240215503.4418945,nan,-1.3725389058046045e-19
1240215503.4421387,nan,-1.4087124446883995e-19
1240215503.4423828,nan,-1.4011200664861653e-19
1240215503.442627,nan,-1.3461066270057637e-19
1240215503.442871,nan,-1.284613104358709e-19
1240215503.4431152,nan,-1.2498235128162704e-19
1240215503.4433594,nan,-1.264231773006156e-19
1240215503.4436035,nan,-1.3165429735109666e-19
1240215503.4438477,nan,-1.3808625588096388e-19
1240215503.4440918,nan,-1.4233116110329397e-19
1240215503.444336,nan,-1.4097138242380844e-19
1240215503.44458,nan,-1.3567789561963525e-19
1240215503.4448242,nan,-1.2865226986417724e-19
1240215503.4450684,nan,-1.2503452220788877e-19
1240215503.4453125,nan,-1.2763027790743083e-19
1240215503.4455566,nan,-1.3181682182621921e-19
1240215503.4458008,nan,-1.382298003923188e-19
1240215503.446045,nan,-1.4212033162329564e-19
1240215503.446289,nan,-1.404864343532187e-19
1240215503.4465332,nan,-1.3540246965522484e-19
1240215503.4467773,nan,-1.2793178732458721e-19
1240215503.4470215,nan,-1.2524663510608062e-19
1240215503.4472656,nan,-1.2632346407784582e-19
1240215503.4475098,nan,-1.313068792554257e-19
1240215503.447754,nan,-1.383798901955001e-19
1240215503.447998,nan,-1.4013539800022073e-19
1240215503.4482422,nan,-1.395878053569123e-19
1240215503.4484863,nan,-1.3390942164325392e-19
1240215503.4487305,nan,-1.266601176311808e-19
1240215503.4489746,nan,-1.2416595724747848e-19
1240215503.4492188,nan,-1.240184019181034e-19
1240215503.449463,nan,-1.2981971841411202e-19
1240215503.449707,nan,-1.3542248175383895e-19
1240215503.4499512,nan,-1.3811920176716546e-19
1240215503.4501953,nan,-1.3789502755841773e-19
1240215503.4504395,nan,-1.3105728095232165e-19
1240215503.4506836,nan,-1.2435001538978664e-19
1240215503.4509277,nan,-1.2040962074151984e-19
1240215503.4511719,nan,-1.2152926436695206e-19
1240215503.451416,nan,-1.267986583599358e-19
1240215503.4516602,nan,-1.3206907516368155e-19
1240215503.4519043,nan,-1.357967027902588e-19
1240215503.4521484,nan,-1.3394029078598464e-19
1240215503.4523926,nan,-1.2780510875678861e-19
1240215503.4526367,nan,-1.2125711956321975e-19
1240215503.4528809,nan,-1.1741689129233353e-19
1240215503.453125,nan,-1.1752978697252795e-19
1240215503.4533691,nan,-1.2255558651987094e-19
1240215503.4536133,nan,-1.2866434357806158e-19
1240215503.4538574,nan,-1.3077080730468265e-19
1240215503.4541016,nan,-1.2974557468469816e-19
1240215503.4543457,nan,-1.2347432258710992e-19
1240215503.4545898,nan,-1.1629072888283172e-19
1240215503.454834,nan,-1.1306536841194792e-19
1240215503.4550781,nan,-1.1276444587696595e-19
1240215503.4553223,nan,-1.1752257606985713e-19
1240215503.4555664,nan,-1.2329261075102882e-19
1240215503.4558105,nan,-1.2586337201335993e-19
1240215503.4560547,nan,-1.2429899521878372e-19
1240215503.4562988,nan,-1.176880648986291e-19
1240215503.456543,nan,-1.1105756191791824e-19
1240215503.456787,nan,-1.0704197076406867e-19
1240215503.4570312,nan,-1.0699576795194189e-19
1240215503.4572754,nan,-1.116473599234162e-19
1240215503.4575195,nan,-1.1734305360623093e-19
1240215503.4577637,nan,-1.200112095340409e-19
1240215503.4580078,nan,-1.1789276370445636e-19
1240215503.458252,nan,-1.122162047041413e-19
1240215503.458496,nan,-1.0452548154647913e-19
1240215503.4587402,nan,-9.991560409958507e-20
1240215503.4589844,nan,-1.0101087749188796e-19
1240215503.4592285,nan,-1.0508440690096772e-19
1240215503.4594727,nan,-1.09935889380592e-19
1240215503.4597168,nan,-1.1302646359335065e-19
1240215503.459961,nan,-1.1075055942852296e-19
1240215503.460205,nan,-1.0385206941441122e-19
1240215503.4604492,nan,-9.710736101851807e-20
1240215503.4606934,nan,-9.289759990813707e-20
1240215503.4609375,nan,-9.282480267244401e-20
1240215503.4611816,nan,-9.622106647551665e-20
1240215503.4614258,nan,-1.0194418761165343e-19
1240215503.46167,nan,-1.0550928543191897e-19
1240215503.461914,nan,-1.0214150641655449e-19
1240215503.4621582,nan,-9.590366605801951e-20
1240215503.4624023,nan,-8.909319604634175e-20
1240215503.4626465,nan,-8.399106120292415e-20
1240215503.4628906,nan,-8.43182442773611e-20
1240215503.4631348,nan,-8.814827685040982e-20
1240215503.463379,nan,-9.358095198947666e-20
1240215503.463623,nan,-9.594125241631085e-20
1240215503.4638672,nan,-9.304714995963546e-20
1240215503.4641113,nan,-8.768837462674319e-20
1240215503.4643555,nan,-8.00619134125972e-20
1240215503.4645996,nan,-7.461143094704947e-20
1240215503.4648438,nan,-7.511926282766418e-20
1240215503.465088,nan,-7.931493858208439e-20
1240215503.465332,nan,-8.390396752497092e-20
1240215503.4655762,nan,-8.606833705095134e-20
1240215503.4658203,nan,-8.397902568147925e-20
1240215503.4660645,nan,-7.718161512386827e-20
1240215503.4663086,nan,-6.946207062967995e-20
1240215503.4665527,nan,-6.488020588283177e-20
1240215503.4667969,nan,-6.44847381205964e-20
1240215503.467041,nan,-6.869011884668763e-20
1240215503.4672852,nan,-7.351277719377227e-20
1240215503.4675293,nan,-7.608100137833398e-20
1240215503.4677734,nan,-7.399826748063555e-20
1240215503.4680176,nan,-6.677771717564925e-20
1240215503.4682617,nan,-5.946183586196172e-20
1240215503.4685059,nan,-5.429834368595794e-20
1240215503.46875,nan,-5.380450620387804e-20
1240215503.4689941,nan,-5.784262559969653e-20
1240215503.4692383,nan,-6.26805947561368e-20
1240215503.4694824,nan,-6.539088336303768e-20
1240215503.4697266,nan,-6.249080985406727e-20
1240215503.4699707,nan,-5.565270999038815e-20
1240215503.4702148,nan,-4.827258990721183e-20
1240215503.470459,nan,-4.3113493173185416e-20
1240215503.4707031,nan,-4.274182818307005e-20
1240215503.4709473,nan,-4.615670348768101e-20
1240215503.4711914,nan,-5.1785455013349265e-20
1240215503.4714355,nan,-5.3562679541514413e-20
1240215503.4716797,nan,-5.034738193075361e-20
1240215503.4719238,nan,-4.410773108307438e-20
1240215503.472168,nan,-3.6094942396344683e-20
1240215503.472412,nan,-3.111399321761401e-20
1240215503.4726562,nan,-3.0308480382055427e-20
1240215503.4729004,nan,-3.4097186433080475e-20
1240215503.4731445,nan,-3.926436951455008e-20
1240215503.4733887,nan,-4.1282109053456775e-20
1240215503.4736328,nan,-3.8828514255223915e-20
1240215503.473877,nan,-3.1811256728413554e-20
1240215503.474121,nan,-2.417510151123385e-20
1240215503.4743652,nan,-1.878564093910491e-20
1240215503.4746094,nan,-1.7847836931433862e-20
1240215503.4748535,nan,-2.2024258433387204e-20
1240215503.4750977,nan,-2.655038509433025e-20
1240215503.4753418,nan,-2.836795647686509e-20
1240215503.475586,nan,-2.6014016528710686e-20
1240215503.47583,nan,-1.9193267793551597e-20
1240215503.4760742,nan,-1.1121926766506358e-20
1240215503.4763184,nan,-5.8859320433184696e-21
1240215503.4765625,nan,-5.310830548347949e-21
1240215503.4768066,nan,-8.921642736933201e-21
1240215503.4770508,nan,-1.2980234934649203e-20
1240215503.477295,nan,-1.5203209968945178e-20
1240215503.477539,nan,-1.329035619090236e-20
1240215503.4777832,nan,-6.186142528125122e-21
1240215503.4780273,nan,1.491353742860637e-21
1240215503.4782715,nan,7.494320492222121e-21
1240215503.4785156,nan,8.281044363874668e-21
1240215503.4787598,nan,3.857985622318947e-21
1240215503.479004,nan,3.494006102568821e-22
1240215503.479248,nan,-2.0126549301405375e-21
1240215503.4794922,nan,-7.15351054311859e-22
1240215503.4797363,nan,7.011158870418045e-21
1240215503.4799805,nan,1.5325288387174718e-20
1240215503.4802246,nan,2.0692931869143226e-20
1240215503.4804688,nan,2.1576460786729956e-20
1240215503.480713,nan,1.7486987280184395e-20
1240215503.480957,nan,1.2389084571918346e-20
1240215503.4812012,nan,1.0769861158566086e-20
1240215503.4814453,nan,1.328210256439983e-20
1240215503.4816895,nan,1.9862239969276648e-20
1240215503.4819336,nan,2.8549683413373794e-20
1240215503.4821777,nan,3.3926726625054235e-20
1240215503.4824219,nan,3.4439041928896487e-20
1240215503.482666,nan,3.0829879531297884e-20
1240215503.4829102,nan,2.6097675222086068e-20
1240215503.4831543,nan,2.4654810726430955e-20
1240215503.4833984,nan,2.6471572200411875e-20
1240215503.4836426,nan,3.274590025580353e-20
1240215503.4838867,nan,4.17365561641933e-20
1240215503.4841309,nan,4.699457981495899e-20
1240215503.484375,nan,4.752059598195678e-20
1240215503.4846191,nan,4.41122643286526e-20
1240215503.4848633,nan,3.8878230273837665e-20
1240215503.4851074,nan,3.66191554901393e-20
1240215503.4853516,nan,3.9807770518923704e-20
1240215503.4855957,nan,4.656689113246794e-20
1240215503.4858398,nan,5.436251192534212e-20
1240215503.486084,nan,6.017270859912204e-20
1240215503.4863281,nan,6.075262997892715e-20
1240215503.4865723,nan,5.69757987365125e-20
1240215503.4868164,nan,5.2122938627236124e-20
1240215503.4870605,nan,4.989309226716893e-20
1240215503.4873047,nan,5.2508287960307615e-20
1240215503.4875488,nan,5.879692190984498e-20
1240215503.487793,nan,6.743009866825138e-20
1240215503.488037,nan,7.299454684482279e-20
1240215503.4882812,nan,7.320037645678925e-20
1240215503.4885254,nan,7.008498818573823e-20
1240215503.4887695,nan,6.47385320857383e-20
1240215503.4890137,nan,6.238510139071083e-20
1240215503.4892578,nan,6.555438910681404e-20
1240215503.489502,nan,7.200080468557244e-20
1240215503.489746,nan,7.941850089610195e-20
1240215503.4899902,nan,8.52256175700377e-20
1240215503.4902344,nan,8.567338406427095e-20
1240215503.4904785,nan,8.212801800428365e-20
1240215503.4907227,nan,7.73902622160648e-20
1240215503.4909668,nan,7.406660634872993e-20
1240215503.491211,nan,7.674139237654033e-20
1240215503.491455,nan,8.390434096734592e-20
1240215503.4916992,nan,9.139665697158833e-20
1240215503.4919434,nan,9.672608794200024e-20
1240215503.4921875,nan,9.80709151886635e-20
1240215503.4924316,nan,9.400843121805477e-20
1240215503.4926758,nan,8.848161925976018e-20
1240215503.49292,nan,8.657722773336843e-20
1240215503.493164,nan,8.850005239912666e-20
1240215503.4934082,nan,9.512813915477049e-20
1240215503.4936523,nan,1.0298751722220529e-19
1240215503.4938965,nan,1.083858758723854e-19
1240215503.4941406,nan,1.0950021467397928e-19
1240215503.4943848,nan,1.0496103398933316e-19
1240215503.494629,nan,9.966518369123391e-20
1240215503.494873,nan,9.708013033631553e-20
1240215503.4951172,nan,9.949460882864527e-20
1240215503.4953613,nan,1.0638923660359885e-19
1240215503.4956055,nan,1.135999781696243e-19
1240215503.4958496,nan,1.1915499338903819e-19
1240215503.4960938,nan,1.1933432549134216e-19
1240215503.496338,nan,1.1511072565112197e-19
1240215503.496582,nan,1.098130462877251e-19
1240215503.4968262,nan,1.063785368395602e-19
1240215503.4970703,nan,1.0919691268813741e-19
1240215503.4973145,nan,1.1577044619799676e-19
1240215503.4975586,nan,1.2287557893846468e-19
1240215503.4978027,nan,1.2826112593805185e-19
1240215503.4980469,nan,1.2878214734527263e-19
1240215503.498291,nan,1.2477464310712198e-19
1240215503.4985352,nan,1.1926484633172627e-19
1240215503.4987793,nan,1.1662206808364804e-19
1240215503.4990234,nan,1.1847901897056247e-19
1240215503.4992676,nan,1.2429784877359952e-19
1240215503.4995117,nan,1.3178407627669701e-19
1240215503.4997559,nan,1.3697584792190464e-19
1240215503.5,nan,1.3731705253849245e-19
1240215503.5002441,nan,1.3295045818174367e-19
1240215503.5004883,nan,1.2803067024395869e-19
1240215503.5007324,nan,1.2434847799138334e-19
1240215503.5009766,nan,1.2536764670316955e-19
1240215503.5012207,nan,1.326897975670375e-19
1240215503.5014648,nan,1.3985500756517636e-19
1240215503.501709,nan,1.446228571913477e-19
1240215503.5019531,nan,1.4500194310484943e-19
1240215503.5021973,nan,1.40525703282644e-19
1240215503.5024414,nan,1.3530587630577498e-19
1240215503.5026855,nan,1.3167655317023435e-19
1240215503.5029297,nan,1.3284262658298568e-19
1240215503.5031738,nan,1.3892958751066287e-19
1240215503.503418,nan,1.4669954874502657e-19
1240215503.503662,nan,1.5150624632246583e-19
1240215503.5039062,nan,1.5054272334795266e-19
1240215503.5041504,nan,1.463953439723497e-19
1240215503.5043945,nan,1.4099278457317546e-19
1240215503.5046387,nan,1.3748928984617843e-19
1240215503.5048828,nan,1.3880402840354275e-19
1240215503.505127,nan,1.444558224646657e-19
1240215503.505371,nan,1.5204391617526144e-19
1240215503.5056152,nan,1.5631044181633232e-19
1240215503.5058594,nan,1.5627863560852692e-19
1240215503.5061035,nan,1.5160973539114083e-19
1240215503.5063477,nan,1.4507389988241825e-19
1240215503.5065918,nan,1.4279224709336871e-19
1240215503.506836,nan,1.4312280110846485e-19
1240215503.50708,nan,1.4845840418272195e-19
1240215503.5073242,nan,1.5647132070244657e-19
1240215503.5075684,nan,1.606277659574167e-19
1240215503.5078125,nan,1.6039371338120312e-19
1240215503.5080566,nan,1.5513060929890184e-19
1240215503.5083008,nan,1.4907221465008187e-19
1240215503.508545,nan,1.4526232474186883e-19
1240215503.508789,nan,1.4612547406394314e-19
1240215503.5090332,nan,1.523837626207265e-19
1240215503.5092773,nan,1.5841034296956857e-19
1240215503.5095215,nan,1.6270079225887285e-19
1240215503.5097656,nan,1.6266473776814658e-19
1240215503.5100098,nan,1.5734669732174212e-19
1240215503.510254,nan,1.5146619441960488e-19
1240215503.510498,nan,1.4674819910852478e-19
1240215503.5107422,nan,1.477646083875152e-19
1240215503.5109863,nan,1.535634640756947e-19
1240215503.5112305,nan,1.5959594191974242e-19
1240215503.5114746,nan,1.646185256717116e-19
1240215503.5117188,nan,1.6385866701732746e-19
1240215503.511963,nan,1.5822986896209148e-19
1240215503.512207,nan,1.5196324305880995e-19
1240215503.5124512,nan,1.4722535288829793e-19
1240215503.5126953,nan,1.4787232812892823e-19
1240215503.5129395,nan,1.53247308406284e-19
1240215503.5131836,nan,1.5985208072702775e-19
1240215503.5134277,nan,1.642625722282144e-19
1240215503.5136719,nan,1.6268175827289275e-19
1240215503.513916,nan,1.57604195139353e-19
1240215503.5141602,nan,1.512731688993654e-19
1240215503.5144043,nan,1.4561578074479816e-19
1240215503.5146484,nan,1.473144670847119e-19
1240215503.5148926,nan,1.5255951931264693e-19
1240215503.5151367,nan,1.5781627486377643e-19
1240215503.5153809,nan,1.628057829533304e-19
1240215503.515625,nan,1.6157434567152484e-19
1240215503.5158691,nan,1.5598370590669252e-19
1240215503.5161133,nan,1.4843550862046539e-19
1240215503.5163574,nan,1.436105676104479e-19
1240215503.5166016,nan,1.447241667766787e-19
1240215503.5168457,nan,1.4909502681701736e-19
1240215503.5170898,nan,1.554454859366761e-19
1240215503.517334,nan,1.5884532796305521e-19
1240215503.5175781,nan,1.5784053575115038e-19
1240215503.5178223,nan,1.5269692358066615e-19
1240215503.5180664,nan,1.4494427167292197e-19
1240215503.5183105,nan,1.402856222252245e-19
1240215503.5185547,nan,1.399632173749715e-19
1240215503.5187988,nan,1.4506055748339505e-19
1240215503.519043,nan,1.5131710052124743e-19
1240215503.519287,nan,1.5375813490246276e-19
1240215503.5195312,nan,1.5363355272069286e-19
1240215503.5197754,nan,1.4774429561938676e-19
1240215503.5200195,nan,1.4008038190531914e-19
1240215503.5202637,nan,1.348724638661435e-19
1240215503.5205078,nan,1.3378540880276803e-19
1240215503.520752,nan,1.3971225926239708e-19
1240215503.520996,nan,1.4472539014968958e-19
1240215503.5212402,nan,1.4758279751380979e-19
1240215503.5214844,nan,1.4797765264280031e-19
1240215503.5217285,nan,1.4074420886013962e-19
1240215503.5219727,nan,1.3285522967479354e-19
1240215503.5222168,nan,1.280558531409486e-19
1240215503.522461,nan,1.2704289611233662e-19
1240215503.522705,nan,1.3213179789033788e-19
1240215503.5229492,nan,1.3791357497380093e-19
1240215503.5231934,nan,1.405461025922467e-19
1240215503.5234375,nan,1.3887164449839823e-19
1240215503.5236816,nan,1.332845998402919e-19
1240215503.5239258,nan,1.2572711550978923e-19
1240215503.52417,nan,1.1892934891501875e-19
1240215503.524414,nan,1.1909460860170248e-19
1240215503.5246582,nan,1.2399448736362038e-19
1240215503.5249023,nan,1.2844318731674337e-19
1240215503.5251465,nan,1.323398280209109e-19
1240215503.5253906,nan,1.3082556472467042e-19
1240215503.5256348,nan,1.2352522225924716e-19
1240215503.525879,nan,1.1624129951644163e-19
1240215503.526123,nan,1.1058077646605004e-19
1240215503.5263672,nan,1.09161510411024e-19
1240215503.5266113,nan,1.1351032714902102e-19
1240215503.5268555,nan,1.1896186535569302e-19
1240215503.5270996,nan,1.2227891592570271e-19
1240215503.5273438,nan,1.204025151058805e-19
1240215503.527588,nan,1.1323346025499198e-19
1240215503.527832,nan,1.0579305611706426e-19
1240215503.5280762,nan,9.973731923833612e-20
1240215503.5283203,nan,9.863255765788892e-20
1240215503.5285645,nan,1.0274574954359207e-19
1240215503.5288086,nan,1.0749984394809676e-19
1240215503.5290527,nan,1.110387228851833e-19
1240215503.5292969,nan,1.0884944545798554e-19
1240215503.529541,nan,1.0148988863497963e-19
1240215503.5297852,nan,9.419356398007414e-20
1240215503.5300293,nan,8.820324437078558e-20
1240215503.5302734,nan,8.644264629748773e-20
1240215503.5305176,nan,9.042667430102709e-20
1240215503.5307617,nan,9.594451452033898e-20
1240215503.5310059,nan,9.869714595210747e-20
1240215503.53125,nan,9.650065160399338e-20
1240215503.5314941,nan,8.983929207889418e-20
1240215503.5317383,nan,8.122134017365205e-20
1240215503.5319824,nan,7.437956383367537e-20
1240215503.5322266,nan,7.343676835280708e-20
1240215503.5324707,nan,7.707191388279175e-20
1240215503.5327148,nan,8.227216778545757e-20
1240215503.532959,nan,8.495520730846031e-20
1240215503.5332031,nan,8.248998257153599e-20
1240215503.5334473,nan,7.640112479159128e-20
1240215503.5336914,nan,6.753198930185896e-20
1240215503.5339355,nan,6.080901909233631e-20
1240215503.5341797,nan,5.902787370590644e-20
1240215503.5344238,nan,6.283442554729913e-20
1240215503.534668,nan,6.911530402854803e-20
1240215503.534912,nan,7.073437096740864e-20
1240215503.5351562,nan,6.850073725039888e-20
1240215503.5354004,nan,6.186214589988627e-20
1240215503.5356445,nan,5.270966973423085e-20
1240215503.5358887,nan,4.6661449940136014e-20
1240215503.5361328,nan,4.4395524560952384e-20
1240215503.536377,nan,4.7983865991092285e-20
1240215503.536621,nan,5.3441502056895433e-20
1240215503.5368652,nan,5.535879876175009e-20
1240215503.5371094,nan,5.3318618047466094e-20
1240215503.5373535,nan,4.644114572368563e-20
1240215503.5375977,nan,3.752870347476565e-20
1240215503.5378418,nan,3.1054336264249275e-20
1240215503.538086,nan,2.915387818692442e-20
1240215503.53833,nan,3.2527675205816507e-20
1240215503.5385742,nan,3.797524230334402e-20
1240215503.5388184,nan,3.987301087998883e-20
1240215503.5390625,nan,3.780725206720104e-20
1240215503.5393066,nan,3.094315913100141e-20
1240215503.5395508,nan,2.145881732372636e-20
1240215503.539795,nan,1.5807941339367087e-20
1240215503.540039,nan,1.340483630447269e-20
1240215503.5402832,nan,1.588642413521505e-20
1240215503.5405273,nan,2.214927382472304e-20
1240215503.5407715,nan,2.4345636799637308e-20
1240215503.5410156,nan,2.1816832348808767e-20
1240215503.5412598,nan,1.5306064268393296e-20
1240215503.541504,nan,5.4615201584768136e-21
1240215503.541748,nan,-1.4819650054368296e-21
1240215503.5419922,nan,-2.677111926188863e-21
1240215503.5422363,nan,1.4657618907876478e-23
1240215503.5424805,nan,5.158662340204821e-21
1240215503.5427246,nan,8.105923503570803e-21
1240215503.5429688,nan,5.729869140639302e-21
1240215503.543213,nan,-1.3208764360299204e-21
1240215503.543457,nan,-1.1258981048557479e-20
1240215503.5437012,nan,-1.761108633408515e-20
1240215503.5439453,nan,-1.8959129452947273e-20
1240215503.5441895,nan,-1.6694870265477458e-20
1240215503.5444336,nan,-1.1207456331841702e-20
1240215503.5446777,nan,-8.232686923229607e-21
1240215503.5449219,nan,-1.1013146860578247e-20
1240215503.545166,nan,-1.8140056689368597e-20
1240215503.5454102,nan,-2.683034480785155e-20
1240215503.5456543,nan,-3.431223877637008e-20
1240215503.5458984,nan,-3.6166841319184675e-20
1240215503.5461426,nan,-3.2371118607733436e-20
1240215503.5463867,nan,-2.756963804856739e-20
1240215503.5466309,nan,-2.496802965345686e-20
1240215503.546875,nan,-2.7252961363979836e-20
1240215503.5471191,nan,-3.413414333188076e-20
1240215503.5473633,nan,-4.366019164773871e-20
1240215503.5476074,nan,-5.086045124237447e-20
1240215503.5478516,nan,-5.176483229814476e-20
1240215503.5480957,nan,-4.960109145537624e-20
1240215503.5483398,nan,-4.403600039705943e-20
1240215503.548584,nan,-4.0852220188314944e-20
1240215503.5488281,nan,-4.404828568810333e-20
1240215503.5490723,nan,-5.012714164574074e-20
1240215503.5493164,nan,-6.011784926323077e-20
1240215503.5495605,nan,-6.640167856388789e-20
1240215503.5498047,nan,-6.795403520238987e-20
1240215503.5500488,nan,-6.604365044479244e-20
1240215503.550293,nan,-5.929883309229656e-20
1240215503.550537,nan,-5.669991052484726e-20
1240215503.5507812,nan,-5.937172183031641e-20
1240215503.5510254,nan,-6.568168908508856e-20
1240215503.5512695,nan,-7.520531830644836e-20
1240215503.5515137,nan,-8.274081049140092e-20
1240215503.5517578,nan,-8.42430109469317e-20
1240215503.552002,nan,-8.015459873666785e-20
1240215503.552246,nan,-7.57059725691239e-20
1240215503.5524902,nan,-7.245576583231338e-20
1240215503.5527344,nan,-7.393523068028597e-20
1240215503.5529785,nan,-8.188342434987286e-20
1240215503.5532227,nan,-9.029487912716079e-20
1240215503.5534668,nan,-9.745479621336409e-20
1240215503.553711,nan,-9.981671162583971e-20
1240215503.553955,nan,-9.528624892058857e-20
1240215503.5541992,nan,-9.05320260529876e-20
1240215503.5544434,nan,-8.714285804176896e-20
1240215503.5546875,nan,-8.881505481170396e-20
1240215503.5549316,nan,-9.686076915926262e-20
1240215503.5551758,nan,-1.0454371393377849e-19
1240215503.55542,nan,-1.121075455514717e-19
1240215503.555664,nan,-1.1401538949435209e-19
1240215503.5559082,nan,-1.094500868491766e-19
1240215503.5561523,nan,-1.0509601032277063e-19
1240215503.5563965,nan,-1.0101639876901795e-19
1240215503.5566406,nan,-1.024555950639202e-19
1240215503.5568848,nan,-1.099627473745362e-19
1240215503.557129,nan,-1.1861638374136303e-19
1240215503.557373,nan,-1.2511798528110595e-19
1240215503.5576172,nan,-1.2627379285874118e-19
1240215503.5578613,nan,-1.2317144255303488e-19
1240215503.5581055,nan,-1.1737518610323481e-19
1240215503.5583496,nan,-1.1396984811001318e-19
1240215503.5585938,nan,-1.1538454647428525e-19
1240215503.558838,nan,-1.2173300843049223e-19
1240215503.559082,nan,-1.3098577892571384e-19
1240215503.5593262,nan,-1.3743165514187368e-19
1240215503.5595703,nan,-1.3917607811734941e-19
1240215503.5598145,nan,-1.3481121779611043e-19
1240215503.5600586,nan,-1.2945530612311474e-19
1240215503.5603027,nan,-1.258918164739913e-19
1240215503.5605469,nan,-1.2618619038998196e-19
1240215503.560791,nan,-1.3382263952474924e-19
1240215503.5610352,nan,-1.4209043071112925e-19
1240215503.5612793,nan,-1.481192718427975e-19
1240215503.5615234,nan,-1.5035352631923868e-19
1240215503.5617676,nan,-1.4617852962504343e-19
1240215503.5620117,nan,-1.3963590502244727e-19
1240215503.5622559,nan,-1.3597268210646972e-19
1240215503.5625,nan,-1.376492889216384e-19
1240215503.5627441,nan,-1.4336249097883015e-19
1240215503.5629883,nan,-1.5214170289345252e-19
1240215503.5632324,nan,-1.5879888570014143e-19
1240215503.5634766,nan,-1.5941833330757762e-19
1240215503.5637207,nan,-1.556543054357952e-19
1240215503.5639648,nan,-1.491382955316543e-19
1240215503.564209,nan,-1.4532170495864808e-19
1240215503.5644531,nan,-1.4601167470814822e-19
1240215503.5646973,nan,-1.521435865960801e-19
1240215503.5649414,nan,-1.615805623543661e-19
1240215503.5651855,nan,-1.6683720881529998e-19
1240215503.5654297,nan,-1.678120578369692e-19
1240215503.5656738,nan,-1.6379704095643044e-19
1240215503.565918,nan,-1.571010722160639e-19
1240215503.566162,nan,-1.533753822613164e-19
1240215503.5664062,nan,-1.5353903471163375e-19
1240215503.5666504,nan,-1.5959872651493024e-19
1240215503.5668945,nan,-1.6785238199519876e-19
1240215503.5671387,nan,-1.7344952250784936e-19
1240215503.5673828,nan,-1.7469063518929015e-19
1240215503.567627,nan,-1.7044147176269114e-19
1240215503.567871,nan,-1.6332518456903272e-19
1240215503.5681152,nan,-1.5844362794064975e-19
1240215503.5683594,nan,-1.5976009769018045e-19
1240215503.5686035,nan,-1.6534091354279762e-19
1240215503.5688477,nan,-1.731627388292935e-19
1240215503.5690918,nan,-1.7956725386464854e-19
1240215503.569336,nan,-1.799482650268254e-19
1240215503.56958,nan,-1.7482387374488118e-19
1240215503.5698242,nan,-1.6866194076131113e-19
1240215503.5700684,nan,-1.6373163469553835e-19
1240215503.5703125,nan,-1.632536091336397e-19
1240215503.5705566,nan,-1.6919764532196156e-19
1240215503.5708008,nan,-1.7684178454374926e-19
1240215503.571045,nan,-1.8351802098462426e-19
1240215503.571289,nan,-1.8344762864746713e-19
1240215503.5715332,nan,-1.781042868161335e-19
1240215503.5717773,nan,-1.7217354457370734e-19
1240215503.5720215,nan,-1.658681952496517e-19
1240215503.5722656,nan,-1.66280108634551e-19
1240215503.5725098,nan,-1.7154343205854823e-19
1240215503.572754,nan,-1.783220727077618e-19
1240215503.572998,nan,-1.8509566784021001e-19
1240215503.5732422,nan,-1.8537634590699566e-19
1240215503.5734863,nan,-1.7997323152370814e-19
1240215503.5737305,nan,-1.724315002694328e-19
1240215503.5739746,nan,-1.671938561323794e-19
1240215503.5742188,nan,-1.6774035411282092e-19
1240215503.574463,nan,-1.7236279703524467e-19
1240215503.574707,nan,-1.7929376026030345e-19
1240215503.5749512,nan,-1.853594610830959e-19
1240215503.5751953,nan,-1.8541835239536494e-19
1240215503.5754395,nan,-1.801261095614556e-19
1240215503.5756836,nan,-1.724794325366062e-19
1240215503.5759277,nan,-1.663933937550861e-19
1240215503.5761719,nan,-1.6634394574714783e-19
1240215503.576416,nan,-1.7131038284143664e-19
1240215503.5766602,nan,-1.7802828644057516e-19
1240215503.5769043,nan,-1.832162186572593e-19
1240215503.5771484,nan,-1.831791768375458e-19
1240215503.5773926,nan,-1.7808842359996978e-19
1240215503.5776367,nan,-1.703193246135013e-19
1240215503.5778809,nan,-1.643551026814952e-19
1240215503.578125,nan,-1.635141531751765e-19
1240215503.5783691,nan,-1.6780769481033603e-19
1240215503.5786133,nan,-1.7537340672023369e-19
1240215503.5788574,nan,-1.7986262078550657e-19
1240215503.5791016,nan,-1.8018984621941557e-19
1240215503.5793457,nan,-1.7511537285259345e-19
1240215503.5795898,nan,-1.6574989758430911e-19
1240215503.579834,nan,-1.600927689596371e-19
1240215503.5800781,nan,-1.5981969492436778e-19
1240215503.5803223,nan,-1.6388081021227877e-19
1240215503.5805664,nan,-1.7022331769508622e-19
1240215503.5808105,nan,-1.7483866091378687e-19
1240215503.5810547,nan,-1.7482308135096887e-19
1240215503.5812988,nan,-1.6893958214338321e-19
1240215503.581543,nan,-1.6080841983758469e-19
1240215503.581787,nan,-1.5470540916843843e-19
1240215503.5820312,nan,-1.5300485911820727e-19
1240215503.5822754,nan,-1.5735253660443448e-19
1240215503.5825195,nan,-1.6349957202343833e-19
1240215503.5827637,nan,-1.6826467057698202e-19
1240215503.5830078,nan,-1.6875663377705925e-19
1240215503.583252,nan,-1.620599691019045e-19
1240215503.583496,nan,-1.5367131660545298e-19
1240215503.5837402,nan,-1.472492075517329e-19
1240215503.5839844,nan,-1.4490645166706395e-19
1240215503.5842285,nan,-1.4936208147207286e-19
1240215503.5844727,nan,-1.5599370277756844e-19
1240215503.5847168,nan,-1.6031751042039564e-19
1240215503.584961,nan,-1.5965474572254286e-19
1240215503.585205,nan,-1.533529061556646e-19
1240215503.5854492,nan,-1.448077576121568e-19
1240215503.5856934,nan,-1.382024170160372e-19
1240215503.5859375,nan,-1.3609595961504788e-19
1240215503.5861816,nan,-1.4002898669804652e-19
1240215503.5864258,nan,-1.4657998347126118e-19
1240215503.58667,nan,-1.5027103763742574e-19
1240215503.586914,nan,-1.5003879327754597e-19
1240215503.5871582,nan,-1.4352324604053906e-19
1240215503.5874023,nan,-1.3422277120371395e-19
1240215503.5876465,nan,-1.277542776486895e-19
1240215503.5878906,nan,-1.2564134853737537e-19
1240215503.5881348,nan,-1.2909292437374416e-19
1240215503.588379,nan,-1.3530001255599518e-19
1240215503.588623,nan,-1.392921420129813e-19
1240215503.5888672,nan,-1.3818722792278107e-19
1240215503.5891113,nan,-1.3208360346249815e-19
1240215503.5893555,nan,-1.2314043356871069e-19
1240215503.5895996,nan,-1.15737521270553e-19
1240215503.5898438,nan,-1.1347037724269177e-19
1240215503.590088,nan,-1.1631667532319408e-19
1240215503.590332,nan,-1.227242094713819e-19
1240215503.5905762,nan,-1.2690587597658194e-19
1240215503.5908203,nan,-1.2539451387232142e-19
1240215503.5910645,nan,-1.194928626541673e-19
1240215503.5913086,nan,-1.100634977819293e-19
1240215503.5915527,nan,-1.0258412595645487e-19
1240215503.5917969,nan,-1.0055324048005112e-19
1240215503.592041,nan,-1.0295564910143e-19
1240215503.5922852,nan,-1.0924917773003028e-19
1240215503.5925293,nan,-1.1311110304222954e-19
1240215503.5927734,nan,-1.1148853616843684e-19
1240215503.5930176,nan,-1.056245578777913e-19
1240215503.5932617,nan,-9.568015481682137e-20
1240215503.5935059,nan,-8.808220987839517e-20
1240215503.59375,nan,-8.549723646684866e-20
1240215503.5939941,nan,-8.833286098889282e-20
1240215503.5942383,nan,-9.514367217419287e-20
1240215503.5944824,nan,-9.871539426709819e-20
1240215503.5947266,nan,-9.701195793618251e-20
1240215503.5949707,nan,-9.025529772840832e-20
1240215503.5952148,nan,-8.0310646580201e-20
1240215503.595459,nan,-7.299282728585166e-20
1240215503.5957031,nan,-7.010506663679054e-20
1240215503.5959473,nan,-7.242707177323836e-20
1240215503.5961914,nan,-7.86447307561244e-20
1240215503.5964355,nan,-8.2713119951689e-20
1240215503.5966797,nan,-8.087816754308335e-20
1240215503.5969238,nan,-7.428861663556017e-20
1240215503.597168,nan,-6.463008832504091e-20
1240215503.597412,nan,-5.637862187741353e-20
1240215503.5976562,nan,-5.422244331385248e-20
1240215503.5979004,nan,-5.672695598889451e-20
1240215503.5981445,nan,-6.20519701705836e-20
1240215503.5983887,nan,-6.570797664067023e-20
1240215503.5986328,nan,-6.384558865741092e-20
1240215503.598877,nan,-5.766640827173603e-20
1240215503.599121,nan,-4.788293753471701e-20
1240215503.5993652,nan,-3.908224134610099e-20
1240215503.5996094,nan,-3.7040005261580925e-20
1240215503.5998535,nan,-3.9929269819390696e-20
1240215503.6000977,nan,-4.452111174107827e-20
1240215503.6003418,nan,-4.876353799002474e-20
1240215503.600586,nan,-4.791681745840133e-20
1240215503.60083,nan,-4.026934259315932e-20
1240215503.6010742,nan,-3.018092196220632e-20
1240215503.6013184,nan,-2.2002279840346514e-20
1240215503.6015625,nan,-1.9170186005637145e-20
1240215503.6018066,nan,-2.1782973618614978e-20
1240215503.6020508,nan,-2.696936913743491e-20
1240215503.602295,nan,-3.086019191131711e-20
1240215503.602539,nan,-2.9532468118160783e-20
1240215503.6027832,nan,-2.2266937066009748e-20
1240215503.6030273,nan,-1.2517230516525792e-20
1240215503.6032715,nan,-4.610614295087077e-21
1240215503.6035156,nan,-9.90457707715799e-22
1240215503.6037598,nan,-3.700498523724719e-21
1240215503.604004,nan,-8.891889508186591e-21
1240215503.604248,nan,-1.2376187245422855e-20
1240215503.6044922,nan,-1.191425377682036e-20
1240215503.6047363,nan,-4.315823593193883e-21
1240215503.6049805,nan,5.3315848175958944e-21
1240215503.6052246,nan,1.3763805041680227e-20
1240215503.6054688,nan,1.6990878281661525e-20
1240215503.605713,nan,1.397657332304916e-20
1240215503.605957,nan,9.505078881725496e-21
1240215503.6062012,nan,4.976467927787603e-21
1240215503.6064453,nan,6.83100196562109e-21
1240215503.6066895,nan,1.436104331384485e-20
1240215503.6069336,nan,2.3340204136506426e-20
1240215503.6071777,nan,3.180218480778317e-20
1240215503.6074219,nan,3.4781420583656557e-20
1240215503.607666,nan,3.2799302240443417e-20
1240215503.6079102,nan,2.7542565653543067e-20
1240215503.6081543,nan,2.3109174687688553e-20
1240215503.6083984,nan,2.4783691612110333e-20
1240215503.6086426,nan,3.187614574138039e-20
1240215503.6088867,nan,4.153100975381205e-20
1240215503.6091309,nan,4.9514097545765944e-20
1240215503.609375,nan,5.343206828102091e-20
1240215503.6096191,nan,5.1258091057527375e-20
1240215503.6098633,nan,4.49292179733646e-20
1240215503.6101074,nan,4.116379617456683e-20
1240215503.6103516,nan,4.267531236808797e-20
1240215503.6105957,nan,4.9693255295895996e-20
1240215503.6108398,nan,5.960237129033008e-20
1240215503.611084,nan,6.736291873230058e-20
1240215503.6113281,nan,7.094889561001604e-20
1240215503.6115723,nan,6.896673228876059e-20
1240215503.6118164,nan,6.302810675601039e-20
1240215503.6120605,nan,5.893616456612189e-20
1240215503.6123047,nan,6.017514732947894e-20
1240215503.6125488,nan,6.689098934079074e-20
1240215503.612793,nan,7.685817733058065e-20
1240215503.613037,nan,8.515856314856354e-20
1240215503.6132812,nan,8.789327768917343e-20
1240215503.6135254,nan,8.544639850747929e-20
1240215503.6137695,nan,7.9732398816818e-20
1240215503.6140137,nan,7.553398012438625e-20
1240215503.6142578,nan,7.710231902367007e-20
1240215503.614502,nan,8.400053374686596e-20
1240215503.614746,nan,9.32665515918746e-20
1240215503.6149902,nan,1.0141662926503899e-19
1240215503.6152344,nan,1.049435029387169e-19
1240215503.6154785,nan,1.0244819016022958e-19
1240215503.6157227,nan,9.687636580584079e-20
1240215503.6159668,nan,9.302251014096075e-20
1240215503.616211,nan,9.318223881016686e-20
1240215503.616455,nan,9.958370968430198e-20
1240215503.6166992,nan,1.0963419277893483e-19
1240215503.6169434,nan,1.1713530602086362e-19
1240215503.6171875,nan,1.2059409550388374e-19
1240215503.6174316,nan,1.1764004792710987e-19
1240215503.6176758,nan,1.1210698920808677e-19
1240215503.61792,nan,1.0853504212244409e-19
1240215503.618164,nan,1.0782649967387883e-19
1240215503.6184082,nan,1.1503742701872763e-19
1240215503.6186523,nan,1.2470225978925378e-19
1240215503.6188965,nan,1.3141396919154014e-19
1240215503.6191406,nan,1.3610710336326935e-19
1240215503.6193848,nan,1.3355240316588978e-19
1240215503.619629,nan,1.2622447847244538e-19
1240215503.619873,nan,1.2230101192172156e-19
1240215503.6201172,nan,1.230916252018721e-19
1240215503.6203613,nan,1.2882046006594015e-19
1240215503.6206055,nan,1.3842998745283292e-19
1240215503.6208496,nan,1.460411999898028e-19
1240215503.6210938,nan,1.4852883407718698e-19
1240215503.621338,nan,1.4626072075183677e-19
1240215503.621582,nan,1.4072451579641005e-19
1240215503.6218262,nan,1.353904205324054e-19
1240215503.6220703,nan,1.352114999343548e-19
1240215503.6223145,nan,1.4174190794061023e-19
1240215503.6225586,nan,1.5089349017828482e-19
1240215503.6228027,nan,1.592762973832478e-19
1240215503.6230469,nan,1.6141953486888413e-19
1240215503.623291,nan,1.5740855042413465e-19
1240215503.6235352,nan,1.5194583135454053e-19
1240215503.6237793,nan,1.4721711242774442e-19
1240215503.6240234,nan,1.4710846762748045e-19
1240215503.6242676,nan,1.5243662451831022e-19
1240215503.6245117,nan,1.6211347535010184e-19
1240215503.6247559,nan,1.7008995717483688e-19
1240215503.625,nan,1.7178655238217999e-19
1240215503.6252441,nan,1.6943005815380582e-19
1240215503.6254883,nan,1.6279079807138032e-19
1240215503.6257324,nan,1.5704000419716833e-19
1240215503.6259766,nan,1.5743544825664146e-19
1240215503.6262207,nan,1.6293305063289065e-19
1240215503.6264648,nan,1.7130922285009214e-19
1240215503.626709,nan,1.7914939767096006e-19
1240215503.6269531,nan,1.8169205054286797e-19
1240215503.6271973,nan,1.7776055096137605e-19
1240215503.6274414,nan,1.718447282656549e-19
1240215503.6276855,nan,1.662205130825416e-19
1240215503.6279297,nan,1.6547614027973218e-19
1240215503.6281738,nan,1.7137990730291675e-19
1240215503.628418,nan,1.7938154934003215e-19
1240215503.628662,nan,1.865405872128025e-19
1240215503.6289062,nan,1.8920231139646605e-19
1240215503.6291504,nan,1.8598584795188664e-19
1240215503.6293945,nan,1.7901094829778866e-19
1240215503.6296387,nan,1.7251507532177623e-19
1240215503.6298828,nan,1.7232242165345346e-19
1240215503.630127,nan,1.778801698236644e-19
1240215503.630371,nan,1.8621949976676573e-19
1240215503.6306152,nan,1.930022740812107e-19
1240215503.6308594,nan,1.9454187688382842e-19
1240215503.6311035,nan,1.9104887516624264e-19
1240215503.6313477,nan,1.83785303296142e-19
1240215503.6315918,nan,1.7852963671225227e-19
1240215503.631836,nan,1.7784693158542367e-19
1240215503.63208,nan,1.819711968227945e-19
1240215503.6323242,nan,1.9022597292512424e-19
1240215503.6325684,nan,1.971061699657039e-19
1240215503.6328125,nan,1.9901008803857807e-19
1240215503.6330566,nan,1.9492428374945124e-19
1240215503.6333008,nan,1.8782417708927048e-19
1240215503.633545,nan,1.8173831571671392e-19
1240215503.633789,nan,1.8003248910692062e-19
1240215503.6340332,nan,1.8513164476346739e-19
1240215503.6342773,nan,1.9286617085766323e-19
1240215503.6345215,nan,1.995490985626788e-19
1240215503.6347656,nan,2.0152150785276032e-19
1240215503.6350098,nan,1.9661431146618733e-19
1240215503.635254,nan,1.8925069835983264e-19
1240215503.635498,nan,1.8313903756912384e-19
1240215503.6357422,nan,1.8152169962038131e-19
1240215503.6359863,nan,1.8627211168118345e-19
1240215503.6362305,nan,1.9375864728049355e-19
1240215503.6364746,nan,1.9999680794809121e-19
1240215503.6367188,nan,2.0094522525051096e-19
1240215503.636963,nan,1.9674435321340352e-19
1240215503.637207,nan,1.8995858293386165e-19
1240215503.6374512,nan,1.8252307130287648e-19
1240215503.6376953,nan,1.8085268939616652e-19
1240215503.6379395,nan,1.8465360668182332e-19
1240215503.6381836,nan,1.9181279790649748e-19
1240215503.6384277,nan,1.9894769412303769e-19
1240215503.6386719,nan,1.9943582647308526e-19
1240215503.638916,nan,1.9555805001640045e-19
1240215503.6391602,nan,1.87523928480864e-19
1240215503.6394043,nan,1.797088997657315e-19
1240215503.6396484,nan,1.7887450127621913e-19
1240215503.6398926,nan,1.81754949811108e-19
1240215503.6401367,nan,1.8859862009140137e-19
1240215503.6403809,nan,1.952071590329305e-19
1240215503.640625,nan,1.9594172719855287e-19
1240215503.6408691,nan,1.9143602433289078e-19
1240215503.6411133,nan,1.8259316516875055e-19
1240215503.6413574,nan,1.758254268986641e-19
1240215503.6416016,nan,1.7356642483487738e-19
1240215503.6418457,nan,1.7657071141199362e-19
1240215503.6420898,nan,1.8465249954306096e-19
1240215503.642334,nan,1.895266930318968e-19
1240215503.6425781,nan,1.8993319474177948e-19
1240215503.6428223,nan,1.8605761273839642e-19
1240215503.6430664,nan,1.7708530292250908e-19
1240215503.6433105,nan,1.6924440593302936e-19
1240215503.6435547,nan,1.6699087135972343e-19
1240215503.6437988,nan,1.699412987615761e-19
1240215503.644043,nan,1.7636760689634205e-19
1240215503.644287,nan,1.8230180182997984e-19
1240215503.6445312,nan,1.8342808779375423e-19
1240215503.6447754,nan,1.780392736402595e-19
1240215503.6450195,nan,1.6879256003632534e-19
1240215503.6452637,nan,1.6131888359975596e-19
1240215503.6455078,nan,1.588123358481308e-19
1240215503.645752,nan,1.6165287632912134e-19
1240215503.645996,nan,1.6767549958032304e-19
1240215503.6462402,nan,1.7306789434001356e-19
1240215503.6464844,nan,1.7419017312852204e-19
1240215503.6467285,nan,1.6847743048543152e-19
1240215503.6469727,nan,1.5906131293614585e-19
1240215503.6472168,nan,1.512210197298751e-19
1240215503.647461,nan,1.4833066999795949e-19
1240215503.647705,nan,1.508120435061885e-19
1240215503.6479492,nan,1.5647561475674854e-19
1240215503.6481934,nan,1.623528581259661e-19
1240215503.6484375,nan,1.6277831942674052e-19
1240215503.6486816,nan,1.5709622701614552e-19
1240215503.6489258,nan,1.479299576368221e-19
1240215503.64917,nan,1.396407368057081e-19
1240215503.649414,nan,1.3603618234850175e-19
1240215503.6496582,nan,1.3800707627752817e-19
1240215503.6499023,nan,1.4490754951168454e-19
1240215503.6501465,nan,1.4951284982838295e-19
1240215503.6503906,nan,1.4915178664939295e-19
1240215503.6506348,nan,1.4435381214118738e-19
1240215503.650879,nan,1.343838929572009e-19
1240215503.651123,nan,1.2600132870874089e-19
1240215503.6513672,nan,1.2279287786849419e-19
1240215503.6516113,nan,1.2455433440943731e-19
1240215503.6518555,nan,1.3048820806513162e-19
1240215503.6520996,nan,1.3540072984141736e-19
1240215503.6523438,nan,1.3562816666369874e-19
1240215503.652588,nan,1.2963873720758663e-19
1240215503.652832,nan,1.1985290269009083e-19
1240215503.6530762,nan,1.1151405723837363e-19
1240215503.6533203,nan,1.0765674084362156e-19
1240215503.6535645,nan,1.0947701461935712e-19
1240215503.6538086,nan,1.1514416510708474e-19
1240215503.6540527,nan,1.1942967399828032e-19
1240215503.6542969,nan,1.1931250369203342e-19
1240215503.654541,nan,1.1407015599426627e-19
1240215503.6547852,nan,1.0380050785572524e-19
1240215503.6550293,nan,9.432464774151468e-20
1240215503.6552734,nan,9.099426167155608e-20
1240215503.6555176,nan,9.279100563307978e-20
1240215503.6557617,nan,9.811536828361297e-20
1240215503.6560059,nan,1.0257236423471749e-19
1240215503.65625,nan,1.0265620448038323e-19
1240215503.6564941,nan,9.684765813416155e-20
1240215503.6567383,nan,8.652241110050478e-20
1240215503.6569824,nan,7.759761742432236e-20
1240215503.6572266,nan,7.347610296241118e-20
1240215503.6574707,nan,7.464939075839375e-20
1240215503.6577148,nan,7.967691900597532e-20
1240215503.657959,nan,8.506377612312642e-20
1240215503.6582031,nan,8.472962660860712e-20
1240215503.6584473,nan,7.851681318620184e-20
1240215503.6586914,nan,6.863526797276753e-20
1240215503.6589355,nan,5.878310963303431e-20
1240215503.6591797,nan,5.504459153099701e-20
1240215503.6594238,nan,5.619605003935156e-20
1240215503.659668,nan,6.121232447962157e-20
1240215503.659912,nan,6.559028366020095e-20
1240215503.6601562,nan,6.537114343880581e-20
1240215503.6604004,nan,6.033063403882579e-20
1240215503.6606445,nan,4.905554378760114e-20
1240215503.6608887,nan,3.995452375457611e-20
1240215503.6611328,nan,3.5885153131923784e-20
1240215503.661377,nan,3.658994314420425e-20
1240215503.661621,nan,4.2173853201171485e-20
1240215503.6618652,nan,4.5770227999221667e-20
1240215503.6621094,nan,4.627860421384511e-20
1240215503.6623535,nan,4.018217333955514e-20
1240215503.6625977,nan,2.9655902758836887e-20
1240215503.6628418,nan,2.0740179769405482e-20
1240215503.663086,nan,1.4832434272964213e-20
1240215503.66333,nan,1.7225497970382823e-20
1240215503.6635742,nan,2.2716632522739757e-20
1240215503.6638184,nan,2.5645540507353795e-20
1240215503.6640625,nan,2.6503468955765548e-20
1240215503.6643066,nan,1.997617410839223e-20
1240215503.6645508,nan,9.823999473432266e-21
1240215503.664795,nan,6.767185715214506e-22
1240215503.665039,nan,-4.745047469565704e-21
1240215503.6652832,nan,-2.426249304935885e-21
1240215503.6655273,nan,2.0940134536823746e-21
1240215503.6657715,nan,5.897748834396545e-21
1240215503.6660156,nan,5.85653679407943e-21
1240215503.6662598,nan,-1.3152247299025964e-21
1240215503.666504,nan,-1.054178207279429e-20
1240215503.666748,nan,-1.9642837677443e-20
1240215503.6669922,nan,-2.5229304380735585e-20
1240215503.6672363,nan,-2.378196930465343e-20
1240215503.6674805,nan,-1.9053543069091246e-20
1240215503.6677246,nan,-1.4663375127796763e-20
1240215503.6679688,nan,-1.46461054606065e-20
1240215503.668213,nan,-2.054590612219551e-20
1240215503.668457,nan,-3.102674466897358e-20
1240215503.6687012,nan,-4.095410484641468e-20
1240215503.6689453,nan,-4.4936859047710955e-20
1240215503.6691895,nan,-4.4052896836382774e-20
1240215503.6694336,nan,-3.9406757603435106e-20
1240215503.6696777,nan,-3.425953149833461e-20
1240215503.6699219,nan,-3.5340937711261834e-20
1240215503.670166,nan,-4.133056801552332e-20
1240215503.6704102,nan,-5.0380083004642063e-20
1240215503.6706543,nan,-6.093043452803898e-20
1240215503.6708984,nan,-6.546311709954454e-20
1240215503.6711426,nan,-6.407623498716817e-20
1240215503.6713867,nan,-5.963303377169681e-20
1240215503.6716309,nan,-5.458478472731104e-20
1240215503.671875,nan,-5.506469146268209e-20
1240215503.6721191,nan,-6.076439049197295e-20
1240215503.6723633,nan,-7.025172399475502e-20
1240215503.6726074,nan,-8.029175285817838e-20
1240215503.6728516,nan,-8.490598420266624e-20
1240215503.6730957,nan,-8.387317474155054e-20
1240215503.6733398,nan,-7.911315613064175e-20
1240215503.673584,nan,-7.446956914439072e-20
1240215503.6738281,nan,-7.37253226329072e-20
1240215503.6740723,nan,-7.941857933090382e-20
1240215503.6743164,nan,-8.992953396218198e-20
1240215503.6745605,nan,-9.907318002941409e-20
1240215503.6748047,nan,-1.0293714992501791e-19
1240215503.6750488,nan,-1.0245856874788613e-19
1240215503.675293,nan,-9.76145286589902e-20
1240215503.675537,nan,-9.18879574630145e-20
1240215503.6757812,nan,-9.211633075101493e-20
1240215503.6760254,nan,-9.821966633225439e-20
1240215503.6762695,nan,-1.0777235234643051e-19
1240215503.6765137,nan,-1.1725559643520655e-19
1240215503.6767578,nan,-1.2161043613161368e-19
1240215503.677002,nan,-1.1990219854692337e-19
1240215503.677246,nan,-1.1480943000827802e-19
1240215503.6774902,nan,-1.1041786033659783e-19
1240215503.6777344,nan,-1.0978117291791943e-19
1240215503.6779785,nan,-1.1485151680410252e-19
1240215503.6782227,nan,-1.2464055851001753e-19
1240215503.6784668,nan,-1.337357973065455e-19
1240215503.678711,nan,-1.3879521371178612e-19
1240215503.678955,nan,-1.3630639410191552e-19
1240215503.6791992,nan,-1.3084947329415917e-19
1240215503.6794434,nan,-1.2726471196437955e-19
1240215503.6796875,nan,-1.2544201544290212e-19
1240215503.6799316,nan,-1.3154209405913284e-19
1240215503.6801758,nan,-1.4084048292948317e-19
1240215503.68042,nan,-1.4888257946840652e-19
1240215503.680664,nan,-1.5429024470185954e-19
1240215503.6809082,nan,-1.5171636482837648e-19
1240215503.6811523,nan,-1.462295451712458e-19
1240215503.6813965,nan,-1.4138409773670745e-19
1240215503.6816406,nan,-1.4012806294044066e-19
1240215503.6818848,nan,-1.4561958999110428e-19
1240215503.682129,nan,-1.541106586599913e-19
1240215503.682373,nan,-1.633464600273842e-19
1240215503.6826172,nan,-1.6788592210944978e-19
1240215503.6828613,nan,-1.6541849486055442e-19
1240215503.6831055,nan,-1.604898778416625e-19
1240215503.6833496,nan,-1.5481564563077685e-19
1240215503.6835938,nan,-1.5325549533334942e-19
1240215503.683838,nan,-1.5877076550704018e-19
1240215503.684082,nan,-1.676667978526927e-19
1240215503.6843262,nan,-1.7553156038270915e-19
1240215503.6845703,nan,-1.7964954433076019e-19
1240215503.6848145,nan,-1.781931576754278e-19
1240215503.6850586,nan,-1.7212345569386727e-19
1240215503.6853027,nan,-1.6688423964327076e-19
1240215503.6855469,nan,-1.6515816498950015e-19
1240215503.685791,nan,-1.6951528150771605e-19
1240215503.6860352,nan,-1.7875699016151668e-19
1240215503.6862793,nan,-1.8685468970639473e-19
1240215503.6865234,nan,-1.9073150018231662e-19
1240215503.6867676,nan,-1.8815086096626033e-19
1240215503.6870117,nan,-1.8187971268379405e-19
1240215503.6872559,nan,-1.758855531867347e-19
1240215503.6875,nan,-1.7461650666394328e-19
1240215503.6877441,nan,-1.7952602797534003e-19
1240215503.6879883,nan,-1.8713521000074866e-19
1240215503.6882324,nan,-1.9536722206896037e-19
1240215503.6884766,nan,-1.9909233703374444e-19
1240215503.6887207,nan,-1.9660009221355143e-19
1240215503.6889648,nan,-1.9062558338443898e-19
1240215503.689209,nan,-1.8454163291926724e-19
1240215503.6894531,nan,-1.8281811481257577e-19
1240215503.6896973,nan,-1.866062495444814e-19
1240215503.6899414,nan,-1.944750971449924e-19
1240215503.6901855,nan,-2.0266120847483525e-19
1240215503.6904297,nan,-2.0545532175567434e-19
1240215503.6906738,nan,-2.0288723822243888e-19
1240215503.690918,nan,-1.9695050425516566e-19
1240215503.691162,nan,-1.9006758564723498e-19
1240215503.6914062,nan,-1.8814982529581929e-19
1240215503.6916504,nan,-1.921675302861284e-19
1240215503.6918945,nan,-1.9990130071709464e-19
1240215503.6921387,nan,-2.0688439132952183e-19
1240215503.6923828,nan,-2.0973354533060065e-19
1240215503.692627,nan,-2.0790205324632644e-19
1240215503.692871,nan,-2.008883351045273e-19
1240215503.6931152,nan,-1.9418129588382218e-19
1240215503.6933594,nan,-1.9167007659597446e-19
1240215503.6936035,nan,-1.9501461380026955e-19
1240215503.6938477,nan,-2.0257629115037826e-19
1240215503.6940918,nan,-2.0983108966891886e-19
1240215503.694336,nan,-2.1311558541617997e-19
1240215503.69458,nan,-2.0948750006178745e-19
1240215503.6948242,nan,-2.0288627433489723e-19
1240215503.6950684,nan,-1.9598990562711617e-19
1240215503.6953125,nan,-1.9288810444685484e-19
1240215503.6955566,nan,-1.9658442902266408e-19
1240215503.6958008,nan,-2.033236837844658e-19
1240215503.696045,nan,-2.1121084569669162e-19
1240215503.696289,nan,-2.1372230922132747e-19
1240215503.6965332,nan,-2.1002932654775384e-19
1240215503.6967773,nan,-2.0414903151468496e-19
1240215503.6970215,nan,-1.958827613755271e-19
1240215503.6972656,nan,-1.9265035811631586e-19
1240215503.6975098,nan,-1.9586988534765887e-19
1240215503.697754,nan,-2.0216599856345596e-19
1240215503.697998,nan,-2.0960728655075746e-19
1240215503.6982422,nan,-2.1224814471756946e-19
1240215503.6984863,nan,-2.0896552455176704e-19
1240215503.6987305,nan,-2.0113091132921603e-19
1240215503.6989746,nan,-1.937925618804178e-19
1240215503.6992188,nan,-1.9082299160734236e-19
1240215503.699463,nan,-1.9277443462011524e-19
1240215503.699707,nan,-1.9969518908317412e-19
1240215503.6999512,nan,-2.0604530987864163e-19
1240215503.7001953,nan,-2.08195560678985e-19
1240215503.7004395,nan,-2.05074006802601e-19
1240215503.7006836,nan,-1.9717600134421218e-19
1240215503.7009277,nan,-1.896263586165132e-19
1240215503.7011719,nan,-1.8598255729593233e-19
1240215503.701416,nan,-1.8770096470679435e-19
1240215503.7016602,nan,-1.942703756351201e-19
1240215503.7019043,nan,-2.0071019880063802e-19
1240215503.7021484,nan,-2.032340167524762e-19
1240215503.7023926,nan,-1.9887791983388406e-19
1240215503.7026367,nan,-1.9101118643002878e-19
1240215503.7028809,nan,-1.8344216902311088e-19
1240215503.703125,nan,-1.7805161158962816e-19
1240215503.7033691,nan,-1.81041511162575e-19
1240215503.7036133,nan,-1.876888247825558e-19
1240215503.7038574,nan,-1.9295387622719162e-19
1240215503.7041016,nan,-1.9558382055251826e-19
1240215503.7043457,nan,-1.9107964189234023e-19
1240215503.7045898,nan,-1.8294742068364281e-19
1240215503.704834,nan,-1.7470136544223164e-19
1240215503.7050781,nan,-1.7045447384418602e-19
1240215503.7053223,nan,-1.7231400295233576e-19
1240215503.7055664,nan,-1.7755608063329769e-19
1240215503.7058105,nan,-1.840526978642055e-19
1240215503.7060547,nan,-1.8555246522270793e-19
1240215503.7062988,nan,-1.8113450717462113e-19
1240215503.706543,nan,-1.7329053495962471e-19
1240215503.706787,nan,-1.6462011991605048e-19
1240215503.7070312,nan,-1.6020357120793048e-19
1240215503.7072754,nan,-1.6128157297083562e-19
1240215503.7075195,nan,-1.6646657365063512e-19
1240215503.7077637,nan,-1.7242564804679938e-19
1240215503.7080078,nan,-1.7440474159276647e-19
1240215503.708252,nan,-1.7018551599108222e-19
1240215503.708496,nan,-1.6120431900767103e-19
1240215503.7087402,nan,-1.5280507338385425e-19
1240215503.7089844,nan,-1.479409008070523e-19
1240215503.7092285,nan,-1.4853537944315747e-19
1240215503.7094727,nan,-1.538184522661307e-19
1240215503.7097168,nan,-1.5956270952421543e-19
1240215503.709961,nan,-1.6137298716052897e-19
1240215503.710205,nan,-1.5640089712853273e-19
1240215503.7104492,nan,-1.4785610847669293e-19
1240215503.7106934,nan,-1.394354907765672e-19
1240215503.7109375,nan,-1.3433927411828694e-19
1240215503.7111816,nan,-1.3496765637759474e-19
1240215503.7114258,nan,-1.3994108982980594e-19
1240215503.71167,nan,-1.4581892166842067e-19
1240215503.711914,nan,-1.468118162972833e-19
1240215503.7121582,nan,-1.4164242236015663e-19
1240215503.7124023,nan,-1.335217426592908e-19
1240215503.7126465,nan,-1.2435101855131792e-19
1240215503.7128906,nan,-1.189686716605116e-19
1240215503.7131348,nan,-1.1971119826528522e-19
1240215503.713379,nan,-1.2412319645169258e-19
1240215503.713623,nan,-1.2952660765709293e-19
1240215503.7138672,nan,-1.3105731201190867e-19
1240215503.7141113,nan,-1.259000585682903e-19
1240215503.7143555,nan,-1.1676273335690848e-19
1240215503.7145996,nan,-1.0749141820552663e-19
1240215503.7148438,nan,-1.026206280920771e-19
1240215503.715088,nan,-1.0285672184764849e-19
1240215503.715332,nan,-1.0734726583610283e-19
1240215503.7155762,nan,-1.1276801903698972e-19
1240215503.7158203,nan,-1.1360454889763725e-19
1240215503.7160645,nan,-1.0869883705568248e-19
1240215503.7163086,nan,-9.95099481463399e-20
1240215503.7165527,nan,-9.007517311618104e-20
1240215503.7167969,nan,-8.415553621891004e-20
1240215503.717041,nan,-8.465005369554215e-20
1240215503.7172852,nan,-8.97543548885785e-20
1240215503.7175293,nan,-9.390187053211693e-20
1240215503.7177734,nan,-9.515561458062227e-20
1240215503.7180176,nan,-9.071158602919058e-20
1240215503.7182617,nan,-8.093713129547356e-20
1240215503.7185059,nan,-7.161135099319505e-20
1240215503.71875,nan,-6.558838590918453e-20
1240215503.7189941,nan,-6.576870879318676e-20
1240215503.7192383,nan,-7.020854946163438e-20
1240215503.7194824,nan,-7.498219560294788e-20
1240215503.7197266,nan,-7.655536293338396e-20
1240215503.7199707,nan,-7.089912044144821e-20
1240215503.7202148,nan,-6.142481400267164e-20
1240215503.720459,nan,-5.228987825353762e-20
1240215503.7207031,nan,-4.633137965878536e-20
1240215503.7209473,nan,-4.580437450789779e-20
1240215503.7211914,nan,-5.0296935055773135e-20
1240215503.7214355,nan,-5.545471772837488e-20
1240215503.7216797,nan,-5.587870367343662e-20
1240215503.7219238,nan,-5.1180865881470935e-20
1240215503.722168,nan,-4.183210471914982e-20
1240215503.722412,nan,-3.20898562407709e-20
1240215503.7226562,nan,-2.6105202439841996e-20
1240215503.7229004,nan,-2.548576615035814e-20
1240215503.7231445,nan,-3.053739782201883e-20
1240215503.7233887,nan,-3.431678354391842e-20
1240215503.7236328,nan,-3.535585898829328e-20
1240215503.723877,nan,-3.1133145957969935e-20
1240215503.724121,nan,-2.129305195453159e-20
1240215503.7243652,nan,-1.1966711203269551e-20
1240215503.7246094,nan,-4.956814895427996e-21
1240215503.7248535,nan,-5.192089600964249e-21
1240215503.7250977,nan,-9.579337542003345e-21
1240215503.7253418,nan,-1.371198200928446e-20
1240215503.725586,nan,-1.5907692137209135e-20
1240215503.72583,nan,-9.85298592812414e-21
1240215503.7260742,nan,-3.2559044533152956e-22
1240215503.7263184,nan,8.793288809733536e-21
1240215503.7265625,nan,1.5736218373990912e-20
1240215503.7268066,nan,1.58927746347869e-20
1240215503.7270508,nan,1.1435275644646499e-20
1240215503.727295,nan,6.512972825745564e-21
1240215503.727539,nan,6.001872835307226e-21
1240215503.7277832,nan,1.1066589052633494e-20
1240215503.7280273,nan,1.9630586495235202e-20
1240215503.7282715,nan,3.003475095056948e-20
1240215503.7285156,nan,3.6213832501062384e-20
1240215503.7287598,nan,3.592217269997318e-20
1240215503.729004,nan,3.326214783632259e-20
1240215503.729248,nan,2.7817030136659873e-20
1240215503.7294922,nan,2.5984714388086177e-20
1240215503.7297363,nan,3.197087581700492e-20
1240215503.7299805,nan,4.072904151353097e-20
1240215503.7302246,nan,5.0767065135800494e-20
1240215503.7304688,nan,5.719742520911146e-20
1240215503.730713,nan,5.717472780630215e-20
1240215503.730957,nan,5.290419808927285e-20
1240215503.7312012,nan,4.8272836594679e-20
1240215503.7314453,nan,4.774112580461367e-20
1240215503.7316895,nan,5.2195525376299634e-20
1240215503.7319336,nan,6.132845650935549e-20
1240215503.7321777,nan,7.143514814487931e-20
1240215503.7324219,nan,7.746684840541835e-20
1240215503.732666,nan,7.771565787700103e-20
1240215503.7329102,nan,7.310022585867123e-20
1240215503.7331543,nan,6.821733404566515e-20
1240215503.7333984,nan,6.735169203492295e-20
1240215503.7336426,nan,7.21872385497601e-20
1240215503.7338867,nan,8.120261182908579e-20
1240215503.7341309,nan,9.051733814220295e-20
1240215503.734375,nan,9.676009144581542e-20
1240215503.7346191,nan,9.703925350219657e-20
1240215503.7348633,nan,9.250293834178155e-20
1240215503.7351074,nan,8.785012762721589e-20
1240215503.7353516,nan,8.627590899953702e-20
1240215503.7355957,nan,9.074836682370515e-20
1240215503.7358398,nan,1.0003107119013445e-19
1240215503.736084,nan,1.0906345942150932e-19
1240215503.7363281,nan,1.1525628661041242e-19
1240215503.7365723,nan,1.1546051529671585e-19
1240215503.7368164,nan,1.1099389209096903e-19
1240215503.7370605,nan,1.0669956577522759e-19
1240215503.7373047,nan,1.0491460037376327e-19
1240215503.7375488,nan,1.0897817516408944e-19
1240215503.737793,nan,1.180777413288838e-19
1240215503.738037,nan,1.2745393575367308e-19
1240215503.7382812,nan,1.3330525415640913e-19
1240215503.7385254,nan,1.339668901501264e-19
1240215503.7387695,nan,1.2889082387399086e-19
1240215503.7390137,nan,1.2328321785533573e-19
1240215503.7392578,nan,1.223487070673324e-19
1240215503.739502,nan,1.2597609935890844e-19
1240215503.739746,nan,1.3521373216364245e-19
1240215503.7399902,nan,1.4455908088770741e-19
1240215503.7402344,nan,1.495340107171293e-19
1240215503.7404785,nan,1.503365672443001e-19
1240215503.7407227,nan,1.456240265310156e-19
1240215503.7409668,nan,1.4009716369390207e-19
1240215503.741211,nan,1.385145252556648e-19
1240215503.741455,nan,1.4178795390598211e-19
1240215503.7416992,nan,1.5077785431134443e-19
1240215503.7419434,nan,1.601231824826727e-19
1240215503.7421875,nan,1.6510778880577927e-19
1240215503.7424316,nan,1.6510558313361426e-19
1240215503.7426758,nan,1.6032902426673047e-19
1240215503.74292,nan,1.5411565899989875e-19
1240215503.743164,nan,1.5277304827545598e-19
1240215503.7434082,nan,1.5710050917978175e-19
1240215503.7436523,nan,1.6453032042868152e-19
1240215503.7438965,nan,1.736606743628772e-19
1240215503.7441406,nan,1.793991196305793e-19
1240215503.7443848,nan,1.791809415738651e-19
1240215503.744629,nan,1.7388417228621644e-19
1240215503.744873,nan,1.6789201012217105e-19
1240215503.7451172,nan,1.666343560765858e-19
1240215503.7453613,nan,1.69465200821162e-19
1240215503.7456055,nan,1.769640992564565e-19
1240215503.7458496,nan,1.8627695711636458e-19
1240215503.7460938,nan,1.910819280704725e-19
1240215503.746338,nan,1.9085294108554838e-19
1240215503.746582,nan,1.855583259041952e-19
1240215503.7468262,nan,1.8011240310945652e-19
1240215503.7470703,nan,1.7810326496035576e-19
1240215503.7473145,nan,1.801913206461389e-19
1240215503.7475586,nan,1.8818586607910319e-19
1240215503.7478027,nan,1.9665610215619162e-19
1240215503.7480469,nan,2.0136696004019297e-19
1240215503.748291,nan,2.015960247060841e-19
1240215503.7485352,nan,1.958189209696583e-19
1240215503.7487793,nan,1.8926849338110227e-19
1240215503.7490234,nan,1.8632852128705111e-19
1240215503.7492676,nan,1.8957349079498362e-19
1240215503.7495117,nan,1.9785053066933335e-19
1240215503.7497559,nan,2.0511287797315844e-19
1240215503.75,nan,2.1021784277616977e-19
1240215503.7502441,nan,2.10033110584345e-19
1240215503.7504883,nan,2.0353889322485968e-19
1240215503.7507324,nan,1.97480505573388e-19
1240215503.7509766,nan,1.9490438783498088e-19
1240215503.7512207,nan,1.9711719409279115e-19
1240215503.7514648,nan,2.0452538224572106e-19
1240215503.751709,nan,2.1208280941244986e-19
1240215503.7519531,nan,2.1650447592574662e-19
1240215503.7521973,nan,2.1604800904050605e-19
1240215503.7524414,nan,2.1042407258625064e-19
1240215503.7526855,nan,2.0350633129658066e-19
1240215503.7529297,nan,2.0001930856677653e-19
1240215503.7531738,nan,2.0260443931397979e-19
1240215503.753418,nan,2.0951614883410593e-19
1240215503.753662,nan,2.1674105997358292e-19
1240215503.7539062,nan,2.213865451782616e-19
1240215503.7541504,nan,2.2037136323095075e-19
1240215503.7543945,nan,2.145155088918502e-19
1240215503.7546387,nan,2.0739947954351667e-19
1240215503.7548828,nan,2.0381352917304339e-19
1240215503.755127,nan,2.0587309852995242e-19
1240215503.755371,nan,2.1226704401594164e-19
1240215503.7556152,nan,2.202251343380719e-19
1240215503.7558594,nan,2.2380569009839177e-19
1240215503.7561035,nan,2.220190452437863e-19
1240215503.7563477,nan,2.170547312499036e-19
1240215503.7565918,nan,2.0989659238505838e-19
1240215503.756836,nan,2.051424525802747e-19
1240215503.75708,nan,2.0706203809533436e-19
1240215503.7573242,nan,2.133553886273748e-19
1240215503.7575684,nan,2.2087958539702806e-19
1240215503.7578125,nan,2.2468831294224014e-19
1240215503.7580566,nan,2.2216113461066123e-19
1240215503.7583008,nan,2.1652408938903014e-19
1240215503.758545,nan,2.08961881360753e-19
1240215503.758789,nan,2.0416165548690238e-19
1240215503.7590332,nan,2.0639286974021089e-19
1240215503.7592773,nan,2.1239714357849316e-19
1240215503.7595215,nan,2.1916866140141776e-19
1240215503.7597656,nan,2.2296768608093603e-19
1240215503.7600098,nan,2.208981916096315e-19
1240215503.760254,nan,2.140280133587866e-19
1240215503.760498,nan,2.0639387717478378e-19
1240215503.7607422,nan,2.0236740718603142e-19
1240215503.7609863,nan,2.033396737622787e-19
1240215503.7612305,nan,2.0843077595500877e-19
1240215503.7614746,nan,2.1515201084778559e-19
1240215503.7617188,nan,2.1910054278902094e-19
1240215503.761963,nan,2.1672901293467456e-19
1240215503.762207,nan,2.0999022447603535e-19
1240215503.7624512,nan,2.019705574897712e-19
1240215503.7626953,nan,1.9697919507660387e-19
1240215503.7629395,nan,1.9830965042938833e-19
1240215503.7631836,nan,2.0353285698117882e-19
1240215503.7634277,nan,2.0907517036695636e-19
1240215503.7636719,nan,2.1307109469704983e-19
1240215503.763916,nan,2.1109711897585846e-19
1240215503.7641602,nan,2.0298911491510626e-19
1240215503.7644043,nan,1.9584418436678763e-19
1240215503.7646484,nan,1.904070540416383e-19
1240215503.7648926,nan,1.9058319274737608e-19
1240215503.7651367,nan,1.9688026937237096e-19
1240215503.7653809,nan,2.0176978382939836e-19
1240215503.765625,nan,2.0509053725012337e-19
1240215503.7658691,nan,2.0294502373379747e-19
1240215503.7661133,nan,1.949651881486471e-19
1240215503.7663574,nan,1.8681777561068776e-19
1240215503.7666016,nan,1.8125334272049613e-19
1240215503.7668457,nan,1.8158270477809287e-19
1240215503.7670898,nan,1.8652414507023206e-19
1240215503.767334,nan,1.92281658209354e-19
1240215503.7675781,nan,1.9508715088684128e-19
1240215503.7678223,nan,1.922997482024795e-19
1240215503.7680664,nan,1.8496640088291274e-19
1240215503.7683105,nan,1.7617660722670108e-19
1240215503.7685547,nan,1.7060604746471981e-19
1240215503.7687988,nan,1.7017792659926916e-19
1240215503.769043,nan,1.744515341400515e-19
1240215503.769287,nan,1.8103162660763238e-19
1240215503.7695312,nan,1.8310467512966399e-19
1240215503.7697754,nan,1.7993552002273102e-19
1240215503.7700195,nan,1.7301357515233027e-19
1240215503.7702637,nan,1.631298925057452e-19
1240215503.7705078,nan,1.5712333135232883e-19
1240215503.770752,nan,1.5749106116855526e-19
1240215503.770996,nan,1.6150207392022463e-19
1240215503.7712402,nan,1.6694230497902356e-19
1240215503.7714844,nan,1.6974786400043988e-19
1240215503.7717285,nan,1.6626220148584672e-19
1240215503.7719727,nan,1.584194789898418e-19
1240215503.7722168,nan,1.4916333177730457e-19
1240215503.772461,nan,1.425624201248476e-19
1240215503.772705,nan,1.4291073738254064e-19
1240215503.7729492,nan,1.4700114163277512e-19
1240215503.7731934,nan,1.5188053020409975e-19
1240215503.7734375,nan,1.5404314007654033e-19
1240215503.7736816,nan,1.5096162582907855e-19
1240215503.7739258,nan,1.42685580372305e-19
1240215503.77417,nan,1.32832053616451e-19
1240215503.774414,nan,1.2772870109780945e-19
1240215503.7746582,nan,1.2606956357149255e-19
1240215503.7749023,nan,1.29380692738217e-19
1240215503.7751465,nan,1.3541894320866028e-19
1240215503.7753906,nan,1.3713904515416574e-19
1240215503.7756348,nan,1.342036635721318e-19
1240215503.775879,nan,1.2497400194970378e-19
1240215503.776123,nan,1.1523648991758704e-19
1240215503.7763672,nan,1.0942550591551705e-19
1240215503.7766113,nan,1.0760404983638885e-19
1240215503.7768555,nan,1.1246375247260695e-19
1240215503.7770996,nan,1.1738257683431367e-19
1240215503.7773438,nan,1.1824556449034306e-19
1240215503.777588,nan,1.1478531805423186e-19
1240215503.777832,nan,1.0646911497690323e-19
1240215503.7780762,nan,9.710224020911336e-20
1240215503.7783203,nan,9.015064217188898e-20
1240215503.7785645,nan,8.878766444159224e-20
1240215503.7788086,nan,9.253592986488329e-20
1240215503.7790527,nan,9.722322481050497e-20
1240215503.7792969,nan,9.947135705077136e-20
1240215503.779541,nan,9.523386034277724e-20
1240215503.7797852,nan,8.64049064561127e-20
1240215503.7800293,nan,7.682164220632506e-20
1240215503.7802734,nan,7.036850085714223e-20
1240215503.7805176,nan,6.92306972773973e-20
1240215503.7807617,nan,7.216920598899437e-20
1240215503.7810059,nan,7.705964842234168e-20
1240215503.78125,nan,7.799769292476884e-20
1240215503.7814941,nan,7.393600190956022e-20
1240215503.7817383,nan,6.573143520241961e-20
1240215503.7819824,nan,5.551050676355523e-20
1240215503.7822266,nan,4.89328093412988e-20
1240215503.7824707,nan,4.739537470466976e-20
1240215503.7827148,nan,5.0382378418057016e-20
1240215503.782959,nan,5.535159851868042e-20
1240215503.7832031,nan,5.685194604426305e-20
1240215503.7834473,nan,5.270750228949215e-20
1240215503.7836914,nan,4.3591481550150874e-20
1240215503.7839355,nan,3.389920391252676e-20
1240215503.7841797,nan,2.728292800529894e-20
1240215503.7844238,nan,2.5191481689242058e-20
1240215503.784668,nan,2.844870470543841e-20
1240215503.784912,nan,3.330436939602368e-20
1240215503.7851562,nan,3.464835437541764e-20
1240215503.7854004,nan,3.055419142112811e-20
1240215503.7856445,nan,2.155593865392125e-20
1240215503.7858887,nan,1.1603668656591788e-20
1240215503.7861328,nan,4.356025371302749e-21
1240215503.786377,nan,2.7422983644619594e-21
1240215503.786621,nan,6.283856846667761e-21
1240215503.7868652,nan,1.0011435925669449e-20
1240215503.7871094,nan,1.1709870861101684e-20
1240215503.7873535,nan,7.703610625216796e-21
1240215503.7875977,nan,-1.4058752102784175e-21
1240215503.7878418,nan,-1.1122690089463292e-20
1240215503.788086,nan,-1.8197353166489522e-20
1240215503.78833,nan,-1.975882326351903e-20
1240215503.7885742,nan,-1.684348959883785e-20
1240215503.7888184,nan,-1.2996810004245553e-20
1240215503.7890625,nan,-1.1385638327192413e-20
1240215503.7893066,nan,-1.48953191984804e-20
1240215503.7895508,nan,-2.4219608038947372e-20
1240215503.789795,nan,-3.4484474033453426e-20
1240215503.790039,nan,-4.0814064963212455e-20
1240215503.7902832,nan,-4.3084221467864765e-20
1240215503.7905273,nan,-4.010142636525296e-20
1240215503.7907715,nan,-3.532407006503288e-20
1240215503.7910156,nan,-3.414874993819912e-20
1240215503.7912598,nan,-3.793246078399622e-20
1240215503.791504,nan,-4.7075476429085994e-20
1240215503.791748,nan,-5.691193237649957e-20
1240215503.7919922,nan,-6.348902511000317e-20
1240215503.7922363,nan,-6.597782264441867e-20
1240215503.7924805,nan,-6.264138127250055e-20
1240215503.7927246,nan,-5.763382844369405e-20
1240215503.7929688,nan,-5.635408446907033e-20
1240215503.793213,nan,-6.027990801128085e-20
1240215503.793457,nan,-6.972967673458569e-20
1240215503.7937012,nan,-7.969399359021091e-20
1240215503.7939453,nan,-8.599416123907752e-20
1240215503.7941895,nan,-8.763477883943871e-20
1240215503.7944336,nan,-8.488171517918783e-20
1240215503.7946777,nan,-8.049894829892067e-20
1240215503.7949219,nan,-7.871313349499477e-20
1240215503.795166,nan,-8.283782071364459e-20
1240215503.7954102,nan,-9.127004317106639e-20
1240215503.7956543,nan,-1.0036162612208271e-19
1240215503.7958984,nan,-1.0800476157311331e-19
1240215503.7961426,nan,-1.1018134957775927e-19
1240215503.7963867,nan,-1.0659223592066406e-19
1240215503.7966309,nan,-1.0176114086322716e-19
1240215503.796875,nan,-9.999190476905488e-20
1240215503.7971191,nan,-1.0406965147697258e-19
1240215503.7973633,nan,-1.125701930145388e-19
1240215503.7976074,nan,-1.2214256992485774e-19
1240215503.7978516,nan,-1.2910271721796149e-19
1240215503.7980957,nan,-1.3055913228061326e-19
1240215503.7983398,nan,-1.2727351127424649e-19
1240215503.798584,nan,-1.2323218482776424e-19
1240215503.7988281,nan,-1.213386724103573e-19
1240215503.7990723,nan,-1.242437687489383e-19
1240215503.7993164,nan,-1.327008275039498e-19
1240215503.7995605,nan,-1.428004404221976e-19
1240215503.7998047,nan,-1.4925707194571558e-19
1240215503.8000488,nan,-1.4998377312645765e-19
1240215503.800293,nan,-1.4731574935003249e-19
1240215503.800537,nan,-1.4298033785441333e-19
1240215503.8007812,nan,-1.3988337345930773e-19
1240215503.8010254,nan,-1.4387548603539855e-19
1240215503.8012695,nan,-1.5226113122865206e-19
1240215503.8015137,nan,-1.6079252415141702e-19
1240215503.8017578,nan,-1.6790866885854125e-19
1240215503.802002,nan,-1.6904970439162543e-19
1240215503.802246,nan,-1.6546699204535397e-19
1240215503.8024902,nan,-1.6088869527296e-19
1240215503.8027344,nan,-1.5822813267946192e-19
1240215503.8029785,nan,-1.6135551183922572e-19
1240215503.8032227,nan,-1.6987080087919186e-19
1240215503.8034668,nan,-1.7852531121176067e-19
1240215503.803711,nan,-1.8492883037435999e-19
1240215503.803955,nan,-1.868705138829757e-19
1240215503.8041992,nan,-1.8269043449061392e-19
1240215503.8044434,nan,-1.7741395503722512e-19
1240215503.8046875,nan,-1.7515158974267693e-19
1240215503.8049316,nan,-1.7794575419802706e-19
1240215503.8051758,nan,-1.861576367735596e-19
1240215503.80542,nan,-1.9516688417292249e-19
1240215503.805664,nan,-2.004876207409231e-19
1240215503.8059082,nan,-2.0166009918945667e-19
1240215503.8061523,nan,-1.9832566454009217e-19
1240215503.8063965,nan,-1.9217130706154087e-19
1240215503.8066406,nan,-1.9015172215542065e-19
1240215503.8068848,nan,-1.9315723491771205e-19
1240215503.807129,nan,-1.9996625233290995e-19
1240215503.807373,nan,-2.0927105245659667e-19
1240215503.8076172,nan,-2.1491355175056815e-19
1240215503.8078613,nan,-2.1591157117804572e-19
1240215503.8081055,nan,-2.1183566702595952e-19
1240215503.8083496,nan,-2.0537899226508914e-19
1240215503.8085938,nan,-2.0335188979407036e-19
1240215503.808838,nan,-2.054506297946651e-19
1240215503.809082,nan,-2.1215181272046168e-19
1240215503.8093262,nan,-2.2168386158240427e-19
1240215503.8095703,nan,-2.270529150835303e-19
1240215503.8098145,nan,-2.2750423898442604e-19
1240215503.8100586,nan,-2.233819001993624e-19
1240215503.8103027,nan,-2.1721265592996998e-19
1240215503.8105469,nan,-2.141814111116643e-19
1240215503.810791,nan,-2.1621552882488033e-19
1240215503.8110352,nan,-2.2315004135686813e-19
1240215503.8112793,nan,-2.3144273034708145e-19
1240215503.8115234,nan,-2.371509349357197e-19
1240215503.8117676,nan,-2.3681249740557137e-19
1240215503.8120117,nan,-2.321784329440767e-19
1240215503.8122559,nan,-2.2704013210297825e-19
1240215503.8125,nan,-2.2294600013486533e-19
1240215503.8127441,nan,-2.2453110875569767e-19
1240215503.8129883,nan,-2.313714510059761e-19
1240215503.8132324,nan,-2.3942617244787803e-19
1240215503.8134766,nan,-2.4528520905402573e-19
1240215503.8137207,nan,-2.445831454194444e-19
1240215503.8139648,nan,-2.394448599221876e-19
1240215503.814209,nan,-2.338730162744025e-19
1240215503.8144531,nan,-2.2995736030248267e-19
1240215503.8146973,nan,-2.3117546578254564e-19
1240215503.8149414,nan,-2.373384179324379e-19
1240215503.8151855,nan,-2.4508360965950534e-19
1240215503.8154297,nan,-2.504291254551595e-19
1240215503.8156738,nan,-2.502882460484258e-19
1240215503.815918,nan,-2.451076911412802e-19
1240215503.816162,nan,-2.383273748046873e-19
1240215503.8164062,nan,-2.3423291200278784e-19
1240215503.8166504,nan,-2.3521124009953974e-19
1240215503.8168945,nan,-2.407630311995837e-19
1240215503.8171387,nan,-2.488687139848919e-19
1240215503.8173828,nan,-2.537485698992266e-19
1240215503.817627,nan,-2.5255731338849745e-19
1240215503.817871,nan,-2.4775001287581075e-19
1240215503.8181152,nan,-2.404633255792008e-19
1240215503.8183594,nan,-2.3566731110468937e-19
1240215503.8186035,nan,-2.369206868966508e-19
1240215503.8188477,nan,-2.4237683013627693e-19
1240215503.8190918,nan,-2.4952511802045917e-19
1240215503.819336,nan,-2.5413686545799624e-19
1240215503.81958,nan,-2.534859315280758e-19
1240215503.8198242,nan,-2.4740125821604627e-19
1240215503.8200684,nan,-2.402325859965149e-19
1240215503.8203125,nan,-2.3543513677682897e-19
1240215503.8205566,nan,-2.3548617780340936e-19
1240215503.8208008,nan,-2.416130928564957e-19
1240215503.821045,nan,-2.4850989979011853e-19
1240215503.821289,nan,-2.5228939626612666e-19
1240215503.8215332,nan,-2.5134842806184025e-19
1240215503.8217773,nan,-2.452901280589549e-19
1240215503.8220215,nan,-2.369967428424556e-19
1240215503.8222656,nan,-2.321819414111255e-19
1240215503.8225098,nan,-2.3260432248965666e-19
1240215503.822754,nan,-2.377574933057203e-19
1240215503.822998,nan,-2.444788012045286e-19
1240215503.8232422,nan,-2.476683526530759e-19
1240215503.8234863,nan,-2.46483799760089e-19
1240215503.8237305,nan,-2.4026749389303375e-19
1240215503.8239746,nan,-2.3186458918507523e-19
1240215503.8242188,nan,-2.2646232133056407e-19
1240215503.824463,nan,-2.2665698127696936e-19
1240215503.824707,nan,-2.315068898941001e-19
1240215503.8249512,nan,-2.375300844585616e-19
1240215503.8251953,nan,-2.4122280665344233e-19
1240215503.8254395,nan,-2.3892533893717564e-19
1240215503.8256836,nan,-2.322837663681919e-19
1240215503.8259277,nan,-2.2469612555868903e-19
1240215503.8261719,nan,-2.1873631645309127e-19
1240215503.826416,nan,-2.185944598893239e-19
1240215503.8266602,nan,-2.225259278305523e-19
1240215503.8269043,nan,-2.2849536824247167e-19
1240215503.8271484,nan,-2.322215529114747e-19
1240215503.8273926,nan,-2.290951691940632e-19
1240215503.8276367,nan,-2.228404292144797e-19
1240215503.8278809,nan,-2.144624878614607e-19
1240215503.828125,nan,-2.0776569348043648e-19
1240215503.8283691,nan,-2.078303653125906e-19
1240215503.8286133,nan,-2.1133625723471923e-19
1240215503.8288574,nan,-2.170189132353599e-19
1240215503.8291016,nan,-2.202740325800789e-19
1240215503.8293457,nan,-2.1737732602262104e-19
1240215503.8295898,nan,-2.1068471540033873e-19
1240215503.829834,nan,-2.0179192134986598e-19
1240215503.8300781,nan,-1.9552893290018554e-19
1240215503.8303223,nan,-1.9454764399836363e-19
1240215503.8305664,nan,-1.9836105093046324e-19
1240215503.8308105,nan,-2.0358735735920824e-19
1240215503.8310547,nan,-2.0601793491610715e-19
1240215503.8312988,nan,-2.0384951732682175e-19
1240215503.831543,nan,-1.9625558853484588e-19
1240215503.831787,nan,-1.871943403664839e-19
1240215503.8320312,nan,-1.8051077609733557e-19
1240215503.8322754,nan,-1.7896846533467373e-19
1240215503.8325195,nan,-1.830993696486957e-19
1240215503.8327637,nan,-1.8794498398051682e-19
1240215503.8330078,nan,-1.8987483826751211e-19
1240215503.833252,nan,-1.8752860594461636e-19
1240215503.833496,nan,-1.8017013500758238e-19
1240215503.8337402,nan,-1.703210756334997e-19
1240215503.8339844,nan,-1.6342016988245826e-19
1240215503.8342285,nan,-1.6195914233002267e-19
1240215503.8344727,nan,-1.6528511450325941e-19
1240215503.8347168,nan,-1.7014562123124494e-19
1240215503.834961,nan,-1.7209124175939573e-19
1240215503.835205,nan,-1.6892782095479998e-19
1240215503.8354492,nan,-1.6145831558064378e-19
1240215503.8356934,nan,-1.522988403262131e-19
1240215503.8359375,nan,-1.4455037556370842e-19
1240215503.8361816,nan,-1.4240787204278724e-19
1240215503.8364258,nan,-1.4622582911954976e-19
1240215503.83667,nan,-1.5009011365962828e-19
1240215503.836914,nan,-1.5187325632779093e-19
1240215503.8371582,nan,-1.493083817002546e-19
1240215503.8374023,nan,-1.4045465082478037e-19
1240215503.8376465,nan,-1.314620801688451e-19
1240215503.8378906,nan,-1.2399372836117592e-19
1240215503.8381348,nan,-1.2082100124201645e-19
1240215503.838379,nan,-1.2473993331709599e-19
1240215503.838623,nan,-1.2875911416000214e-19
1240215503.8388672,nan,-1.301505246927477e-19
1240215503.8391113,nan,-1.271250248712436e-19
1240215503.8393555,nan,-1.18878639766705e-19
1240215503.8395996,nan,-1.0906295260258488e-19
1240215503.8398438,nan,-1.0111688813516571e-19
1240215503.840088,nan,-9.901568541325144e-20
1240215503.840332,nan,-1.0131887715636032e-19
1240215503.8405762,nan,-1.0547625487351598e-19
1240215503.8408203,nan,-1.0785179136273314e-19
1240215503.8410645,nan,-1.0383314368968624e-19
1240215503.8413086,nan,-9.541655630166128e-20
1240215503.8415527,nan,-8.500944819565736e-20
1240215503.8417969,nan,-7.667034088050438e-20
1240215503.842041,nan,-7.448878867950322e-20
1240215503.8422852,nan,-7.716326354020811e-20
1240215503.8425293,nan,-8.127793117063403e-20
1240215503.8427734,nan,-8.230970897227597e-20
1240215503.8430176,nan,-7.95126296378039e-20
1240215503.8432617,nan,-7.047173448626319e-20
1240215503.8435059,nan,-5.923511794572612e-20
1240215503.84375,nan,-5.235106778976289e-20
1240215503.8439941,nan,-4.915388633858637e-20
1240215503.8442383,nan,-5.2077854251878444e-20
1240215503.8444824,nan,-5.606004737561553e-20
1240215503.8447266,nan,-5.655817220840034e-20
1240215503.8449707,nan,-5.35221971506699e-20
1240215503.8452148,nan,-4.4539767043975656e-20
1240215503.845459,nan,-3.3985103945393735e-20
1240215503.8457031,nan,-2.6085731471099703e-20
1240215503.8459473,nan,-2.3263886277430414e-20
1240215503.8461914,nan,-2.5412387043615206e-20
1240215503.8464355,nan,-2.9223112107948677e-20
1240215503.8466797,nan,-3.1374463900224495e-20
1240215503.8469238,nan,-2.704943507037526e-20
1240215503.847168,nan,-1.765222649482126e-20
1240215503.847412,nan,-7.295647110809863e-21
1240215503.8476562,nan,3.5766859878566444e-22
1240215503.8479004,nan,3.604571635935053e-21
1240215503.8481445,nan,1.7852008360733228e-21
1240215503.8483887,nan,-2.5360368222631426e-21
1240215503.8486328,nan,-3.689497093126113e-21
1240215503.848877,nan,1.0907230648613087e-22
1240215503.849121,nan,9.05889437164684e-21
1240215503.8493652,nan,1.9288276692418054e-20
1240215503.8496094,nan,2.7447970243527533e-20
1240215503.8498535,nan,3.090272202779607e-20
1240215503.8500977,nan,2.790844827028512e-20
1240215503.8503418,nan,2.4228469590107925e-20
1240215503.850586,nan,2.3591657201737023e-20
1240215503.85083,nan,2.685270581515195e-20
1240215503.8510742,nan,3.6051610037990943e-20
1240215503.8513184,nan,4.665375827611055e-20
1240215503.8515625,nan,5.442348088468759e-20
1240215503.8518066,nan,5.822656810016311e-20
1240215503.8520508,nan,5.586347072896331e-20
1240215503.852295,nan,5.134257106794518e-20
1240215503.852539,nan,5.0431940693030957e-20
1240215503.8527832,nan,5.460986269743182e-20
1240215503.8530273,nan,6.350100422230095e-20
1240215503.8532715,nan,7.406773912659258e-20
1240215503.8535156,nan,8.250131214287765e-20
1240215503.8537598,nan,8.466443802392128e-20
1240215503.854004,nan,8.28720314749068e-20
1240215503.854248,nan,7.942866845501109e-20
1240215503.8544922,nan,7.713066438452937e-20
1240215503.8547363,nan,8.18779719624595e-20
1240215503.8549805,nan,9.037022187894096e-20
1240215503.8552246,nan,1.0056439080899114e-19
1240215503.8554688,nan,1.0858226371058773e-19
1240215503.855713,nan,1.1123952033240472e-19
1240215503.855957,nan,1.0996688475613756e-19
1240215503.8562012,nan,1.0522865536937662e-19
1240215503.8564453,nan,1.0351454343021988e-19
1240215503.8566895,nan,1.0773369102013322e-19
1240215503.8569336,nan,1.158152050287559e-19
1240215503.8571777,nan,1.2640777846372057e-19
1240215503.8574219,nan,1.3548613482338506e-19
1240215503.857666,nan,1.383040855885633e-19
1240215503.8579102,nan,1.3494646407513826e-19
1240215503.8581543,nan,1.307682513264939e-19
1240215503.8583984,nan,1.2948439144269636e-19
1240215503.8586426,nan,1.328762241120383e-19
1240215503.8588867,nan,1.412484621303846e-19
1240215503.8591309,nan,1.5212679708094957e-19
1240215503.859375,nan,1.5993570406891681e-19
1240215503.8596191,nan,1.6200023758281776e-19
1240215503.8598633,nan,1.5984042958273834e-19
1240215503.8601074,nan,1.554830350303998e-19
1240215503.8603516,nan,1.5341882568943352e-19
1240215503.8605957,nan,1.5752992393815364e-19
1240215503.8608398,nan,1.6598269384863407e-19
1240215503.861084,nan,1.753426100445298e-19
1240215503.8613281,nan,1.8366971520554914e-19
1240215503.8615723,nan,1.8626446515050043e-19
1240215503.8618164,nan,1.8280318556329665e-19
1240215503.8620605,nan,1.787997367000799e-19
1240215503.8623047,nan,1.7707877614361295e-19
1240215503.8625488,nan,1.798986678366963e-19
1240215503.862793,nan,1.8794121269083826e-19
1240215503.863037,nan,1.9814067906633385e-19
1240215503.8632812,nan,2.0624174749586505e-19
1240215503.8635254,nan,2.0811695984653263e-19
1240215503.8637695,nan,2.0464525047300569e-19
1240215503.8640137,nan,1.995884017903137e-19
1240215503.8642578,nan,1.9811795356829513e-19
1240215503.864502,nan,2.0192761111204274e-19
1240215503.864746,nan,2.0858235335547513e-19
1240215503.8649902,nan,2.1808739750222845e-19
1240215503.8652344,nan,2.2618854521218837e-19
1240215503.8654785,nan,2.279030646905971e-19
1240215503.8657227,nan,2.247436244153329e-19
1240215503.8659668,nan,2.200355896051397e-19
1240215503.866211,nan,2.1728128404055465e-19
1240215503.866455,nan,2.193247735624575e-19
1240215503.8666992,nan,2.2748123730186157e-19
1240215503.8669434,nan,2.3764710378839996e-19
1240215503.8671875,nan,2.440508797744245e-19
1240215503.8674316,nan,2.456731380063219e-19
1240215503.8676758,nan,2.4271837147693974e-19
1240215503.86792,nan,2.3743150677481253e-19
1240215503.868164,nan,2.336495207854381e-19
1240215503.8684082,nan,2.3641503435330314e-19
1240215503.8686523,nan,2.4416529906631094e-19
1240215503.8688965,nan,2.524185979480019e-19
1240215503.8691406,nan,2.5984362166515315e-19
1240215503.8693848,nan,2.615874450745158e-19
1240215503.869629,nan,2.576210645763314e-19
1240215503.869873,nan,2.5204045451203925e-19
1240215503.8701172,nan,2.4879081047935724e-19
1240215503.8703613,nan,2.510192051288978e-19
1240215503.8706055,nan,2.5745392719152375e-19
1240215503.8708496,nan,2.6702857696898096e-19
1240215503.8710938,nan,2.736043592494322e-19
1240215503.871338,nan,2.7396841649289544e-19
1240215503.871582,nan,2.7081229317492056e-19
1240215503.8718262,nan,2.645893423556762e-19
1240215503.8720703,nan,2.607901999849098e-19
1240215503.8723145,nan,2.6273466601744335e-19
1240215503.8725586,nan,2.6919491958716734e-19
1240215503.8728027,nan,2.7809807558169375e-19
1240215503.8730469,nan,2.837350385092761e-19
1240215503.873291,nan,2.843694496014058e-19
1240215503.8735352,nan,2.8032552068829886e-19
1240215503.8737793,nan,2.7359091565569266e-19
1240215503.8740234,nan,2.7008038804140805e-19
1240215503.8742676,nan,2.7184169446872856e-19
1240215503.8745117,nan,2.7799867985915543e-19
1240215503.8747559,nan,2.860663486449885e-19
1240215503.875,nan,2.917826471592344e-19
1240215503.8752441,nan,2.919629742540588e-19
1240215503.8754883,nan,2.8743272448635963e-19
1240215503.8757324,nan,2.8090652935980287e-19
1240215503.8759766,nan,2.764945720251036e-19
1240215503.8762207,nan,2.773976570141329e-19
1240215503.8764648,nan,2.832431821463211e-19
1240215503.876709,nan,2.913929589592288e-19
1240215503.8769531,nan,2.9712915328905533e-19
1240215503.8771973,nan,2.9682401618492815e-19
1240215503.8774414,nan,2.918350474416115e-19
1240215503.8776855,nan,2.8510355179710643e-19
1240215503.8779297,nan,2.7961649921266084e-19
1240215503.8781738,nan,2.804156354672798e-19
1240215503.878418,nan,2.8687759090645616e-19
1240215503.878662,nan,2.939189023271827e-19
1240215503.8789062,nan,2.988596157495914e-19
1240215503.8791504,nan,2.9882186165820323e-19
1240215503.8793945,nan,2.929699743260056e-19
1240215503.8796387,nan,2.8502523441931127e-19
1240215503.8798828,nan,2.8051932099625683e-19
1240215503.880127,nan,2.807452469231516e-19
1240215503.880371,nan,2.85703471215922e-19
1240215503.8806152,nan,2.9303818703278836e-19
1240215503.8808594,nan,2.969349476660634e-19
1240215503.8811035,nan,2.9697659302867593e-19
1240215503.8813477,nan,2.910320746805117e-19
1240215503.8815918,nan,2.8294778133714783e-19
1240215503.881836,nan,2.781370318669454e-19
1240215503.88208,nan,2.7670257974134504e-19
1240215503.8823242,nan,2.824542160161459e-19
1240215503.8825684,nan,2.8929005002093477e-19
1240215503.8828125,nan,2.9272411868666217e-19
1240215503.8830566,nan,2.927037445610518e-19
1240215503.8833008,nan,2.8594513366712225e-19
1240215503.883545,nan,2.774382953241425e-19
1240215503.883789,nan,2.7150542738698867e-19
1240215503.8840332,nan,2.7103296426453466e-19
1240215503.8842773,nan,2.7544992474776574e-19
1240215503.8845215,nan,2.81374507482893e-19
1240215503.8847656,nan,2.857259629479848e-19
1240215503.8850098,nan,2.8438553700560663e-19
1240215503.885254,nan,2.7781800904490403e-19
1240215503.885498,nan,2.6846824691292165e-19
1240215503.8857422,nan,2.6295449085719256e-19
1240215503.8859863,nan,2.620004397524887e-19
1240215503.8862305,nan,2.6491005332587025e-19
1240215503.8864746,nan,2.7228737332946395e-19
1240215503.8867188,nan,2.753572808974989e-19
1240215503.886963,nan,2.7293891021880995e-19
1240215503.887207,nan,2.670443252259255e-19
1240215503.8874512,nan,2.5834976666684707e-19
1240215503.8876953,nan,2.5109793389311243e-19
1240215503.8879395,nan,2.4823707488119658e-19
1240215503.8881836,nan,2.531647801683503e-19
1240215503.8884277,nan,2.590375971211389e-19
1240215503.8886719,nan,2.613593855509405e-19
1240215503.888916,nan,2.60228425887851e-19
1240215503.8891602,nan,2.5252157349499854e-19
1240215503.8894043,nan,2.4246981003236265e-19
1240215503.8896484,nan,2.3569517621965813e-19
1240215503.8898926,nan,2.3468254806380555e-19
1240215503.8901367,nan,2.3745952490798675e-19
1240215503.8903809,nan,2.4240481427040163e-19
1240215503.890625,nan,2.461058610202462e-19
1240215503.8908691,nan,2.432396225019986e-19
1240215503.8911133,nan,2.3529848082334396e-19
1240215503.8913574,nan,2.2639751941048217e-19
1240215503.8916016,nan,2.183598974990363e-19
1240215503.8918457,nan,2.1614643181551368e-19
1240215503.8920898,nan,2.193870406741338e-19
1240215503.892334,nan,2.2359034464676426e-19
1240215503.8925781,nan,2.2707907196038036e-19
1240215503.8928223,nan,2.237484634894049e-19
1240215503.8930664,nan,2.15407327979499e-19
1240215503.8933105,nan,2.065681657182773e-19
1240215503.8935547,nan,1.9779727266049728e-19
1240215503.8937988,nan,1.9592678312420178e-19
1240215503.894043,nan,1.9855163878170351e-19
1240215503.894287,nan,2.0216311311039946e-19
1240215503.8945312,nan,2.060495472717682e-19
1240215503.8947754,nan,2.0268001010176916e-19
1240215503.8950195,nan,1.9377518875622715e-19
1240215503.8952637,nan,1.8360813587939056e-19
1240215503.8955078,nan,1.7556290092463827e-19
1240215503.895752,nan,1.7285873249875672e-19
1240215503.895996,nan,1.7462653114840714e-19
1240215503.8962402,nan,1.7935754556383287e-19
1240215503.8964844,nan,1.8166875853516796e-19
1240215503.8967285,nan,1.7838894235436566e-19
1240215503.8969727,nan,1.6977873815962633e-19
1240215503.8972168,nan,1.588402220588506e-19
1240215503.897461,nan,1.5136829141238922e-19
1240215503.897705,nan,1.4849949683358792e-19
1240215503.8979492,nan,1.4955328555847271e-19
1240215503.8981934,nan,1.5375306862257908e-19
1240215503.8984375,nan,1.5631330946868592e-19
1240215503.8986816,nan,1.5228803172907988e-19
1240215503.8989258,nan,1.4354547127949416e-19
1240215503.89917,nan,1.32653611145579e-19
1240215503.899414,nan,1.238665910412683e-19
1240215503.8996582,nan,1.2123392352511622e-19
1240215503.8999023,nan,1.2305870652106801e-19
1240215503.9001465,nan,1.2695066781415819e-19
1240215503.9003906,nan,1.286823168780601e-19
1240215503.9006348,nan,1.2515668076022434e-19
1240215503.900879,nan,1.162835137582332e-19
1240215503.901123,nan,1.0483655810510825e-19
1240215503.9013672,nan,9.6012962267997e-20
1240215503.9016113,nan,9.278833815161256e-20
1240215503.9018555,nan,9.38484006619656e-20
1240215503.9020996,nan,9.779478056350141e-20
1240215503.9023438,nan,1.0015889710318955e-19
1240215503.902588,nan,9.593075193385192e-20
1240215503.902832,nan,8.65100037079778e-20
1240215503.9030762,nan,7.551135494403204e-20
1240215503.9033203,nan,6.686128200212218e-20
1240215503.9035645,nan,6.304342984312046e-20
1240215503.9038086,nan,6.486604330334793e-20
1240215503.9040527,nan,6.833963176852218e-20
1240215503.9042969,nan,6.959971653549582e-20
1240215503.904541,nan,6.651819251370562e-20
1240215503.9047852,nan,5.628810537400998e-20
1240215503.9050293,nan,4.522683652725243e-20
1240215503.9052734,nan,3.686581650306442e-20
1240215503.9055176,nan,3.2670563362026503e-20
1240215503.9057617,nan,3.438046224327441e-20
1240215503.9060059,nan,3.72294127909889e-20
1240215503.90625,nan,3.8949593754413484e-20
1240215503.9064941,nan,3.520008942953877e-20
1240215503.9067383,nan,2.5835958285383535e-20
1240215503.9069824,nan,1.4808039673358302e-20
1240215503.9072266,nan,4.685167017397251e-21
1240215503.9074707,nan,1.7209917017816626e-21
1240215503.9077148,nan,3.0347332032036376e-21
1240215503.907959,nan,5.675168980542807e-21
1240215503.9082031,nan,8.191741886194133e-21
1240215503.9084473,nan,3.773167071462047e-21
1240215503.9086914,nan,-5.307789227239839e-21
1240215503.9089355,nan,-1.6451108030083188e-20
1240215503.9091797,nan,-2.61374791143181e-20
1240215503.9094238,nan,-2.984915321075591e-20
1240215503.909668,nan,-2.898569478741076e-20
1240215503.909912,nan,-2.4735820807564473e-20
1240215503.9101562,nan,-2.3262909240826642e-20
1240215503.9104004,nan,-2.7789497178390383e-20
1240215503.9106445,nan,-3.677860874683182e-20
1240215503.9108887,nan,-4.7961735833580147e-20
1240215503.9111328,nan,-5.709108521939116e-20
1240215503.911377,nan,-6.148808083268221e-20
1240215503.911621,nan,-5.994061993740532e-20
1240215503.9118652,nan,-5.656795953655218e-20
1240215503.9121094,nan,-5.459153232738098e-20
1240215503.9123535,nan,-5.784883226522101e-20
1240215503.9125977,nan,-6.812378612241498e-20
1240215503.9128418,nan,-7.888366872078378e-20
1240215503.913086,nan,-8.763218312022501e-20
1240215503.91333,nan,-9.241659935270436e-20
1240215503.9135742,nan,-9.062999731883348e-20
1240215503.9138184,nan,-8.699307819076244e-20
1240215503.9140625,nan,-8.518077193304252e-20
1240215503.9143066,nan,-8.883652481534974e-20
1240215503.9145508,nan,-9.845762101125467e-20
1240215503.914795,nan,-1.0957447146523285e-19
1240215503.915039,nan,-1.184973902689145e-19
1240215503.9152832,nan,-1.2265793844908355e-19
1240215503.9155273,nan,-1.2085660113943767e-19
1240215503.9157715,nan,-1.170856981859018e-19
1240215503.9160156,nan,-1.1561131183558722e-19
1240215503.9162598,nan,-1.178999474493007e-19
1240215503.916504,nan,-1.2787216219896302e-19
1240215503.916748,nan,-1.397008110330335e-19
1240215503.9169922,nan,-1.4739445711472907e-19
1240215503.9172363,nan,-1.52025636412745e-19
1240215503.9174805,nan,-1.4992912922920183e-19
1240215503.9177246,nan,-1.456690371136297e-19
1240215503.9179688,nan,-1.446312545008142e-19
1240215503.918213,nan,-1.4735119827574938e-19
1240215503.918457,nan,-1.562622689953619e-19
1240215503.9187012,nan,-1.669291776403264e-19
1240215503.9189453,nan,-1.7652970589250656e-19
1240215503.9191895,nan,-1.7992816238559851e-19
1240215503.9194336,nan,-1.7695298715013314e-19
1240215503.9196777,nan,-1.739572758716039e-19
1240215503.9199219,nan,-1.7159095721031676e-19
1240215503.920166,nan,-1.7455614114554545e-19
1240215503.9204102,nan,-1.833034857824741e-19
1240215503.9206543,nan,-1.9348679915749282e-19
1240215503.9208984,nan,-2.0290536917034405e-19
1240215503.9211426,nan,-2.0624671720502319e-19
1240215503.9213867,nan,-2.0364994824896217e-19
1240215503.9216309,nan,-1.9935363345871016e-19
1240215503.921875,nan,-1.968818965133574e-19
1240215503.9221191,nan,-1.997942927953417e-19
1240215503.9223633,nan,-2.0846667560498943e-19
1240215503.9226074,nan,-2.1899975754142655e-19
1240215503.9228516,nan,-2.266159135447562e-19
1240215503.9230957,nan,-2.3011514764077893e-19
1240215503.9233398,nan,-2.287723942859713e-19
1240215503.923584,nan,-2.2316186529864995e-19
1240215503.9238281,nan,-2.2030308059780075e-19
1240215503.9240723,nan,-2.2343957547909573e-19
1240215503.9243164,nan,-2.3060691310534205e-19
1240215503.9245605,nan,-2.4138147418843873e-19
1240215503.9248047,nan,-2.4989250247661284e-19
1240215503.9250488,nan,-2.5268578578195955e-19
1240215503.925293,nan,-2.4958661143446735e-19
1240215503.925537,nan,-2.443982772903633e-19
1240215503.9257812,nan,-2.4223569446378593e-19
1240215503.9260254,nan,-2.436255701398101e-19
1240215503.9262695,nan,-2.5144685048762495e-19
1240215503.9265137,nan,-2.621325428947855e-19
1240215503.9267578,nan,-2.69486824290172e-19
1240215503.927002,nan,-2.7236791271532507e-19
1240215503.927246,nan,-2.693589145436026e-19
1240215503.9274902,nan,-2.63722681327205e-19
1240215503.9277344,nan,-2.606494779853085e-19
1240215503.9279785,nan,-2.6218761999782324e-19
1240215503.9282227,nan,-2.6967008517743834e-19
1240215503.9284668,nan,-2.8003318795079017e-19
1240215503.928711,nan,-2.868956777327161e-19
1240215503.928955,nan,-2.891902812346194e-19
1240215503.9291992,nan,-2.865257566852919e-19
1240215503.9294434,nan,-2.797102651909741e-19
1240215503.9296875,nan,-2.761072936096036e-19
1240215503.9299316,nan,-2.779667484384277e-19
1240215503.9301758,nan,-2.849022228037371e-19
1240215503.93042,nan,-2.948195016694176e-19
1240215503.930664,nan,-3.015517584348279e-19
1240215503.9309082,nan,-3.0335440260271732e-19
1240215503.9311523,nan,-3.0031910716259124e-19
1240215503.9313965,nan,-2.938156055570874e-19
1240215503.9316406,nan,-2.889720725776783e-19
1240215503.9318848,nan,-2.9091406606211682e-19
1240215503.932129,nan,-2.979024954464911e-19
1240215503.932373,nan,-3.0634426611967125e-19
1240215503.9326172,nan,-3.132209750416573e-19
1240215503.9328613,nan,-3.145578442206008e-19
1240215503.9331055,nan,-3.109155869361944e-19
1240215503.9333496,nan,-3.0418938667946455e-19
1240215503.9335938,nan,-2.9946246577054516e-19
1240215503.933838,nan,-3.0047933838614926e-19
1240215503.934082,nan,-3.0671771837998176e-19
1240215503.9343262,nan,-3.1586723807203214e-19
1240215503.9345703,nan,-3.2175967627083106e-19
1240215503.9348145,nan,-3.226372161160205e-19
1240215503.9350586,nan,-3.189612774246321e-19
1240215503.9353027,nan,-3.1205202752313766e-19
1240215503.9355469,nan,-3.0713909781545387e-19
1240215503.935791,nan,-3.072288007521171e-19
1240215503.9360352,nan,-3.1311223789518087e-19
1240215503.9362793,nan,-3.2150739469472567e-19
1240215503.9365234,nan,-3.272225821263779e-19
1240215503.9367676,nan,-3.277970504246058e-19
1240215503.9370117,nan,-3.2341414324119696e-19
1240215503.9372559,nan,-3.1653744761885204e-19
1240215503.9375,nan,-3.1064993929833997e-19
1240215503.9377441,nan,-3.1069555261966417e-19
1240215503.9379883,nan,-3.160576200958773e-19
1240215503.9382324,nan,-3.2361571257484743e-19
1240215503.9384766,nan,-3.30269771519567e-19
1240215503.9387207,nan,-3.2997162488855685e-19
1240215503.9389648,nan,-3.2444614556105225e-19
1240215503.939209,nan,-3.17487676691545e-19
1240215503.9394531,nan,-3.1115986260110474e-19
1240215503.9396973,nan,-3.104526370223324e-19
1240215503.9399414,nan,-3.1580235558996797e-19
1240215503.9401855,nan,-3.2331033978618017e-19
1240215503.9404297,nan,-3.283820564891916e-19
1240215503.9406738,nan,-3.280813261445229e-19
1240215503.940918,nan,-3.2288502661275683e-19
1240215503.941162,nan,-3.1545824384213487e-19
1240215503.9414062,nan,-3.0866909796454395e-19
1240215503.9416504,nan,-3.073933256826379e-19
1240215503.9418945,nan,-3.1285833324836653e-19
1240215503.9421387,nan,-3.1982453287552863e-19
1240215503.9423828,nan,-3.2407983134948087e-19
1240215503.942627,nan,-3.232557216467409e-19
1240215503.942871,nan,-3.1794406687720564e-19
1240215503.9431152,nan,-3.0965737537422026e-19
1240215503.9433594,nan,-3.024036972592756e-19
1240215503.9436035,nan,-3.014851951487814e-19
1240215503.9438477,nan,-3.054000588112409e-19
1240215503.9440918,nan,-3.1213797612342574e-19
1240215503.944336,nan,-3.171839642258687e-19
1240215503.94458,nan,-3.155286373071966e-19
1240215503.9448242,nan,-3.0981103364874347e-19
1240215503.9450684,nan,-3.010947126770035e-19
1240215503.9453125,nan,-2.9328755036096926e-19
1240215503.9455566,nan,-2.917799599445225e-19
1240215503.9458008,nan,-2.957881120770351e-19
1240215503.946045,nan,-3.016319402262283e-19
1240215503.946289,nan,-3.0603067363152324e-19
1240215503.9465332,nan,-3.050854976887041e-19
1240215503.9467773,nan,-2.97876989818174e-19
1240215503.9470215,nan,-2.891938305291356e-19
1240215503.9472656,nan,-2.8126995643092515e-19
1240215503.9475098,nan,-2.7869555630696547e-19
1240215503.947754,nan,-2.829020582427628e-19
1240215503.947998,nan,-2.8809097305665347e-19
1240215503.9482422,nan,-2.920492727331341e-19
1240215503.9484863,nan,-2.9077903500014253e-19
1240215503.9487305,nan,-2.834239803536753e-19
1240215503.9489746,nan,-2.7446667757039006e-19
1240215503.9492188,nan,-2.66379809066322e-19
1240215503.949463,nan,-2.6307584714351217e-19
1240215503.949707,nan,-2.6635508780586326e-19
1240215503.9499512,nan,-2.719819909008944e-19
1240215503.9501953,nan,-2.7549666841568364e-19
1240215503.9504395,nan,-2.738530226383873e-19
1240215503.9506836,nan,-2.6657069021335074e-19
1240215503.9509277,nan,-2.5677821115464247e-19
1240215503.9511719,nan,-2.4770157675921187e-19
1240215503.951416,nan,-2.4480885471679487e-19
1240215503.9516602,nan,-2.4790888714358177e-19
1240215503.9519043,nan,-2.528302232871373e-19
1240215503.9521484,nan,-2.5586841202529184e-19
1240215503.9523926,nan,-2.538061949102553e-19
1240215503.9526367,nan,-2.4646733273674863e-19
1240215503.9528809,nan,-2.3559488528886234e-19
1240215503.953125,nan,-2.2731563895433674e-19
1240215503.9533691,nan,-2.2352435299090246e-19
1240215503.9536133,nan,-2.2534494136403084e-19
1240215503.9538574,nan,-2.317172089492334e-19
1240215503.9541016,nan,-2.339609744677788e-19
1240215503.9543457,nan,-2.312430260669666e-19
1240215503.9545898,nan,-2.23820278574058e-19
1240215503.954834,nan,-2.1279588207206057e-19
1240215503.9550781,nan,-2.041678415158151e-19
1240215503.9553223,nan,-1.9994719440893362e-19
1240215503.9555664,nan,-2.0232571276572333e-19
1240215503.9558105,nan,-2.0669584903546447e-19
1240215503.9560547,nan,-2.086374449782942e-19
1240215503.9562988,nan,-2.0744359041851644e-19
1240215503.956543,nan,-1.9870827606381085e-19
1240215503.956787,nan,-1.8697294406477979e-19
1240215503.9570312,nan,-1.784876378171409e-19
1240215503.9572754,nan,-1.7402425602227966e-19
1240215503.9575195,nan,-1.7617313257781377e-19
1240215503.9577637,nan,-1.8060937428636194e-19
1240215503.9580078,nan,-1.8273370759956173e-19
1240215503.958252,nan,-1.8003985363576784e-19
1240215503.958496,nan,-1.7132226761672038e-19
1240215503.9587402,nan,-1.602164462664669e-19
1240215503.9589844,nan,-1.5037202943207198e-19
1240215503.9592285,nan,-1.46270717559261e-19
1240215503.9594727,nan,-1.4740622680826093e-19
1240215503.9597168,nan,-1.5182346668625473e-19
1240215503.959961,nan,-1.542883918494099e-19
1240215503.960205,nan,-1.5034310848757436e-19
1240215503.9604492,nan,-1.431360976322905e-19
1240215503.9606934,nan,-1.3112692067567965e-19
1240215503.9609375,nan,-1.2082473524532964e-19
1240215503.9611816,nan,-1.1746758251260508e-19
1240215503.9614258,nan,-1.173015138036911e-19
1240215503.96167,nan,-1.2201638526574038e-19
1240215503.961914,nan,-1.2418726768981144e-19
1240215503.9621582,nan,-1.2038797650613668e-19
1240215503.9624023,nan,-1.1214916063321851e-19
1240215503.9626465,nan,-1.0000066352310516e-19
1240215503.9628906,nan,-9.051801327732813e-20
1240215503.9631348,nan,-8.572153010332368e-20
1240215503.963379,nan,-8.601121212394469e-20
1240215503.963623,nan,-9.038069139863451e-20
1240215503.9638672,nan,-9.230950125401849e-20
1240215503.9641113,nan,-8.843830595531137e-20
1240215503.9643555,nan,-8.01289225365729e-20
1240215503.9645996,nan,-6.870317129008742e-20
1240215503.9648438,nan,-5.829380867079554e-20
1240215503.965088,nan,-5.33057955492975e-20
1240215503.965332,nan,-5.401886080059223e-20
1240215503.9655762,nan,-5.776757457749289e-20
1240215503.9658203,nan,-5.950143098008589e-20
1240215503.9660645,nan,-5.59733691945247e-20
1240215503.9663086,nan,-4.7272773590195095e-20
1240215503.9665527,nan,-3.532578249144141e-20
1240215503.9667969,nan,-2.4133360477599855e-20
1240215503.967041,nan,-1.9856756472777675e-20
1240215503.9672852,nan,-2.0889205506850104e-20
1240215503.9675293,nan,-2.3395268736349807e-20
1240215503.9677734,nan,-2.6356886421914192e-20
1240215503.9680176,nan,-2.2595296512417466e-20
1240215503.9682617,nan,-1.3246187735218277e-20
1240215503.9685059,nan,-2.1676097689020582e-21
1240215503.96875,nan,8.990965633994676e-21
1240215503.9689941,nan,1.4317617427280074e-20
1240215503.9692383,nan,1.3217056957552836e-20
1240215503.9694824,nan,9.626361908284378e-21
1240215503.9697266,nan,7.821307204255315e-21
1240215503.9699707,nan,1.1280968667871178e-20
1240215503.9702148,nan,2.0042453953381465e-20
1240215503.970459,nan,3.23548322009483e-20
1240215503.9707031,nan,4.3193364486508404e-20
1240215503.9709473,nan,4.7868389915179465e-20
1240215503.9711914,nan,4.719709198140291e-20
1240215503.9714355,nan,4.4262635486750586e-20
1240215503.9716797,nan,4.1940240329035676e-20
1240215503.9719238,nan,4.521687947410446e-20
1240215503.972168,nan,5.518739690380868e-20
1240215503.972412,nan,6.613287136751717e-20
1240215503.9726562,nan,7.60888015625998e-20
1240215503.9729004,nan,8.232229252387585e-20
1240215503.9731445,nan,8.107414427942976e-20
1240215503.9733887,nan,7.761489494290554e-20
1240215503.9736328,nan,7.61064643751819e-20
1240215503.973877,nan,7.838998962527724e-20
1240215503.974121,nan,8.792992122492896e-20
1240215503.9743652,nan,1.0015015793734786e-19
1240215503.9746094,nan,1.0986160495707625e-19
1240215503.9748535,nan,1.1554286815559881e-19
1240215503.9750977,nan,1.1494328827890074e-19
1240215503.9753418,nan,1.111470279532852e-19
1240215503.975586,nan,1.095635149239201e-19
1240215503.97583,nan,1.1189997356874952e-19
1240215503.9760742,nan,1.2074494092001726e-19
1240215503.9763184,nan,1.3258359060407855e-19
1240215503.9765625,nan,1.4277223742473602e-19
1240215503.9768066,nan,1.4830543905119098e-19
1240215503.9770508,nan,1.4715354090251964e-19
1240215503.977295,nan,1.432989761003258e-19
1240215503.977539,nan,1.4119923480200737e-19
1240215503.9777832,nan,1.4448557084036151e-19
1240215503.9780273,nan,1.5287349805019662e-19
1240215503.9782715,nan,1.6416224136427007e-19
1240215503.9785156,nan,1.7511947283207286e-19
1240215503.9787598,nan,1.799855867364035e-19
1240215503.979004,nan,1.7885051494637435e-19
1240215503.979248,nan,1.7507215030249749e-19
1240215503.9794922,nan,1.718713571798065e-19
1240215503.9797363,nan,1.7452703466835584e-19
1240215503.9799805,nan,1.836473366824795e-19
1240215503.9802246,nan,1.95226260994838e-19
1240215503.9804688,nan,2.0467731771614192e-19
1240215503.980713,nan,2.0951007781782757e-19
1240215503.980957,nan,2.0876157309204184e-19
1240215503.9812012,nan,2.0432649710485778e-19
1240215503.9814453,nan,2.0168011637725017e-19
1240215503.9816895,nan,2.0398163539038254e-19
1240215503.9819336,nan,2.118648573958806e-19
1240215503.9821777,nan,2.2334554878658936e-19
1240215503.9824219,nan,2.332773219569452e-19
1240215503.982666,nan,2.3835329448308324e-19
1240215503.9829102,nan,2.3673971884640827e-19
1240215503.9831543,nan,2.3179235829324414e-19
1240215503.9833984,nan,2.293165772285468e-19
1240215503.9836426,nan,2.3158017508131346e-19
1240215503.9838867,nan,2.3894798705717487e-19
1240215503.9841309,nan,2.4988997991494344e-19
1240215503.984375,nan,2.600800577022604e-19
1240215503.9846191,nan,2.6346135924888226e-19
1240215503.9848633,nan,2.6209895734557474e-19
1240215503.9851074,nan,2.586620923511103e-19
1240215503.9853516,nan,2.5451359145297757e-19
1240215503.9855957,nan,2.561266386287479e-19
1240215503.9858398,nan,2.6386787801049075e-19
1240215503.986084,nan,2.747349453394804e-19
1240215503.9863281,nan,2.837058805255466e-19
1240215503.9865723,nan,2.8705860404251503e-19
1240215503.9868164,nan,2.8655499495484633e-19
1240215503.9870605,nan,2.8138148330164613e-19
1240215503.9873047,nan,2.7745184837570257e-19
1240215503.9875488,nan,2.789087058301219e-19
1240215503.987793,nan,2.8564229103218844e-19
1240215503.988037,nan,2.96787840308698e-19
1240215503.9882812,nan,3.0544531235274817e-19
1240215503.9885254,nan,3.0930356933993236e-19
1240215503.9887695,nan,3.0680224735611336e-19
1240215503.9890137,nan,3.0112363574185573e-19
1240215503.9892578,nan,2.977556861982601e-19
1240215503.989502,nan,2.9845667094428e-19
1240215503.989746,nan,3.053699929193936e-19
1240215503.9899902,nan,3.153795170443943e-19
1240215503.9902344,nan,3.241008828237507e-19
1240215503.9904785,nan,3.2741956749312454e-19
1240215503.9907227,nan,3.2447276797849122e-19
1240215503.9909668,nan,3.192412502754977e-19
1240215503.991211,nan,3.1420874739766343e-19
1240215503.991455,nan,3.1501321869061107e-19
1240215503.9916992,nan,3.219888776183529e-19
1240215503.9919434,nan,3.312535337702571e-19
1240215503.9921875,nan,3.395947932495348e-19
1240215503.9924316,nan,3.4257450651871765e-19
1240215503.9926758,nan,3.3997058526707726e-19
1240215503.99292,nan,3.3355018779352453e-19
1240215503.993164,nan,3.2825758605498467e-19
1240215503.9934082,nan,3.285796484060701e-19
1240215503.9936523,nan,3.345529167653641e-19
1240215503.9938965,nan,3.437271290553472e-19
1240215503.9941406,nan,3.5167179254562706e-19
1240215503.9943848,nan,3.545881500907787e-19
1240215503.994629,nan,3.5056782770077866e-19
1240215503.994873,nan,3.447108395774304e-19
1240215503.9951172,nan,3.402372456816329e-19
1240215503.9953613,nan,3.382255723039231e-19
1240215503.9956055,nan,3.4426867403928585e-19
1240215503.9958496,nan,3.533776432835522e-19
1240215503.9960938,nan,3.6029401033056964e-19
1240215503.996338,nan,3.6313763902009076e-19
1240215503.996582,nan,3.5921143944545024e-19
1240215503.9968262,nan,3.523787338026521e-19
1240215503.9970703,nan,3.4630398581103875e-19
1240215503.9973145,nan,3.4482253153377164e-19
1240215503.9975586,nan,3.5052167623657653e-19
1240215503.9978027,nan,3.587500351599053e-19
1240215503.9980469,nan,3.660482670478681e-19
1240215503.998291,nan,3.6819696231885406e-19
1240215503.9985352,nan,3.634047849665782e-19
1240215503.9987793,nan,3.5627827003726037e-19
1240215503.9990234,nan,3.497587488568404e-19
1240215503.9992676,nan,3.4846747714896976e-19
1240215503.9995117,nan,3.5326531055678133e-19
1240215503.9997559,nan,3.6078429222881816e-19
1240215504.0,nan,3.6762032261167655e-19
1240215504.0002441,nan,3.6851763986378046e-19
1240215504.0004883,nan,3.6428513748138786e-19
1240215504.0007324,nan,3.564812792365041e-19
1240215504.0009766,nan,3.490106941970826e-19
1240215504.0012207,nan,3.4785426895661364e-19
1240215504.0014648,nan,3.5143218332448994e-19
1240215504.001709,nan,3.5875438407406583e-19
1240215504.0019531,nan,3.6516767307162197e-19
1240215504.0021973,nan,3.659778553028936e-19
1240215504.0024414,nan,3.6138040665080166e-19
1240215504.0026855,nan,3.5303862556971294e-19
1240215504.0029297,nan,3.457180869415781e-19
1240215504.0031738,nan,3.4297406548473297e-19
1240215504.003418,nan,3.462745479717301e-19
1240215504.003662,nan,3.533944168732642e-19
1240215504.0039062,nan,3.5928761363476217e-19
1240215504.0041504,nan,3.5980598274732775e-19
1240215504.0043945,nan,3.541921952040949e-19
1240215504.0046387,nan,3.459492071518142e-19
1240215504.0048828,nan,3.381456304212104e-19
1240215504.005127,nan,3.3508766762074914e-19
1240215504.005371,nan,3.3796519539885476e-19
1240215504.0056152,nan,3.446078011100811e-19
1240215504.0058594,nan,3.5000724679752165e-19
1240215504.0061035,nan,3.4951366321983707e-19
1240215504.0063477,nan,3.4403250958204943e-19
1240215504.0065918,nan,3.3446647451816344e-19
1240215504.006836,nan,3.260931289091673e-19
1240215504.00708,nan,3.2354820635682296e-19
1240215504.0073242,nan,3.2508184443826204e-19
1240215504.0075684,nan,3.310031945384407e-19
1240215504.0078125,nan,3.365425243822723e-19
1240215504.0080566,nan,3.3601963681074856e-19
1240215504.0083008,nan,3.3018118028344933e-19
1240215504.008545,nan,3.200534570877631e-19
1240215504.008789,nan,3.1111781938124287e-19
1240215504.0090332,nan,3.0760809969505016e-19
1240215504.0092773,nan,3.093512783320336e-19
1240215504.0095215,nan,3.1452750630853814e-19
1240215504.0097656,nan,3.1967260288922607e-19
1240215504.0100098,nan,3.1924525690312516e-19
1240215504.010254,nan,3.120312375181194e-19
1240215504.010498,nan,3.0211799995585816e-19
1240215504.0107422,nan,2.931227630720373e-19
1240215504.0109863,nan,2.88474727300918e-19
1240215504.0112305,nan,2.90143107415812e-19
1240215504.0114746,nan,2.959163738559061e-19
1240215504.0117188,nan,2.9948153214197494e-19
1240215504.011963,nan,2.9792460856276304e-19
1240215504.012207,nan,2.9194857840112348e-19
1240215504.0124512,nan,2.808110342327454e-19
1240215504.0126953,nan,2.7088511302199835e-19
1240215504.0129395,nan,2.6629330917593695e-19
1240215504.0131836,nan,2.6669818858016557e-19
1240215504.0134277,nan,2.72349690499075e-19
1240215504.0136719,nan,2.759380361614827e-19
1240215504.013916,nan,2.743544993582757e-19
1240215504.0141602,nan,2.6730322321772922e-19
1240215504.0144043,nan,2.5597790565983144e-19
1240215504.0146484,nan,2.4587787008614035e-19
1240215504.0148926,nan,2.4027144588704864e-19
1240215504.0151367,nan,2.412296966168081e-19
1240215504.0153809,nan,2.4550375988133565e-19
1240215504.015625,nan,2.4911088859966996e-19
1240215504.0158691,nan,2.4764291049769404e-19
1240215504.0161133,nan,2.39646993783029e-19
1240215504.0163574,nan,2.289485769665852e-19
1240215504.0166016,nan,2.176548066701498e-19
1240215504.0168457,nan,2.1223141616807258e-19
1240215504.0170898,nan,2.1264947359987151e-19
1240215504.017334,nan,2.1618015186284285e-19
1240215504.0175781,nan,2.199535592988612e-19
1240215504.0178223,nan,2.180369300318569e-19
1240215504.0180664,nan,2.0974153336554244e-19
1240215504.0183105,nan,1.9809060596966128e-19
1240215504.0185547,nan,1.8754776042418683e-19
1240215504.0187988,nan,1.8131583544134711e-19
1240215504.019043,nan,1.8164329131169791e-19
1240215504.019287,nan,1.844755933429712e-19
1240215504.0195312,nan,1.868836907097059e-19
1240215504.0197754,nan,1.8626173668584998e-19
1240215504.0200195,nan,1.7707404131767292e-19
1240215504.0202637,nan,1.6535799868301263e-19
1240215504.0205078,nan,1.5483334177939983e-19
1240215504.020752,nan,1.4722363746308854e-19
1240215504.020996,nan,1.4740197900829353e-19
1240215504.0212402,nan,1.514078181927398e-19
1240215504.0214844,nan,1.5403867279294795e-19
1240215504.0217285,nan,1.5123897104337637e-19
1240215504.0219727,nan,1.4269839865549497e-19
1240215504.0222168,nan,1.3049234175797785e-19
1240215504.022461,nan,1.1905972671849776e-19
1240215504.022705,nan,1.129806319358076e-19
1240215504.0229492,nan,1.1197154203845507e-19
1240215504.0231934,nan,1.1484671006495786e-19
1240215504.0234375,nan,1.1763245150969673e-19
1240215504.0236816,nan,1.151585571811785e-19
1240215504.0239258,nan,1.0675949033704368e-19
1240215504.02417,nan,9.431369763653174e-20
1240215504.024414,nan,8.241510179741872e-20
1240215504.0246582,nan,7.578419003512269e-20
1240215504.0249023,nan,7.468565178625853e-20
1240215504.0251465,nan,7.762771797754342e-20
1240215504.0253906,nan,8.03605689108467e-20
1240215504.0256348,nan,7.732854208170841e-20
1240215504.025879,nan,6.848403974077536e-20
1240215504.026123,nan,5.649201914897818e-20
1240215504.0263672,nan,4.4376854600984944e-20
1240215504.0266113,nan,3.7561381347510325e-20
1240215504.0268555,nan,3.6160363692070404e-20
1240215504.0270996,nan,3.876851182641172e-20
1240215504.0273438,nan,4.177203622347379e-20
1240215504.027588,nan,3.8754610396150685e-20
1240215504.027832,nan,2.9705187606896527e-20
1240215504.0280762,nan,1.7290194827624078e-20
1240215504.0283203,nan,5.685117027872532e-21
1240215504.0285645,nan,-1.7548337231622496e-21
1240215504.0288086,nan,-3.357348596002403e-21
1240215504.0290527,nan,-1.6060281828838806e-22
1240215504.0292969,nan,2.1548790384704836e-21
1240215504.029541,nan,-2.972296062514107e-22
1240215504.0297852,nan,-9.4278752900032e-21
1240215504.0300293,nan,-2.2373699630767187e-20
1240215504.0302734,nan,-3.403288600062849e-20
1240215504.0305176,nan,-4.1700610574452857e-20
1240215504.0307617,nan,-4.2468709979737075e-20
1240215504.0310059,nan,-3.945644035082623e-20
1240215504.03125,nan,-3.73520515183878e-20
1240215504.0314941,nan,-4.0150811502662646e-20
1240215504.0317383,nan,-4.968457729154719e-20
1240215504.0319824,nan,-6.172571684038265e-20
1240215504.0322266,nan,-7.353170847327642e-20
1240215504.0324707,nan,-8.113474141577571e-20
1240215504.0327148,nan,-8.158462368207806e-20
1240215504.032959,nan,-7.966034418005221e-20
1240215504.0332031,nan,-7.731456514801537e-20
1240215504.0334473,nan,-7.859516321887128e-20
1240215504.0336914,nan,-8.833920473862195e-20
1240215504.0339355,nan,-1.0069841756528164e-19
1240215504.0341797,nan,-1.1197377557503478e-19
1240215504.0344238,nan,-1.2030784288146558e-19
1240215504.034668,nan,-1.2096765942354326e-19
1240215504.034912,nan,-1.1790125469002174e-19
1240215504.0351562,nan,-1.1612415440140332e-19
1240215504.0354004,nan,-1.178886738594495e-19
1240215504.0356445,nan,-1.2654036885928855e-19
1240215504.0358887,nan,-1.3925206570246386e-19
1240215504.0361328,nan,-1.5084049316909325e-19
1240215504.036377,nan,-1.5766095804641936e-19
1240215504.036621,nan,-1.5927913767697635e-19
1240215504.0368652,nan,-1.565511568857033e-19
1240215504.0371094,nan,-1.5331519752169362e-19
1240215504.0373535,nan,-1.5563283427071328e-19
1240215504.0375977,nan,-1.6407802060204695e-19
1240215504.0378418,nan,-1.7601657601461088e-19
1240215504.038086,nan,-1.8776299980831242e-19
1240215504.03833,nan,-1.951845542710499e-19
1240215504.0385742,nan,-1.9617981292968756e-19
1240215504.0388184,nan,-1.9260232140452727e-19
1240215504.0390625,nan,-1.8945612500768085e-19
1240215504.0393066,nan,-1.9157494244634675e-19
1240215504.0395508,nan,-1.9975887129073227e-19
1240215504.039795,nan,-2.1166777337774638e-19
1240215504.040039,nan,-2.2348785869339946e-19
1240215504.0402832,nan,-2.2989817795903347e-19
1240215504.0405273,nan,-2.306707854902879e-19
1240215504.0407715,nan,-2.276096685612921e-19
1240215504.0410156,nan,-2.2325750451532484e-19
1240215504.0412598,nan,-2.250985581626791e-19
1240215504.041504,nan,-2.334019364457366e-19
1240215504.041748,nan,-2.4509915952208706e-19
1240215504.0419922,nan,-2.5660794582804215e-19
1240215504.0422363,nan,-2.623072772658972e-19
1240215504.0424805,nan,-2.633991454109711e-19
1240215504.0427246,nan,-2.599150997185241e-19
1240215504.0429688,nan,-2.555954897183962e-19
1240215504.043213,nan,-2.5746959637758416e-19
1240215504.043457,nan,-2.6443847868733356e-19
1240215504.0437012,nan,-2.759336118140214e-19
1240215504.0439453,nan,-2.8776402910812536e-19
1240215504.0441895,nan,-2.9297351758060443e-19
1240215504.0444336,nan,-2.933492260137674e-19
1240215504.0446777,nan,-2.896300230093485e-19
1240215504.0449219,nan,-2.851767507730553e-19
1240215504.045166,nan,-2.8608960327890046e-19
1240215504.0454102,nan,-2.93180794363166e-19
1240215504.0456543,nan,-3.0439608558078625e-19
1240215504.0458984,nan,-3.1454048632959346e-19
1240215504.0461426,nan,-3.2087591606135893e-19
1240215504.0463867,nan,-3.2057412316784254e-19
1240215504.0466309,nan,-3.158978595529411e-19
1240215504.046875,nan,-3.1225899907360916e-19
1240215504.0471191,nan,-3.117749867432809e-19
1240215504.0473633,nan,-3.1842021170822675e-19
1240215504.0476074,nan,-3.294973085338619e-19
1240215504.0478516,nan,-3.3934166004522997e-19
1240215504.0480957,nan,-3.4514476805629625e-19
1240215504.0483398,nan,-3.449321448633818e-19
1240215504.048584,nan,-3.3965070910526716e-19
1240215504.0488281,nan,-3.3438464462906054e-19
1240215504.0490723,nan,-3.3515837346866123e-19
1240215504.0493164,nan,-3.4055217816625423e-19
1240215504.0495605,nan,-3.510154191670285e-19
1240215504.0498047,nan,-3.6153526387507396e-19
1240215504.0500488,nan,-3.651850213283975e-19
1240215504.050293,nan,-3.6484838564713334e-19
1240215504.050537,nan,-3.5991087872929023e-19
1240215504.0507812,nan,-3.540469133892187e-19
1240215504.0510254,nan,-3.5333041306285596e-19
1240215504.0512695,nan,-3.592467031732522e-19
1240215504.0515137,nan,-3.6961378746610756e-19
1240215504.0517578,nan,-3.7843050397188123e-19
1240215504.052002,nan,-3.829057857034331e-19
1240215504.052246,nan,-3.816908628819715e-19
1240215504.0524902,nan,-3.7555976187479476e-19
1240215504.0527344,nan,-3.7009017851718804e-19
1240215504.0529785,nan,-3.689496149592552e-19
1240215504.0532227,nan,-3.7365068802465806e-19
1240215504.0534668,nan,-3.8295268666610704e-19
1240215504.053711,nan,-3.9159098746058657e-19
1240215504.053955,nan,-3.9620300508995203e-19
1240215504.0541992,nan,-3.9480384296959885e-19
1240215504.0544434,nan,-3.8788451351819764e-19
1240215504.0546875,nan,-3.8138146086642864e-19
1240215504.0549316,nan,-3.7991274085607143e-19
1240215504.0551758,nan,-3.846106859795015e-19
1240215504.05542,nan,-3.932943458233886e-19
1240215504.055664,nan,-4.0145163461028726e-19
1240215504.0559082,nan,-4.049801467622793e-19
1240215504.0561523,nan,-4.0278151032555814e-19
1240215504.0563965,nan,-3.9630268899000865e-19
1240215504.0566406,nan,-3.889729226345108e-19
1240215504.0568848,nan,-3.8643742762633745e-19
1240215504.057129,nan,-3.9111730493219566e-19
1240215504.057373,nan,-3.9904345456509717e-19
1240215504.0576172,nan,-4.063722377593924e-19
1240215504.0578613,nan,-4.103526067576325e-19
1240215504.0581055,nan,-4.070441293738483e-19
1240215504.0583496,nan,-3.9949995966412176e-19
1240215504.0585938,nan,-3.9239170269081335e-19
1240215504.058838,nan,-3.8905173897857424e-19
1240215504.059082,nan,-3.9275755856328114e-19
1240215504.0593262,nan,-4.0037466231771187e-19
1240215504.0595703,nan,-4.072605724702563e-19
1240215504.0598145,nan,-4.102572962327061e-19
1240215504.0600586,nan,-4.0694170755097504e-19
1240215504.0603027,nan,-3.986724200479643e-19
1240215504.0605469,nan,-3.912120480023602e-19
1240215504.060791,nan,-3.8818088251688274e-19
1240215504.0610352,nan,-3.899535914277297e-19
1240215504.0612793,nan,-3.9750637275642823e-19
1240215504.0615234,nan,-4.046313996878354e-19
1240215504.0617676,nan,-4.063058976147014e-19
1240215504.0620117,nan,-4.026149051218008e-19
1240215504.0622559,nan,-3.942225449594004e-19
1240215504.0625,nan,-3.8598026493969783e-19
1240215504.0627441,nan,-3.8159188431145217e-19
1240215504.0629883,nan,-3.835984584558345e-19
1240215504.0632324,nan,-3.902079785685551e-19
1240215504.0634766,nan,-3.9686792954824663e-19
1240215504.0637207,nan,-3.9841132034771193e-19
1240215504.0639648,nan,-3.933494664705538e-19
1240215504.064209,nan,-3.856461870104366e-19
1240215504.0644531,nan,-3.758015808647741e-19
1240215504.0646973,nan,-3.711228557328082e-19
1240215504.0649414,nan,-3.73760416074633e-19
1240215504.0651855,nan,-3.7861805059130223e-19
1240215504.0654297,nan,-3.8470993798871356e-19
1240215504.0656738,nan,-3.856288215601973e-19
1240215504.065918,nan,-3.8087415297128447e-19
1240215504.066162,nan,-3.7221084578076797e-19
1240215504.0664062,nan,-3.6146659403312874e-19
1240215504.0666504,nan,-3.5640800577424755e-19
1240215504.0668945,nan,-3.576018321353306e-19
1240215504.0671387,nan,-3.6273586760291327e-19
1240215504.0673828,nan,-3.689472643909963e-19
1240215504.067627,nan,-3.692790139202241e-19
1240215504.067871,nan,-3.637552019315929e-19
1240215504.0681152,nan,-3.544936775023188e-19
1240215504.0683594,nan,-3.4356748054190286e-19
1240215504.0686035,nan,-3.374351946576664e-19
1240215504.0688477,nan,-3.3840855372005644e-19
1240215504.0690918,nan,-3.431858840623538e-19
1240215504.069336,nan,-3.4773524952942417e-19
1240215504.06958,nan,-3.4880624131488107e-19
1240215504.0698242,nan,-3.428276358381513e-19
1240215504.0700684,nan,-3.316334615071714e-19
1240215504.0703125,nan,-3.216349325196265e-19
1240215504.0705566,nan,-3.151343990973846e-19
1240215504.0708008,nan,-3.153253229424217e-19
1240215504.071045,nan,-3.202596045574474e-19
1240215504.071289,nan,-3.237331349193087e-19
1240215504.0715332,nan,-3.246714939730855e-19
1240215504.0717773,nan,-3.182106570939305e-19
1240215504.0720215,nan,-3.065685794459481e-19
1240215504.0722656,nan,-2.965063494659299e-19
1240215504.0725098,nan,-2.8844513292151565e-19
1240215504.072754,nan,-2.877729643771731e-19
1240215504.072998,nan,-2.928204634193346e-19
1240215504.0732422,nan,-2.9576937347519015e-19
1240215504.0734863,nan,-2.954432601858994e-19
1240215504.0737305,nan,-2.897270088448702e-19
1240215504.0739746,nan,-2.7749905248515667e-19
1240215504.0742188,nan,-2.660581503917261e-19
1240215504.074463,nan,-2.597801930862309e-19
1240215504.074707,nan,-2.5733861106529764e-19
1240215504.0749512,nan,-2.6124978650923365e-19
1240215504.0751953,nan,-2.6557615726353965e-19
1240215504.0754395,nan,-2.6418775515056108e-19
1240215504.0756836,nan,-2.5741194432201674e-19
1240215504.0759277,nan,-2.4575265458935176e-19
1240215504.0761719,nan,-2.341043122852283e-19
1240215504.076416,nan,-2.2614367598099673e-19
1240215504.0766602,nan,-2.246405921833506e-19
1240215504.0769043,nan,-2.2788963010019834e-19
1240215504.0771484,nan,-2.3095087243904316e-19
1240215504.0773926,nan,-2.3065392844437447e-19
1240215504.0776367,nan,-2.2284126530799943e-19
1240215504.0778809,nan,-2.1066818446596305e-19
1240215504.078125,nan,-1.9874174774125765e-19
1240215504.0783691,nan,-1.90286257817775e-19
1240215504.0786133,nan,-1.889861535482299e-19
1240215504.0788574,nan,-1.9154899794763368e-19
1240215504.0791016,nan,-1.944022240194324e-19
1240215504.0793457,nan,-1.9314650494884535e-19
1240215504.0795898,nan,-1.8562883400296208e-19
1240215504.079834,nan,-1.7374985402269201e-19
1240215504.0800781,nan,-1.6026693696083597e-19
1240215504.0803223,nan,-1.522011399152389e-19
1240215504.0805664,nan,-1.5065426025035368e-19
1240215504.0808105,nan,-1.5264220475429195e-19
1240215504.0810547,nan,-1.5584448772562667e-19
1240215504.0812988,nan,-1.5376458658523744e-19
1240215504.081543,nan,-1.4629116851971454e-19
1240215504.081787,nan,-1.3422231961716916e-19
1240215504.0820312,nan,-1.206275693906247e-19
1240215504.0822754,nan,-1.1288005604353087e-19
1240215504.0825195,nan,-1.1052846657784923e-19
1240215504.0827637,nan,-1.1267145112975782e-19
1240215504.0830078,nan,-1.1472136424556912e-19
1240215504.083252,nan,-1.128036237080806e-19
1240215504.083496,nan,-1.0598490574513182e-19
1240215504.0837402,nan,-9.246119052031079e-20
1240215504.0839844,nan,-7.964819805015258e-20
1240215504.0842285,nan,-7.104331204586842e-20
1240215504.0844727,nan,-6.789716669791613e-20
1240215504.0847168,nan,-7.129824175392908e-20
1240215504.084961,nan,-7.284425175173506e-20
1240215504.085205,nan,-7.06330500359797e-20
1240215504.0854492,nan,-6.362013345557187e-20
1240215504.0856934,nan,-4.9782590753338275e-20
1240215504.0859375,nan,-3.664324004702018e-20
1240215504.0861816,nan,-2.841751824792591e-20
1240215504.0864258,nan,-2.5515509512243473e-20
1240215504.08667,nan,-2.786375927562856e-20
1240215504.086914,nan,-3.0198559542248665e-20
1240215504.0871582,nan,-2.78261804240209e-20
1240215504.0874023,nan,-2.0134621850353216e-20
1240215504.0876465,nan,-7.481088066914275e-21
1240215504.0878906,nan,6.172471380750863e-21
1240215504.0881348,nan,1.4692392768851074e-20
1240215504.088379,nan,1.7451306912222396e-20
1240215504.088623,nan,1.5911431696869722e-20
1240215504.0888672,nan,1.3150373744014067e-20
1240215504.0891113,nan,1.4911002085714072e-20
1240215504.0893555,nan,2.3337015911056732e-20
1240215504.0895996,nan,3.621755224317205e-20
1240215504.0898438,nan,4.9507410432525944e-20
1240215504.090088,nan,5.816558823719308e-20
1240215504.090332,nan,6.066051531985438e-20
1240215504.0905762,nan,5.957243310691741e-20
1240215504.0908203,nan,5.67439513989663e-20
1240215504.0910645,nan,5.806051562485537e-20
1240215504.0913086,nan,6.597257672687578e-20
1240215504.0915527,nan,7.875440007410736e-20
1240215504.0917969,nan,9.315687695652453e-20
1240215504.092041,nan,1.0121882989054511e-19
1240215504.0922852,nan,1.0314669134714904e-19
1240215504.0925293,nan,1.0189502573196782e-19
1240215504.0927734,nan,9.973679574416447e-20
1240215504.0930176,nan,1.0143811971696996e-19
1240215504.0932617,nan,1.0830175572062335e-19
1240215504.0935059,nan,1.20905193042046e-19
1240215504.09375,nan,1.3504233270706787e-19
1240215504.0939941,nan,1.4308016869161302e-19
1240215504.0942383,nan,1.4574954443584182e-19
1240215504.0944824,nan,1.44662647578295e-19
1240215504.0947266,nan,1.4097920106729307e-19
1240215504.0949707,nan,1.423043134159089e-19
1240215504.0952148,nan,1.500736864484758e-19
1240215504.095459,nan,1.6183886363279065e-19
1240215504.0957031,nan,1.7563089120904636e-19
1240215504.0959473,nan,1.840406277296455e-19
1240215504.0961914,nan,1.8634263764522476e-19
1240215504.0964355,nan,1.8422859492151526e-19
1240215504.0966797,nan,1.8079665862808146e-19
1240215504.0969238,nan,1.8288905419406728e-19
1240215504.097168,nan,1.8952873903714343e-19
1240215504.097412,nan,2.016786684518398e-19
1240215504.0976562,nan,2.1561738080537288e-19
1240215504.0979004,nan,2.2304587549767073e-19
1240215504.0981445,nan,2.2529937679768562e-19
1240215504.0983887,nan,2.2331518841284053e-19
1240215504.0986328,nan,2.195511843699328e-19
1240215504.098877,nan,2.204183856411668e-19
1240215504.099121,nan,2.277213251654313e-19
1240215504.0993652,nan,2.3923639170502037e-19
1240215504.0996094,nan,2.514783052504263e-19
1240215504.0998535,nan,2.600090820750201e-19
1240215504.1000977,nan,2.6199385424479965e-19
1240215504.1003418,nan,2.590175456857251e-19
1240215504.100586,nan,2.5550008213556397e-19
1240215504.10083,nan,2.5589337205733676e-19
1240215504.1010742,nan,2.628608181729667e-19
1240215504.1013184,nan,2.74112167507799e-19
1240215504.1015625,nan,2.8570097586802754e-19
1240215504.1018066,nan,2.9393583238213895e-19
1240215504.1020508,nan,2.9532711747539564e-19
1240215504.102295,nan,2.9247533522004774e-19
1240215504.102539,nan,2.890262138494898e-19
1240215504.1027832,nan,2.885407517252893e-19
1240215504.1030273,nan,2.950963610232389e-19
1240215504.1032715,nan,3.057834327567858e-19
1240215504.1035156,nan,3.171958070170822e-19
1240215504.1037598,nan,3.254562532145109e-19
1240215504.104004,nan,3.258572294538136e-19
1240215504.104248,nan,3.2261856777327227e-19
1240215504.1044922,nan,3.193268621423916e-19
1240215504.1047363,nan,3.177857165867306e-19
1240215504.1049805,nan,3.2356616681077393e-19
1240215504.1052246,nan,3.341941253407313e-19
1240215504.1054688,nan,3.4481361576780302e-19
1240215504.105713,nan,3.5296143314599945e-19
1240215504.105957,nan,3.5351199074096444e-19
1240215504.1062012,nan,3.4919861801368897e-19
1240215504.1064453,nan,3.4530835476496894e-19
1240215504.1066895,nan,3.4383906671299236e-19
1240215504.1069336,nan,3.488914571054936e-19
1240215504.1071777,nan,3.5908359517583705e-19
1240215504.1074219,nan,3.7002717372616646e-19
1240215504.107666,nan,3.769424952762319e-19
1240215504.1079102,nan,3.769601949794722e-19
1240215504.1081543,nan,3.7303624722269696e-19
1240215504.1083984,nan,3.67449852768012e-19
1240215504.1086426,nan,3.658800812943077e-19
1240215504.1088867,nan,3.7090550822569556e-19
1240215504.1091309,nan,3.797285618902059e-19
1240215504.109375,nan,3.909428781690814e-19
1240215504.1096191,nan,3.974159685054127e-19
1240215504.1098633,nan,3.967879515609686e-19
1240215504.1101074,nan,3.916930980822003e-19
1240215504.1103516,nan,3.8545371554200666e-19
1240215504.1105957,nan,3.838472314650111e-19
1240215504.1108398,nan,3.8805737360764176e-19
1240215504.111084,nan,3.97046902592617e-19
1240215504.1113281,nan,4.0677088880165987e-19
1240215504.1115723,nan,4.1222512347614435e-19
1240215504.1118164,nan,4.116151409116374e-19
1240215504.1120605,nan,4.066738998405726e-19
1240215504.1123047,nan,4.007959738768646e-19
1240215504.1125488,nan,3.977581947462131e-19
1240215504.112793,nan,4.0109934461145215e-19
1240215504.113037,nan,4.0924628869588595e-19
1240215504.1132812,nan,4.1815242297069146e-19
1240215504.1135254,nan,4.243330420943289e-19
1240215504.1137695,nan,4.2335300211232744e-19
1240215504.1140137,nan,4.1630006162769517e-19
1240215504.1142578,nan,4.099676317139529e-19
1240215504.114502,nan,4.0698347996779376e-19
1240215504.114746,nan,4.0901454877021054e-19
1240215504.1149902,nan,4.1754431813836746e-19
1240215504.1152344,nan,4.2622058652669546e-19
1240215504.1154785,nan,4.3064203990045993e-19
1240215504.1157227,nan,4.2924344564305447e-19
1240215504.1159668,nan,4.2220513118011434e-19
1240215504.116211,nan,4.1511889828898376e-19
1240215504.116455,nan,4.1107223421434602e-19
1240215504.1166992,nan,4.1289582024737407e-19
1240215504.1169434,nan,4.207611219886626e-19
1240215504.1171875,nan,4.2847446262080043e-19
1240215504.1174316,nan,4.331283258020266e-19
1240215504.1176758,nan,4.308813243025558e-19
1240215504.11792,nan,4.2325654315290676e-19
1240215504.118164,nan,4.1589686960711196e-19
1240215504.1184082,nan,4.108781271010299e-19
1240215504.1186523,nan,4.127104316242666e-19
1240215504.1188965,nan,4.1962182018598616e-19
1240215504.1191406,nan,4.2683076086223663e-19
1240215504.1193848,nan,4.3029257919660487e-19
1240215504.119629,nan,4.2744502570431415e-19
1240215504.119873,nan,4.199364860920712e-19
1240215504.1201172,nan,4.11575684546047e-19
1240215504.1203613,nan,4.0677082297033116e-19
1240215504.1206055,nan,4.0715345142981785e-19
1240215504.1208496,nan,4.126659046609088e-19
1240215504.1210938,nan,4.1993489023652535e-19
1240215504.121338,nan,4.2283856971518634e-19
1240215504.121582,nan,4.198430197253709e-19
1240215504.1218262,nan,4.1171716541869177e-19
1240215504.1220703,nan,4.0230524060666377e-19
1240215504.1223145,nan,3.9723183046079714e-19
1240215504.1225586,nan,3.9737612272448407e-19
1240215504.1228027,nan,4.023505261200619e-19
1240215504.1230469,nan,4.0918980729171644e-19
1240215504.123291,nan,4.1149299935117147e-19
1240215504.1235352,nan,4.0746413448593176e-19
1240215504.1237793,nan,3.9951174145840947e-19
1240215504.1240234,nan,3.895913349960677e-19
1240215504.1242676,nan,3.828583172044222e-19
1240215504.1245117,nan,3.828983886088328e-19
1240215504.1247559,nan,3.8782508620938756e-19
1240215504.125,nan,3.9336440036955734e-19
1240215504.1252441,nan,3.951414606370149e-19
1240215504.1254883,nan,3.9121547744690345e-19
1240215504.1257324,nan,3.820011914378559e-19
1240215504.1259766,nan,3.713340961602933e-19
1240215504.1262207,nan,3.64678753477791e-19
1240215504.1264648,nan,3.6395370870701053e-19
1240215504.126709,nan,3.679261516705496e-19
1240215504.1269531,nan,3.7318821026612364e-19
1240215504.1271973,nan,3.7501695976879156e-19
1240215504.1274414,nan,3.699779244895695e-19
1240215504.1276855,nan,3.6022845155493715e-19
1240215504.1279297,nan,3.4965472360168847e-19
1240215504.1281738,nan,3.4222474541401476e-19
1240215504.128418,nan,3.4129529011645516e-19
1240215504.128662,nan,3.4478245178222186e-19
1240215504.1289062,nan,3.4898745588810277e-19
1240215504.1291504,nan,3.503282790118674e-19
1240215504.1293945,nan,3.4527415086776036e-19
1240215504.1296387,nan,3.3484723446271515e-19
1240215504.1298828,nan,3.238256025504149e-19
1240215504.130127,nan,3.159682020392337e-19
1240215504.130371,nan,3.1412748921922444e-19
1240215504.1306152,nan,3.172319004557698e-19
1240215504.1308594,nan,3.216892415560192e-19
1240215504.1311035,nan,3.2190612099146546e-19
1240215504.1313477,nan,3.1591401101231536e-19
1240215504.1315918,nan,3.0633961511468368e-19
1240215504.131836,nan,2.9413783028663564e-19
1240215504.13208,nan,2.8585025990831313e-19
1240215504.1323242,nan,2.8397785555029677e-19
1240215504.1325684,nan,2.860212476452789e-19
1240215504.1328125,nan,2.902448600655288e-19
1240215504.1330566,nan,2.899355382021951e-19
1240215504.1333008,nan,2.8402469339255246e-19
1240215504.133545,nan,2.7389904116397566e-19
1240215504.133789,nan,2.6118128407238836e-19
1240215504.1340332,nan,2.522721734337413e-19
1240215504.1342773,nan,2.5015867845956097e-19
1240215504.1345215,nan,2.5192295972254316e-19
1240215504.1347656,nan,2.55094121229612e-19
1240215504.1350098,nan,2.556709231206541e-19
1240215504.135254,nan,2.489291906664884e-19
1240215504.135498,nan,2.373686811411163e-19
1240215504.1357422,nan,2.251169059537706e-19
1240215504.1359863,nan,2.1594015005744585e-19
1240215504.1362305,nan,2.1279430421615856e-19
1240215504.1364746,nan,2.1488340399730144e-19
1240215504.1367188,nan,2.1799269467968384e-19
1240215504.136963,nan,2.176567225729878e-19
1240215504.137207,nan,2.1140794296208703e-19
1240215504.1374512,nan,1.9918652530845847e-19
1240215504.1376953,nan,1.8644345622022104e-19
1240215504.1379395,nan,1.7736906237691955e-19
1240215504.1381836,nan,1.73613288883645e-19
1240215504.1384277,nan,1.7566040556557787e-19
1240215504.1386719,nan,1.782301546466817e-19
1240215504.138916,nan,1.7716637500373937e-19
1240215504.1391602,nan,1.7089701171186682e-19
1240215504.1394043,nan,1.5888269028965984e-19
1240215504.1396484,nan,1.453975022143245e-19
1240215504.1398926,nan,1.3633214017588766e-19
1240215504.1401367,nan,1.3283236232324083e-19
1240215504.1403809,nan,1.3373661671726226e-19
1240215504.140625,nan,1.3604398395076096e-19
1240215504.1408691,nan,1.3518349435017136e-19
1240215504.1411133,nan,1.2894468658459136e-19
1240215504.1413574,nan,1.1651354393872355e-19
1240215504.1416016,nan,1.0332044671041704e-19
1240215504.1418457,nan,9.354551488876343e-20
1240215504.1420898,nan,8.870667007430109e-20
1240215504.142334,nan,9.119233763163519e-20
1240215504.1425781,nan,9.3613342974484e-20
1240215504.1428223,nan,9.180679970887257e-20
1240215504.1430664,nan,8.492261397437597e-20
1240215504.1433105,nan,7.280071428652949e-20
1240215504.1435547,nan,6.024054984548514e-20
1240215504.1437988,nan,4.959764545599524e-20
1240215504.144043,nan,4.555978416928047e-20
1240215504.144287,nan,4.6809659912349116e-20
1240215504.1445312,nan,4.810506458644134e-20
1240215504.1447754,nan,4.781636901006065e-20
1240215504.1450195,nan,4.095936299310835e-20
1240215504.1452637,nan,2.823847358185936e-20
1240215504.1455078,nan,1.504817749609691e-20
1240215504.145752,nan,4.9093531010157756e-21
1240215504.145996,nan,9.993026228038204e-22
1240215504.1462402,nan,1.6591492553457565e-21
1240215504.1464844,nan,4.1293526129695806e-21
1240215504.1467285,nan,3.151807128229638e-21
1240215504.1469727,nan,-4.642827284598932e-21
1240215504.1472168,nan,-1.61758451428328e-20
1240215504.147461,nan,-2.919984011678361e-20
1240215504.147705,nan,-4.005664811985978e-20
1240215504.1479492,nan,-4.398817145737601e-20
1240215504.1481934,nan,-4.318962568638323e-20
1240215504.1484375,nan,-4.128905424903062e-20
1240215504.1486816,nan,-4.202430283320844e-20
1240215504.1489258,nan,-4.928769534579158e-20
1240215504.14917,nan,-6.038103351379245e-20
1240215504.149414,nan,-7.399936172632815e-20
1240215504.1496582,nan,-8.550124835382672e-20
1240215504.1499023,nan,-8.895699706585009e-20
1240215504.1501465,nan,-8.747018008260159e-20
1240215504.1503906,nan,-8.537566100751623e-20
1240215504.1506348,nan,-8.666915241107555e-20
1240215504.150879,nan,-9.336681267647854e-20
1240215504.151123,nan,-1.0497352898216015e-19
1240215504.1513672,nan,-1.1832153504078175e-19
1240215504.1516113,nan,-1.2800750395029789e-19
1240215504.1518555,nan,-1.3274183670222383e-19
1240215504.1520996,nan,-1.3107507932672278e-19
1240215504.1523438,nan,-1.2906028414377288e-19
1240215504.152588,nan,-1.3066081739326185e-19
1240215504.152832,nan,-1.356900293643555e-19
1240215504.1530762,nan,-1.48521736819815e-19
1240215504.1533203,nan,-1.6161177324911258e-19
1240215504.1535645,nan,-1.702324306450839e-19
1240215504.1538086,nan,-1.7536927516854607e-19
1240215504.1540527,nan,-1.7378810747559969e-19
1240215504.1542969,nan,-1.7024974931875197e-19
1240215504.154541,nan,-1.7132416677382983e-19
1240215504.1547852,nan,-1.7864770311464906e-19
1240215504.1550293,nan,-1.8964686286618074e-19
1240215504.1552734,nan,-2.0172110510628071e-19
1240215504.1555176,nan,-2.1229781840092316e-19
1240215504.1557617,nan,-2.1555035955081203e-19
1240215504.1560059,nan,-2.1381661891546915e-19
1240215504.15625,nan,-2.1154964409945978e-19
1240215504.1564941,nan,-2.1142161149977762e-19
1240215504.1567383,nan,-2.178360028994624e-19
1240215504.1569824,nan,-2.2880568144722594e-19
1240215504.1572266,nan,-2.414163585906984e-19
1240215504.1574707,nan,-2.5107732936721088e-19
1240215504.1577148,nan,-2.534276920251557e-19
1240215504.157959,nan,-2.518008470533239e-19
1240215504.1582031,nan,-2.486555831914167e-19
1240215504.1584473,nan,-2.4865586709602756e-19
1240215504.1586914,nan,-2.5471426646366663e-19
1240215504.1589355,nan,-2.651399073899648e-19
1240215504.1591797,nan,-2.774972369501061e-19
1240215504.1594238,nan,-2.8651679202229454e-19
1240215504.159668,nan,-2.900838225009157e-19
1240215504.159912,nan,-2.873566147439098e-19
1240215504.1601562,nan,-2.8279143277549657e-19
1240215504.1604004,nan,-2.840836993662927e-19
1240215504.1606445,nan,-2.8929962240359526e-19
1240215504.1608887,nan,-2.9863397462969153e-19
1240215504.1611328,nan,-3.11107335702814e-19
1240215504.161377,nan,-3.194100635042753e-19
1240215504.161621,nan,-3.2236678938191554e-19
1240215504.1618652,nan,-3.1965787934562213e-19
1240215504.1621094,nan,-3.1547003745942966e-19
1240215504.1623535,nan,-3.1475338958248907e-19
1240215504.1625977,nan,-3.196621614227675e-19
1240215504.1628418,nan,-3.300247951974733e-19
1240215504.163086,nan,-3.4036863334462e-19
1240215504.16333,nan,-3.488739418833384e-19
1240215504.1635742,nan,-3.521867246484157e-19
1240215504.1638184,nan,-3.484010568753271e-19
1240215504.1640625,nan,-3.438395630752911e-19
1240215504.1643066,nan,-3.423774120403426e-19
1240215504.1645508,nan,-3.4654242037732486e-19
1240215504.164795,nan,-3.5643585315250537e-19
1240215504.165039,nan,-3.6705324969798208e-19
1240215504.1652832,nan,-3.748541785738433e-19
1240215504.1655273,nan,-3.7657028776033597e-19
1240215504.1657715,nan,-3.73529882779133e-19
1240215504.1660156,nan,-3.6899141799043777e-19
1240215504.1662598,nan,-3.662806684334813e-19
1240215504.166504,nan,-3.7079222578665654e-19
1240215504.166748,nan,-3.792338524224936e-19
1240215504.1669922,nan,-3.891591858047886e-19
1240215504.1672363,nan,-3.978538556164634e-19
1240215504.1674805,nan,-3.9813172818249747e-19
1240215504.1677246,nan,-3.941047757276309e-19
1240215504.1679688,nan,-3.8914375623388277e-19
1240215504.168213,nan,-3.8604585406120876e-19
1240215504.168457,nan,-3.899556216734721e-19
1240215504.1687012,nan,-3.9792133733091247e-19
1240215504.1689453,nan,-4.0783961940708174e-19
1240215504.1691895,nan,-4.1477902504750234e-19
1240215504.1694336,nan,-4.1539715423394507e-19
1240215504.1696777,nan,-4.1159212315514374e-19
1240215504.1699219,nan,-4.0465775440046534e-19
1240215504.170166,nan,-4.018007937995233e-19
1240215504.1704102,nan,-4.046547432782513e-19
1240215504.1706543,nan,-4.1187576299902684e-19
1240215504.1708984,nan,-4.219824905006119e-19
1240215504.1711426,nan,-4.273716464734542e-19
1240215504.1713867,nan,-4.2767591925498125e-19
1240215504.1716309,nan,-4.231756257766682e-19
1240215504.171875,nan,-4.1611559656263237e-19
1240215504.1721191,nan,-4.13402612452042e-19
1240215504.1723633,nan,-4.1515858048793754e-19
1240215504.1726074,nan,-4.222036213448646e-19
1240215504.1728516,nan,-4.3121098994211753e-19
1240215504.1730957,nan,-4.360331884295751e-19
1240215504.1733398,nan,-4.359632903394051e-19
1240215504.173584,nan,-4.3077610466790375e-19
1240215504.1738281,nan,-4.2337113232876143e-19
1240215504.1740723,nan,-4.1918334243269107e-19
1240215504.1743164,nan,-4.2073484603619266e-19
1240215504.1745605,nan,-4.272073252703381e-19
1240215504.1748047,nan,-4.355831555344152e-19
1240215504.1750488,nan,-4.404426338996332e-19
1240215504.175293,nan,-4.393094641416041e-19
1240215504.175537,nan,-4.3367957939240816e-19
1240215504.1757812,nan,-4.2552357986952255e-19
1240215504.1760254,nan,-4.2082081534428124e-19
1240215504.1762695,nan,-4.2206631094966123e-19
1240215504.1765137,nan,-4.2738984908065533e-19
1240215504.1767578,nan,-4.347835898906242e-19
1240215504.177002,nan,-4.393176846082122e-19
1240215504.177246,nan,-4.382219068203253e-19
1240215504.1774902,nan,-4.310878654555513e-19
1240215504.1777344,nan,-4.2280241351668757e-19
1240215504.1779785,nan,-4.1785413187281237e-19
1240215504.1782227,nan,-4.180318234807635e-19
1240215504.1784668,nan,-4.232323222428834e-19
1240215504.178711,nan,-4.296992190809754e-19
1240215504.178955,nan,-4.341559406251689e-19
1240215504.1791992,nan,-4.3184105231562893e-19
1240215504.1794434,nan,-4.2425131754844455e-19
1240215504.1796875,nan,-4.156515948841709e-19
1240215504.1799316,nan,-4.0937285718150104e-19
1240215504.1801758,nan,-4.0967250664773967e-19
1240215504.18042,nan,-4.1428876163476484e-19
1240215504.180664,nan,-4.2007332865294004e-19
1240215504.1809082,nan,-4.233880613778632e-19
1240215504.1811523,nan,-4.2095036256726346e-19
1240215504.1813965,nan,-4.128851922412928e-19
1240215504.1816406,nan,-4.0364404061342307e-19
1240215504.1818848,nan,-3.9721993455562206e-19
1240215504.182129,nan,-3.9589359455039024e-19
1240215504.182373,nan,-4.0088773197429266e-19
1240215504.1826172,nan,-4.056603522872782e-19
1240215504.1828613,nan,-4.088837482843481e-19
1240215504.1831055,nan,-4.0629439445135738e-19
1240215504.1833496,nan,-3.969108165422999e-19
1240215504.1835938,nan,-3.873875417361662e-19
1240215504.183838,nan,-3.795363366228686e-19
1240215504.184082,nan,-3.789694875487844e-19
1240215504.1843262,nan,-3.8255076413626903e-19
1240215504.1845703,nan,-3.8683990010012936e-19
1240215504.1848145,nan,-3.896972334561552e-19
1240215504.1850586,nan,-3.851965187347363e-19
1240215504.1853027,nan,-3.7739240574752157e-19
1240215504.1855469,nan,-3.662770832222465e-19
1240215504.185791,nan,-3.5823547147240676e-19
1240215504.1860352,nan,-3.5760183396257125e-19
1240215504.1862793,nan,-3.5914839122285355e-19
1240215504.1865234,nan,-3.644350896543994e-19
1240215504.1867676,nan,-3.662046109075713e-19
1240215504.1870117,nan,-3.6149749474735265e-19
1240215504.1872559,nan,-3.5277161705779636e-19
1240215504.1875,nan,-3.4117225485262213e-19
1240215504.1877441,nan,-3.33290271065234e-19
1240215504.1879883,nan,-3.304558955836384e-19
1240215504.1882324,nan,-3.3317548021702904e-19
1240215504.1884766,nan,-3.3765326403585955e-19
1240215504.1887207,nan,-3.3800716912347217e-19
1240215504.1889648,nan,-3.338594961006384e-19
1240215504.189209,nan,-3.2360176058889454e-19
1240215504.1894531,nan,-3.1192534467660674e-19
1240215504.1896973,nan,-3.0395991779672434e-19
1240215504.1899414,nan,-3.004218745673458e-19
1240215504.1901855,nan,-3.0227145199737665e-19
1240215504.1904297,nan,-3.063415438417888e-19
1240215504.1906738,nan,-3.068933367456933e-19
1240215504.190918,nan,-3.0180231725545916e-19
1240215504.191162,nan,-2.9188719025813935e-19
1240215504.1914062,nan,-2.7953045705493764e-19
1240215504.1916504,nan,-2.705523269497226e-19
1240215504.1918945,nan,-2.677129000167448e-19
1240215504.1921387,nan,-2.6832587553672156e-19
1240215504.1923828,nan,-2.715520064017817e-19
1240215504.192627,nan,-2.729537740029051e-19
1240215504.192871,nan,-2.6684719277250553e-19
1240215504.1931152,nan,-2.5630509857113917e-19
1240215504.1933594,nan,-2.4449910661122274e-19
1240215504.1936035,nan,-2.3420201230432933e-19
1240215504.1938477,nan,-2.3003937803499044e-19
1240215504.1940918,nan,-2.3174897903753965e-19
1240215504.194336,nan,-2.343176624218879e-19
1240215504.19458,nan,-2.340867407260308e-19
1240215504.1948242,nan,-2.289659899651732e-19
1240215504.1950684,nan,-2.181833078998841e-19
1240215504.1953125,nan,-2.052366401984652e-19
1240215504.1955566,nan,-1.9525444608203185e-19
1240215504.1958008,nan,-1.9097313611238562e-19
1240215504.196045,nan,-1.917247200695721e-19
1240215504.196289,nan,-1.9439804319013833e-19
1240215504.1965332,nan,-1.9386346771931698e-19
1240215504.1967773,nan,-1.8741662484025425e-19
1240215504.1970215,nan,-1.7726998095975233e-19
1240215504.1972656,nan,-1.6390485908875706e-19
1240215504.1975098,nan,-1.5333204472506198e-19
1240215504.197754,nan,-1.4995835552454106e-19
1240215504.197998,nan,-1.4923956240036234e-19
1240215504.1982422,nan,-1.516503244869123e-19
1240215504.1984863,nan,-1.5176395053046894e-19
1240215504.1987305,nan,-1.4553919857422152e-19
1240215504.1989746,nan,-1.3457478458906597e-19
1240215504.1992188,nan,-1.2002673606180339e-19
1240215504.199463,nan,-1.1016670277048158e-19
1240215504.199707,nan,-1.0628912955658106e-19
1240215504.1999512,nan,-1.0577273517877429e-19
1240215504.2001953,nan,-1.0786513475374798e-19
1240215504.2004395,nan,-1.0736197869120164e-19
1240215504.2006836,nan,-1.0088905552971195e-19
1240215504.2009277,nan,-8.935786140510309e-20
1240215504.2011719,nan,-7.613329815056114e-20
1240215504.201416,nan,-6.56772309005316e-20
1240215504.2016602,nan,-6.085157908108997e-20
1240215504.2019043,nan,-6.066812447419921e-20
1240215504.2021484,nan,-6.259656494179996e-20
1240215504.2023926,nan,-6.245110654519626e-20
1240215504.2026367,nan,-5.604303023889833e-20
1240215504.2028809,nan,-4.416838953839499e-20
1240215504.203125,nan,-3.06136539646198e-20
1240215504.2033691,nan,-1.965266760102059e-20
1240215504.2036133,nan,-1.495874645268281e-20
1240215504.2038574,nan,-1.526792990392111e-20
1240215504.2041016,nan,-1.6465289671878402e-20
1240215504.2043457,nan,-1.594996304079107e-20
1240215504.2045898,nan,-9.588355031677391e-21
1240215504.204834,nan,2.7316124881992562e-21
1240215504.2050781,nan,1.5177739899937463e-20
1240215504.2053223,nan,2.5556661231066602e-20
1240215504.2055664,nan,3.1360534331426075e-20
1240215504.2058105,nan,3.0904527786613006e-20
1240215504.2060547,nan,2.9130486441355394e-20
1240215504.2062988,nan,3.056905804617325e-20
1240215504.206543,nan,3.5924444644142125e-20
1240215504.206787,nan,4.7339841124217194e-20
1240215504.2070312,nan,6.186867568324972e-20
1240215504.2072754,nan,7.18981818915757e-20
1240215504.2075195,nan,7.727050480357022e-20
1240215504.2077637,nan,7.685482566560456e-20
1240215504.2080078,nan,7.442924739184525e-20
1240215504.208252,nan,7.58543015225164e-20
1240215504.208496,nan,8.179920795177062e-20
1240215504.2087402,nan,9.394471287572355e-20
1240215504.2089844,nan,1.067746168070954e-19
1240215504.2092285,nan,1.1692947479238804e-19
1240215504.2094727,nan,1.2280823775848888e-19
1240215504.2097168,nan,1.2194160017763715e-19
1240215504.209961,nan,1.2015631535944356e-19
1240215504.210205,nan,1.205806263604802e-19
1240215504.2104492,nan,1.2633018351327778e-19
1240215504.2106934,nan,1.3860290630210462e-19
1240215504.2109375,nan,1.5125518730219246e-19
1240215504.2111816,nan,1.6134655153616537e-19
1240215504.2114258,nan,1.6632392502806428e-19
1240215504.21167,nan,1.6592766311079318e-19
1240215504.211914,nan,1.6414333270223677e-19
1240215504.2121582,nan,1.644306008874922e-19
1240215504.2124023,nan,1.699751920188481e-19
1240215504.2126465,nan,1.8070275316223501e-19
1240215504.2128906,nan,1.9344259474054299e-19
1240215504.2131348,nan,2.045866127074344e-19
1240215504.213379,nan,2.0859999718575922e-19
1240215504.213623,nan,2.0766011342871257e-19
1240215504.2138672,nan,2.057011714794206e-19
1240215504.2141113,nan,2.0524935237889368e-19
1240215504.2143555,nan,2.1170469884033634e-19
1240215504.2145996,nan,2.2165179273476345e-19
1240215504.2148438,nan,2.3374693065327794e-19
1240215504.215088,nan,2.4451116041177907e-19
1240215504.215332,nan,2.4841784997216154e-19
1240215504.2155762,nan,2.479634949937448e-19
1240215504.2158203,nan,2.449889301498853e-19
1240215504.2160645,nan,2.4490128219237254e-19
1240215504.2163086,nan,2.5036199415830795e-19
1240215504.2165527,nan,2.605267765781566e-19
1240215504.2167969,nan,2.7323182963852927e-19
1240215504.217041,nan,2.824823437097943e-19
1240215504.2172852,nan,2.863730240815112e-19
1240215504.2175293,nan,2.850933252799844e-19
1240215504.2177734,nan,2.824568751251222e-19
1240215504.2180176,nan,2.8165598630947886e-19
1240215504.2182617,nan,2.8620943041616324e-19
1240215504.2185059,nan,2.9604739046374396e-19
1240215504.21875,nan,3.0760165797490317e-19
1240215504.2189941,nan,3.1788593278685513e-19
1240215504.2192383,nan,3.210512996736316e-19
1240215504.2194824,nan,3.1875979383300333e-19
1240215504.2197266,nan,3.154393057756014e-19
1240215504.2199707,nan,3.1464520585053745e-19
1240215504.2202148,nan,3.1950824371291367e-19
1240215504.220459,nan,3.2889077304536887e-19
1240215504.2207031,nan,3.400984436332772e-19
1240215504.2209473,nan,3.4836754825012456e-19
1240215504.2211914,nan,3.523155302618676e-19
1240215504.2214355,nan,3.5027518332632733e-19
1240215504.2216797,nan,3.4529110999712693e-19
1240215504.2219238,nan,3.4472546825412313e-19
1240215504.222168,nan,3.484596708711691e-19
1240215504.222412,nan,3.5660120749347857e-19
1240215504.2226562,nan,3.676294313307642e-19
1240215504.2229004,nan,3.7682065140240647e-19
1240215504.2231445,nan,3.7913836294515e-19
1240215504.2233887,nan,3.7654078887410165e-19
1240215504.2236328,nan,3.7248213321119207e-19
1240215504.223877,nan,3.694980091090832e-19
1240215504.224121,nan,3.7349808641812914e-19
1240215504.2243652,nan,3.820443127402866e-19
1240215504.2246094,nan,3.9200910385135277e-19
1240215504.2248535,nan,4.0027482050706084e-19
1240215504.2250977,nan,4.020242601944085e-19
1240215504.2253418,nan,3.9931910982685774e-19
1240215504.225586,nan,3.9425444553071484e-19
1240215504.22583,nan,3.912135704122312e-19
1240215504.2260742,nan,3.940531289449387e-19
1240215504.2263184,nan,4.021535916376977e-19
1240215504.2265625,nan,4.114134896392778e-19
1240215504.2268066,nan,4.1874911687604576e-19
1240215504.2270508,nan,4.212015181414632e-19
1240215504.227295,nan,4.166456953511026e-19
1240215504.227539,nan,4.114898420186307e-19
1240215504.2277832,nan,4.081937102127897e-19
1240215504.2280273,nan,4.100120898826828e-19
1240215504.2282715,nan,4.1814689553707476e-19
1240215504.2285156,nan,4.2654239334397897e-19
1240215504.2287598,nan,4.3352667726917473e-19
1240215504.229004,nan,4.348049968686894e-19
1240215504.229248,nan,4.303834833628846e-19
1240215504.2294922,nan,4.2472698257053243e-19
1240215504.2297363,nan,4.194235739605069e-19
1240215504.2299805,nan,4.215166724250285e-19
1240215504.2302246,nan,4.292242284746594e-19
1240215504.2304688,nan,4.366449656008117e-19
1240215504.230713,nan,4.430575567166266e-19
1240215504.230957,nan,4.440572090471592e-19
1240215504.2312012,nan,4.383372795352887e-19
1240215504.2314453,nan,4.3143089071497115e-19
1240215504.2316895,nan,4.2762624213572963e-19
1240215504.2319336,nan,4.282373725029965e-19
1240215504.2321777,nan,4.341703294615014e-19
1240215504.2324219,nan,4.422675145641226e-19
1240215504.232666,nan,4.476008548314303e-19
1240215504.2329102,nan,4.479842618826245e-19
1240215504.2331543,nan,4.426556797093719e-19
1240215504.2333984,nan,4.351151064507152e-19
1240215504.2336426,nan,4.298295509886732e-19
1240215504.2338867,nan,4.296877522747247e-19
1240215504.2341309,nan,4.355289953851336e-19
1240215504.234375,nan,4.424231466115409e-19
1240215504.2346191,nan,4.475396349929034e-19
1240215504.2348633,nan,4.470502774351879e-19
1240215504.2351074,nan,4.407157176457349e-19
1240215504.2353516,nan,4.3285415191906134e-19
1240215504.2355957,nan,4.2649674514725483e-19
1240215504.2358398,nan,4.2632316946479755e-19
1240215504.236084,nan,4.312569712613084e-19
1240215504.2363281,nan,4.380692321557171e-19
1240215504.2365723,nan,4.424076080088825e-19
1240215504.2368164,nan,4.407460065307016e-19
1240215504.2370605,nan,4.348799196178001e-19
1240215504.2373047,nan,4.2552270969126506e-19
1240215504.2375488,nan,4.186955859932244e-19
1240215504.237793,nan,4.1844736691529103e-19
1240215504.238037,nan,4.2224367313800824e-19
1240215504.2382812,nan,4.2829532324933483e-19
1240215504.2385254,nan,4.3198721972581263e-19
1240215504.2387695,nan,4.3020363202492745e-19
1240215504.2390137,nan,4.233196130459693e-19
1240215504.2392578,nan,4.141666098419135e-19
1240215504.239502,nan,4.0670117320979156e-19
1240215504.239746,nan,4.045057233114839e-19
1240215504.2399902,nan,4.0894208160852934e-19
1240215504.2402344,nan,4.1444027196815966e-19
1240215504.2404785,nan,4.172295318694269e-19
1240215504.2407227,nan,4.150273790723713e-19
1240215504.2409668,nan,4.0663348052061283e-19
1240215504.241211,nan,3.971322703109754e-19
1240215504.241455,nan,3.8956135127485344e-19
1240215504.2416992,nan,3.8718361610691034e-19
1240215504.2419434,nan,3.8995797997560783e-19
1240215504.2421875,nan,3.945455516496077e-19
1240215504.2424316,nan,3.9760612808267833e-19
1240215504.2426758,nan,3.9431355242006633e-19
1240215504.24292,nan,3.8659206579762376e-19
1240215504.243164,nan,3.766097810976113e-19
1240215504.2434082,nan,3.6740232015876346e-19
1240215504.2436523,nan,3.6475685064530063e-19
1240215504.2438965,nan,3.671671393003156e-19
1240215504.2441406,nan,3.7136808810564685e-19
1240215504.2443848,nan,3.7314868260241574e-19
1240215504.244629,nan,3.6976711995343036e-19
1240215504.244873,nan,3.612709163076579e-19
1240215504.2451172,nan,3.5029916062167065e-19
1240215504.2453613,nan,3.415673995288138e-19
1240215504.2456055,nan,3.3750187463485325e-19
1240215504.2458496,nan,3.397638025946697e-19
1240215504.2460938,nan,3.4428915207147525e-19
1240215504.246338,nan,3.451516982943438e-19
1240215504.246582,nan,3.4149217576460197e-19
1240215504.2468262,nan,3.321677556532051e-19
1240215504.2470703,nan,3.2039163944202267e-19
1240215504.2473145,nan,3.114208290360961e-19
1240215504.2475586,nan,3.073010373153948e-19
1240215504.2478027,nan,3.086986317099395e-19
1240215504.2480469,nan,3.117173516934322e-19
1240215504.248291,nan,3.1316686817428086e-19
1240215504.2485352,nan,3.0846278631570753e-19
1240215504.2487793,nan,2.984506821378403e-19
1240215504.2490234,nan,2.8827660523616814e-19
1240215504.2492676,nan,2.7747239332812177e-19
1240215504.2495117,nan,2.7255592758514204e-19
1240215504.2497559,nan,2.7509497239840796e-19
1240215504.25,nan,2.7714178358895147e-19
1240215504.2502441,nan,2.7744650780647063e-19
1240215504.2504883,nan,2.7302438172357104e-19
1240215504.2507324,nan,2.628746470804494e-19
1240215504.2509766,nan,2.5123497352502584e-19
1240215504.2512207,nan,2.4042002793279707e-19
1240215504.2514648,nan,2.3563475182411504e-19
1240215504.251709,nan,2.3693716408310652e-19
1240215504.2519531,nan,2.3869930338878103e-19
1240215504.2521973,nan,2.3901165029825447e-19
1240215504.2524414,nan,2.342288606885261e-19
1240215504.2526855,nan,2.234440188309137e-19
1240215504.2529297,nan,2.1142648384049227e-19
1240215504.2531738,nan,2.0119988499154248e-19
1240215504.253418,nan,1.9589454069546019e-19
1240215504.253662,nan,1.9592241981327968e-19
1240215504.2539062,nan,1.981191782694584e-19
1240215504.2541504,nan,1.9782461710482833e-19
1240215504.2543945,nan,1.9269978612140967e-19
1240215504.2546387,nan,1.8284861223994575e-19
1240215504.2548828,nan,1.6989205154741548e-19
1240215504.255127,nan,1.5853454182377754e-19
1240215504.255371,nan,1.5284583280649471e-19
1240215504.2556152,nan,1.534068428257617e-19
1240215504.2558594,nan,1.5563861067678067e-19
1240215504.2561035,nan,1.5485098324098434e-19
1240215504.2563477,nan,1.4957154099594408e-19
1240215504.2565918,nan,1.388288478163525e-19
1240215504.256836,nan,1.2559479304228657e-19
1240215504.25708,nan,1.1438883759717556e-19
1240215504.2573242,nan,1.0829336821236687e-19
1240215504.2575684,nan,1.0868714627390972e-19
1240215504.2578125,nan,1.107203419717195e-19
1240215504.2580566,nan,1.0954835864151176e-19
1240215504.2583008,nan,1.0388644939475563e-19
1240215504.258545,nan,9.341912199935616e-20
1240215504.258789,nan,8.03880341061198e-20
1240215504.2590332,nan,6.947506970949197e-20
1240215504.2592773,nan,6.33392359670392e-20
1240215504.2595215,nan,6.291756736735611e-20
1240215504.2597656,nan,6.474781951622147e-20
1240215504.2600098,nan,6.39563245130197e-20
1240215504.260254,nan,5.823936779071893e-20
1240215504.260498,nan,4.7060469114562784e-20
1240215504.2607422,nan,3.4043169370372035e-20
1240215504.2609863,nan,2.2910199550489342e-20
1240215504.2612305,nan,1.6904384071876822e-20
1240215504.2614746,nan,1.6751543569212512e-20
1240215504.2617188,nan,1.7837422768885318e-20
1240215504.261963,nan,1.773923304403812e-20
1240215504.262207,nan,1.1911842302942347e-20
1240215504.2624512,nan,4.416379643422662e-22
1240215504.2626953,nan,-1.2094762990992962e-20
1240215504.2629395,nan,-2.4065902547466045e-20
1240215504.2631836,nan,-2.991277536437336e-20
1240215504.2634277,nan,-3.015486262287479e-20
1240215504.2636719,nan,-2.84962783579766e-20
1240215504.263916,nan,-2.8912954636496866e-20
1240215504.2641602,nan,-3.51411698108968e-20
1240215504.2644043,nan,-4.6079542812148806e-20
1240215504.2646484,nan,-5.897907654783515e-20
1240215504.2648926,nan,-7.014966058783052e-20
1240215504.2651367,nan,-7.61248702960571e-20
1240215504.2653809,nan,-7.649731175352567e-20
1240215504.265625,nan,-7.514152588527885e-20
1240215504.2658691,nan,-7.529597611691124e-20
1240215504.2661133,nan,-8.039989412169184e-20
1240215504.2663574,nan,-9.175474148346092e-20
1240215504.2666016,nan,-1.048156961130243e-19
1240215504.2668457,nan,-1.1618206177864602e-19
1240215504.2670898,nan,-1.2212592023522344e-19
1240215504.267334,nan,-1.2236280561049932e-19
1240215504.2675781,nan,-1.2029398648157432e-19
1240215504.2678223,nan,-1.20442944039887e-19
1240215504.2680664,nan,-1.26430824056617e-19
1240215504.2683105,nan,-1.3630346495182843e-19
1240215504.2685547,nan,-1.4930010051915122e-19
1240215504.2687988,nan,-1.6098898318789124e-19
1240215504.269043,nan,-1.660039435631266e-19
1240215504.269287,nan,-1.6611192134260299e-19
1240215504.2695312,nan,-1.6445972996514082e-19
1240215504.2697754,nan,-1.6452433328632868e-19
1240215504.2700195,nan,-1.6927714386869484e-19
1240215504.2702637,nan,-1.799553174983655e-19
1240215504.2705078,nan,-1.9271559685923386e-19
1240215504.270752,nan,-2.0329978566494291e-19
1240215504.270996,nan,-2.0908594759925366e-19
1240215504.2712402,nan,-2.088389475401566e-19
1240215504.2714844,nan,-2.064641250709712e-19
1240215504.2717285,nan,-2.0643025059751096e-19
1240215504.2719727,nan,-2.1107124387725967e-19
1240215504.2722168,nan,-2.205901643719712e-19
1240215504.272461,nan,-2.338908514929861e-19
1240215504.272705,nan,-2.438183314499174e-19
1240215504.2729492,nan,-2.4843206798325805e-19
1240215504.2731934,nan,-2.493920526197462e-19
1240215504.2734375,nan,-2.4573022229205567e-19
1240215504.2736816,nan,-2.4525780395862337e-19
1240215504.2739258,nan,-2.5026961731535124e-19
1240215504.27417,nan,-2.5918904981998677e-19
1240215504.274414,nan,-2.7185260841309995e-19
1240215504.2746582,nan,-2.8219406733354715e-19
1240215504.2749023,nan,-2.8656117832401474e-19
1240215504.2751465,nan,-2.855806746321502e-19
1240215504.2753906,nan,-2.8295541731567934e-19
1240215504.2756348,nan,-2.819015827125522e-19
1240215504.275879,nan,-2.857082624719171e-19
1240215504.276123,nan,-2.954702838099537e-19
1240215504.2763672,nan,-3.0703628657402296e-19
1240215504.2766113,nan,-3.1698568317037605e-19
1240215504.2768555,nan,-3.2114022807910915e-19
1240215504.2770996,nan,-3.1952039504924593e-19
1240215504.2773438,nan,-3.17324513498486e-19
1240215504.277588,nan,-3.1518561266341636e-19
1240215504.277832,nan,-3.1809041358480605e-19
1240215504.2780762,nan,-3.28149583406833e-19
1240215504.2783203,nan,-3.3876989200773245e-19
1240215504.2785645,nan,-3.4837483430281212e-19
1240215504.2788086,nan,-3.522999791007476e-19
1240215504.2790527,nan,-3.50727712589302e-19
1240215504.2792969,nan,-3.4710620744162617e-19
1240215504.279541,nan,-3.4434354451913014e-19
1240215504.2797852,nan,-3.4788125971088935e-19
1240215504.2800293,nan,-3.559651795685166e-19
1240215504.2802734,nan,-3.6685344249767256e-19
1240215504.2805176,nan,-3.76063218522642e-19
1240215504.2807617,nan,-3.791491919396082e-19
1240215504.2810059,nan,-3.778041005679684e-19
1240215504.28125,nan,-3.72615743096214e-19
1240215504.2814941,nan,-3.697351524559337e-19
1240215504.2817383,nan,-3.7366729318071463e-19
1240215504.2819824,nan,-3.8070248294509913e-19
1240215504.2822266,nan,-3.9035185881905903e-19
1240215504.2824707,nan,-3.997639339541024e-19
1240215504.2827148,nan,-4.023085394967794e-19
1240215504.282959,nan,-3.997704717496165e-19
1240215504.2832031,nan,-3.947232693837959e-19
1240215504.2834473,nan,-3.9141356411892204e-19
1240215504.2836914,nan,-3.9399949637851377e-19
1240215504.2839355,nan,-4.007810815083032e-19
1240215504.2841797,nan,-4.1081178398566103e-19
1240215504.2844238,nan,-4.190976662940229e-19
1240215504.284668,nan,-4.2090549997402433e-19
1240215504.284912,nan,-4.1752469303663387e-19
1240215504.2851562,nan,-4.126083956845824e-19
1240215504.2854004,nan,-4.0854524472415613e-19
1240215504.2856445,nan,-4.096741354873103e-19
1240215504.2858887,nan,-4.1696275969194317e-19
1240215504.2861328,nan,-4.256670047853511e-19
1240215504.286377,nan,-4.329173294964274e-19
1240215504.286621,nan,-4.354196577422669e-19
1240215504.2868652,nan,-4.313329528309931e-19
1240215504.2871094,nan,-4.2505167311711165e-19
1240215504.2873535,nan,-4.207703416978153e-19
1240215504.2875977,nan,-4.2172942113827233e-19
1240215504.2878418,nan,-4.282108900103218e-19
1240215504.288086,nan,-4.3571807225475665e-19
1240215504.28833,nan,-4.426304468691105e-19
1240215504.2885742,nan,-4.442994549679146e-19
1240215504.2888184,nan,-4.394350327989015e-19
1240215504.2890625,nan,-4.3343237172408665e-19
1240215504.2893066,nan,-4.278878065728038e-19
1240215504.2895508,nan,-4.280014664486397e-19
1240215504.289795,nan,-4.342907374107268e-19
1240215504.290039,nan,-4.416402734574504e-19
1240215504.2902832,nan,-4.477446213397553e-19
1240215504.2905273,nan,-4.484918412322316e-19
1240215504.2907715,nan,-4.44058515269751e-19
1240215504.2910156,nan,-4.365949763723754e-19
1240215504.2912598,nan,-4.302939926984494e-19
1240215504.291504,nan,-4.3069442709604027e-19
1240215504.291748,nan,-4.353140837744498e-19
1240215504.2919922,nan,-4.416699996054353e-19
1240215504.2922363,nan,-4.478555107855709e-19
1240215504.2924805,nan,-4.481916885584804e-19
1240215504.2927246,nan,-4.420858822345647e-19
1240215504.2929688,nan,-4.342121238434068e-19
1240215504.293213,nan,-4.2887379570135596e-19
1240215504.293457,nan,-4.277032225215021e-19
1240215504.2937012,nan,-4.3133409808862157e-19
1240215504.2939453,nan,-4.380174009136557e-19
1240215504.2941895,nan,-4.431613196230383e-19
1240215504.2944336,nan,-4.429034574165435e-19
1240215504.2946777,nan,-4.36295730701992e-19
1240215504.2949219,nan,-4.2754440525291306e-19
1240215504.295166,nan,-4.212631762386813e-19
1240215504.2954102,nan,-4.197196687605671e-19
1240215504.2956543,nan,-4.2255755723787553e-19
1240215504.2958984,nan,-4.2884477755311847e-19
1240215504.2961426,nan,-4.337577241391973e-19
1240215504.2963867,nan,-4.3240426610791174e-19
1240215504.2966309,nan,-4.256638875587374e-19
1240215504.296875,nan,-4.160380623172966e-19
1240215504.2971191,nan,-4.0907581106570967e-19
1240215504.2973633,nan,-4.0701202457093767e-19
1240215504.2976074,nan,-4.095948067696839e-19
1240215504.2978516,nan,-4.153099573796763e-19
1240215504.2980957,nan,-4.18867152387648e-19
1240215504.2983398,nan,-4.171074161310919e-19
1240215504.298584,nan,-4.1004166190250146e-19
1240215504.2988281,nan,-4.001922866325868e-19
1240215504.2990723,nan,-3.92303762465334e-19
1240215504.2993164,nan,-3.895031250739602e-19
1240215504.2995605,nan,-3.9234454936876147e-19
1240215504.2998047,nan,-3.9720668948045967e-19
1240215504.3000488,nan,-3.994021645946383e-19
1240215504.300293,nan,-3.977014892488709e-19
1240215504.300537,nan,-3.9044589737296493e-19
1240215504.3007812,nan,-3.7950755656158207e-19
1240215504.3010254,nan,-3.7119367878570183e-19
1240215504.3012695,nan,-3.672628548544867e-19
1240215504.3015137,nan,-3.6906687436956043e-19
1240215504.3017578,nan,-3.744900020274679e-19
1240215504.302002,nan,-3.7666821402953516e-19
1240215504.302246,nan,-3.736095480514529e-19
1240215504.3024902,nan,-3.6606175641840196e-19
1240215504.3027344,nan,-3.551886263725482e-19
1240215504.3029785,nan,-3.4552710328483896e-19
1240215504.3032227,nan,-3.4217472522555475e-19
1240215504.3034668,nan,-3.4334520875735573e-19
1240215504.303711,nan,-3.465902198653331e-19
1240215504.303955,nan,-3.4903847059395373e-19
1240215504.3041992,nan,-3.461050452223279e-19
1240215504.3044434,nan,-3.3741484707303314e-19
1240215504.3046875,nan,-3.254158547853937e-19
1240215504.3049316,nan,-3.1617476907324113e-19
1240215504.3051758,nan,-3.121249379848372e-19
1240215504.30542,nan,-3.1237083486288357e-19
1240215504.305664,nan,-3.166189286993981e-19
1240215504.3059082,nan,-3.1790046671120827e-19
1240215504.3061523,nan,-3.1409424619786266e-19
1240215504.3063965,nan,-3.052077393116989e-19
1240215504.3066406,nan,-2.9307209143102574e-19
1240215504.3068848,nan,-2.832672181272747e-19
1240215504.307129,nan,-2.777453731486455e-19
1240215504.307373,nan,-2.789989729889877e-19
1240215504.3076172,nan,-2.817678089088692e-19
1240215504.3078613,nan,-2.8279781605763476e-19
1240215504.3081055,nan,-2.793814664511555e-19
1240215504.3083496,nan,-2.691549096875553e-19
1240215504.3085938,nan,-2.5793776898501255e-19
1240215504.308838,nan,-2.46637356241302e-19
1240215504.309082,nan,-2.412731982774342e-19
1240215504.3093262,nan,-2.4235245988221846e-19
1240215504.3095703,nan,-2.4358023918673e-19
1240215504.3098145,nan,-2.450787976426943e-19
1240215504.3100586,nan,-2.4111754834408905e-19
1240215504.3103027,nan,-2.310678703076916e-19
1240215504.3105469,nan,-2.185967900708464e-19
1240215504.310791,nan,-2.075078093046551e-19
1240215504.3110352,nan,-2.0219588140581193e-19
1240215504.3112793,nan,-2.0128034529872754e-19
1240215504.3115234,nan,-2.034124454401582e-19
1240215504.3117676,nan,-2.047166892100833e-19
1240215504.3120117,nan,-2.004883365778792e-19
1240215504.3122559,nan,-1.897276124162583e-19
1240215504.3125,nan,-1.7700372438462878e-19
1240215504.3127441,nan,-1.666812874324864e-19
1240215504.3129883,nan,-1.5986582846462666e-19
1240215504.3132324,nan,-1.5936346400448663e-19
1240215504.3134766,nan,-1.616119159274585e-19
1240215504.3137207,nan,-1.6191378592890948e-19
1240215504.3139648,nan,-1.5738053234835055e-19
1240215504.314209,nan,-1.470773264869971e-19
1240215504.3144531,nan,-1.3388576061391954e-19
1240215504.3146973,nan,-1.2214324639248114e-19
1240215504.3149414,nan,-1.1634364054311972e-19
1240215504.3151855,nan,-1.1480092228466154e-19
1240215504.3154297,nan,-1.1722914601111786e-19
1240215504.3156738,nan,-1.1814201099523295e-19
1240215504.315918,nan,-1.1199579531699352e-19
1240215504.316162,nan,-1.021243782396864e-19
1240215504.3164062,nan,-8.877144759103746e-20
1240215504.3166504,nan,-7.730341036703542e-20
1240215504.3168945,nan,-7.120257186613004e-20
1240215504.3171387,nan,-6.916125333047256e-20
1240215504.3173828,nan,-7.180916451623641e-20
1240215504.317627,nan,-7.227570019578929e-20
1240215504.317871,nan,-6.625093862578835e-20
1240215504.3181152,nan,-5.609898056585166e-20
1240215504.3183594,nan,-4.3000432290245134e-20
1240215504.3186035,nan,-3.1021770534992285e-20
1240215504.3188477,nan,-2.4426017699773062e-20
1240215504.3190918,nan,-2.3188365779974503e-20
1240215504.319336,nan,-2.484039070090765e-20
1240215504.31958,nan,-2.5386313334030413e-20
1240215504.3198242,nan,-2.092173232162871e-20
1240215504.3200684,nan,-9.49351554357671e-21
1240215504.3203125,nan,4.331879957084376e-21
1240215504.3205566,nan,1.5059995049661712e-20
1240215504.3208008,nan,2.1964284131783818e-20
1240215504.321045,nan,2.3517305016748467e-20
1240215504.321289,nan,2.1466564025946316e-20
1240215504.3215332,nan,2.1700967589091524e-20
1240215504.3217773,nan,2.6722031437871187e-20
1240215504.3220215,nan,3.680075077174515e-20
1240215504.3222656,nan,5.01518984486074e-20
1240215504.3225098,nan,6.232219585312402e-20
1240215504.322754,nan,6.925082477875039e-20
1240215504.322998,nan,7.01270472494132e-20
1240215504.3232422,nan,6.814279202257744e-20
1240215504.3234863,nan,6.817597288757733e-20
1240215504.3237305,nan,7.296490989415231e-20
1240215504.3239746,nan,8.33029404740457e-20
1240215504.3242188,nan,9.687482882438344e-20
1240215504.324463,nan,1.083909137006769e-19
1240215504.324707,nan,1.1510496809941367e-19
1240215504.3249512,nan,1.1615410243310639e-19
1240215504.3251953,nan,1.1377812495738012e-19
1240215504.3254395,nan,1.136416287014294e-19
1240215504.3256836,nan,1.1815731463727482e-19
1240215504.3259277,nan,1.288566014663198e-19
1240215504.3261719,nan,1.4282904247520813e-19
1240215504.326416,nan,1.5299845006471312e-19
1240215504.3266602,nan,1.595683668344093e-19
1240215504.3269043,nan,1.6104894921604215e-19
1240215504.3271484,nan,1.5881002344570646e-19
1240215504.3273926,nan,1.5824270843341197e-19
1240215504.3276367,nan,1.6244156836050694e-19
1240215504.3278809,nan,1.733881685917739e-19
1240215504.328125,nan,1.8553997858486548e-19
1240215504.3283691,nan,1.9701180352536943e-19
1240215504.3286133,nan,2.0408814032016735e-19
1240215504.3288574,nan,2.0398920373232552e-19
1240215504.3291016,nan,2.0156051773002014e-19
1240215504.3293457,nan,2.003564305759112e-19
1240215504.3295898,nan,2.0554201346093196e-19
1240215504.329834,nan,2.150407323804399e-19
1240215504.3300781,nan,2.271458609885997e-19
1240215504.3303223,nan,2.389972850229606e-19
1240215504.3305664,nan,2.4475426017140316e-19
1240215504.3308105,nan,2.4542583830753316e-19
1240215504.3310547,nan,2.4275350801988087e-19
1240215504.3312988,nan,2.4156876797851715e-19
1240215504.331543,nan,2.4511798131764015e-19
1240215504.331787,nan,2.5498063409341287e-19
1240215504.3320312,nan,2.6800899559325415e-19
1240215504.3322754,nan,2.776088408472662e-19
1240215504.3325195,nan,2.8360992642702254e-19
1240215504.3327637,nan,2.8389218788647063e-19
1240215504.3330078,nan,2.8045484543510807e-19
1240215504.333252,nan,2.791190386068983e-19
1240215504.333496,nan,2.8239413843075174e-19
1240215504.3337402,nan,2.9198880506938155e-19
1240215504.3339844,nan,3.041527266776114e-19
1240215504.3342285,nan,3.1380906324272667e-19
1240215504.3344727,nan,3.1932957857110916e-19
1240215504.3347168,nan,3.194110403049744e-19
1240215504.334961,nan,3.1612507550538968e-19
1240215504.335205,nan,3.1354920518795186e-19
1240215504.3354492,nan,3.162380792353391e-19
1240215504.3356934,nan,3.258288726085027e-19
1240215504.3359375,nan,3.371515431619678e-19
1240215504.3361816,nan,3.472593876012879e-19
1240215504.3364258,nan,3.5218856030173137e-19
1240215504.33667,nan,3.512912670315611e-19
1240215504.336914,nan,3.4802799942623634e-19
1240215504.3371582,nan,3.4476921444211234e-19
1240215504.3374023,nan,3.4727715589831855e-19
1240215504.3376465,nan,3.5601743469272347e-19
1240215504.3378906,nan,3.673661868443075e-19
1240215504.3381348,nan,3.7659821480421384e-19
1240215504.338379,nan,3.8069704003805544e-19
1240215504.338623,nan,3.799761954373439e-19
1240215504.3388672,nan,3.750337008960859e-19
1240215504.3391113,nan,3.7182303391138524e-19
1240215504.3393555,nan,3.7467102718761093e-19
1240215504.3395996,nan,3.825744431320266e-19
1240215504.3398438,nan,3.9250476685023025e-19
1240215504.340088,nan,4.0176035012950105e-19
1240215504.340332,nan,4.0575727899430833e-19
1240215504.3405762,nan,4.0351535284040877e-19
1240215504.3408203,nan,3.9918295526813736e-19
1240215504.3410645,nan,3.9525013871769127e-19
1240215504.3413086,nan,3.9621297995937737e-19
1240215504.3415527,nan,4.0393260765009017e-19
1240215504.3417969,nan,4.1420679021756844e-19
1240215504.342041,nan,4.222828993491907e-19
1240215504.3422852,nan,4.260991666176794e-19
1240215504.3425293,nan,4.2393425449597156e-19
1240215504.3427734,nan,4.1814828255784273e-19
1240215504.3430176,nan,4.1407330693748643e-19
1240215504.3432617,nan,4.147941129372305e-19
1240215504.3435059,nan,4.215729520554268e-19
1240215504.34375,nan,4.314094348571523e-19
1240215504.3439941,nan,4.388716993693346e-19
1240215504.3442383,nan,4.414383808331451e-19
1240215504.3444824,nan,4.391114180221434e-19
1240215504.3447266,nan,4.328780911163562e-19
1240215504.3449707,nan,4.278105064079463e-19
1240215504.3452148,nan,4.284784459750427e-19
1240215504.345459,nan,4.339294644270033e-19
1240215504.3457031,nan,4.431890900453435e-19
1240215504.3459473,nan,4.509499537300367e-19
1240215504.3461914,nan,4.524469184411672e-19
1240215504.3464355,nan,4.497025430896e-19
1240215504.3466797,nan,4.427667459630618e-19
1240215504.3469238,nan,4.367085836442248e-19
1240215504.347168,nan,4.370880066230551e-19
1240215504.347412,nan,4.418089767470561e-19
1240215504.3476562,nan,4.505416827755638e-19
1240215504.3479004,nan,4.578921095898261e-19
1240215504.3481445,nan,4.584038314788759e-19
1240215504.3483887,nan,4.549538916848733e-19
1240215504.3486328,nan,4.475445987517984e-19
1240215504.348877,nan,4.405181670838768e-19
1240215504.349121,nan,4.402280657371822e-19
1240215504.3493652,nan,4.448704531059685e-19
1240215504.3496094,nan,4.525369680437431e-19
1240215504.3498535,nan,4.589668086274574e-19
1240215504.3500977,nan,4.596325360300322e-19
1240215504.3503418,nan,4.557582282869334e-19
1240215504.350586,nan,4.472659318359064e-19
1240215504.35083,nan,4.398123758592032e-19
1240215504.3510742,nan,4.389249922297266e-19
1240215504.3513184,nan,4.426807966158844e-19
1240215504.3515625,nan,4.499683760061246e-19
1240215504.3518066,nan,4.553028268027437e-19
1240215504.3520508,nan,4.556345709140965e-19
1240215504.352295,nan,4.508179772850364e-19
1240215504.352539,nan,4.41782523546098e-19
1240215504.3527832,nan,4.345071844310161e-19
1240215504.3530273,nan,4.3199660696425873e-19
1240215504.3532715,nan,4.351984875510342e-19
1240215504.3535156,nan,4.423222935127612e-19
1240215504.3537598,nan,4.471580476060871e-19
1240215504.354004,nan,4.465385704827028e-19
1240215504.354248,nan,4.411156595063994e-19
1240215504.3544922,nan,4.32183367032269e-19
1240215504.3547363,nan,4.230593975643273e-19
1240215504.3549805,nan,4.2024252562068e-19
1240215504.3552246,nan,4.2418453597822553e-19
1240215504.3554688,nan,4.28753585067647e-19
1240215504.355713,nan,4.3359131571101604e-19
1240215504.355957,nan,4.337284484312885e-19
1240215504.3562012,nan,4.2598636011108453e-19
1240215504.3564453,nan,4.1701013288636726e-19
1240215504.3566895,nan,4.0767797308452487e-19
1240215504.3569336,nan,4.034963947748823e-19
1240215504.3571777,nan,4.0685940714485023e-19
1240215504.3574219,nan,4.1132162682352904e-19
1240215504.357666,nan,4.1551268430161357e-19
1240215504.3579102,nan,4.1427482822997784e-19
1240215504.3581543,nan,4.0692481218936233e-19
1240215504.3583984,nan,3.9691782044259923e-19
1240215504.3586426,nan,3.872123921168966e-19
1240215504.3588867,nan,3.8252971598515955e-19
1240215504.3591309,nan,3.843085748854228e-19
1240215504.359375,nan,3.8999373741528485e-19
1240215504.3596191,nan,3.9255532502274744e-19
1240215504.3598633,nan,3.906370975187353e-19
1240215504.3601074,nan,3.839261339776146e-19
1240215504.3603516,nan,3.720256368771722e-19
1240215504.3605957,nan,3.622783553796414e-19
1240215504.3608398,nan,3.5778704216356077e-19
1240215504.361084,nan,3.5852163650460487e-19
1240215504.3613281,nan,3.627309764747433e-19
1240215504.3615723,nan,3.6530478270912003e-19
1240215504.3618164,nan,3.6348568770247753e-19
1240215504.3620605,nan,3.5528235000195913e-19
1240215504.3623047,nan,3.4360949503799594e-19
1240215504.3625488,nan,3.329907131970798e-19
1240215504.362793,nan,3.273694336266628e-19
1240215504.363037,nan,3.2808965747012737e-19
1240215504.3632812,nan,3.3167214863804636e-19
1240215504.3635254,nan,3.342960347661527e-19
1240215504.3637695,nan,3.3205240546442933e-19
1240215504.3640137,nan,3.232399435753244e-19
1240215504.3642578,nan,3.1053112602603983e-19
1240215504.364502,nan,2.9948630028754905e-19
1240215504.364746,nan,2.944794810238835e-19
1240215504.3649902,nan,2.9428270054367156e-19
1240215504.3652344,nan,2.9707325228285706e-19
1240215504.3654785,nan,2.993024842155596e-19
1240215504.3657227,nan,2.9583875303686965e-19
1240215504.3659668,nan,2.8699207671882056e-19
1240215504.366211,nan,2.7480995824978514e-19
1240215504.366455,nan,2.6296321693804993e-19
1240215504.3666992,nan,2.566877667996115e-19
1240215504.3669434,nan,2.567520537438487e-19
1240215504.3671875,nan,2.5923358516872096e-19
1240215504.3674316,nan,2.609257898263586e-19
1240215504.3676758,nan,2.5738075545666257e-19
1240215504.36792,nan,2.4716387085433144e-19
1240215504.368164,nan,2.346306479499422e-19
1240215504.3684082,nan,2.2331184576610655e-19
1240215504.3686523,nan,2.1627496078377082e-19
1240215504.3688965,nan,2.153986415347509e-19
1240215504.3691406,nan,2.1830632279791576e-19
1240215504.3693848,nan,2.1914045813927736e-19
1240215504.369629,nan,2.1517500697974101e-19
1240215504.369873,nan,2.060672216574196e-19
1240215504.3701172,nan,1.9284372189663743e-19
1240215504.3703613,nan,1.8066746615195276e-19
1240215504.3706055,nan,1.733376848204297e-19
1240215504.3708496,nan,1.7219880697306402e-19
1240215504.3710938,nan,1.7410822003668116e-19
1240215504.371338,nan,1.7534717683963171e-19
1240215504.371582,nan,1.7169571567598948e-19
1240215504.3718262,nan,1.6127980519293902e-19
1240215504.3720703,nan,1.4813995743407222e-19
1240215504.3723145,nan,1.3527597835974557e-19
1240215504.3725586,nan,1.2786726191263058e-19
1240215504.3728027,nan,1.2642681181879058e-19
1240215504.3730469,nan,1.2834775772966e-19
1240215504.373291,nan,1.299941629009506e-19
1240215504.3735352,nan,1.2494438040664867e-19
1240215504.3737793,nan,1.1461881716262342e-19
1240215504.3740234,nan,1.0157019296548487e-19
1240215504.3742676,nan,8.891238815063726e-20
1240215504.3745117,nan,8.128646091818722e-20
1240215504.3747559,nan,7.95033701996126e-20
1240215504.375,nan,8.104391546372764e-20
1240215504.3752441,nan,8.159049010353573e-20
1240215504.3754883,nan,7.789590465876827e-20
1240215504.3757324,nan,6.762857218137794e-20
1240215504.3759766,nan,5.3440590857336043e-20
1240215504.3762207,nan,4.058131267291374e-20
1240215504.3764648,nan,3.27903474093045e-20
1240215504.376709,nan,3.134588887178393e-20
1240215504.3769531,nan,3.2776718771262516e-20
1240215504.3771973,nan,3.307408779510621e-20
1240215504.3774414,nan,2.922505498397051e-20
1240215504.3776855,nan,1.8997582522973922e-20
1240215504.3779297,nan,4.6983872870406715e-21
1240215504.3781738,nan,-7.924011183800934e-21
1240215504.378418,nan,-1.577344533603358e-20
1240215504.378662,nan,-1.816685559253894e-20
1240215504.3789062,nan,-1.6237777694749986e-20
1240215504.3791504,nan,-1.5443502184164737e-20
1240215504.3793945,nan,-1.9613559918495184e-20
1240215504.3796387,nan,-2.996453170889045e-20
1240215504.3798828,nan,-4.3949166643673184e-20
1240215504.380127,nan,-5.66656768955406e-20
1240215504.380371,nan,-6.526692541364812e-20
1240215504.3806152,nan,-6.675426484231081e-20
1240215504.3808594,nan,-6.490557437503803e-20
1240215504.3811035,nan,-6.460167961013751e-20
1240215504.3813477,nan,-6.74893533219099e-20
1240215504.3815918,nan,-7.896810342933692e-20
1240215504.381836,nan,-9.324647079963259e-20
1240215504.38208,nan,-1.0494351573769197e-19
1240215504.3823242,nan,-1.1364066322341868e-19
1240215504.3825684,nan,-1.1475799046304452e-19
1240215504.3828125,nan,-1.1327564361949328e-19
1240215504.3830566,nan,-1.125504988211196e-19
1240215504.3833008,nan,-1.1593226800366787e-19
1240215504.383545,nan,-1.2625091435563891e-19
1240215504.383789,nan,-1.4014210093696797e-19
1240215504.3840332,nan,-1.5352429537993956e-19
1240215504.3842773,nan,-1.6074241635137125e-19
1240215504.3845215,nan,-1.6199221322066585e-19
1240215504.3847656,nan,-1.6026280354640877e-19
1240215504.3850098,nan,-1.5956519298392302e-19
1240215504.385254,nan,-1.6336689042642162e-19
1240215504.385498,nan,-1.728269113999163e-19
1240215504.3857422,nan,-1.8659839600488486e-19
1240215504.3859863,nan,-1.990550227615484e-19
1240215504.3862305,nan,-2.0708446515742704e-19
1240215504.3864746,nan,-2.080620464813737e-19
1240215504.3867188,nan,-2.055537717850417e-19
1240215504.386963,nan,-2.0443355548339986e-19
1240215504.387207,nan,-2.075221384850917e-19
1240215504.3874512,nan,-2.1787391988687413e-19
1240215504.3876953,nan,-2.313172427235414e-19
1240215504.3879395,nan,-2.4374634850891994e-19
1240215504.3881836,nan,-2.5082878522355185e-19
1240215504.3884277,nan,-2.5117902815063565e-19
1240215504.3886719,nan,-2.49264475683655e-19
1240215504.388916,nan,-2.4758274879650143e-19
1240215504.3891602,nan,-2.502135325736035e-19
1240215504.3894043,nan,-2.603508937755962e-19
1240215504.3896484,nan,-2.72929329807665e-19
1240215504.3898926,nan,-2.847083190165982e-19
1240215504.3901367,nan,-2.918770964402362e-19
1240215504.3903809,nan,-2.920502637303983e-19
1240215504.390625,nan,-2.895811607890843e-19
1240215504.3908691,nan,-2.881204454999924e-19
1240215504.3911133,nan,-2.907342627665898e-19
1240215504.3913574,nan,-2.989846741815214e-19
1240215504.3916016,nan,-3.122051999579768e-19
1240215504.3918457,nan,-3.242885484672905e-19
1240215504.3920898,nan,-3.300091112181252e-19
1240215504.392334,nan,-3.30911725636391e-19
1240215504.3925781,nan,-3.2750949627638444e-19
1240215504.3928223,nan,-3.247460056099927e-19
1240215504.3930664,nan,-3.275371303499263e-19
1240215504.3933105,nan,-3.351814988954723e-19
1240215504.3935547,nan,-3.4758886197339025e-19
1240215504.3937988,nan,-3.593259549497405e-19
1240215504.394043,nan,-3.6479305087498656e-19
1240215504.394287,nan,-3.650647666495013e-19
1240215504.3945312,nan,-3.61744052429705e-19
1240215504.3947754,nan,-3.585292432106831e-19
1240215504.3950195,nan,-3.600196611214735e-19
1240215504.3952637,nan,-3.6769274324067514e-19
1240215504.3955078,nan,-3.800374258114761e-19
1240215504.395752,nan,-3.9039330222606643e-19
1240215504.395996,nan,-3.958386229739888e-19
1240215504.3962402,nan,-3.957819911376126e-19
1240215504.3964844,nan,-3.9094970204917154e-19
1240215504.3967285,nan,-3.8748094683696227e-19
1240215504.3969727,nan,-3.891004497151789e-19
1240215504.3972168,nan,-3.9625394758810007e-19
1240215504.397461,nan,-4.0724943633652413e-19
1240215504.397705,nan,-4.1739933192829406e-19
1240215504.3979492,nan,-4.226207983110261e-19
1240215504.3981934,nan,-4.2204161981461726e-19
1240215504.3984375,nan,-4.172873934292652e-19
1240215504.3986816,nan,-4.1268053733156666e-19
1240215504.3989258,nan,-4.1257716214318087e-19
1240215504.39917,nan,-4.197914609558058e-19
1240215504.399414,nan,-4.3080460621535153e-19
1240215504.3996582,nan,-4.398321655659142e-19
1240215504.3999023,nan,-4.449189083442171e-19
1240215504.4001465,nan,-4.433123579427695e-19
1240215504.4003906,nan,-4.376263335131828e-19
1240215504.4006348,nan,-4.3299420268125894e-19
1240215504.400879,nan,-4.3291724952572216e-19
1240215504.401123,nan,-4.391749692567246e-19
1240215504.4013672,nan,-4.486942245251208e-19
1240215504.4016113,nan,-4.580102953466236e-19
1240215504.4018555,nan,-4.621930529700381e-19
1240215504.4020996,nan,-4.60100764316307e-19
1240215504.4023438,nan,-4.539217077376012e-19
1240215504.402588,nan,-4.484718110839135e-19
1240215504.402832,nan,-4.48058028844975e-19
1240215504.4030762,nan,-4.526614758664964e-19
1240215504.4033203,nan,-4.621736289021508e-19
1240215504.4035645,nan,-4.710149942700568e-19
1240215504.4038086,nan,-4.74632066519085e-19
1240215504.4040527,nan,-4.715756062645499e-19
1240215504.4042969,nan,-4.646766978299854e-19
1240215504.404541,nan,-4.590988881047396e-19
1240215504.4047852,nan,-4.573423262089087e-19
1240215504.4050293,nan,-4.619398137466483e-19
1240215504.4052734,nan,-4.700752461941086e-19
1240215504.4055176,nan,-4.781889692937034e-19
1240215504.4057617,nan,-4.812804152241714e-19
1240215504.4060059,nan,-4.769681628384057e-19
1240215504.40625,nan,-4.704611053317003e-19
1240215504.4064941,nan,-4.640493287789719e-19
1240215504.4067383,nan,-4.611055945247326e-19
1240215504.4069824,nan,-4.649337475458919e-19
1240215504.4072266,nan,-4.732776689175049e-19
1240215504.4074707,nan,-4.8052390093892115e-19
1240215504.4077148,nan,-4.820672315758752e-19
1240215504.407959,nan,-4.782946241885926e-19
1240215504.4082031,nan,-4.708896358766153e-19
1240215504.4084473,nan,-4.634712931754092e-19
1240215504.4086914,nan,-4.600787076944153e-19
1240215504.4089355,nan,-4.630174219279405e-19
1240215504.4091797,nan,-4.707438506092411e-19
1240215504.4094238,nan,-4.76592222469228e-19
1240215504.409668,nan,-4.792982168596629e-19
1240215504.409912,nan,-4.746844058524733e-19
1240215504.4101562,nan,-4.644916825898755e-19
1240215504.4104004,nan,-4.58095844757707e-19
1240215504.4106445,nan,-4.53328523070451e-19
1240215504.4108887,nan,-4.555287981879378e-19
1240215504.4111328,nan,-4.632378534015367e-19
1240215504.411377,nan,-4.675077230241278e-19
1240215504.411621,nan,-4.697629114746498e-19
1240215504.4118652,nan,-4.644007242911638e-19
1240215504.4121094,nan,-4.546468004288444e-19
1240215504.4123535,nan,-4.46046756170416e-19
1240215504.4125977,nan,-4.41041071284003e-19
1240215504.4128418,nan,-4.437495161534235e-19
1240215504.413086,nan,-4.489589992737731e-19
1240215504.41333,nan,-4.545311505354721e-19
1240215504.4135742,nan,-4.551618471400328e-19
1240215504.4138184,nan,-4.486874325582207e-19
1240215504.4140625,nan,-4.388586112852335e-19
1240215504.4143066,nan,-4.292653976446893e-19
1240215504.4145508,nan,-4.2446649206624904e-19
1240215504.414795,nan,-4.2508980434013076e-19
1240215504.415039,nan,-4.304516682751582e-19
1240215504.4152832,nan,-4.354034788110749e-19
1240215504.4155273,nan,-4.350089320570978e-19
1240215504.4157715,nan,-4.28915461746346e-19
1240215504.4160156,nan,-4.18193386494234e-19
1240215504.4162598,nan,-4.075968983490073e-19
1240215504.416504,nan,-4.021563873359261e-19
1240215504.416748,nan,-4.0267591069793044e-19
1240215504.4169922,nan,-4.0677940073659573e-19
1240215504.4172363,nan,-4.1110629425632625e-19
1240215504.4174805,nan,-4.1065958676633467e-19
1240215504.4177246,nan,-4.035258900878587e-19
1240215504.4179688,nan,-3.9247934461985036e-19
1240215504.418213,nan,-3.8163560156195214e-19
1240215504.418457,nan,-3.751919542103477e-19
1240215504.4187012,nan,-3.7517486089100043e-19
1240215504.4189453,nan,-3.7937793537156277e-19
1240215504.4191895,nan,-3.8219053431215035e-19
1240215504.4194336,nan,-3.811636768090675e-19
1240215504.4196777,nan,-3.739543219556766e-19
1240215504.4199219,nan,-3.617535212655964e-19
1240215504.420166,nan,-3.5098139431949645e-19
1240215504.4204102,nan,-3.437030720898671e-19
1240215504.4206543,nan,-3.430470625422447e-19
1240215504.4208984,nan,-3.471003195526328e-19
1240215504.4211426,nan,-3.489215147464326e-19
1240215504.4213867,nan,-3.477927973585026e-19
1240215504.4216309,nan,-3.39841110647207e-19
1240215504.421875,nan,-3.272951130950999e-19
1240215504.4221191,nan,-3.159594925151916e-19
1240215504.4223633,nan,-3.078560245718456e-19
1240215504.4226074,nan,-3.075087981916113e-19
1240215504.4228516,nan,-3.09957727993024e-19
1240215504.4230957,nan,-3.1145602584475154e-19
1240215504.4233398,nan,-3.1055316429691867e-19
1240215504.423584,nan,-3.019527249401728e-19
1240215504.4238281,nan,-2.8919941781133066e-19
1240215504.4240723,nan,-2.767260956243567e-19
1240215504.4243164,nan,-2.6866665400679815e-19
1240215504.4245605,nan,-2.670555377513804e-19
1240215504.4248047,nan,-2.6891399067825705e-19
1240215504.4250488,nan,-2.7162099477262315e-19
1240215504.425293,nan,-2.6932247976335382e-19
1240215504.425537,nan,-2.600608916597721e-19
1240215504.4257812,nan,-2.46714510726082e-19
1240215504.4260254,nan,-2.3403204647583445e-19
1240215504.4262695,nan,-2.2603779040096714e-19
1240215504.4265137,nan,-2.240265042074405e-19
1240215504.4267578,nan,-2.2599753991079125e-19
1240215504.427002,nan,-2.2755561094888105e-19
1240215504.427246,nan,-2.2452018318839897e-19
1240215504.4274902,nan,-2.1553022919582702e-19
1240215504.4277344,nan,-2.0266434408034886e-19
1240215504.4279785,nan,-1.888125476043914e-19
1240215504.4282227,nan,-1.800922360275069e-19
1240215504.4284668,nan,-1.7825337637343973e-19
1240215504.428711,nan,-1.793686263085883e-19
1240215504.428955,nan,-1.8084030465516016e-19
1240215504.4291992,nan,-1.7768790868212575e-19
1240215504.4294434,nan,-1.684644011631838e-19
1240215504.4296875,nan,-1.5504047350225333e-19
1240215504.4299316,nan,-1.4113981013959692e-19
1240215504.4301758,nan,-1.3278496850292495e-19
1240215504.43042,nan,-1.296178733559936e-19
1240215504.430664,nan,-1.3080336268001864e-19
1240215504.4309082,nan,-1.3242089274979694e-19
1240215504.4311523,nan,-1.2912148412273951e-19
1240215504.4313965,nan,-1.1952077344987425e-19
1240215504.4316406,nan,-1.0555347262151408e-19
1240215504.4318848,nan,-9.178726015263541e-20
1240215504.432129,nan,-8.211652625450873e-20
1240215504.432373,nan,-7.934199073969604e-20
1240215504.4326172,nan,-8.070747510494357e-20
1240215504.4328613,nan,-8.196474459880799e-20
1240215504.4331055,nan,-7.915366789937235e-20
1240215504.4333496,nan,-6.907793354975952e-20
1240215504.4335938,nan,-5.468835601140842e-20
1240215504.433838,nan,-4.112662492103383e-20
1240215504.434082,nan,-3.202680754036193e-20
1240215504.4343262,nan,-2.807915678718488e-20
1240215504.4345703,nan,-2.934178360591368e-20
1240215504.4348145,nan,-3.086863782996889e-20
1240215504.4350586,nan,-2.6464363518587254e-20
1240215504.4353027,nan,-1.776499274543917e-20
1240215504.4355469,nan,-3.950527723050242e-21
1240215504.435791,nan,1.081029632904214e-20
1240215504.4360352,nan,1.9492345052344373e-20
1240215504.4362793,nan,2.3181271313538698e-20
1240215504.4365234,nan,2.1998040489344127e-20
1240215504.4367676,nan,2.0603517608253973e-20
1240215504.4370117,nan,2.447501609147107e-20
1240215504.4372559,nan,3.362023712460771e-20
1240215504.4375,nan,4.775840892817268e-20
1240215504.4377441,nan,6.196960768115712e-20
1240215504.4379883,nan,7.181751369958654e-20
1240215504.4382324,nan,7.489552170773205e-20
1240215504.4384766,nan,7.290064076549602e-20
1240215504.4387207,nan,7.222864272129537e-20
1240215504.4389648,nan,7.576792620944921e-20
1240215504.439209,nan,8.527433520096435e-20
1240215504.4394531,nan,9.945290506265122e-20
1240215504.4396973,nan,1.1274504283250814e-19
1240215504.4399414,nan,1.2189565023680407e-19
1240215504.4401855,nan,1.2548504064355388e-19
1240215504.4404297,nan,1.2406192690393936e-19
1240215504.4406738,nan,1.2275944133112894e-19
1240215504.440918,nan,1.2628290300116635e-19
1240215504.441162,nan,1.3577414174491265e-19
1240215504.4414062,nan,1.4913167640473492e-19
1240215504.4416504,nan,1.6273159817098968e-19
1240215504.4418945,nan,1.7201309266226805e-19
1240215504.4421387,nan,1.753560666634566e-19
1240215504.4423828,nan,1.7464991061072148e-19
1240215504.442627,nan,1.7220130658715242e-19
1240215504.442871,nan,1.7497618767314036e-19
1240215504.4431152,nan,1.84997449876459e-19
1240215504.4433594,nan,1.9734958841069856e-19
1240215504.4436035,nan,2.1114598840539556e-19
1240215504.4438477,nan,2.2047517704799753e-19
1240215504.4440918,nan,2.2271435849805483e-19
1240215504.444336,nan,2.214169558092473e-19
1240215504.44458,nan,2.1900479172883294e-19
1240215504.4448242,nan,2.218479436617781e-19
1240215504.4450684,nan,2.305735669314311e-19
1240215504.4453125,nan,2.435200671838415e-19
1240215504.4455566,nan,2.566337985661245e-19
1240215504.4458008,nan,2.649443093815281e-19
1240215504.446045,nan,2.685412138215285e-19
1240215504.446289,nan,2.662110867650674e-19
1240215504.4465332,nan,2.638589855801068e-19
1240215504.4467773,nan,2.6681623598992846e-19
1240215504.4470215,nan,2.7437629725777155e-19
1240215504.4472656,nan,2.8711559905985395e-19
1240215504.4475098,nan,3.001968477450657e-19
1240215504.447754,nan,3.0843635596504255e-19
1240215504.447998,nan,3.1066447599913245e-19
1240215504.4482422,nan,3.0859039310107225e-19
1240215504.4484863,nan,3.0549986533269184e-19
1240215504.4487305,nan,3.0731710012108365e-19
1240215504.4489746,nan,3.162290474018465e-19
1240215504.4492188,nan,3.273561686402375e-19
1240215504.449463,nan,3.396958521397525e-19
1240215504.449707,nan,3.4839792681119696e-19
1240215504.4499512,nan,3.4946236175210037e-19
1240215504.4501953,nan,3.466141459901733e-19
1240215504.4504395,nan,3.4354805143633007e-19
1240215504.4506836,nan,3.4500552768416208e-19
1240215504.4509277,nan,3.521020177061348e-19
1240215504.4511719,nan,3.643138779308945e-19
1240215504.451416,nan,3.7593563668126913e-19
1240215504.4516602,nan,3.8314892168961834e-19
1240215504.4519043,nan,3.8535274732943697e-19
1240215504.4521484,nan,3.8091671289090646e-19
1240215504.4523926,nan,3.7738915563975635e-19
1240215504.4526367,nan,3.7872297035756627e-19
1240215504.4528809,nan,3.846765805591347e-19
1240215504.453125,nan,3.9625880517960465e-19
1240215504.4533691,nan,4.080544882836968e-19
1240215504.4536133,nan,4.145883979148309e-19
1240215504.4538574,nan,4.15665662934754e-19
1240215504.4541016,nan,4.11986372810978e-19
1240215504.4543457,nan,4.0745268537505263e-19
1240215504.4545898,nan,4.0747894712229467e-19
1240215504.454834,nan,4.1348670498353e-19
1240215504.4550781,nan,4.2460110292182607e-19
1240215504.4553223,nan,4.355006985632582e-19
1240215504.4555664,nan,4.413390681623061e-19
1240215504.4558105,nan,4.417952087428991e-19
1240215504.4560547,nan,4.369731722154134e-19
1240215504.4562988,nan,4.3289458950535085e-19
1240215504.456543,nan,4.32169923500371e-19
1240215504.456787,nan,4.365593547243337e-19
1240215504.4570312,nan,4.474794528958523e-19
1240215504.4572754,nan,4.5713409434936425e-19
1240215504.4575195,nan,4.626850110010751e-19
1240215504.4577637,nan,4.626695464324909e-19
1240215504.4580078,nan,4.575083152581648e-19
1240215504.458252,nan,4.526088968194593e-19
1240215504.458496,nan,4.505754495623225e-19
1240215504.4587402,nan,4.556379275126556e-19
1240215504.4589844,nan,4.657107652700049e-19
1240215504.4592285,nan,4.745266648803595e-19
1240215504.4594727,nan,4.795991528520237e-19
1240215504.4597168,nan,4.785070268658377e-19
1240215504.459961,nan,4.7314912825801095e-19
1240215504.460205,nan,4.669797681495485e-19
1240215504.4604492,nan,4.649442915249261e-19
1240215504.4606934,nan,4.688304392632493e-19
1240215504.4609375,nan,4.771930739648738e-19
1240215504.4611816,nan,4.865258077661106e-19
1240215504.4614258,nan,4.9061944078399045e-19
1240215504.46167,nan,4.8924707769883e-19
1240215504.461914,nan,4.830778273204521e-19
1240215504.4621582,nan,4.756170054520971e-19
1240215504.4624023,nan,4.735084682422639e-19
1240215504.4626465,nan,4.76629323437581e-19
1240215504.4628906,nan,4.844242477627767e-19
1240215504.4631348,nan,4.928652976969717e-19
1240215504.463379,nan,4.960638198940791e-19
1240215504.463623,nan,4.940345654337697e-19
1240215504.4638672,nan,4.873169392300853e-19
1240215504.4641113,nan,4.797504108669726e-19
1240215504.4643555,nan,4.761987042784449e-19
1240215504.4645996,nan,4.788404823968753e-19
1240215504.4648438,nan,4.860699579883413e-19
1240215504.465088,nan,4.930267684317102e-19
1240215504.465332,nan,4.960089209158271e-19
1240215504.4655762,nan,4.940902910770165e-19
1240215504.4658203,nan,4.863312685782014e-19
1240215504.4660645,nan,4.770709026235271e-19
1240215504.4663086,nan,4.737119379925569e-19
1240215504.4665527,nan,4.75582397197089e-19
1240215504.4667969,nan,4.811645191296209e-19
1240215504.467041,nan,4.884332216729873e-19
1240215504.4672852,nan,4.908669960387189e-19
1240215504.4675293,nan,4.869963431208898e-19
1240215504.4677734,nan,4.787813014994833e-19
1240215504.4680176,nan,4.697399963554277e-19
1240215504.4682617,nan,4.652261835932101e-19
1240215504.4685059,nan,4.662341623075696e-19
1240215504.46875,nan,4.714174678221431e-19
1240215504.4689941,nan,4.775154693867487e-19
1240215504.4692383,nan,4.799399015051932e-19
1240215504.4694824,nan,4.7576389998523055e-19
1240215504.4697266,nan,4.665613598586771e-19
1240215504.4699707,nan,4.570637012579486e-19
1240215504.4702148,nan,4.51160828753532e-19
1240215504.470459,nan,4.515358169828679e-19
1240215504.4707031,nan,4.565143320404686e-19
1240215504.4709473,nan,4.619249295552136e-19
1240215504.4711914,nan,4.63744326632966e-19
1240215504.4714355,nan,4.580841502763464e-19
1240215504.4716797,nan,4.480020635524696e-19
1240215504.4719238,nan,4.389148490031889e-19
1240215504.472168,nan,4.3240881415968856e-19
1240215504.472412,nan,4.3153035249849555e-19
1240215504.4726562,nan,4.364025310743738e-19
1240215504.4729004,nan,4.407874651175279e-19
1240215504.4731445,nan,4.414672852811214e-19
1240215504.4733887,nan,4.362423484945979e-19
1240215504.4736328,nan,4.2524892115283288e-19
1240215504.473877,nan,4.1516551135149056e-19
1240215504.474121,nan,4.0816885681359106e-19
1240215504.4743652,nan,4.0676937332686358e-19
1240215504.4746094,nan,4.1085193579951323e-19
1240215504.4748535,nan,4.1451578208180364e-19
1240215504.4750977,nan,4.145973146009684e-19
1240215504.4753418,nan,4.0859742846562295e-19
1240215504.475586,nan,3.983340337431417e-19
1240215504.47583,nan,3.867373753993759e-19
1240215504.4760742,nan,3.7904658812031316e-19
1240215504.4763184,nan,3.779375419530962e-19
1240215504.4765625,nan,3.8041758790517384e-19
1240215504.4768066,nan,3.8382694559501585e-19
1240215504.4770508,nan,3.835353877538899e-19
1240215504.477295,nan,3.7749740204658984e-19
1240215504.477539,nan,3.6592464799215317e-19
1240215504.4777832,nan,3.539189011172001e-19
1240215504.4780273,nan,3.464849131909236e-19
1240215504.4782715,nan,3.434097152154588e-19
1240215504.4785156,nan,3.460543929800387e-19
1240215504.4787598,nan,3.4897127342008442e-19
1240215504.479004,nan,3.4820811295116944e-19
1240215504.479248,nan,3.42333910024118e-19
1240215504.4794922,nan,3.292103549302859e-19
1240215504.4797363,nan,3.1707394697797527e-19
1240215504.4799805,nan,3.0889709879866687e-19
1240215504.4802246,nan,3.058621363668994e-19
1240215504.4804688,nan,3.0807468389118015e-19
1240215504.480713,nan,3.1000219358196204e-19
1240215504.480957,nan,3.0928696624349623e-19
1240215504.4812012,nan,3.0222927440719337e-19
1240215504.4814453,nan,2.894610759365028e-19
1240215504.4816895,nan,2.7685969997458874e-19
1240215504.4819336,nan,2.677202724607691e-19
1240215504.4821777,nan,2.645815308017748e-19
1240215504.4824219,nan,2.6570304401958274e-19
1240215504.482666,nan,2.679774358664964e-19
1240215504.4829102,nan,2.6630002515092043e-19
1240215504.4831543,nan,2.582882563380398e-19
1240215504.4833984,nan,2.466421590038002e-19
1240215504.4836426,nan,2.3254115168468885e-19
1240215504.4838867,nan,2.2309127757175866e-19
1240215504.4841309,nan,2.202597415618462e-19
1240215504.484375,nan,2.2069696226076943e-19
1240215504.4846191,nan,2.227420650138099e-19
1240215504.4848633,nan,2.2097957867717605e-19
1240215504.4851074,nan,2.1298387896833148e-19
1240215504.4853516,nan,2.0000291342388547e-19
1240215504.4855957,nan,1.8687980193340958e-19
1240215504.4858398,nan,1.7677753039007494e-19
1240215504.486084,nan,1.7206230381461562e-19
1240215504.4863281,nan,1.7428287542878766e-19
1240215504.4865723,nan,1.7475505671424583e-19
1240215504.4868164,nan,1.7258718825057991e-19
1240215504.4870605,nan,1.6535719874711072e-19
1240215504.4873047,nan,1.5129975912100603e-19
1240215504.4875488,nan,1.382223070892414e-19
1240215504.487793,nan,1.2800360149160958e-19
1240215504.488037,nan,1.2377660710668986e-19
1240215504.4882812,nan,1.247174672870092e-19
1240215504.4885254,nan,1.2578892922646002e-19
1240215504.4887695,nan,1.2342122776397794e-19
1240215504.4890137,nan,1.1515065891073018e-19
1240215504.4892578,nan,1.0235537864150541e-19
1240215504.489502,nan,8.776796535973197e-20
1240215504.489746,nan,7.788467087678778e-20
1240215504.4899902,nan,7.4092071550746e-20
1240215504.4902344,nan,7.349433392262522e-20
1240215504.4904785,nan,7.519692174680349e-20
1240215504.4907227,nan,7.29673343415089e-20
1240215504.4909668,nan,6.451281446802576e-20
1240215504.491211,nan,5.150995627053007e-20
1240215504.491455,nan,3.7192175397295745e-20
1240215504.4916992,nan,2.7015164323172547e-20
1240215504.4919434,nan,2.259621737238303e-20
1240215504.4921875,nan,2.2590257821443865e-20
1240215504.4924316,nan,2.385930305611117e-20
1240215504.4926758,nan,2.1525963688593517e-20
1240215504.49292,nan,1.3116598380333787e-20
1240215504.493164,nan,-4.860130380530274e-22
1240215504.4934082,nan,-1.4077786319176832e-20
1240215504.4936523,nan,-2.4626114733904036e-20
1240215504.4938965,nan,-2.9736355693949674e-20
1240215504.4941406,nan,-2.9008094908182825e-20
1240215504.4943848,nan,-2.791798644213201e-20
1240215504.494629,nan,-2.999391565947476e-20
1240215504.494873,nan,-3.8004767054909655e-20
1240215504.4951172,nan,-5.15282900014794e-20
1240215504.4953613,nan,-6.545431603969227e-20
1240215504.4956055,nan,-7.609471929486355e-20
1240215504.4958496,nan,-8.046538679378706e-20
1240215504.4960938,nan,-7.949353086742452e-20
1240215504.496338,nan,-7.888741285324171e-20
1240215504.496582,nan,-8.141550896650922e-20
1240215504.4968262,nan,-8.896848428063858e-20
1240215504.4970703,nan,-1.0189921214274856e-19
1240215504.4973145,nan,-1.1612644668696088e-19
1240215504.4975586,nan,-1.2583749868117797e-19
1240215504.4978027,nan,-1.3047280947979706e-19
1240215504.4980469,nan,-1.3004869136115873e-19
1240215504.498291,nan,-1.2779239061422925e-19
1240215504.4985352,nan,-1.315639663375228e-19
1240215504.4987793,nan,-1.3892276769837613e-19
1240215504.4990234,nan,-1.50658054493117e-19
1240215504.4992676,nan,-1.6620012712445179e-19
1240215504.4995117,nan,-1.754241729296025e-19
1240215504.4997559,nan,-1.7905501673928784e-19
1240215504.5,nan,-1.7892752273930897e-19
1240215504.5002441,nan,-1.7718213259417875e-19
1240215504.5004883,nan,-1.788260014171103e-19
1240215504.5007324,nan,-1.866049640905532e-19
1240215504.5009766,nan,-1.9949834237489372e-19
1240215504.5012207,nan,-2.1210831490644544e-19
1240215504.5014648,nan,-2.228855085443898e-19
1240215504.501709,nan,-2.2658433277715146e-19
1240215504.5019531,nan,-2.2517992869633164e-19
1240215504.5021973,nan,-2.2388552304412746e-19
1240215504.5024414,nan,-2.244807725911182e-19
1240215504.5026855,nan,-2.3279162144340204e-19
1240215504.5029297,nan,-2.443804397384225e-19
1240215504.5031738,nan,-2.56930740452243e-19
1240215504.503418,nan,-2.674906598409577e-19
1240215504.503662,nan,-2.703034659018731e-19
1240215504.5039062,nan,-2.695011888054553e-19
1240215504.5041504,nan,-2.675192647387409e-19
1240215504.5043945,nan,-2.6814613902145255e-19
1240215504.5046387,nan,-2.744358747133357e-19
1240215504.5048828,nan,-2.863083138482593e-19
1240215504.505127,nan,-2.99919610534825e-19
1240215504.505371,nan,-3.0830205992402877e-19
1240215504.5056152,nan,-3.11572922765312e-19
1240215504.5058594,nan,-3.104295848843974e-19
1240215504.5061035,nan,-3.0762885056710972e-19
1240215504.5063477,nan,-3.0785147571952227e-19
1240215504.5065918,nan,-3.1406674061966676e-19
1240215504.506836,nan,-3.259502426303538e-19
1240215504.50708,nan,-3.3778106105062904e-19
1240215504.5073242,nan,-3.4691629278668004e-19
1240215504.5075684,nan,-3.4984250411338217e-19
1240215504.5078125,nan,-3.474035345209958e-19
1240215504.5080566,nan,-3.4436151141196272e-19
1240215504.5083008,nan,-3.441895992932584e-19
1240215504.508545,nan,-3.5053559571433206e-19
1240215504.508789,nan,-3.608902185534126e-19
1240215504.5090332,nan,-3.726627828379324e-19
1240215504.5092773,nan,-3.810320360515841e-19
1240215504.5095215,nan,-3.829605392200177e-19
1240215504.5097656,nan,-3.811794304748223e-19
1240215504.5100098,nan,-3.7708219875100076e-19
1240215504.510254,nan,-3.7655057756725027e-19
1240215504.510498,nan,-3.8188783900440575e-19
1240215504.5107422,nan,-3.918023169860602e-19
1240215504.5109863,nan,-4.029662788697985e-19
1240215504.5112305,nan,-4.107084540108226e-19
1240215504.5114746,nan,-4.135086049951705e-19
1240215504.5117188,nan,-4.097373543496579e-19
1240215504.511963,nan,-4.058052508085115e-19
1240215504.512207,nan,-4.048490304333731e-19
1240215504.5124512,nan,-4.0806070747141555e-19
1240215504.5126953,nan,-4.188700373819724e-19
1240215504.5129395,nan,-4.300505828857742e-19
1240215504.5131836,nan,-4.36428867679044e-19
1240215504.5134277,nan,-4.379655772116269e-19
1240215504.5136719,nan,-4.345548235140475e-19
1240215504.513916,nan,-4.291248420064857e-19
1240215504.5141602,nan,-4.272710908668649e-19
1240215504.5144043,nan,-4.320065305977078e-19
1240215504.5146484,nan,-4.405513535869077e-19
1240215504.5148926,nan,-4.504283806472418e-19
1240215504.5151367,nan,-4.574762343912679e-19
1240215504.5153809,nan,-4.582781546823779e-19
1240215504.515625,nan,-4.53676596056461e-19
1240215504.5158691,nan,-4.484293816986029e-19
1240215504.5161133,nan,-4.465513871579123e-19
1240215504.5163574,nan,-4.490295709884918e-19
1240215504.5166016,nan,-4.574547655709348e-19
1240215504.5168457,nan,-4.671900674855546e-19
1240215504.5170898,nan,-4.727506208533279e-19
1240215504.517334,nan,-4.728110126081018e-19
1240215504.5175781,nan,-4.683283349671436e-19
1240215504.5178223,nan,-4.628039155207099e-19
1240215504.5180664,nan,-4.59557044263512e-19
1240215504.5183105,nan,-4.616026126339037e-19
1240215504.5185547,nan,-4.6887377860279755e-19
1240215504.5187988,nan,-4.778958773192427e-19
1240215504.519043,nan,-4.839942743475567e-19
1240215504.519287,nan,-4.83391819946364e-19
1240215504.5195312,nan,-4.773256001052587e-19
1240215504.5197754,nan,-4.708852373800407e-19
1240215504.5200195,nan,-4.673014505683508e-19
1240215504.5202637,nan,-4.688593361367708e-19
1240215504.5205078,nan,-4.757214699407328e-19
1240215504.520752,nan,-4.832705030511804e-19
1240215504.520996,nan,-4.887400533775169e-19
1240215504.5212402,nan,-4.878925376283824e-19
1240215504.5214844,nan,-4.817754335033632e-19
1240215504.5217285,nan,-4.749451265630088e-19
1240215504.5219727,nan,-4.695210896266671e-19
1240215504.5222168,nan,-4.71162224042747e-19
1240215504.522461,nan,-4.773219994403017e-19
1240215504.522705,nan,-4.850930955401637e-19
1240215504.5229492,nan,-4.894381371441608e-19
1240215504.5231934,nan,-4.867333412365233e-19
1240215504.5234375,nan,-4.807743547815364e-19
1240215504.5236816,nan,-4.723457275777886e-19
1240215504.5239258,nan,-4.672142785934158e-19
1240215504.52417,nan,-4.679992787652125e-19
1240215504.524414,nan,-4.7355775768619675e-19
1240215504.5246582,nan,-4.804885682331163e-19
1240215504.5249023,nan,-4.830217979369401e-19
1240215504.5251465,nan,-4.814647191790042e-19
1240215504.5253906,nan,-4.742771998000578e-19
1240215504.5256348,nan,-4.656050592336898e-19
1240215504.525879,nan,-4.600832480962975e-19
1240215504.526123,nan,-4.586905309295907e-19
1240215504.5263672,nan,-4.6451632397865e-19
1240215504.5266113,nan,-4.70685150271378e-19
1240215504.5268555,nan,-4.731785472503527e-19
1240215504.5270996,nan,-4.70713951167972e-19
1240215504.5273438,nan,-4.622403103603765e-19
1240215504.527588,nan,-4.535400672703611e-19
1240215504.527832,nan,-4.468651986172431e-19
1240215504.5280762,nan,-4.453907835202383e-19
1240215504.5283203,nan,-4.502140490101614e-19
1240215504.5285645,nan,-4.556655837347975e-19
1240215504.5288086,nan,-4.581611846718421e-19
1240215504.5290527,nan,-4.540344457154057e-19
1240215504.5292969,nan,-4.451981230152652e-19
1240215504.529541,nan,-4.362718207292613e-19
1240215504.5297852,nan,-4.2880567588327745e-19
1240215504.5300293,nan,-4.2653930477653113e-19
1240215504.5302734,nan,-4.3052620336052653e-19
1240215504.5305176,nan,-4.354836544785392e-19
1240215504.5307617,nan,-4.370917900532767e-19
1240215504.5310059,nan,-4.3324500621931676e-19
1240215504.53125,nan,-4.238314419961546e-19
1240215504.5314941,nan,-4.1372820530995417e-19
1240215504.5317383,nan,-4.0633672504382215e-19
1240215504.5319824,nan,-4.0384402814503736e-19
1240215504.5322266,nan,-4.0675338571250587e-19
1240215504.5324707,nan,-4.109932236760743e-19
1240215504.5327148,nan,-4.119959463920885e-19
1240215504.532959,nan,-4.079026996635415e-19
1240215504.5332031,nan,-3.980284953415025e-19
1240215504.5334473,nan,-3.867222093961689e-19
1240215504.5336914,nan,-3.791736367416407e-19
1240215504.5339355,nan,-3.757463754715947e-19
1240215504.5341797,nan,-3.7833057324238333e-19
1240215504.5344238,nan,-3.8231402454577187e-19
1240215504.534668,nan,-3.8209963886490387e-19
1240215504.534912,nan,-3.776676712286611e-19
1240215504.5351562,nan,-3.676428562863663e-19
1240215504.5354004,nan,-3.559360637702403e-19
1240215504.5356445,nan,-3.4694200405334073e-19
1240215504.5358887,nan,-3.4369630162352005e-19
1240215504.5361328,nan,-3.459363011476379e-19
1240215504.536377,nan,-3.488958649765617e-19
1240215504.536621,nan,-3.4919939664305664e-19
1240215504.5368652,nan,-3.4358255500302185e-19
1240215504.5371094,nan,-3.330792116349572e-19
1240215504.5373535,nan,-3.2103449362200284e-19
1240215504.5375977,nan,-3.11884464041969e-19
1240215504.5378418,nan,-3.08030169757128e-19
1240215504.538086,nan,-3.087448721437038e-19
1240215504.53833,nan,-3.124034135832928e-19
1240215504.5385742,nan,-3.121175141489514e-19
1240215504.5388184,nan,-3.053175209339127e-19
1240215504.5390625,nan,-2.949106496813769e-19
1240215504.5393066,nan,-2.8295413121719587e-19
1240215504.5395508,nan,-2.726648793332429e-19
1240215504.539795,nan,-2.682147209634589e-19
1240215504.540039,nan,-2.696893529497724e-19
1240215504.5402832,nan,-2.7176254280936153e-19
1240215504.5405273,nan,-2.7115644942134085e-19
1240215504.5407715,nan,-2.652625726254497e-19
1240215504.5410156,nan,-2.541400466888085e-19
1240215504.5412598,nan,-2.411397016713774e-19
1240215504.541504,nan,-2.3066966895315864e-19
1240215504.541748,nan,-2.268516270926277e-19
1240215504.5419922,nan,-2.2669179787299186e-19
1240215504.5422363,nan,-2.282683376690355e-19
1240215504.5424805,nan,-2.2795094064866486e-19
1240215504.5427246,nan,-2.213408617507184e-19
1240215504.5429688,nan,-2.105151920084252e-19
1240215504.543213,nan,-1.96860055925039e-19
1240215504.543457,nan,-1.8648344427332223e-19
1240215504.5437012,nan,-1.8208926252824651e-19
1240215504.5439453,nan,-1.8105960648701677e-19
1240215504.5441895,nan,-1.8295292282373098e-19
1240215504.5444336,nan,-1.8284175558858283e-19
1240215504.5446777,nan,-1.7556050094173114e-19
1240215504.5449219,nan,-1.633642375392288e-19
1240215504.545166,nan,-1.5082092165452755e-19
1240215504.5454102,nan,-1.4013052561434825e-19
1240215504.5456543,nan,-1.3443907075897326e-19
1240215504.5458984,nan,-1.3471671799105128e-19
1240215504.5461426,nan,-1.362068894289644e-19
1240215504.5463867,nan,-1.3472067426234331e-19
1240215504.5466309,nan,-1.2835303035570496e-19
1240215504.546875,nan,-1.1580446673701123e-19
1240215504.5471191,nan,-1.0251426536881804e-19
1240215504.5473633,nan,-9.211318235343748e-20
1240215504.5476074,nan,-8.573979127728416e-20
1240215504.5478516,nan,-8.658003653641908e-20
1240215504.5480957,nan,-8.795715143249012e-20
1240215504.5483398,nan,-8.581153269905159e-20
1240215504.548584,nan,-7.967830839305095e-20
1240215504.5488281,nan,-6.706227717461138e-20
1240215504.5490723,nan,-5.372686915845205e-20
1240215504.5493164,nan,-4.275493392702711e-20
1240215504.5495605,nan,-3.688034347952302e-20
1240215504.5498047,nan,-3.704033659341341e-20
1240215504.5500488,nan,-3.7151748903692317e-20
1240215504.550293,nan,-3.622432903259501e-20
1240215504.550537,nan,-2.964193787720036e-20
1240215504.5507812,nan,-1.6528475470034545e-20
1240215504.5510254,nan,-4.220071464067895e-21
1240215504.5512695,nan,7.008550431457044e-21
1240215504.5515137,nan,1.3076980470164383e-20
1240215504.5517578,nan,1.3452369600146731e-20
1240215504.552002,nan,1.2693650224059658e-20
1240215504.552246,nan,1.2874410908057187e-20
1240215504.5524902,nan,2.025356292233337e-20
1240215504.5527344,nan,3.3046679344713766e-20
1240215504.5529785,nan,4.6063534095940296e-20
1240215504.5532227,nan,5.689816831880901e-20
1240215504.5534668,nan,6.292861553701246e-20
1240215504.553711,nan,6.338139041618787e-20
1240215504.553955,nan,6.159728125816267e-20
1240215504.5541992,nan,6.331196127569158e-20
1240215504.5544434,nan,6.968309981129511e-20
1240215504.5546875,nan,8.167961308457963e-20
1240215504.5549316,nan,9.543970225789004e-20
1240215504.5551758,nan,1.0558826222588003e-19
1240215504.55542,nan,1.1192255631183544e-19
1240215504.555664,nan,1.1214498257280261e-19
1240215504.5559082,nan,1.1077149480655883e-19
1240215504.5561523,nan,1.1175048491785394e-19
1240215504.5563965,nan,1.1785314601086145e-19
1240215504.5566406,nan,1.304404421132978e-19
1240215504.5568848,nan,1.429704339005908e-19
1240215504.557129,nan,1.5449671159648556e-19
1240215504.557373,nan,1.6019468671549592e-19
1240215504.5576172,nan,1.596971370895199e-19
1240215504.5578613,nan,1.5867674198694995e-19
1240215504.5581055,nan,1.5887523020429625e-19
1240215504.5583496,nan,1.654824092599416e-19
1240215504.5585938,nan,1.770731054291868e-19
1240215504.558838,nan,1.8985438230975735e-19
1240215504.559082,nan,2.0073953361793373e-19
1240215504.5593262,nan,2.0573045233051926e-19
1240215504.5595703,nan,2.057707411666602e-19
1240215504.5598145,nan,2.0385270847738485e-19
1240215504.5600586,nan,2.0472927864503014e-19
1240215504.5603027,nan,2.1062429070887231e-19
1240215504.5605469,nan,2.2154759992622435e-19
1240215504.560791,nan,2.346798698958368e-19
1240215504.5610352,nan,2.446392422365241e-19
1240215504.5612793,nan,2.494628284985948e-19
1240215504.5615234,nan,2.4941302482706426e-19
1240215504.5617676,nan,2.474215855492954e-19
1240215504.5620117,nan,2.476371525351448e-19
1240215504.5622559,nan,2.5318968869000145e-19
1240215504.5625,nan,2.635378108585985e-19
1240215504.5627441,nan,2.7626786825505616e-19
1240215504.5629883,nan,2.863974009451796e-19
1240215504.5632324,nan,2.907931626333875e-19
1240215504.5634766,nan,2.909598344904091e-19
1240215504.5637207,nan,2.8756922089452576e-19
1240215504.5639648,nan,2.869416917503796e-19
1240215504.564209,nan,2.9339291598671165e-19
1240215504.5644531,nan,3.0367355923330982e-19
1240215504.5646973,nan,3.1509276994893344e-19
1240215504.5649414,nan,3.2440820692858135e-19
1240215504.5651855,nan,3.2977310434702316e-19
1240215504.5654297,nan,3.2850894868121085e-19
1240215504.5656738,nan,3.2479007941403425e-19
1240215504.565918,nan,3.2467600797588373e-19
1240215504.566162,nan,3.2907280322644435e-19
1240215504.5664062,nan,3.3935703746730865e-19
1240215504.5666504,nan,3.504187144508766e-19
1240215504.5668945,nan,3.598067072970658e-19
1240215504.5671387,nan,3.6389950393512593e-19
1240215504.5673828,nan,3.6128519403666017e-19
1240215504.567627,nan,3.587966529383371e-19
1240215504.567871,nan,3.574291472995879e-19
1240215504.5681152,nan,3.6142586525213693e-19
1240215504.5683594,nan,3.7175869992697804e-19
1240215504.5686035,nan,3.8144014831324755e-19
1240215504.5688477,nan,3.907701036291938e-19
1240215504.5690918,nan,3.9479273281969454e-19
1240215504.569336,nan,3.9168432538700802e-19
1240215504.56958,nan,3.8870717280824435e-19
1240215504.5698242,nan,3.8714743308867893e-19
1240215504.5700684,nan,3.8968253024077384e-19
1240215504.5703125,nan,3.9846933561309e-19
1240215504.5705566,nan,4.0954466663846485e-19
1240215504.5708008,nan,4.176898716081364e-19
1240215504.571045,nan,4.1969358137122724e-19
1240215504.571289,nan,4.174628989132315e-19
1240215504.5715332,nan,4.132093137156203e-19
1240215504.5717773,nan,4.1063626765013575e-19
1240215504.5720215,nan,4.143313052104077e-19
1240215504.5722656,nan,4.2195261910267315e-19
1240215504.5725098,nan,4.3136674710765606e-19
1240215504.572754,nan,4.395891170398462e-19
1240215504.572998,nan,4.418963123069688e-19
1240215504.5732422,nan,4.385155555490195e-19
1240215504.5734863,nan,4.3339753931051177e-19
1240215504.5737305,nan,4.3084313165645997e-19
1240215504.5739746,nan,4.331121599379177e-19
1240215504.5742188,nan,4.403002264628932e-19
1240215504.574463,nan,4.498818433228431e-19
1240215504.574707,nan,4.568183218145084e-19
1240215504.5749512,nan,4.581157626576015e-19
1240215504.5751953,nan,4.545770597234985e-19
1240215504.5754395,nan,4.492234983541566e-19
1240215504.5756836,nan,4.455647059350222e-19
1240215504.5759277,nan,4.472862943443285e-19
1240215504.5761719,nan,4.542101566548584e-19
1240215504.576416,nan,4.625329315884706e-19
1240215504.5766602,nan,4.689367414382649e-19
1240215504.5769043,nan,4.699755458877636e-19
1240215504.5771484,nan,4.658217794061361e-19
1240215504.5773926,nan,4.596629562916066e-19
1240215504.5776367,nan,4.552751659248225e-19
1240215504.5778809,nan,4.566251214100867e-19
1240215504.578125,nan,4.622198891413934e-19
1240215504.5783691,nan,4.702111241847357e-19
1240215504.5786133,nan,4.76782976454599e-19
1240215504.5788574,nan,4.765573064690742e-19
1240215504.5791016,nan,4.712294634309867e-19
1240215504.5793457,nan,4.650129870812212e-19
1240215504.5795898,nan,4.60334068516487e-19
1240215504.579834,nan,4.597710674115648e-19
1240215504.5800781,nan,4.658468471771717e-19
1240215504.5803223,nan,4.731338138494258e-19
1240215504.5805664,nan,4.772303772075318e-19
1240215504.5808105,nan,4.780539009483021e-19
1240215504.5810547,nan,4.724388280210764e-19
1240215504.5812988,nan,4.644459827198074e-19
1240215504.581543,nan,4.595479599839913e-19
1240215504.581787,nan,4.594154202276351e-19
1240215504.5820312,nan,4.635896538649388e-19
1240215504.5822754,nan,4.696486647563803e-19
1240215504.5825195,nan,4.754076543441002e-19
1240215504.5827637,nan,4.745607448859421e-19
1240215504.5830078,nan,4.677851508060206e-19
1240215504.583252,nan,4.600772509130269e-19
1240215504.583496,nan,4.535472177902908e-19
1240215504.5837402,nan,4.52702155437553e-19
1240215504.5839844,nan,4.571892611810279e-19
1240215504.5842285,nan,4.622647343722094e-19
1240215504.5844727,nan,4.661013679780753e-19
1240215504.5847168,nan,4.655745663422582e-19
1240215504.584961,nan,4.587564342437859e-19
1240215504.585205,nan,4.492789518393754e-19
1240215504.5854492,nan,4.425740745103882e-19
1240215504.5856934,nan,4.409043626777937e-19
1240215504.5859375,nan,4.441889969944005e-19
1240215504.5861816,nan,4.500481876586404e-19
1240215504.5864258,nan,4.530753287360743e-19
1240215504.58667,nan,4.508729852336868e-19
1240215504.586914,nan,4.439149145965608e-19
1240215504.5871582,nan,4.343905577694082e-19
1240215504.5874023,nan,4.265494790196055e-19
1240215504.5876465,nan,4.241417265770093e-19
1240215504.5878906,nan,4.2720561293942256e-19
1240215504.5881348,nan,4.3199217177060004e-19
1240215504.588379,nan,4.345374661850952e-19
1240215504.588623,nan,4.3162531101022804e-19
1240215504.5888672,nan,4.237650143579232e-19
1240215504.5891113,nan,4.1465863574239713e-19
1240215504.5893555,nan,4.0640971193571587e-19
1240215504.5895996,nan,4.027081525701735e-19
1240215504.5898438,nan,4.0509681946044634e-19
1240215504.590088,nan,4.0946064825254116e-19
1240215504.590332,nan,4.1083511152708707e-19
1240215504.5905762,nan,4.080635748150513e-19
1240215504.5908203,nan,4.0033496420351883e-19
1240215504.5910645,nan,3.888250244060366e-19
1240215504.5913086,nan,3.8022756267939516e-19
1240215504.5915527,nan,3.7760400882142007e-19
1240215504.5917969,nan,3.785116225305278e-19
1240215504.592041,nan,3.817978439675406e-19
1240215504.5922852,nan,3.840405960240656e-19
1240215504.5925293,nan,3.8038006165811956e-19
1240215504.5927734,nan,3.7131807912101134e-19
1240215504.5930176,nan,3.6010909505784106e-19
1240215504.5932617,nan,3.510956617600084e-19
1240215504.5935059,nan,3.4774653273291747e-19
1240215504.59375,nan,3.484499293532563e-19
1240215504.5939941,nan,3.5128290085695163e-19
1240215504.5942383,nan,3.5269181896846366e-19
1240215504.5944824,nan,3.479463702821747e-19
1240215504.5947266,nan,3.388661419734356e-19
1240215504.5949707,nan,3.278856791114858e-19
1240215504.5952148,nan,3.181535268941067e-19
1240215504.595459,nan,3.1368480756205426e-19
1240215504.5957031,nan,3.1387879057172e-19
1240215504.5959473,nan,3.1646453626607023e-19
1240215504.5961914,nan,3.1760232564718187e-19
1240215504.5964355,nan,3.128852149807775e-19
1240215504.5966797,nan,3.0306668053346577e-19
1240215504.5969238,nan,2.9130847078678917e-19
1240215504.597168,nan,2.813336637828425e-19
1240215504.597412,nan,2.7637794291270166e-19
1240215504.5976562,nan,2.7654816151152343e-19
1240215504.5979004,nan,2.7860161292815255e-19
1240215504.5981445,nan,2.787560748041874e-19
1240215504.5983887,nan,2.7426401698929384e-19
1240215504.5986328,nan,2.637966008597255e-19
1240215504.598877,nan,2.517564861636899e-19
1240215504.599121,nan,2.4172361413999233e-19
1240215504.5993652,nan,2.3598018664989243e-19
1240215504.5996094,nan,2.354092679746508e-19
1240215504.5998535,nan,2.3741292669225727e-19
1240215504.6000977,nan,2.3838787552387727e-19
1240215504.6003418,nan,2.327541105600303e-19
1240215504.600586,nan,2.217182698263125e-19
1240215504.60083,nan,2.0937967498100363e-19
1240215504.6010742,nan,1.9912375937095708e-19
1240215504.6013184,nan,1.9351383103304368e-19
1240215504.6015625,nan,1.9254759784929868e-19
1240215504.6018066,nan,1.9456744310206725e-19
1240215504.6020508,nan,1.9435488222512438e-19
1240215504.602295,nan,1.889273412838975e-19
1240215504.602539,nan,1.780497525592015e-19
1240215504.6027832,nan,1.6494016670586828e-19
1240215504.6030273,nan,1.5443395284554107e-19
1240215504.6032715,nan,1.4846670932071174e-19
1240215504.6035156,nan,1.475409802412952e-19
1240215504.6037598,nan,1.4891915925856683e-19
1240215504.604004,nan,1.489481245509468e-19
1240215504.604248,nan,1.4347966264233204e-19
1240215504.6044922,nan,1.3244581157747786e-19
1240215504.6047363,nan,1.1967024577687872e-19
1240215504.6049805,nan,1.0824745837903801e-19
1240215504.6052246,nan,1.0229582222362009e-19
1240215504.6054688,nan,1.0158253192815755e-19
1240215504.605713,nan,1.0226707560590378e-19
1240215504.605957,nan,1.0160575869537739e-19
1240215504.6062012,nan,9.677148871203219e-20
1240215504.6064453,nan,8.539861163588625e-20
1240215504.6066895,nan,7.229097311513384e-20
1240215504.6069336,nan,6.157897550509962e-20
1240215504.6071777,nan,5.47670458228743e-20
1240215504.6074219,nan,5.414327703398399e-20
1240215504.607666,nan,5.5322706003507e-20
1240215504.6079102,nan,5.411861139603065e-20
1240215504.6081543,nan,4.8737200273285636e-20
1240215504.6083984,nan,3.832622335668139e-20
1240215504.6086426,nan,2.5133511602290943e-20
1240215504.6088867,nan,1.3291228481114054e-20
1240215504.6091309,nan,7.87257907232115e-21
1240215504.609375,nan,6.622101589131211e-21
1240215504.6096191,nan,7.475887460295071e-21
1240215504.6098633,nan,7.350470522816626e-21
1240215504.6101074,nan,1.2757733432954647e-21
1240215504.6103516,nan,-9.441352302001718e-21
1240215504.6105957,nan,-2.335942818509735e-20
1240215504.6108398,nan,-3.422578737162779e-20
1240215504.611084,nan,-4.000207879269771e-20
1240215504.6113281,nan,-4.134075124803064e-20
1240215504.6115723,nan,-3.960412455000941e-20
1240215504.6118164,nan,-4.0615450678783894e-20
1240215504.6120605,nan,-4.54582578679575e-20
1240215504.6123047,nan,-5.636790006101162e-20
1240215504.6125488,nan,-7.033969998927455e-20
1240215504.612793,nan,-8.056752009911001e-20
1240215504.613037,nan,-8.710858165009894e-20
1240215504.6132812,nan,-8.836587667750762e-20
1240215504.6135254,nan,-8.626729135325837e-20
1240215504.6137695,nan,-8.693594363250746e-20
1240215504.6140137,nan,-9.247870950831923e-20
1240215504.6142578,nan,-1.033616717018297e-19
1240215504.614502,nan,-1.1590460123422132e-19
1240215504.614746,nan,-1.265451081321256e-19
1240215504.6149902,nan,-1.3329411390256141e-19
1240215504.6152344,nan,-1.3329324268515154e-19
1240215504.6154785,nan,-1.3198118053222658e-19
1240215504.6157227,nan,-1.3282223812310427e-19
1240215504.6159668,nan,-1.3675887829717872e-19
1240215504.616211,nan,-1.4779593040194603e-19
1240215504.616455,nan,-1.6106833801970726e-19
1240215504.6166992,nan,-1.710616165389925e-19
1240215504.6169434,nan,-1.76756531993685e-19
1240215504.6171875,nan,-1.7812179017841107e-19
1240215504.6174316,nan,-1.7592200520738043e-19
1240215504.6176758,nan,-1.7540303628337292e-19
1240215504.61792,nan,-1.8058950440273999e-19
1240215504.618164,nan,-1.9036544370419083e-19
1240215504.6184082,nan,-2.032911600290487e-19
1240215504.6186523,nan,-2.135076064917564e-19
1240215504.6188965,nan,-2.1814393424167175e-19
1240215504.6191406,nan,-2.1951459631158993e-19
1240215504.6193848,nan,-2.1786996760691343e-19
1240215504.619629,nan,-2.1651075802484627e-19
1240215504.619873,nan,-2.210651660678687e-19
1240215504.6201172,nan,-2.3133105968698256e-19
1240215504.6203613,nan,-2.4324191755876605e-19
1240215504.6206055,nan,-2.5298147134581534e-19
1240215504.6208496,nan,-2.5864399300016723e-19
1240215504.6210938,nan,-2.585007478885403e-19
1240215504.621338,nan,-2.5551867818178093e-19
1240215504.621582,nan,-2.5528609629504545e-19
1240215504.6218262,nan,-2.5927316276296322e-19
1240215504.6220703,nan,-2.6834078726349816e-19
1240215504.6223145,nan,-2.8045560908799614e-19
1240215504.6225586,nan,-2.89755659092208e-19
1240215504.6228027,nan,-2.949129335459459e-19
1240215504.6230469,nan,-2.9516209391463296e-19
1240215504.623291,nan,-2.9134305353888367e-19
1240215504.6235352,nan,-2.898628774543174e-19
1240215504.6237793,nan,-2.9373674357530055e-19
1240215504.6240234,nan,-3.025800353523769e-19
1240215504.6242676,nan,-3.1454734706483887e-19
1240215504.6245117,nan,-3.2339780090624985e-19
1240215504.6247559,nan,-3.275096676191453e-19
1240215504.625,nan,-3.2749424184352915e-19
1240215504.6252441,nan,-3.233454210657126e-19
1240215504.6254883,nan,-3.2187781620886536e-19
1240215504.6257324,nan,-3.254372671291598e-19
1240215504.6259766,nan,-3.3369548737901956e-19
1240215504.6262207,nan,-3.444610610151142e-19
1240215504.6264648,nan,-3.5272419967351116e-19
1240215504.626709,nan,-3.573984058839057e-19
1240215504.6269531,nan,-3.56274307862613e-19
1240215504.6271973,nan,-3.5166444294759536e-19
1240215504.6274414,nan,-3.5006247584255754e-19
1240215504.6276855,nan,-3.526557110014267e-19
1240215504.6279297,nan,-3.60590396323292e-19
1240215504.6281738,nan,-3.7051784914575094e-19
1240215504.628418,nan,-3.7843716674986143e-19
1240215504.628662,nan,-3.828698386050851e-19
1240215504.6289062,nan,-3.8098464295397517e-19
1240215504.6291504,nan,-3.764105131390205e-19
1240215504.6293945,nan,-3.738041204955942e-19
1240215504.6296387,nan,-3.754715542943122e-19
1240215504.6298828,nan,-3.83254562864296e-19
1240215504.630127,nan,-3.9296053541115e-19
1240215504.630371,nan,-4.004625561438978e-19
1240215504.6306152,nan,-4.04254173983148e-19
1240215504.6308594,nan,-4.0144464520022442e-19
1240215504.6311035,nan,-3.9597282165496397e-19
1240215504.6313477,nan,-3.932838778343591e-19
1240215504.6315918,nan,-3.947336904878576e-19
1240215504.631836,nan,-4.0156867534834316e-19
1240215504.63208,nan,-4.1060363486656816e-19
1240215504.6323242,nan,-4.173312186623624e-19
1240215504.6325684,nan,-4.2003340258450825e-19
1240215504.6328125,nan,-4.169784645851214e-19
1240215504.6330566,nan,-4.1168137826071787e-19
1240215504.6333008,nan,-4.08470001373522e-19
1240215504.633545,nan,-4.089424931679131e-19
1240215504.633789,nan,-4.149050502912122e-19
1240215504.6340332,nan,-4.2371312113842866e-19
1240215504.6342773,nan,-4.2998100372419857e-19
1240215504.6345215,nan,-4.3167536244370287e-19
1240215504.6347656,nan,-4.286591602354272e-19
1240215504.6350098,nan,-4.2248767497030043e-19
1240215504.635254,nan,-4.182253196666035e-19
1240215504.635498,nan,-4.186923152203887e-19
1240215504.6357422,nan,-4.238603073843396e-19
1240215504.6359863,nan,-4.322888192617462e-19
1240215504.6362305,nan,-4.383544313901641e-19
1240215504.6364746,nan,-4.394941455980619e-19
1240215504.6367188,nan,-4.355803496672377e-19
1240215504.636963,nan,-4.28610218965031e-19
1240215504.637207,nan,-4.240249381693798e-19
1240215504.6374512,nan,-4.2342917678521615e-19
1240215504.6376953,nan,-4.2841162662597115e-19
1240215504.6379395,nan,-4.363100174805689e-19
1240215504.6381836,nan,-4.410999041223115e-19
1240215504.6384277,nan,-4.419220616656788e-19
1240215504.6386719,nan,-4.374769232129545e-19
1240215504.638916,nan,-4.3065145880731757e-19
1240215504.6391602,nan,-4.2520136290468257e-19
1240215504.6394043,nan,-4.2326141974532937e-19
1240215504.6396484,nan,-4.2841778732558993e-19
1240215504.6398926,nan,-4.345398936421518e-19
1240215504.6401367,nan,-4.392702355081647e-19
1240215504.6403809,nan,-4.404104346301183e-19
1240215504.640625,nan,-4.344420113790986e-19
1240215504.6408691,nan,-4.276828394758567e-19
1240215504.6411133,nan,-4.2076093016212834e-19
1240215504.6413574,nan,-4.190108905590699e-19
1240215504.6416016,nan,-4.2403594577416246e-19
1240215504.6418457,nan,-4.2887419492845997e-19
1240215504.6420898,nan,-4.337190365807887e-19
1240215504.642334,nan,-4.333553901403547e-19
1240215504.6425781,nan,-4.273252353973895e-19
1240215504.6428223,nan,-4.1967381732626223e-19
1240215504.6430664,nan,-4.1253309862003284e-19
1240215504.6433105,nan,-4.1042819714875524e-19
1240215504.6435547,nan,-4.131459051806709e-19
1240215504.6437988,nan,-4.185712993004171e-19
1240215504.644043,nan,-4.2340573963752915e-19
1240215504.644287,nan,-4.221087711909972e-19
1240215504.6445312,nan,-4.1546933172395235e-19
1240215504.6447754,nan,-4.0688026910764174e-19
1240215504.6450195,nan,-3.991084722164894e-19
1240215504.6452637,nan,-3.9687707615595934e-19
1240215504.6455078,nan,-3.9993249439838144e-19
1240215504.645752,nan,-4.044294819673225e-19
1240215504.645996,nan,-4.0738127246841936e-19
1240215504.6462402,nan,-4.0627724720267293e-19
1240215504.6464844,nan,-3.9995368454360208e-19
1240215504.6467285,nan,-3.907132656854623e-19
1240215504.6469727,nan,-3.823096077895722e-19
1240215504.6472168,nan,-3.7922855960118283e-19
1240215504.647461,nan,-3.813827092134071e-19
1240215504.647705,nan,-3.85276184479116e-19
1240215504.6479492,nan,-3.88741561845476e-19
1240215504.6481934,nan,-3.864943043548628e-19
1240215504.6484375,nan,-3.791474645752487e-19
1240215504.6486816,nan,-3.699908739236517e-19
1240215504.6489258,nan,-3.6030348269829746e-19
1240215504.64917,nan,-3.573876456112626e-19
1240215504.649414,nan,-3.596521455156657e-19
1240215504.6496582,nan,-3.630495594243632e-19
1240215504.6499023,nan,-3.653059790791005e-19
1240215504.6501465,nan,-3.6251986599637166e-19
1240215504.6503906,nan,-3.5576007840190677e-19
1240215504.6506348,nan,-3.447641404408203e-19
1240215504.650879,nan,-3.3536298629318944e-19
1240215504.651123,nan,-3.320860454847851e-19
1240215504.6513672,nan,-3.3304412642743274e-19
1240215504.6516113,nan,-3.36653486239798e-19
1240215504.6518555,nan,-3.381361448508857e-19
1240215504.6520996,nan,-3.356324074271146e-19
1240215504.6523438,nan,-3.2805492436519366e-19
1240215504.652588,nan,-3.16713849713517e-19
1240215504.652832,nan,-3.072162092771684e-19
1240215504.6530762,nan,-3.0230307767826652e-19
1240215504.6533203,nan,-3.043921559959022e-19
1240215504.6535645,nan,-3.0765457919944517e-19
1240215504.6538086,nan,-3.075251817110017e-19
1240215504.6540527,nan,-3.0521155144488547e-19
1240215504.6542969,nan,-2.9740749943013437e-19
1240215504.654541,nan,-2.8560687257427613e-19
1240215504.6547852,nan,-2.760435022096326e-19
1240215504.6550293,nan,-2.714429694397335e-19
1240215504.6552734,nan,-2.7139143194643925e-19
1240215504.6555176,nan,-2.741494403794212e-19
1240215504.6557617,nan,-2.755616351303653e-19
1240215504.6560059,nan,-2.7145000937146447e-19
1240215504.65625,nan,-2.6281575787654924e-19
1240215504.6564941,nan,-2.5180238417811846e-19
1240215504.6567383,nan,-2.411228960287523e-19
1240215504.6569824,nan,-2.3626817108802045e-19
1240215504.6572266,nan,-2.3643720810383697e-19
1240215504.6574707,nan,-2.386335882004808e-19
1240215504.6577148,nan,-2.3984699106210424e-19
1240215504.657959,nan,-2.3543137270314915e-19
1240215504.6582031,nan,-2.259818415147141e-19
1240215504.6584473,nan,-2.1542209827332956e-19
1240215504.6586914,nan,-2.0531548524574035e-19
1240215504.6589355,nan,-1.985673485218159e-19
1240215504.6591797,nan,-1.9919563031985676e-19
1240215504.6594238,nan,-2.0148450282007954e-19
1240215504.659668,nan,-2.01521281489083e-19
1240215504.659912,nan,-1.9826769077589931e-19
1240215504.6601562,nan,-1.8796812758051948e-19
1240215504.6604004,nan,-1.7705189574454393e-19
1240215504.6606445,nan,-1.6666766792169323e-19
1240215504.6608887,nan,-1.592972616074008e-19
1240215504.6611328,nan,-1.598723018959221e-19
1240215504.661377,nan,-1.618253719928498e-19
1240215504.661621,nan,-1.6206979300372445e-19
1240215504.6618652,nan,-1.579649956881024e-19
1240215504.6621094,nan,-1.4859057517793783e-19
1240215504.6623535,nan,-1.3698347592502787e-19
1240215504.6625977,nan,-1.2547898077767056e-19
1240215504.6628418,nan,-1.1897812364478987e-19
1240215504.663086,nan,-1.193764257866006e-19
1240215504.66333,nan,-1.2160059140550372e-19
1240215504.6635742,nan,-1.2115460347351723e-19
1240215504.6638184,nan,-1.1692166976240088e-19
1240215504.6640625,nan,-1.0771348738662863e-19
1240215504.6643066,nan,-9.499010114569556e-20
1240215504.6645508,nan,-8.403599510166874e-20
1240215504.664795,nan,-7.818933430607528e-20
1240215504.665039,nan,-7.791399336785423e-20
1240215504.6652832,nan,-7.993290219312494e-20
1240215504.6655273,nan,-7.903087689563374e-20
1240215504.6657715,nan,-7.518841251743732e-20
1240215504.6660156,nan,-6.648874435648213e-20
1240215504.6662598,nan,-5.2742650245214037e-20
1240215504.666504,nan,-4.2282118283370953e-20
1240215504.666748,nan,-3.6546042945521826e-20
1240215504.6669922,nan,-3.533379495846119e-20
1240215504.6672363,nan,-3.7535057725192435e-20
1240215504.6674805,nan,-3.730167038749211e-20
1240215504.6677246,nan,-3.305911102238568e-20
1240215504.6679688,nan,-2.3817182427056493e-20
1240215504.668213,nan,-1.1542520076434227e-20
1240215504.668457,nan,-4.39587121040052e-23
1240215504.6687012,nan,5.9090027107454985e-21
1240215504.6689453,nan,6.517916026673555e-21
1240215504.6691895,nan,4.9526315045214534e-21
1240215504.6694336,nan,4.174007323624285e-21
1240215504.6696777,nan,9.019177171129879e-21
1240215504.6699219,nan,1.8346386077109138e-20
1240215504.670166,nan,3.049418201749414e-20
1240215504.6704102,nan,4.143839773753779e-20
1240215504.6706543,nan,4.6967313594017413e-20
1240215504.6708984,nan,4.836518305487647e-20
1240215504.6711426,nan,4.6402445904714e-20
1240215504.6713867,nan,4.5817771330066644e-20
1240215504.6716309,nan,5.032494461543749e-20
1240215504.671875,nan,5.947523901032142e-20
1240215504.6721191,nan,7.192759951420139e-20
1240215504.6723633,nan,8.256808664621496e-20
1240215504.6726074,nan,8.791121396850662e-20
1240215504.6728516,nan,8.867323386988125e-20
1240215504.6730957,nan,8.748459415647799e-20
1240215504.6733398,nan,8.673780001561373e-20
1240215504.673584,nan,9.024987565468405e-20
1240215504.6738281,nan,9.99401343786968e-20
1240215504.6740723,nan,1.1142067030436914e-19
1240215504.6743164,nan,1.2200704151065495e-19
1240215504.6745605,nan,1.285957681675015e-19
1240215504.6748047,nan,1.2804973055380294e-19
1240215504.6750488,nan,1.259759788335213e-19
1240215504.675293,nan,1.2559565263592932e-19
1240215504.675537,nan,1.2889429202376754e-19
1240215504.6757812,nan,1.3856492363793773e-19
1240215504.6760254,nan,1.500623393248298e-19
1240215504.6762695,nan,1.6030718503348502e-19
1240215504.6765137,nan,1.6595034686364595e-19
1240215504.6767578,nan,1.6546180826087038e-19
1240215504.677002,nan,1.6366966471731316e-19
1240215504.677246,nan,1.6250872269788436e-19
1240215504.6774902,nan,1.6587618193460918e-19
1240215504.6777344,nan,1.7473353103914575e-19
1240215504.6779785,nan,1.8591287719927808e-19
1240215504.6782227,nan,1.9658727112789705e-19
1240215504.6784668,nan,2.0157846249198574e-19
1240215504.678711,nan,2.0063236133701781e-19
1240215504.678955,nan,1.980370308479313e-19
1240215504.6791992,nan,1.97101434794776e-19
1240215504.6794434,nan,2.0029428038435458e-19
1240215504.6796875,nan,2.08514166300095e-19
1240215504.6799316,nan,2.1989258908201996e-19
1240215504.6801758,nan,2.298076868577957e-19
1240215504.68042,nan,2.34049976631884e-19
1240215504.680664,nan,2.3458513081404063e-19
1240215504.6809082,nan,2.31339672093693e-19
1240215504.6811523,nan,2.2876346551393157e-19
1240215504.6813965,nan,2.324232551207529e-19
1240215504.6816406,nan,2.398195393699973e-19
1240215504.6818848,nan,2.5104408305922143e-19
1240215504.682129,nan,2.600045817966529e-19
1240215504.682373,nan,2.639429575043327e-19
1240215504.6826172,nan,2.6486575251364104e-19
1240215504.6828613,nan,2.604667651057145e-19
1240215504.6831055,nan,2.5841660761475464e-19
1240215504.6833496,nan,2.606961485978896e-19
1240215504.6835938,nan,2.6787964580330647e-19
1240215504.683838,nan,2.7938840331278553e-19
1240215504.684082,nan,2.874535807572762e-19
1240215504.6843262,nan,2.9213937854276615e-19
1240215504.6845703,nan,2.908877204374057e-19
1240215504.6848145,nan,2.863785992072738e-19
1240215504.6850586,nan,2.846137840627363e-19
1240215504.6853027,nan,2.859032831681884e-19
1240215504.6855469,nan,2.9307150243097388e-19
1240215504.685791,nan,3.035440672758228e-19
1240215504.6860352,nan,3.11854091498893e-19
1240215504.6862793,nan,3.1587334306461204e-19
1240215504.6865234,nan,3.1477746238636946e-19
1240215504.6867676,nan,3.1016528704681397e-19
1240215504.6870117,nan,3.064493507810102e-19
1240215504.6872559,nan,3.0878906596238277e-19
1240215504.6875,nan,3.155988209503256e-19
1240215504.6877441,nan,3.2408149002774386e-19
1240215504.6879883,nan,3.3253296029001294e-19
1240215504.6882324,nan,3.362531805307062e-19
1240215504.6884766,nan,3.3402069746699665e-19
1240215504.6887207,nan,3.293102374039698e-19
1240215504.6889648,nan,3.250958075407514e-19
1240215504.689209,nan,3.2650667710577223e-19
1240215504.6894531,nan,3.3297923769997176e-19
1240215504.6896973,nan,3.409972644645215e-19
1240215504.6899414,nan,3.493607616151158e-19
1240215504.6901855,nan,3.526683519874967e-19
1240215504.6904297,nan,3.49599866647079e-19
1240215504.6906738,nan,3.4433580518905675e-19
1240215504.690918,nan,3.406927477543096e-19
1240215504.691162,nan,3.408779000646476e-19
1240215504.6914062,nan,3.466981950387085e-19
1240215504.6916504,nan,3.5533978916379153e-19
1240215504.6918945,nan,3.619752034117452e-19
1240215504.6921387,nan,3.6463207125815113e-19
1240215504.6923828,nan,3.616653076463287e-19
1240215504.692627,nan,3.558279811510862e-19
1240215504.692871,nan,3.51572450616732e-19
1240215504.6931152,nan,3.5081854713249685e-19
1240215504.6933594,nan,3.559674975417803e-19
1240215504.6936035,nan,3.6489795347341714e-19
1240215504.6938477,nan,3.713840871185244e-19
1240215504.6940918,nan,3.725484867727705e-19
1240215504.694336,nan,3.6979674793834442e-19
1240215504.69458,nan,3.6328100161651265e-19
1240215504.6948242,nan,3.5779175667335276e-19
1240215504.6950684,nan,3.58205745618275e-19
1240215504.6953125,nan,3.6168652568214784e-19
1240215504.6955566,nan,3.6904720156123084e-19
1240215504.6958008,nan,3.7623327092243154e-19
1240215504.696045,nan,3.7693079090244497e-19
1240215504.696289,nan,3.7348453021807833e-19
1240215504.6965332,nan,3.6658215543350526e-19
1240215504.6967773,nan,3.6025581826359267e-19
1240215504.6970215,nan,3.5971026795608626e-19
1240215504.6972656,nan,3.6415837742364735e-19
1240215504.6975098,nan,3.7088508134818804e-19
1240215504.697754,nan,3.7632687208692185e-19
1240215504.697998,nan,3.778415331550345e-19
1240215504.6982422,nan,3.7287413740270903e-19
1240215504.6984863,nan,3.6502679909367214e-19
1240215504.6987305,nan,3.5916693076478306e-19
1240215504.6989746,nan,3.5761938233088767e-19
1240215504.6992188,nan,3.614663226733987e-19
1240215504.699463,nan,3.678152634736998e-19
1240215504.699707,nan,3.727766303232177e-19
1240215504.6999512,nan,3.732887176294586e-19
1240215504.7001953,nan,3.6846357199268257e-19
1240215504.7004395,nan,3.608397677822682e-19
1240215504.7006836,nan,3.540340798635464e-19
1240215504.7009277,nan,3.5126981624984176e-19
1240215504.7011719,nan,3.544156683128243e-19
1240215504.701416,nan,3.607165161550991e-19
1240215504.7016602,nan,3.653525639981679e-19
1240215504.7019043,nan,3.658374590636594e-19
1240215504.7021484,nan,3.605628332843368e-19
1240215504.7023926,nan,3.510051943130176e-19
1240215504.7026367,nan,3.4457888452334035e-19
1240215504.7028809,nan,3.424580227138825e-19
1240215504.703125,nan,3.4407685917113947e-19
1240215504.7033691,nan,3.5014080162962127e-19
1240215504.7036133,nan,3.547971012578656e-19
1240215504.7038574,nan,3.541975124050635e-19
1240215504.7041016,nan,3.4755677993068285e-19
1240215504.7043457,nan,3.387159658187292e-19
1240215504.7045898,nan,3.321607112300896e-19
1240215504.704834,nan,3.2798422335211582e-19
1240215504.7050781,nan,3.3059828973519847e-19
1240215504.7053223,nan,3.362015742998625e-19
1240215504.7055664,nan,3.3882790132441662e-19
1240215504.7058105,nan,3.3922039729092114e-19
1240215504.7060547,nan,3.326274617804479e-19
1240215504.7062988,nan,3.2263605290558607e-19
1240215504.706543,nan,3.153948270399708e-19
1240215504.706787,nan,3.120114773046318e-19
1240215504.7070312,nan,3.1372870568130587e-19
1240215504.7072754,nan,3.180200379514338e-19
1240215504.7075195,nan,3.2169127742206807e-19
1240215504.7077637,nan,3.203895573064124e-19
1240215504.7080078,nan,3.1375923963708633e-19
1240215504.708252,nan,3.0412885710881387e-19
1240215504.708496,nan,2.945473718338557e-19
1240215504.7087402,nan,2.9128983457858726e-19
1240215504.7089844,nan,2.9357292489469125e-19
1240215504.7092285,nan,2.9676536413829503e-19
1240215504.7094727,nan,2.9967051765645584e-19
1240215504.7097168,nan,2.9894933569986406e-19
1240215504.709961,nan,2.914702699654194e-19
1240215504.710205,nan,2.816432981285905e-19
1240215504.7104492,nan,2.7286545267888336e-19
1240215504.7106934,nan,2.6819091960764637e-19
1240215504.7109375,nan,2.698721885533836e-19
1240215504.7111816,nan,2.7277537736165184e-19
1240215504.7114258,nan,2.759569790507522e-19
1240215504.71167,nan,2.749107250015819e-19
1240215504.711914,nan,2.6629007468538266e-19
1240215504.7121582,nan,2.5667339541825797e-19
1240215504.7124023,nan,2.473131739163741e-19
1240215504.7126465,nan,2.4193328453660057e-19
1240215504.7128906,nan,2.4346327431960167e-19
1240215504.7131348,nan,2.4714097793236183e-19
1240215504.713379,nan,2.4927648248702286e-19
1240215504.713623,nan,2.4680933712155365e-19
1240215504.7138672,nan,2.398822744019828e-19
1240215504.7141113,nan,2.294335379518343e-19
1240215504.7143555,nan,2.191322206107303e-19
1240215504.7145996,nan,2.1454167143285836e-19
1240215504.7148438,nan,2.145407423076703e-19
1240215504.715088,nan,2.1826396288867266e-19
1240215504.715332,nan,2.2099923453112323e-19
1240215504.7155762,nan,2.182064645663742e-19
1240215504.7158203,nan,2.1023487794474365e-19
1240215504.7160645,nan,1.9905380747989316e-19
1240215504.7163086,nan,1.9027160378647241e-19
1240215504.7165527,nan,1.8480989957171733e-19
1240215504.7167969,nan,1.8428749817684345e-19
1240215504.717041,nan,1.879259074140907e-19
1240215504.7172852,nan,1.9011212425930163e-19
1240215504.7175293,nan,1.8801994191795582e-19
1240215504.7177734,nan,1.7925348570655276e-19
1240215504.7180176,nan,1.6818109874158393e-19
1240215504.7182617,nan,1.5909153225749067e-19
1240215504.7185059,nan,1.528996098424835e-19
1240215504.71875,nan,1.5286541878339797e-19
1240215504.7189941,nan,1.5614207668212728e-19
1240215504.7192383,nan,1.5787310149087073e-19
1240215504.7194824,nan,1.5554761964301557e-19
1240215504.7197266,nan,1.4757931878797826e-19
1240215504.7199707,nan,1.3620548321944202e-19
1240215504.7202148,nan,1.2637379375831013e-19
1240215504.720459,nan,1.2093927783258935e-19
1240215504.7207031,nan,1.2018494291440302e-19
1240215504.7209473,nan,1.2362344557619078e-19
1240215504.7211914,nan,1.2592197994892462e-19
1240215504.7214355,nan,1.2229900708404207e-19
1240215504.7216797,nan,1.140313332129538e-19
1240215504.7219238,nan,1.0275212515968632e-19
1240215504.722168,nan,9.315568407847824e-20
1240215504.722412,nan,8.74534134024349e-20
1240215504.7226562,nan,8.651441163861162e-20
1240215504.7229004,nan,9.03870699191167e-20
1240215504.7231445,nan,9.171716694751454e-20
1240215504.7233887,nan,8.894645420411865e-20
1240215504.7236328,nan,8.106970995826811e-20
1240215504.723877,nan,6.919271678341165e-20
1240215504.724121,nan,5.9918482016217e-20
1240215504.7243652,nan,5.3630166796967744e-20
1240215504.7246094,nan,5.2658753851488417e-20
1240215504.7248535,nan,5.672505331546183e-20
1240215504.7250977,nan,5.862973039465772e-20
1240215504.7253418,nan,5.573103550879792e-20
1240215504.725586,nan,4.7551664627651186e-20
1240215504.72583,nan,3.612165994290825e-20
1240215504.7260742,nan,2.599545343992419e-20
1240215504.7263184,nan,2.0556085438929488e-20
1240215504.7265625,nan,1.9992278923896287e-20
1240215504.7268066,nan,2.273093358195326e-20
1240215504.7270508,nan,2.541445247157801e-20
1240215504.727295,nan,2.2302499512439563e-20
1240215504.727539,nan,1.3889877987281562e-20
1240215504.7277832,nan,3.420652392519888e-21
1240215504.7280273,nan,-7.619115598600935e-21
1240215504.7282715,nan,-1.3140494033063685e-20
1240215504.7285156,nan,-1.2708240671963442e-20
1240215504.7287598,nan,-1.0742789089855924e-20
1240215504.729004,nan,-8.069710919206397e-21
1240215504.729248,nan,-9.95646861967319e-21
1240215504.7294922,nan,-1.8235788106974813e-20
1240215504.7297363,nan,-2.958443333908216e-20
1240215504.7299805,nan,-3.925228505146876e-20
1240215504.7302246,nan,-4.494528854973295e-20
1240215504.7304688,nan,-4.5696032810719605e-20
1240215504.730713,nan,-4.1707638678621303e-20
1240215504.730957,nan,-3.950174454653373e-20
1240215504.7312012,nan,-4.233986096126503e-20
1240215504.7314453,nan,-4.987004752237353e-20
1240215504.7316895,nan,-6.05080678576384e-20
1240215504.7319336,nan,-7.055016523263131e-20
1240215504.7321777,nan,-7.615787531284064e-20
1240215504.7324219,nan,-7.574853243405738e-20
1240215504.732666,nan,-7.217668511216648e-20
1240215504.7329102,nan,-6.980522324710612e-20
1240215504.7331543,nan,-7.211723651756152e-20
1240215504.7333984,nan,-7.995531293730452e-20
1240215504.7336426,nan,-9.06210224163431e-20
1240215504.7338867,nan,-1.004903939937594e-19
1240215504.7341309,nan,-1.0593519893986374e-19
1240215504.734375,nan,-1.0497615173135121e-19
1240215504.7346191,nan,-1.0122194334069208e-19
1240215504.7348633,nan,-9.916092304452554e-20
1240215504.7351074,nan,-1.0020577362776072e-19
1240215504.7353516,nan,-1.0813199643581005e-19
1240215504.7355957,nan,-1.1930640615669208e-19
1240215504.7358398,nan,-1.2722612649007454e-19
1240215504.736084,nan,-1.323337206705009e-19
1240215504.7363281,nan,-1.3215529409906171e-19
1240215504.7365723,nan,-1.2871983177059e-19
1240215504.7368164,nan,-1.2575958017003653e-19
1240215504.7370605,nan,-1.26307671449634e-19
1240215504.7373047,nan,-1.3382482376598816e-19
1240215504.7375488,nan,-1.4440770218854945e-19
1240215504.737793,nan,-1.5391283398274465e-19
1240215504.738037,nan,-1.5842590645889277e-19
1240215504.7382812,nan,-1.5709999260674075e-19
1240215504.7385254,nan,-1.537139846395102e-19
1240215504.7387695,nan,-1.500247097996007e-19
1240215504.7390137,nan,-1.5075783229213677e-19
1240215504.7392578,nan,-1.5847351453074895e-19
1240215504.739502,nan,-1.6763283524538382e-19
1240215504.739746,nan,-1.7595090584009774e-19
1240215504.7399902,nan,-1.8173489472135915e-19
1240215504.7402344,nan,-1.806152953099353e-19
1240215504.7404785,nan,-1.7556326560986053e-19
1240215504.7407227,nan,-1.7191421863318437e-19
1240215504.7409668,nan,-1.72863104248168e-19
1240215504.741211,nan,-1.7955700704455847e-19
1240215504.741455,nan,-1.886315859669663e-19
1240215504.7416992,nan,-1.9760354395800677e-19
1240215504.7419434,nan,-2.0147767328814572e-19
1240215504.7421875,nan,-1.9947283528055378e-19
1240215504.7424316,nan,-1.9579934723648643e-19
1240215504.7426758,nan,-1.9116281248930297e-19
1240215504.74292,nan,-1.9113942964915744e-19
1240215504.743164,nan,-1.980097830313807e-19
1240215504.7434082,nan,-2.069115489880727e-19
1240215504.7436523,nan,-2.151386007380961e-19
1240215504.7438965,nan,-2.1931915526309923e-19
1240215504.7441406,nan,-2.171651034553368e-19
1240215504.7443848,nan,-2.123093090734839e-19
1240215504.744629,nan,-2.0773508725501896e-19
1240215504.744873,nan,-2.071820953112701e-19
1240215504.7451172,nan,-2.1355033838820228e-19
1240215504.7453613,nan,-2.2211812157169714e-19
1240215504.7456055,nan,-2.29878664073212e-19
1240215504.7458496,nan,-2.339464375428279e-19
1240215504.7460938,nan,-2.3170024194515066e-19
1240215504.746338,nan,-2.258315042908058e-19
1240215504.746582,nan,-2.2086396354054736e-19
1240215504.7468262,nan,-2.21113585765327e-19
1240215504.7470703,nan,-2.2594051335493095e-19
1240215504.7473145,nan,-2.3408739699691533e-19
1240215504.7475586,nan,-2.42003907706603e-19
1240215504.7478027,nan,-2.450493496225224e-19
1240215504.7480469,nan,-2.4273470896437183e-19
1240215504.748291,nan,-2.370466594014931e-19
1240215504.7485352,nan,-2.317294125415913e-19
1240215504.7487793,nan,-2.303336945348729e-19
1240215504.7490234,nan,-2.3517034688525804e-19
1240215504.7492676,nan,-2.4350669628064265e-19
1240215504.7495117,nan,-2.5065014317542914e-19
1240215504.7497559,nan,-2.5395923588683233e-19
1240215504.75,nan,-2.5139054427101453e-19
1240215504.7502441,nan,-2.4456407644050244e-19
1240215504.7504883,nan,-2.3902479354319916e-19
1240215504.7507324,nan,-2.3796009238611543e-19
1240215504.7509766,nan,-2.4167366698052624e-19
1240215504.7512207,nan,-2.499913349933188e-19
1240215504.7514648,nan,-2.5739159083907604e-19
1240215504.751709,nan,-2.5879546354395456e-19
1240215504.7519531,nan,-2.5602836657881055e-19
1240215504.7521973,nan,-2.4924246419943763e-19
1240215504.7524414,nan,-2.429827367808087e-19
1240215504.7526855,nan,-2.419970381500129e-19
1240215504.7529297,nan,-2.455804922920138e-19
1240215504.7531738,nan,-2.529394807249996e-19
1240215504.753418,nan,-2.5933353487178574e-19
1240215504.753662,nan,-2.617656927714951e-19
1240215504.7539062,nan,-2.589859559968752e-19
1240215504.7541504,nan,-2.5144818624877607e-19
1240215504.7543945,nan,-2.4426859385012004e-19
1240215504.7546387,nan,-2.4265230385869077e-19
1240215504.7548828,nan,-2.4702719103955093e-19
1240215504.755127,nan,-2.53126300909672e-19
1240215504.755371,nan,-2.591794206921348e-19
1240215504.7556152,nan,-2.6158469835930807e-19
1240215504.7558594,nan,-2.570122023487902e-19
1240215504.7561035,nan,-2.5023286454350017e-19
1240215504.7563477,nan,-2.4357501010203674e-19
1240215504.7565918,nan,-2.4094264880582863e-19
1240215504.756836,nan,-2.4453716465641404e-19
1240215504.75708,nan,-2.509765167989399e-19
1240215504.7573242,nan,-2.5698625875415426e-19
1240215504.7575684,nan,-2.576733137941573e-19
1240215504.7578125,nan,-2.540167712153559e-19
1240215504.7580566,nan,-2.4687261608152017e-19
1240215504.7583008,nan,-2.38658439858097e-19
1240215504.758545,nan,-2.36192365759781e-19
1240215504.758789,nan,-2.394462481011273e-19
1240215504.7590332,nan,-2.4603993816381074e-19
1240215504.7592773,nan,-2.511959305982714e-19
1240215504.7595215,nan,-2.51966265459601e-19
1240215504.7597656,nan,-2.4845909608509035e-19
1240215504.7600098,nan,-2.4022014317448033e-19
1240215504.760254,nan,-2.326460926892634e-19
1240215504.760498,nan,-2.2933393048063945e-19
1240215504.7607422,nan,-2.320650586380237e-19
1240215504.7609863,nan,-2.379852230893361e-19
1240215504.7612305,nan,-2.43006477134237e-19
1240215504.7614746,nan,-2.449060176526274e-19
1240215504.7617188,nan,-2.3926137296691606e-19
1240215504.761963,nan,-2.309790887464229e-19
1240215504.762207,nan,-2.238162634422511e-19
1240215504.7624512,nan,-2.2006856799714364e-19
1240215504.7626953,nan,-2.2264250332053364e-19
1240215504.7629395,nan,-2.279182922352996e-19
1240215504.7631836,nan,-2.332406114885667e-19
1240215504.7634277,nan,-2.3370718503713216e-19
1240215504.7636719,nan,-2.287439998020562e-19
1240215504.763916,nan,-2.2077520526088246e-19
1240215504.7641602,nan,-2.1219824347751327e-19
1240215504.7644043,nan,-2.08856586536554e-19
1240215504.7646484,nan,-2.1087475611762433e-19
1240215504.7648926,nan,-2.1592155420460333e-19
1240215504.7651367,nan,-2.2087503562910716e-19
1240215504.7653809,nan,-2.2161328497940392e-19
1240215504.765625,nan,-2.1632358270135538e-19
1240215504.7658691,nan,-2.0754526345871482e-19
1240215504.7661133,nan,-1.9953851603083143e-19
1240215504.7663574,nan,-1.9508422002213672e-19
1240215504.7666016,nan,-1.969787629338219e-19
1240215504.7668457,nan,-2.0233526687465743e-19
1240215504.7670898,nan,-2.0655458410469123e-19
1240215504.767334,nan,-2.0714627011162647e-19
1240215504.7675781,nan,-2.0225668886372019e-19
1240215504.7678223,nan,-1.9363039495328589e-19
1240215504.7680664,nan,-1.845249278430707e-19
1240215504.7683105,nan,-1.805027530871018e-19
1240215504.7685547,nan,-1.824518190567517e-19
1240215504.7687988,nan,-1.8645568741994063e-19
1240215504.769043,nan,-1.912888521791255e-19
1240215504.769287,nan,-1.9188606637694785e-19
1240215504.7695312,nan,-1.8659419965586765e-19
1240215504.7697754,nan,-1.77561538314644e-19
1240215504.7700195,nan,-1.6835674817924823e-19
1240215504.7702637,nan,-1.6434170307219906e-19
1240215504.7705078,nan,-1.6577052873094086e-19
1240215504.770752,nan,-1.7096653922269e-19
1240215504.770996,nan,-1.7434957462374906e-19
1240215504.7712402,nan,-1.7437939739340883e-19
1240215504.7714844,nan,-1.7038972052141067e-19
1240215504.7717285,nan,-1.5959181098112424e-19
1240215504.7719727,nan,-1.5115791408103571e-19
1240215504.7722168,nan,-1.4775368770285863e-19
1240215504.772461,nan,-1.4784972836727395e-19
1240215504.772705,nan,-1.532033126600411e-19
1240215504.7729492,nan,-1.5703193351499795e-19
1240215504.7731934,nan,-1.5719840789036095e-19
1240215504.7734375,nan,-1.5243104997214465e-19
1240215504.7736816,nan,-1.424899284275329e-19
1240215504.7739258,nan,-1.3336867487505657e-19
1240215504.77417,nan,-1.2860254351301136e-19
1240215504.774414,nan,-1.2989300925629696e-19
1240215504.7746582,nan,-1.3469152397383827e-19
1240215504.7749023,nan,-1.385967783494437e-19
1240215504.7751465,nan,-1.3886693116962468e-19
1240215504.7753906,nan,-1.3382023440350755e-19
1240215504.7756348,nan,-1.2445512057798506e-19
1240215504.775879,nan,-1.1450239089311818e-19
1240215504.776123,nan,-1.1005299513561104e-19
1240215504.7763672,nan,-1.11608376510877e-19
1240215504.7766113,nan,-1.1613307346300985e-19
1240215504.7768555,nan,-1.2052694264019474e-19
1240215504.7770996,nan,-1.1995070349643336e-19
1240215504.7773438,nan,-1.148428022136836e-19
1240215504.777588,nan,-1.0582305436926391e-19
1240215504.777832,nan,-9.613074804726698e-20
1240215504.7780762,nan,-9.161870249502249e-20
1240215504.7783203,nan,-9.23876233106296e-20
1240215504.7785645,nan,-9.710730758919919e-20
1240215504.7788086,nan,-1.0125271111649357e-19
1240215504.7790527,nan,-1.0103937654066058e-19
1240215504.7792969,nan,-9.617203760684667e-20
1240215504.779541,nan,-8.672621892795282e-20
1240215504.7797852,nan,-7.760755509329786e-20
1240215504.7800293,nan,-7.279575638423364e-20
1240215504.7802734,nan,-7.352795929196405e-20
1240215504.7805176,nan,-7.843360645828007e-20
1240215504.7807617,nan,-8.243757524651843e-20
1240215504.7810059,nan,-8.308851651803703e-20
1240215504.78125,nan,-7.777098528858098e-20
1240215504.7814941,nan,-6.82134683550242e-20
1240215504.7817383,nan,-5.931241070138029e-20
1240215504.7819824,nan,-5.414518231229868e-20
1240215504.7822266,nan,-5.575595292819469e-20
1240215504.7824707,nan,-5.988587108614683e-20
1240215504.7827148,nan,-6.399874296671673e-20
1240215504.782959,nan,-6.544504905556305e-20
1240215504.7832031,nan,-5.94181729696164e-20
1240215504.7834473,nan,-5.042401715853386e-20
1240215504.7836914,nan,-4.116661729349052e-20
1240215504.7839355,nan,-3.653780742300112e-20
1240215504.7841797,nan,-3.8175024530691875e-20
1240215504.7844238,nan,-4.197477188099978e-20
1240215504.784668,nan,-4.69525230370273e-20
1240215504.784912,nan,-4.7201993210243585e-20
1240215504.7851562,nan,-4.159363702008218e-20
1240215504.7854004,nan,-3.308389855933828e-20
1240215504.7856445,nan,-2.410213720445339e-20
1240215504.7858887,nan,-1.9322132024435742e-20
1240215504.7861328,nan,-2.023181483972242e-20
1240215504.786377,nan,-2.538685115072739e-20
1240215504.786621,nan,-3.021460078059076e-20
1240215504.7868652,nan,-3.0225829571017094e-20
1240215504.7871094,nan,-2.540135522975508e-20
1240215504.7873535,nan,-1.6348706477251554e-20
1240215504.7875977,nan,-7.577410383774627e-21
1240215504.7878418,nan,-3.821735000212593e-21
1240215504.788086,nan,-4.3445418281982416e-21
1240215504.78833,nan,-8.699300825177555e-21
1240215504.7885742,nan,-1.4128652074006077e-20
1240215504.7888184,nan,-1.492815128553945e-20
1240215504.7890625,nan,-9.969572468347032e-21
1240215504.7893066,nan,-1.2814878309337397e-21
1240215504.7895508,nan,7.639081438203168e-21
1240215504.789795,nan,1.2104664863111763e-20
1240215504.790039,nan,1.1313701191583724e-20
1240215504.7902832,nan,5.965490431858043e-21
1240215504.7905273,nan,4.239527654032891e-22
1240215504.7907715,nan,-5.2182131171947477e-23
1240215504.7910156,nan,4.204652666339084e-21
1240215504.7912598,nan,1.2886918188321989e-20
1240215504.791504,nan,2.2117381395925704e-20
1240215504.791748,nan,2.605746877092741e-20
1240215504.7919922,nan,2.4813129926330885e-20
1240215504.7922363,nan,1.909543098163018e-20
1240215504.7924805,nan,1.3555268269792036e-20
1240215504.7927246,nan,1.2909595282441012e-20
1240215504.7929688,nan,1.7177689221387266e-20
1240215504.793213,nan,2.587154912141373e-20
1240215504.793457,nan,3.418485189808694e-20
1240215504.7937012,nan,3.824430560728105e-20
1240215504.7939453,nan,3.687781919421834e-20
1240215504.7941895,nan,3.108744956610045e-20
1240215504.7944336,nan,2.6084176793241024e-20
1240215504.7946777,nan,2.4788313731076667e-20
1240215504.7949219,nan,2.8981471165996644e-20
1240215504.795166,nan,3.7553777174254014e-20
1240215504.7954102,nan,4.552871959560126e-20
1240215504.7956543,nan,4.9779672119116385e-20
1240215504.7958984,nan,4.786439904259826e-20
1240215504.7961426,nan,4.2382256866148497e-20
1240215504.7963867,nan,3.712225474145017e-20
1240215504.7966309,nan,3.489665043152802e-20
1240215504.796875,nan,3.92278970898142e-20
1240215504.7971191,nan,4.774627774817605e-20
1240215504.7973633,nan,5.536068606431018e-20
1240215504.7976074,nan,5.922997255219402e-20
1240215504.7978516,nan,5.735279325507575e-20
1240215504.7980957,nan,5.157143848345962e-20
1240215504.7983398,nan,4.613140382446837e-20
1240215504.798584,nan,4.396885286318462e-20
1240215504.7988281,nan,4.7743380602529545e-20
1240215504.7990723,nan,5.596888351436609e-20
1240215504.7993164,nan,6.345046661717335e-20
1240215504.7995605,nan,6.767433688873714e-20
1240215504.7998047,nan,6.612854169822242e-20
1240215504.8000488,nan,5.954682233830741e-20
1240215504.800293,nan,5.3617744727603596e-20
1240215504.800537,nan,5.156686835106279e-20
1240215504.8007812,nan,5.497841140988217e-20
1240215504.8010254,nan,6.288723305172072e-20
1240215504.8012695,nan,7.08947237117702e-20
1240215504.8015137,nan,7.460062734036451e-20
1240215504.8017578,nan,7.245901984773726e-20
1240215504.802002,nan,6.617913577643482e-20
1240215504.802246,nan,6.004275397844965e-20
1240215504.8024902,nan,5.800739103593425e-20
1240215504.8027344,nan,6.109216107745028e-20
1240215504.8029785,nan,6.852146123752634e-20
1240215504.8032227,nan,7.647895681965094e-20
1240215504.8034668,nan,8.008127184151512e-20
1240215504.803711,nan,7.780723225792433e-20
1240215504.803955,nan,7.158757217741893e-20
1240215504.8041992,nan,6.513627934807072e-20
1240215504.8044434,nan,6.209699934929301e-20
1240215504.8046875,nan,6.607501376864906e-20
1240215504.8049316,nan,7.34090395336538e-20
1240215504.8051758,nan,8.046867785274784e-20
1240215504.80542,nan,8.4087602011807e-20
1240215504.805664,nan,8.124746347783363e-20
1240215504.8059082,nan,7.552261616645931e-20
1240215504.8061523,nan,6.855357431561157e-20
1240215504.8063965,nan,6.60598343752686e-20
1240215504.8066406,nan,6.955242676710152e-20
1240215504.8068848,nan,7.603376876696265e-20
1240215504.807129,nan,8.441283372875986e-20
1240215504.807373,nan,8.724205188598289e-20
1240215504.8076172,nan,8.411545317198314e-20
1240215504.8078613,nan,7.816206798516238e-20
1240215504.8081055,nan,7.124304863022528e-20
1240215504.8083496,nan,6.807831865218231e-20
1240215504.8085938,nan,7.093764262883016e-20
1240215504.808838,nan,7.886163759149704e-20
1240215504.809082,nan,8.616757531929812e-20
1240215504.8093262,nan,8.855259940320127e-20
1240215504.8095703,nan,8.60150098572625e-20
1240215504.8098145,nan,7.952466277635926e-20
1240215504.8100586,nan,7.286533483452496e-20
1240215504.8103027,nan,6.973934724280183e-20
1240215504.8105469,nan,7.187204245410132e-20
1240215504.810791,nan,7.929054862721481e-20
1240215504.8110352,nan,8.656599837724275e-20
1240215504.8112793,nan,8.96973800074208e-20
1240215504.8115234,nan,8.728797647935082e-20
1240215504.8117676,nan,8.023730803776166e-20
1240215504.8120117,nan,7.33367447771962e-20
1240215504.8122559,nan,7.037439709273911e-20
1240215504.8125,nan,7.262542157000342e-20
1240215504.8127441,nan,7.947275894662648e-20
1240215504.8129883,nan,8.692182344060651e-20
1240215504.8132324,nan,8.950174056359679e-20
1240215504.8134766,nan,8.6578907965732e-20
1240215504.8137207,nan,8.00931864906376e-20
1240215504.8139648,nan,7.24813421600632e-20
1240215504.814209,nan,6.893923269809036e-20
1240215504.8144531,nan,7.247326235807258e-20
1240215504.8146973,nan,7.907008222773886e-20
1240215504.8149414,nan,8.534514548118404e-20
1240215504.8151855,nan,8.907188641027856e-20
1240215504.8154297,nan,8.576668677224461e-20
1240215504.8156738,nan,7.880908686497051e-20
1240215504.815918,nan,7.250487031054696e-20
1240215504.816162,nan,6.824018731856381e-20
1240215504.8164062,nan,7.112680689830595e-20
1240215504.8166504,nan,7.781833727823417e-20
1240215504.8168945,nan,8.405166474661081e-20
1240215504.8171387,nan,8.72603037221865e-20
1240215504.8173828,nan,8.410952615687981e-20
1240215504.817627,nan,7.759243483138214e-20
1240215504.817871,nan,7.048843999015232e-20
1240215504.8181152,nan,6.680465027113514e-20
1240215504.8183594,nan,6.904620400933613e-20
1240215504.8186035,nan,7.557197318481594e-20
1240215504.8188477,nan,8.327760787086294e-20
1240215504.8190918,nan,8.587420491230755e-20
1240215504.819336,nan,8.237006359268365e-20
1240215504.81958,nan,7.554786909477122e-20
1240215504.8198242,nan,6.856168950837324e-20
1240215504.8200684,nan,6.501239823013808e-20
1240215504.8203125,nan,6.686322734969518e-20
1240215504.8205566,nan,7.416972870799605e-20
1240215504.8208008,nan,8.063483425063613e-20
1240215504.821045,nan,8.361468848939463e-20
1240215504.821289,nan,8.138976808844063e-20
1240215504.8215332,nan,7.344503001443981e-20
1240215504.8217773,nan,6.721952853900841e-20
1240215504.8220215,nan,6.3440226115709e-20
1240215504.8222656,nan,6.431132430355637e-20
1240215504.8225098,nan,7.178348175759554e-20
1240215504.822754,nan,7.887200579484248e-20
1240215504.822998,nan,8.18595555883315e-20
1240215504.8232422,nan,7.822751843732912e-20
1240215504.8234863,nan,7.173674122116418e-20
1240215504.8237305,nan,6.515894488238062e-20
1240215504.8239746,nan,6.066001951159644e-20
1240215504.8242188,nan,6.310090397840065e-20
1240215504.824463,nan,6.93865434454738e-20
1240215504.824707,nan,7.651017884393615e-20
1240215504.8249512,nan,7.980157102919867e-20
1240215504.8251953,nan,7.728043251905499e-20
1240215504.8254395,nan,7.050990221596525e-20
1240215504.8256836,nan,6.231025708062115e-20
1240215504.8259277,nan,5.843296688602785e-20
1240215504.8261719,nan,6.061140303686011e-20
1240215504.826416,nan,6.752003769751717e-20
1240215504.8266602,nan,7.455343561263744e-20
1240215504.8269043,nan,7.759568083897534e-20
1240215504.8271484,nan,7.506564264949855e-20
1240215504.8273926,nan,6.768224425407125e-20
1240215504.8276367,nan,6.093821960288441e-20
1240215504.8278809,nan,5.742902820306583e-20
1240215504.828125,nan,5.863233940888672e-20
1240215504.8283691,nan,6.543522401695426e-20
1240215504.8286133,nan,7.259650682399228e-20
1240215504.8288574,nan,7.582143726556521e-20
1240215504.8291016,nan,7.341956115323926e-20
1240215504.8293457,nan,6.631114918250196e-20
1240215504.8295898,nan,5.886991361819806e-20
1240215504.829834,nan,5.50881177257513e-20
1240215504.8300781,nan,5.746847282514814e-20
1240215504.8303223,nan,6.408681924781914e-20
1240215504.8305664,nan,7.126108007881757e-20
1240215504.8308105,nan,7.442450288434911e-20
1240215504.8310547,nan,7.179487219401724e-20
1240215504.8312988,nan,6.566519781339433e-20
1240215504.831543,nan,5.788344223562232e-20
1240215504.831787,nan,5.425562825791195e-20
1240215504.8320312,nan,5.614193001055489e-20
1240215504.8322754,nan,6.277155707092095e-20
1240215504.8325195,nan,7.04623891865736e-20
1240215504.8327637,nan,7.312078756087153e-20
1240215504.8330078,nan,7.072856503763596e-20
1240215504.833252,nan,6.364280563416612e-20
1240215504.833496,nan,5.702864691811802e-20
1240215504.8337402,nan,5.3559644762452016e-20
1240215504.8339844,nan,5.453982639169904e-20
1240215504.8342285,nan,6.236643181984201e-20
1240215504.8344727,nan,6.99351178253347e-20
1240215504.8347168,nan,7.267351996894549e-20
1240215504.834961,nan,7.021558350607255e-20
1240215504.835205,nan,6.403135244899147e-20
1240215504.8354492,nan,5.704742404208843e-20
1240215504.8356934,nan,5.243984964655248e-20
1240215504.8359375,nan,5.491462178734146e-20
1240215504.8361816,nan,6.18462123190666e-20
1240215504.8364258,nan,6.904501471359708e-20
1240215504.83667,nan,7.22959323772068e-20
1240215504.836914,nan,7.035378892607826e-20
1240215504.8371582,nan,6.455239513662167e-20
1240215504.8374023,nan,5.627470142119724e-20
1240215504.8376465,nan,5.2843201861489494e-20
1240215504.8378906,nan,5.564354401244071e-20
1240215504.8381348,nan,6.159577680597373e-20
1240215504.838379,nan,6.9221806876147e-20
1240215504.838623,nan,7.312745160810693e-20
1240215504.8388672,nan,7.072193423295607e-20
1240215504.8391113,nan,6.373502260259931e-20
1240215504.8393555,nan,5.754001710173148e-20
1240215504.8395996,nan,5.430346772375735e-20
1240215504.8398438,nan,5.499580050771244e-20
1240215504.840088,nan,6.262550887709287e-20
1240215504.840332,nan,7.02551518634782e-20
1240215504.8405762,nan,7.370953792341902e-20
1240215504.8408203,nan,7.258296093826906e-20
1240215504.8410645,nan,6.560670712284923e-20
1240215504.8413086,nan,5.802569768791782e-20
1240215504.8415527,nan,5.511537770282437e-20
1240215504.8417969,nan,5.740559847543428e-20
1240215504.842041,nan,6.346960689475955e-20
1240215504.8422852,nan,7.10827295716838e-20
1240215504.8425293,nan,7.54184140260888e-20
1240215504.8427734,nan,7.340384793281668e-20
1240215504.8430176,nan,6.686022117680871e-20
1240215504.8432617,nan,6.011575418461121e-20
1240215504.8435059,nan,5.722783278848765e-20
1240215504.84375,nan,5.89147210941183e-20
1240215504.8439941,nan,6.555702543745197e-20
1240215504.8442383,nan,7.386868002625308e-20
1240215504.8444824,nan,7.736107510356815e-20
1240215504.8447266,nan,7.573541408087609e-20
1240215504.8449707,nan,6.953963956343619e-20
1240215504.8452148,nan,6.184992801726997e-20
1240215504.845459,nan,5.865481917435277e-20
1240215504.8457031,nan,6.085845789307575e-20
1240215504.8459473,nan,6.800243244318648e-20
1240215504.8461914,nan,7.58076023408426e-20
1240215504.8464355,nan,7.924916577050316e-20
1240215504.8466797,nan,7.810243508985302e-20
1240215504.8469238,nan,7.247150917743602e-20
1240215504.847168,nan,6.49924460064299e-20
1240215504.847412,nan,6.122986774137761e-20
1240215504.8476562,nan,6.397850878960326e-20
1240215504.8479004,nan,7.079506607491749e-20
1240215504.8481445,nan,7.828240640779604e-20
1240215504.8483887,nan,8.257010832216902e-20
1240215504.8486328,nan,8.081036852721189e-20
1240215504.848877,nan,7.49545003805611e-20
1240215504.849121,nan,6.775089814030626e-20
1240215504.8493652,nan,6.425809967676411e-20
1240215504.8496094,nan,6.684585334971831e-20
1240215504.8498535,nan,7.369555811505111e-20
1240215504.8500977,nan,8.134649690751074e-20
1240215504.8503418,nan,8.522731225023953e-20
1240215504.850586,nan,8.440360536955609e-20
1240215504.85083,nan,7.844063138651734e-20
1240215504.8510742,nan,7.09948024936804e-20
1240215504.8513184,nan,6.794764817105397e-20
1240215504.8515625,nan,6.967431180466353e-20
1240215504.8518066,nan,7.673000561152084e-20
1240215504.8520508,nan,8.489287717727742e-20
1240215504.852295,nan,8.88507850749117e-20
1240215504.852539,nan,8.762413319490497e-20
1240215504.8527832,nan,8.127625622797971e-20
1240215504.8530273,nan,7.475121472388246e-20
1240215504.8532715,nan,7.094998973799573e-20
1240215504.8535156,nan,7.299753865643699e-20
1240215504.8537598,nan,8.057467750313336e-20
1240215504.854004,nan,8.825124988988222e-20
1240215504.854248,nan,9.251756268432294e-20
1240215504.8544922,nan,9.077796118732982e-20
1240215504.8547363,nan,8.490637303236235e-20
1240215504.8549805,nan,7.803700393335634e-20
1240215504.8552246,nan,7.425154329339143e-20
1240215504.8554688,nan,7.65613157943004e-20
1240215504.855713,nan,8.335883255518686e-20
1240215504.855957,nan,9.191941974027606e-20
1240215504.8562012,nan,9.583644321238723e-20
1240215504.8564453,nan,9.411479274606417e-20
1240215504.8566895,nan,8.872472797147574e-20
1240215504.8569336,nan,8.133030472444491e-20
1240215504.8571777,nan,7.77111682645157e-20
1240215504.8574219,nan,7.997360116094493e-20
1240215504.857666,nan,8.703796949695155e-20
1240215504.8579102,nan,9.518421326805691e-20
1240215504.8581543,nan,9.932598456824477e-20
1240215504.8583984,nan,9.753171228753065e-20
1240215504.8586426,nan,9.182599663464879e-20
1240215504.8588867,nan,8.480317330532251e-20
1240215504.8591309,nan,8.068586719662996e-20
1240215504.859375,nan,8.314966514374673e-20
1240215504.8596191,nan,9.029585256004534e-20
1240215504.8598633,nan,9.819291090844352e-20
1240215504.8601074,nan,1.0242864990146243e-19
1240215504.8603516,nan,1.0108201741222648e-19
1240215504.8605957,nan,9.497623480958307e-20
1240215504.8608398,nan,8.729837991980894e-20
1240215504.861084,nan,8.414503915924908e-20
1240215504.8613281,nan,8.569354011602345e-20
1240215504.8615723,nan,9.242052444382268e-20
1240215504.8618164,nan,1.0123062770156857e-19
1240215504.8620605,nan,1.0497482962312958e-19
1240215504.8623047,nan,1.0338229231511439e-19
1240215504.8625488,nan,9.70925668066373e-20
1240215504.862793,nan,9.051682365731175e-20
1240215504.863037,nan,8.70924519112772e-20
1240215504.8632812,nan,8.810122092012862e-20
1240215504.8635254,nan,9.512337192945196e-20
1240215504.8637695,nan,1.030836467496154e-19
1240215504.8640137,nan,1.0723156962768073e-19
1240215504.8642578,nan,1.055170484437415e-19
1240215504.864502,nan,9.933552776816772e-20
1240215504.864746,nan,9.229428060488585e-20
1240215504.8649902,nan,8.806206659041118e-20
1240215504.8652344,nan,9.006547550280842e-20
1240215504.8654785,nan,9.648506078986472e-20
1240215504.8657227,nan,1.0462909876848227e-19
1240215504.8659668,nan,1.090259350180422e-19
1240215504.866211,nan,1.0642289135081315e-19
1240215504.866455,nan,1.0052018484459594e-19
1240215504.8666992,nan,9.368545633981577e-20
1240215504.8669434,nan,8.948375372098087e-20
1240215504.8671875,nan,9.105308742459633e-20
1240215504.8674316,nan,9.799171027791594e-20
1240215504.8676758,nan,1.0551798404654538e-19
1240215504.86792,nan,1.0888914807349844e-19
1240215504.868164,nan,1.0756298776289015e-19
1240215504.8684082,nan,1.0139489642581395e-19
1240215504.8686523,nan,9.437068440576004e-20
1240215504.8688965,nan,8.94389718994481e-20
1240215504.8691406,nan,9.075660564392314e-20
1240215504.8693848,nan,9.860842002568491e-20
1240215504.869629,nan,1.050064911624899e-19
1240215504.869873,nan,1.0946773942086142e-19
1240215504.8701172,nan,1.0853560484523134e-19
1240215504.8703613,nan,1.0069726533864045e-19
1240215504.8706055,nan,9.329030748936426e-20
1240215504.8708496,nan,8.914353472650137e-20
1240215504.8710938,nan,9.067270761057651e-20
1240215504.871338,nan,9.659376474773146e-20
1240215504.871582,nan,1.0382188556013105e-19
1240215504.8718262,nan,1.0801464076640869e-19
1240215504.8720703,nan,1.0612188912436066e-19
1240215504.8723145,nan,1.0010831843186511e-19
1240215504.8725586,nan,9.223334511611689e-20
1240215504.8728027,nan,8.812801170200886e-20
1240215504.8730469,nan,8.897530007086456e-20
1240215504.873291,nan,9.424900182234895e-20
1240215504.8735352,nan,1.0277438026627784e-19
1240215504.8737793,nan,1.0613511090487468e-19
1240215504.8740234,nan,1.035202617845946e-19
1240215504.8742676,nan,9.762711672437068e-20
1240215504.8745117,nan,8.886913548794848e-20
1240215504.8747559,nan,8.46787692776041e-20
1240215504.875,nan,8.64656336355758e-20
1240215504.8752441,nan,9.155279986125714e-20
1240215504.8754883,nan,9.859313532719006e-20
1240215504.8757324,nan,1.0265615716645722e-19
1240215504.8759766,nan,1.0106369309857851e-19
1240215504.8762207,nan,9.382187852891137e-20
1240215504.8764648,nan,8.530153868268303e-20
1240215504.876709,nan,8.090020307577134e-20
1240215504.8769531,nan,8.139128531649935e-20
1240215504.8771973,nan,8.709536634198785e-20
1240215504.8774414,nan,9.4338166504302e-20
1240215504.8776855,nan,9.773459855610805e-20
1240215504.8779297,nan,9.543523770261544e-20
1240215504.8781738,nan,8.84003337196095e-20
1240215504.878418,nan,8.068936743487077e-20
1240215504.878662,nan,7.603742902676552e-20
1240215504.8789062,nan,7.580995067815366e-20
1240215504.8791504,nan,8.120109631107836e-20
1240215504.8793945,nan,8.849069640886633e-20
1240215504.8796387,nan,9.111604234240365e-20
1240215504.8798828,nan,8.912761823854857e-20
1240215504.880127,nan,8.230286490430146e-20
1240215504.880371,nan,7.350360577690086e-20
1240215504.8806152,nan,6.830280472851052e-20
1240215504.8808594,nan,6.882064042521446e-20
1240215504.8811035,nan,7.428623480409973e-20
1240215504.8813477,nan,8.025641077983756e-20
1240215504.8815918,nan,8.395168101526357e-20
1240215504.881836,nan,8.218700006390151e-20
1240215504.88208,nan,7.441069677011955e-20
1240215504.8823242,nan,6.560063498872037e-20
1240215504.8825684,nan,6.009461370570152e-20
1240215504.8828125,nan,6.046105386516807e-20
1240215504.8830566,nan,6.543911080033162e-20
1240215504.8833008,nan,7.179111257093863e-20
1240215504.883545,nan,7.494524047688163e-20
1240215504.883789,nan,7.261067187962821e-20
1240215504.8840332,nan,6.538199442739817e-20
1240215504.8842773,nan,5.587105015132836e-20
1240215504.8845215,nan,5.034906077179071e-20
1240215504.8847656,nan,5.069821468013187e-20
1240215504.8850098,nan,5.561177236211869e-20
1240215504.885254,nan,6.175713701352509e-20
1240215504.885498,nan,6.480409777795167e-20
1240215504.8857422,nan,6.185777736044648e-20
1240215504.8859863,nan,5.415151070589291e-20
1240215504.8862305,nan,4.5497188026758434e-20
1240215504.8864746,nan,3.9222400315568427e-20
1240215504.8867188,nan,3.941097806980218e-20
1240215504.886963,nan,4.427306263778875e-20
1240215504.887207,nan,4.943005405197913e-20
1240215504.8874512,nan,5.269916236658199e-20
1240215504.8876953,nan,5.0294863323574273e-20
1240215504.8879395,nan,4.240705551132727e-20
1240215504.8881836,nan,3.3362933394706415e-20
1240215504.8884277,nan,2.6698139580586645e-20
1240215504.8886719,nan,2.615894943588701e-20
1240215504.888916,nan,3.154887216291413e-20
1240215504.8891602,nan,3.719714218941629e-20
1240215504.8894043,nan,3.924067637161318e-20
1240215504.8896484,nan,3.719379040179396e-20
1240215504.8898926,nan,2.9170715662247076e-20
1240215504.8901367,nan,1.8683165997343713e-20
1240215504.8903809,nan,1.3034156965774225e-20
1240215504.890625,nan,1.264421494151295e-20
1240215504.8908691,nan,1.688310329211038e-20
1240215504.8911133,nan,2.3088416128137882e-20
1240215504.8913574,nan,2.5583683306650105e-20
1240215504.8916016,nan,2.2181216307775245e-20
1240215504.8918457,nan,1.366091639818723e-20
1240215504.8920898,nan,4.630134417598152e-21
1240215504.892334,nan,-1.8024347011582737e-21
1240215504.8925781,nan,-2.517498248880294e-21
1240215504.8928223,nan,2.0509071520257075e-21
1240215504.8930664,nan,7.101521587342467e-21
1240215504.8933105,nan,1.0091724605466769e-20
1240215504.8935547,nan,6.46061465140336e-21
1240215504.8937988,nan,-1.8024052626594142e-21
1240215504.894043,nan,-1.0821828417125705e-20
1240215504.894287,nan,-1.8280243432935126e-20
1240215504.8945312,nan,-1.9063831574372774e-20
1240215504.8947754,nan,-1.4470194347834745e-20
1240215504.8950195,nan,-9.014574658386503e-21
1240215504.8952637,nan,-5.974837733315e-21
1240215504.8955078,nan,-9.80919424760963e-21
1240215504.895752,nan,-1.839441425328893e-20
1240215504.895996,nan,-2.715774470602366e-20
1240215504.8962402,nan,-3.460580068638365e-20
1240215504.8964844,nan,-3.588882202628094e-20
1240215504.8967285,nan,-3.1337174678189394e-20
1240215504.8969727,nan,-2.6108023627101728e-20
1240215504.8972168,nan,-2.3380840865286385e-20
1240215504.897461,nan,-2.7290945762443566e-20
1240215504.897705,nan,-3.5619053108564834e-20
1240215504.8979492,nan,-4.512667666697636e-20
1240215504.8981934,nan,-5.225917301473288e-20
1240215504.8984375,nan,-5.358104678672727e-20
1240215504.8986816,nan,-5.009537838845562e-20
1240215504.8989258,nan,-4.352021343137726e-20
1240215504.89917,nan,-4.155390402430678e-20
1240215504.899414,nan,-4.588675883111356e-20
1240215504.8996582,nan,-5.3194555654216095e-20
1240215504.8999023,nan,-6.337688770011246e-20
1240215504.9001465,nan,-7.084241266370506e-20
1240215504.9003906,nan,-7.198060660450765e-20
1240215504.9006348,nan,-6.783736675064341e-20
1240215504.900879,nan,-6.186573667800715e-20
1240215504.901123,nan,-6.062345012919123e-20
1240215504.9013672,nan,-6.394993179258674e-20
1240215504.9016113,nan,-7.16296019101948e-20
1240215504.9018555,nan,-8.227884531274854e-20
1240215504.9020996,nan,-8.919546342872802e-20
1240215504.9023438,nan,-9.00701523425775e-20
1240215504.902588,nan,-8.65083732125288e-20
1240215504.902832,nan,-8.132260821572664e-20
1240215504.9030762,nan,-7.856785987456789e-20
1240215504.9033203,nan,-8.236285090018845e-20
1240215504.9035645,nan,-9.131973249751729e-20
1240215504.9038086,nan,-1.0026456606358171e-19
1240215504.9040527,nan,-1.0744155387431632e-19
1240215504.9042969,nan,-1.097847299319002e-19
1240215504.904541,nan,-1.0524874087705122e-19
1240215504.9047852,nan,-1.000818259146175e-19
1240215504.9050293,nan,-9.84638250029736e-20
1240215504.9052734,nan,-1.013719951029957e-19
1240215504.9055176,nan,-1.101632231413132e-19
1240215504.9057617,nan,-1.1983519417777215e-19
1240215504.9060059,nan,-1.2639123690061369e-19
1240215504.90625,nan,-1.2830881200415155e-19
1240215504.9064941,nan,-1.24593970458331e-19
1240215504.9067383,nan,-1.1892858282532663e-19
1240215504.9069824,nan,-1.1682618216967004e-19
1240215504.9072266,nan,-1.2072770218831662e-19
1240215504.9074707,nan,-1.2833965646305818e-19
1240215504.9077148,nan,-1.3770900558875943e-19
1240215504.907959,nan,-1.4545660825010283e-19
1240215504.9082031,nan,-1.4775561121045498e-19
1240215504.9084473,nan,-1.4375984688691787e-19
1240215504.9086914,nan,-1.371434638400773e-19
1240215504.9089355,nan,-1.3557010620013463e-19
1240215504.9091797,nan,-1.396786412339527e-19
1240215504.9094238,nan,-1.466424493527251e-19
1240215504.909668,nan,-1.5641228014696863e-19
1240215504.909912,nan,-1.6413723945100475e-19
1240215504.9101562,nan,-1.650629078359719e-19
1240215504.9104004,nan,-1.612148012691507e-19
1240215504.9106445,nan,-1.5642355378459584e-19
1240215504.9108887,nan,-1.5297367143608384e-19
1240215504.9111328,nan,-1.5609406279757324e-19
1240215504.911377,nan,-1.6485079024639754e-19
1240215504.911621,nan,-1.741708206961539e-19
1240215504.9118652,nan,-1.8130995492814216e-19
1240215504.9121094,nan,-1.8281448347671017e-19
1240215504.9123535,nan,-1.7932940391570244e-19
1240215504.9125977,nan,-1.728599410771943e-19
1240215504.9128418,nan,-1.7002930179654072e-19
1240215504.913086,nan,-1.7431586062656424e-19
1240215504.91333,nan,-1.8131930553189334e-19
1240215504.9135742,nan,-1.904974112392609e-19
1240215504.9138184,nan,-1.98361822896677e-19
1240215504.9140625,nan,-1.9951450161278327e-19
1240215504.9143066,nan,-1.9504462920688726e-19
1240215504.9145508,nan,-1.8983633744128178e-19
1240215504.914795,nan,-1.8746617056389537e-19
1240215504.915039,nan,-1.8923548996454755e-19
1240215504.9152832,nan,-1.9701704303730186e-19
1240215504.9155273,nan,-2.0678020002775648e-19
1240215504.9157715,nan,-2.1321462498785517e-19
1240215504.9160156,nan,-2.1459365096082537e-19
1240215504.9162598,nan,-2.102857773936184e-19
1240215504.916504,nan,-2.0444203552258541e-19
1240215504.916748,nan,-2.015808738680799e-19
1240215504.9169922,nan,-2.0387159726018386e-19
1240215504.9172363,nan,-2.1221168250023677e-19
1240215504.9174805,nan,-2.2095789955708733e-19
1240215504.9177246,nan,-2.27154789730412e-19
1240215504.9179688,nan,-2.2916136860195984e-19
1240215504.918213,nan,-2.24503814195134e-19
1240215504.918457,nan,-2.1844847314849043e-19
1240215504.9187012,nan,-2.1443908426525055e-19
1240215504.9189453,nan,-2.17029851819582e-19
1240215504.9191895,nan,-2.251713983173548e-19
1240215504.9194336,nan,-2.3273108448108717e-19
1240215504.9196777,nan,-2.403276728948734e-19
1240215504.9199219,nan,-2.4189968059131975e-19
1240215504.920166,nan,-2.3594752831740466e-19
1240215504.9204102,nan,-2.2975180767053706e-19
1240215504.9206543,nan,-2.264158259249447e-19
1240215504.9208984,nan,-2.288489503849848e-19
1240215504.9211426,nan,-2.3567705141744067e-19
1240215504.9213867,nan,-2.4457028129416307e-19
1240215504.9216309,nan,-2.509696988614313e-19
1240215504.921875,nan,-2.5102043558938726e-19
1240215504.9221191,nan,-2.468251624014143e-19
1240215504.9223633,nan,-2.402437502006861e-19
1240215504.9226074,nan,-2.365876783267435e-19
1240215504.9228516,nan,-2.3832071042580834e-19
1240215504.9230957,nan,-2.4488202261301877e-19
1240215504.9233398,nan,-2.5358502117932983e-19
1240215504.923584,nan,-2.5906907037715e-19
1240215504.9238281,nan,-2.6032825745275647e-19
1240215504.9240723,nan,-2.5519899862627953e-19
1240215504.9243164,nan,-2.4751728015001134e-19
1240215504.9245605,nan,-2.4440987069573365e-19
1240215504.9248047,nan,-2.454098133602742e-19
1240215504.9250488,nan,-2.5221280392011816e-19
1240215504.925293,nan,-2.607432679537749e-19
1240215504.925537,nan,-2.6570855092692853e-19
1240215504.9257812,nan,-2.660895385362503e-19
1240215504.9260254,nan,-2.605119766422612e-19
1240215504.9262695,nan,-2.535120773048133e-19
1240215504.9265137,nan,-2.4955398219028955e-19
1240215504.9267578,nan,-2.501382090390246e-19
1240215504.927002,nan,-2.56773060072041e-19
1240215504.927246,nan,-2.6517657210903892e-19
1240215504.9274902,nan,-2.701249619423829e-19
1240215504.9277344,nan,-2.7063122853007236e-19
1240215504.9279785,nan,-2.6418594950692943e-19
1240215504.9282227,nan,-2.5625917001324903e-19
1240215504.9284668,nan,-2.5297152524023793e-19
1240215504.928711,nan,-2.531827745496497e-19
1240215504.928955,nan,-2.5859712953240026e-19
1240215504.9291992,nan,-2.669024048268121e-19
1240215504.9294434,nan,-2.719762961105258e-19
1240215504.9296875,nan,-2.7137129043095043e-19
1240215504.9299316,nan,-2.658407634478493e-19
1240215504.9301758,nan,-2.5865216887966986e-19
1240215504.93042,nan,-2.52495399755572e-19
1240215504.930664,nan,-2.527813774706259e-19
1240215504.9309082,nan,-2.593164840571973e-19
1240215504.9311523,nan,-2.660797537801305e-19
1240215504.9313965,nan,-2.7096073179630314e-19
1240215504.9316406,nan,-2.704131338125339e-19
1240215504.9318848,nan,-2.63627894768719e-19
1240215504.932129,nan,-2.5606396907766987e-19
1240215504.932373,nan,-2.5031138586895595e-19
1240215504.9326172,nan,-2.5033852799593995e-19
1240215504.9328613,nan,-2.5622358096826117e-19
1240215504.9331055,nan,-2.6249448975805746e-19
1240215504.9333496,nan,-2.672275280692073e-19
1240215504.9335938,nan,-2.6641405975184954e-19
1240215504.933838,nan,-2.599213280412036e-19
1240215504.934082,nan,-2.515999624314386e-19
1240215504.9343262,nan,-2.459684057686127e-19
1240215504.9345703,nan,-2.458007315705491e-19
1240215504.9348145,nan,-2.500790028631658e-19
1240215504.9350586,nan,-2.5672650092201485e-19
1240215504.9353027,nan,-2.6103113352786427e-19
1240215504.9355469,nan,-2.5932026563765677e-19
1240215504.935791,nan,-2.523994490749914e-19
1240215504.9360352,nan,-2.441526134468776e-19
1240215504.9362793,nan,-2.3820172879700923e-19
1240215504.9365234,nan,-2.3720309707488203e-19
1240215504.9367676,nan,-2.4202505684278695e-19
1240215504.9370117,nan,-2.4813813781545286e-19
1240215504.9372559,nan,-2.5207875369664276e-19
1240215504.9375,nan,-2.5050301605181735e-19
1240215504.9377441,nan,-2.426808472249962e-19
1240215504.9379883,nan,-2.339984939926679e-19
1240215504.9382324,nan,-2.2732522769722644e-19
1240215504.9384766,nan,-2.2594547134457477e-19
1240215504.9387207,nan,-2.3056834679880377e-19
1240215504.9389648,nan,-2.3645223985648247e-19
1240215504.939209,nan,-2.3984914206815254e-19
1240215504.9394531,nan,-2.379861986197563e-19
1240215504.9396973,nan,-2.305817817907651e-19
1240215504.9399414,nan,-2.210637275389978e-19
1240215504.9401855,nan,-2.141826207363781e-19
1240215504.9404297,nan,-2.126985633786704e-19
1240215504.9406738,nan,-2.1652696888543483e-19
1240215504.940918,nan,-2.2232178761988976e-19
1240215504.941162,nan,-2.2540206557714896e-19
1240215504.9414062,nan,-2.2340600524699296e-19
1240215504.9416504,nan,-2.149267192447551e-19
1240215504.9418945,nan,-2.0481216263425715e-19
1240215504.9421387,nan,-1.9815433441286365e-19
1240215504.9423828,nan,-1.9621576476081352e-19
1240215504.942627,nan,-1.998251168186145e-19
1240215504.942871,nan,-2.0453203274096917e-19
1240215504.9431152,nan,-2.0738278722096754e-19
1240215504.9433594,nan,-2.057577255571465e-19
1240215504.9436035,nan,-1.9703456578288165e-19
1240215504.9438477,nan,-1.8691599603166026e-19
1240215504.9440918,nan,-1.7947833781585096e-19
1240215504.944336,nan,-1.7757831418329832e-19
1240215504.94458,nan,-1.806276262722759e-19
1240215504.9448242,nan,-1.8479740085604828e-19
1240215504.9450684,nan,-1.8805263679353135e-19
1240215504.9453125,nan,-1.8491548971813578e-19
1240215504.9455566,nan,-1.7666160345032407e-19
1240215504.9458008,nan,-1.6646059997627458e-19
1240215504.946045,nan,-1.5756031056705657e-19
1240215504.946289,nan,-1.5606315662600398e-19
1240215504.9465332,nan,-1.5908032766758011e-19
1240215504.9467773,nan,-1.6295735058775958e-19
1240215504.9470215,nan,-1.6543609316690543e-19
1240215504.9472656,nan,-1.6274731337944947e-19
1240215504.9475098,nan,-1.5388024775408806e-19
1240215504.947754,nan,-1.4254400614766295e-19
1240215504.947998,nan,-1.351434833281793e-19
1240215504.9482422,nan,-1.3245324538950927e-19
1240215504.9484863,nan,-1.338365666701157e-19
1240215504.9487305,nan,-1.3859462969921131e-19
1240215504.9489746,nan,-1.408103232708063e-19
1240215504.9492188,nan,-1.3642238071657698e-19
1240215504.949463,nan,-1.2826484343701168e-19
1240215504.949707,nan,-1.1799612246196906e-19
1240215504.9499512,nan,-1.0863028487356287e-19
1240215504.9501953,nan,-1.0601851052590455e-19
1240215504.9504395,nan,-1.0839638508545664e-19
1240215504.9506836,nan,-1.1209967262263684e-19
1240215504.9509277,nan,-1.134570810218952e-19
1240215504.9511719,nan,-1.093179618982269e-19
1240215504.951416,nan,-1.010684188899486e-19
1240215504.9516602,nan,-8.932729282450093e-20
1240215504.9519043,nan,-8.091437066609505e-20
1240215504.9521484,nan,-7.817143302086077e-20
1240215504.9523926,nan,-7.854938406581618e-20
1240215504.9526367,nan,-8.3209833592409e-20
1240215504.9528809,nan,-8.486105177846741e-20
1240215504.953125,nan,-8.06368090849283e-20
1240215504.9533691,nan,-7.162627719120065e-20
1240215504.9536133,nan,-5.960766163545704e-20
1240215504.9538574,nan,-5.1799026709891166e-20
1240215504.9541016,nan,-4.791962251423579e-20
1240215504.9543457,nan,-4.852679100832405e-20
1240215504.9545898,nan,-5.294617466425409e-20
1240215504.954834,nan,-5.430489432862394e-20
1240215504.9550781,nan,-4.9946545299275744e-20
1240215504.9553223,nan,-4.0257633987247715e-20
1240215504.9555664,nan,-2.886809510357608e-20
1240215504.9558105,nan,-1.9922762238470823e-20
1240215504.9560547,nan,-1.55747870027442e-20
1240215504.9562988,nan,-1.7247177359042864e-20
1240215504.956543,nan,-2.1422094455817878e-20
1240215504.956787,nan,-2.211317206417251e-20
1240215504.9570312,nan,-1.7775108371295423e-20
1240215504.9572754,nan,-7.593146055468646e-21
1240215504.9575195,nan,3.6068557758766265e-21
1240215504.9577637,nan,1.2283021555562965e-20
1240215504.9580078,nan,1.7324462201330792e-20
1240215504.958252,nan,1.5859254153604506e-20
1240215504.958496,nan,1.257694841838544e-20
1240215504.9587402,nan,1.1066399213646047e-20
1240215504.9589844,nan,1.570920829788825e-20
1240215504.9592285,nan,2.577492610126156e-20
1240215504.9594727,nan,3.6037359547515164e-20
1240215504.9597168,nan,4.658643448718748e-20
1240215504.959961,nan,5.101891554007428e-20
1240215504.960205,nan,4.935131586022395e-20
1240215504.9604492,nan,4.681945493795414e-20
1240215504.9606934,nan,4.5267753959068824e-20
1240215504.9609375,nan,4.942990628684466e-20
1240215504.9611816,nan,5.912654942919475e-20
1240215504.9614258,nan,7.13622375068578e-20
1240215504.96167,nan,8.114193312974789e-20
1240215504.961914,nan,8.505729565449315e-20
1240215504.9621582,nan,8.407571585082321e-20
1240215504.9624023,nan,8.069577013071416e-20
1240215504.9626465,nan,8.017818720903228e-20
1240215504.9628906,nan,8.446105597484894e-20
1240215504.9631348,nan,9.358355770503606e-20
1240215504.963379,nan,1.0645147317410176e-19
1240215504.963623,nan,1.1575527379263614e-19
1240215504.9638672,nan,1.189421565373735e-19
1240215504.9641113,nan,1.1876129791563317e-19
1240215504.9643555,nan,1.1536060557440817e-19
1240215504.9645996,nan,1.1404453397697828e-19
1240215504.9648438,nan,1.1882295646343666e-19
1240215504.965088,nan,1.2848685058913102e-19
1240215504.965332,nan,1.4041575965715386e-19
1240215504.9655762,nan,1.4949501694565102e-19
1240215504.9658203,nan,1.5386171431466527e-19
1240215504.9660645,nan,1.5287342422425139e-19
1240215504.9663086,nan,1.4923319437441544e-19
1240215504.9665527,nan,1.4906886091479325e-19
1240215504.9667969,nan,1.5296367408163897e-19
1240215504.967041,nan,1.6226061213622008e-19
1240215504.9672852,nan,1.748064221438479e-19
1240215504.9675293,nan,1.8354979416299405e-19
1240215504.9677734,nan,1.877684146579292e-19
1240215504.9680176,nan,1.8738353878073423e-19
1240215504.9682617,nan,1.8378579573324345e-19
1240215504.9685059,nan,1.821973270815309e-19
1240215504.96875,nan,1.8631956796962704e-19
1240215504.9689941,nan,1.9663526280145278e-19
1240215504.9692383,nan,2.0797184016804118e-19
1240215504.9694824,nan,2.1572880260442645e-19
1240215504.9697266,nan,2.2103065169835455e-19
1240215504.9699707,nan,2.2052205508720756e-19
1240215504.9702148,nan,2.161640679927535e-19
1240215504.970459,nan,2.153979901632585e-19
1240215504.9707031,nan,2.192595186602615e-19
1240215504.9709473,nan,2.282614067124309e-19
1240215504.9711914,nan,2.399057264524106e-19
1240215504.9714355,nan,2.4906800201567333e-19
1240215504.9716797,nan,2.530338330654373e-19
1240215504.9719238,nan,2.520002733008103e-19
1240215504.972168,nan,2.4813917074981103e-19
1240215504.972412,nan,2.4619197359477115e-19
1240215504.9726562,nan,2.505503766088754e-19
1240215504.9729004,nan,2.5904746524531514e-19
1240215504.9731445,nan,2.7055092336551434e-19
1240215504.9733887,nan,2.7973403072405134e-19
1240215504.9736328,nan,2.8275573457300136e-19
1240215504.973877,nan,2.8258156276523396e-19
1240215504.974121,nan,2.7796732941842718e-19
1240215504.9743652,nan,2.757684322746246e-19
1240215504.9746094,nan,2.7956642360961373e-19
1240215504.9748535,nan,2.8802484687464924e-19
1240215504.9750977,nan,2.995881449704109e-19
1240215504.9753418,nan,3.077667713873524e-19
1240215504.975586,nan,3.1131206947661725e-19
1240215504.97583,nan,3.097681370535438e-19
1240215504.9760742,nan,3.0520665306611116e-19
1240215504.9763184,nan,3.0373263476299315e-19
1240215504.9765625,nan,3.0655563554763023e-19
1240215504.9768066,nan,3.149571009481533e-19
1240215504.9770508,nan,3.2591804260983584e-19
1240215504.977295,nan,3.3364038852013484e-19
1240215504.977539,nan,3.3756172966114863e-19
1240215504.9777832,nan,3.3518669961348623e-19
1240215504.9780273,nan,3.3021040372451194e-19
1240215504.9782715,nan,3.2847529475417507e-19
1240215504.9785156,nan,3.3088749716913e-19
1240215504.9787598,nan,3.394116932659221e-19
1240215504.979004,nan,3.490182069532174e-19
1240215504.979248,nan,3.5699469718848096e-19
1240215504.9794922,nan,3.605454050568835e-19
1240215504.9797363,nan,3.568967281724986e-19
1240215504.9799805,nan,3.535050951092394e-19
1240215504.9802246,nan,3.5088583727117723e-19
1240215504.9804688,nan,3.5222806328412747e-19
1240215504.980713,nan,3.604243256620326e-19
1240215504.980957,nan,3.7008225611555024e-19
1240215504.9812012,nan,3.7805916763101313e-19
1240215504.9814453,nan,3.80224163275289e-19
1240215504.9816895,nan,3.7741933768177175e-19
1240215504.9819336,nan,3.7253117111471543e-19
1240215504.9821777,nan,3.690552454734897e-19
1240215504.9824219,nan,3.713469381323382e-19
1240215504.982666,nan,3.7778560488329943e-19
1240215504.9829102,nan,3.8732129657942198e-19
1240215504.9831543,nan,3.953187091160075e-19
1240215504.9833984,nan,3.9639867294560824e-19
1240215504.9836426,nan,3.9378940485328666e-19
1240215504.9838867,nan,3.888267874047152e-19
1240215504.9841309,nan,3.8421060935839337e-19
1240215504.984375,nan,3.8637680296979497e-19
1240215504.9846191,nan,3.930252919819109e-19
1240215504.9848633,nan,4.0100753246405516e-19
1240215504.9851074,nan,4.085923901811086e-19
1240215504.9853516,nan,4.1016861778270705e-19
1240215504.9855957,nan,4.0626136122639147e-19
1240215504.9858398,nan,4.0047506581975525e-19
1240215504.986084,nan,3.9611223928005875e-19
1240215504.9863281,nan,3.97158847357492e-19
1240215504.9865723,nan,4.034007739196103e-19
1240215504.9868164,nan,4.114744506764425e-19
1240215504.9870605,nan,4.1794880950580357e-19
1240215504.9873047,nan,4.194740233725923e-19
1240215504.9875488,nan,4.150456183268199e-19
1240215504.987793,nan,4.087349000988447e-19
1240215504.988037,nan,4.037707245218363e-19
1240215504.9882812,nan,4.037556788200648e-19
1240215504.9885254,nan,4.0982826995585477e-19
1240215504.9887695,nan,4.17276829679642e-19
1240215504.9890137,nan,4.2360293055255417e-19
1240215504.9892578,nan,4.2469867612054557e-19
1240215504.989502,nan,4.1932130382867934e-19
1240215504.989746,nan,4.1228276678906343e-19
1240215504.9899902,nan,4.0722999353323e-19
1240215504.9902344,nan,4.074936053231407e-19
1240215504.9904785,nan,4.12601915414115e-19
1240215504.9907227,nan,4.1955620749051917e-19
1240215504.9909668,nan,4.24986338867471e-19
1240215504.991211,nan,4.2488462090093963e-19
1240215504.991455,nan,4.1949384905957477e-19
1240215504.9916992,nan,4.1232599893472446e-19
1240215504.9919434,nan,4.0672964098558317e-19
1240215504.9921875,nan,4.0527144954884533e-19
1240215504.9924316,nan,4.1004832298177775e-19
1240215504.9926758,nan,4.1735683997855425e-19
1240215504.99292,nan,4.2139404484100807e-19
1240215504.993164,nan,4.2133221983002843e-19
1240215504.9934082,nan,4.158454156286802e-19
1240215504.9936523,nan,4.076073516640151e-19
1240215504.9938965,nan,4.015493603352261e-19
1240215504.9941406,nan,3.995927069272028e-19
1240215504.9943848,nan,4.0379337118064676e-19
1240215504.994629,nan,4.1031563597113925e-19
1240215504.994873,nan,4.1409789104384515e-19
1240215504.9951172,nan,4.1331597736510864e-19
1240215504.9953613,nan,4.06334642021282e-19
1240215504.9956055,nan,3.9834460701874883e-19
1240215504.9958496,nan,3.9180466061076025e-19
1240215504.9960938,nan,3.8866191253419435e-19
1240215504.996338,nan,3.934295785230116e-19
1240215504.996582,nan,3.990205455290829e-19
1240215504.9968262,nan,4.014843025148009e-19
1240215504.9970703,nan,4.008386008267265e-19
1240215504.9973145,nan,3.939059783833422e-19
1240215504.9975586,nan,3.8474265689970475e-19
1240215504.9978027,nan,3.7748014882200716e-19
1240215504.9980469,nan,3.746222201209467e-19
1240215504.998291,nan,3.7794951308684326e-19
1240215504.9985352,nan,3.827362482505157e-19
1240215504.9987793,nan,3.8528076511449804e-19
1240215504.9990234,nan,3.8375992669657994e-19
1240215504.9992676,nan,3.7648139511911047e-19
1240215504.9995117,nan,3.6659587002301076e-19
1240215504.9997559,nan,3.585462245050413e-19
