time,strain_H1,strain_L1
1252150103.2998047,nan,2.483744112644493e-19
1252150103.3000488,nan,2.478394680811307e-19
1252150103.300293,nan,2.4814746516693954e-19
1252150103.300537,nan,2.4900072665716656e-19
1252150103.3007812,nan,2.4834926207921805e-19
1252150103.3010254,nan,2.4886507076402547e-19
1252150103.3012695,nan,2.48506172283835e-19
1252150103.3015137,nan,2.4770089974571976e-19
1252150103.3017578,nan,2.487416380284775e-19
1252150103.302002,nan,2.4931312407649333e-19
1252150103.302246,nan,2.4818247697518596e-19
1252150103.3024902,nan,2.4783805995803093e-19
1252150103.3027344,nan,2.4860147761793815e-19
1252150103.3029785,nan,2.4724815600118714e-19
1252150103.3032227,nan,2.463205245551993e-19
1252150103.3034668,nan,2.466038510820803e-19
1252150103.303711,nan,2.460699497280926e-19
1252150103.303955,nan,2.46323106873501e-19
1252150103.3041992,nan,2.458160692086933e-19
1252150103.3044434,nan,2.4438547072188527e-19
1252150103.3046875,nan,2.4391918626912925e-19
1252150103.3049316,nan,2.435669968163255e-19
1252150103.3051758,nan,2.4210217970220364e-19
1252150103.30542,nan,2.408524909659095e-19
1252150103.305664,nan,2.409103058167565e-19
1252150103.3059082,nan,2.4032666944859803e-19
1252150103.3061523,nan,2.389112765586341e-19
1252150103.3063965,nan,2.3768295444326545e-19
1252150103.3066406,nan,2.368543508239719e-19
1252150103.3068848,nan,2.3598502655912705e-19
1252150103.307129,nan,2.341066526713642e-19
1252150103.307373,nan,2.325261590236938e-19
1252150103.3076172,nan,2.3202146193188734e-19
1252150103.3078613,nan,2.3115605145233616e-19
1252150103.3081055,nan,2.2944695049881496e-19
1252150103.3083496,nan,2.279982400575671e-19
1252150103.3085938,nan,2.2698111894439645e-19
1252150103.308838,nan,2.2518682008039666e-19
1252150103.309082,nan,2.227563679532247e-19
1252150103.3093262,nan,2.2088534982450404e-19
1252150103.3095703,nan,2.2030397245695e-19
1252150103.3098145,nan,2.19308478853662e-19
1252150103.3100586,nan,2.1640066940768565e-19
1252150103.3103027,nan,2.146236986999233e-19
1252150103.3105469,nan,2.139856635262237e-19
1252150103.310791,nan,2.1101810884343974e-19
1252150103.3110352,nan,2.08673035518785e-19
1252150103.3112793,nan,2.0704991759950354e-19
1252150103.3115234,nan,2.0488081472893575e-19
1252150103.3117676,nan,2.0438476163151126e-19
1252150103.3120117,nan,2.0109971455515524e-19
1252150103.3122559,nan,1.979705606146086e-19
1252150103.3125,nan,1.9769989257171133e-19
1252150103.3127441,nan,1.940899655705696e-19
1252150103.3129883,nan,1.91754569142979e-19
1252150103.3132324,nan,1.895741782966439e-19
1252150103.3134766,nan,1.8670183667495337e-19
1252150103.3137207,nan,1.859094193130391e-19
1252150103.3139648,nan,1.8168718183277343e-19
1252150103.314209,nan,1.7988234429963662e-19
1252150103.3144531,nan,1.7904963447156093e-19
1252150103.3146973,nan,1.743016887058082e-19
1252150103.3149414,nan,1.7177406184870562e-19
1252150103.3151855,nan,1.6873504854091847e-19
1252150103.3154297,nan,1.6623145590804673e-19
1252150103.3156738,nan,1.6539608445629691e-19
1252150103.315918,nan,1.6065320717538832e-19
1252150103.316162,nan,1.571976778514842e-19
1252150103.3164062,nan,1.561854102629284e-19
1252150103.3166504,nan,1.5288756247866941e-19
1252150103.3168945,nan,1.4904253688365208e-19
1252150103.3171387,nan,1.4543182507736298e-19
1252150103.3173828,nan,1.4381310941220325e-19
1252150103.317627,nan,1.4142005196604126e-19
1252150103.317871,nan,1.367276701756909e-19
1252150103.3181152,nan,1.3392898732747263e-19
1252150103.3183594,nan,1.3142690116132123e-19
1252150103.3186035,nan,1.2773770483420817e-19
1252150103.3188477,nan,1.2362339601577243e-19
1252150103.3190918,nan,1.2051845135067404e-19
1252150103.319336,nan,1.1818168867257253e-19
1252150103.31958,nan,1.1487039953675454e-19
1252150103.3198242,nan,1.1134299097104016e-19
1252150103.3200684,nan,1.0804106012613885e-19
1252150103.3203125,nan,1.045659572066781e-19
1252150103.3205566,nan,1.012289180761262e-19
1252150103.3208008,nan,9.707372087202534e-20
1252150103.321045,nan,9.32473769467006e-20
1252150103.321289,nan,9.084129124914184e-20
1252150103.3215332,nan,8.725340122156111e-20
1252150103.3217773,nan,8.315341449615295e-20
1252150103.3220215,nan,7.958339995115464e-20
1252150103.3222656,nan,7.64589992909758e-20
1252150103.3225098,nan,7.248126394345583e-20
1252150103.322754,nan,6.786621617988163e-20
1252150103.322998,nan,6.42782868422731e-20
1252150103.3232422,nan,6.10422805436994e-20
1252150103.3234863,nan,5.811815598081935e-20
1252150103.3237305,nan,5.369788769796665e-20
1252150103.3239746,nan,4.9498392995199604e-20
1252150103.3242188,nan,4.67707934073981e-20
1252150103.324463,nan,4.2802393258746605e-20
1252150103.324707,nan,3.7839270851822067e-20
1252150103.3249512,nan,3.3335237942314354e-20
1252150103.3251953,nan,3.086226853217133e-20
1252150103.3254395,nan,2.780240240377167e-20
1252150103.3256836,nan,2.2854744770060176e-20
1252150103.3259277,nan,1.8857380109972007e-20
1252150103.3261719,nan,1.5326692854131568e-20
1252150103.326416,nan,1.177637356372834e-20
1252150103.3266602,nan,6.794972498242725e-21
1252150103.3269043,nan,2.0906874762510398e-21
1252150103.3271484,nan,-3.338483336704485e-22
1252150103.3273926,nan,-4.007627861468196e-21
1252150103.3276367,nan,-8.784003883474827e-21
1252150103.3278809,nan,-1.2777966861001712e-20
1252150103.328125,nan,-1.6479832848082672e-20
1252150103.3283691,nan,-2.0401350731235446e-20
1252150103.3286133,nan,-2.5463624429325337e-20
1252150103.3288574,nan,-2.984527650705066e-20
1252150103.3291016,nan,-3.208745607904924e-20
1252150103.3293457,nan,-3.632929906536905e-20
1252150103.3295898,nan,-4.1395353155400386e-20
1252150103.329834,nan,-4.440752910286665e-20
1252150103.3300781,nan,-4.879952634660285e-20
1252150103.3303223,nan,-5.283960485718242e-20
1252150103.3305664,nan,-5.675693573480811e-20
1252150103.3308105,nan,-6.194043531404435e-20
1252150103.3310547,nan,-6.52262998543364e-20
1252150103.3312988,nan,-6.884004719549906e-20
1252150103.331543,nan,-7.293717875727231e-20
1252150103.331787,nan,-7.71889948404905e-20
1252150103.3320312,nan,-8.147628950993813e-20
1252150103.3322754,nan,-8.515641891679736e-20
1252150103.3325195,nan,-9.035759194734552e-20
1252150103.3327637,nan,-9.435214983978463e-20
1252150103.3330078,nan,-9.738600997386676e-20
1252150103.333252,nan,-1.0090033544614193e-19
1252150103.333496,nan,-1.0464786022281892e-19
1252150103.3337402,nan,-1.0937867606215489e-19
1252150103.3339844,nan,-1.1284303730349491e-19
1252150103.3342285,nan,-1.1707468362104283e-19
1252150103.3344727,nan,-1.2209887409267902e-19
1252150103.3347168,nan,-1.2510948018290885e-19
1252150103.334961,nan,-1.2863765593542136e-19
1252150103.335205,nan,-1.3267016592377177e-19
1252150103.3354492,nan,-1.365102615613961e-19
1252150103.3356934,nan,-1.406279446763973e-19
1252150103.3359375,nan,-1.4416459944070534e-19
1252150103.3361816,nan,-1.482669709580502e-19
1252150103.3364258,nan,-1.5268759043785918e-19
1252150103.33667,nan,-1.566708290729522e-19
1252150103.336914,nan,-1.594957355649637e-19
1252150103.3371582,nan,-1.6236721987426713e-19
1252150103.3374023,nan,-1.6723305280482783e-19
1252150103.3376465,nan,-1.709282461491727e-19
1252150103.3378906,nan,-1.7403379398577174e-19
1252150103.3381348,nan,-1.7818826871064702e-19
1252150103.338379,nan,-1.8246364583937564e-19
1252150103.338623,nan,-1.861719414585402e-19
1252150103.3388672,nan,-1.8872094053311844e-19
1252150103.3391113,nan,-1.923710244859539e-19
1252150103.3393555,nan,-1.9625079433562368e-19
1252150103.3395996,nan,-1.9901565194334938e-19
1252150103.3398438,nan,-2.022160389563749e-19
1252150103.340088,nan,-2.0605062046397125e-19
1252150103.340332,nan,-2.1027964155473365e-19
1252150103.3405762,nan,-2.1358475633140313e-19
1252150103.3408203,nan,-2.1657875633706823e-19
1252150103.3410645,nan,-2.1948025899877023e-19
1252150103.3413086,nan,-2.2316876560774435e-19
1252150103.3415527,nan,-2.2734784735835497e-19
1252150103.3417969,nan,-2.294169532680251e-19
1252150103.342041,nan,-2.322855484907437e-19
1252150103.3422852,nan,-2.365318419104067e-19
1252150103.3425293,nan,-2.3974070193508085e-19
1252150103.3427734,nan,-2.4229376975445904e-19
1252150103.3430176,nan,-2.4482973349808928e-19
1252150103.3432617,nan,-2.47972342256202e-19
1252150103.3435059,nan,-2.508820614301554e-19
1252150103.34375,nan,-2.5384720730983025e-19
1252150103.3439941,nan,-2.5703821143511795e-19
1252150103.3442383,nan,-2.605743093197006e-19
1252150103.3444824,nan,-2.6384456099604877e-19
1252150103.3447266,nan,-2.646802106336539e-19
1252150103.3449707,nan,-2.6781555325581735e-19
1252150103.3452148,nan,-2.711490939675619e-19
1252150103.345459,nan,-2.7266469987993503e-19
1252150103.3457031,nan,-2.75814936640609e-19
1252150103.3459473,nan,-2.776732126248419e-19
1252150103.3461914,nan,-2.8092360536141567e-19
1252150103.3464355,nan,-2.841715014776311e-19
1252150103.3466797,nan,-2.8534020311023036e-19
1252150103.3469238,nan,-2.879376996489486e-19
1252150103.347168,nan,-2.902664082204064e-19
1252150103.347412,nan,-2.9259615167252822e-19
1252150103.3476562,nan,-2.944844346104708e-19
1252150103.3479004,nan,-2.96483832452492e-19
1252150103.3481445,nan,-2.992944246208512e-19
1252150103.3483887,nan,-3.013637649336514e-19
1252150103.3486328,nan,-3.029420484835628e-19
1252150103.348877,nan,-3.0506765013275617e-19
1252150103.349121,nan,-3.073557240284617e-19
1252150103.3493652,nan,-3.0855866361124615e-19
1252150103.3496094,nan,-3.1031583315520685e-19
1252150103.3498535,nan,-3.122472276630393e-19
1252150103.3500977,nan,-3.1414668944680727e-19
1252150103.3503418,nan,-3.158426860247755e-19
1252150103.350586,nan,-3.1717537602443177e-19
1252150103.35083,nan,-3.186189599855024e-19
1252150103.3510742,nan,-3.2004844596262614e-19
1252150103.3513184,nan,-3.216899278100823e-19
1252150103.3515625,nan,-3.2261334497833164e-19
1252150103.3518066,nan,-3.2402649806337877e-19
1252150103.3520508,nan,-3.257825829996213e-19
1252150103.352295,nan,-3.2706340063771426e-19
1252150103.352539,nan,-3.2787660972178587e-19
1252150103.3527832,nan,-3.2833819056811104e-19
1252150103.3530273,nan,-3.301786359438437e-19
1252150103.3532715,nan,-3.3101463001654666e-19
1252150103.3535156,nan,-3.3135282660553513e-19
1252150103.3537598,nan,-3.326330771646835e-19
1252150103.354004,nan,-3.3348612400371974e-19
1252150103.354248,nan,-3.34869571711264e-19
1252150103.3544922,nan,-3.35196040716007e-19
1252150103.3547363,nan,-3.3475019040834584e-19
1252150103.3549805,nan,-3.3585987056003556e-19
1252150103.3552246,nan,-3.369827442877231e-19
1252150103.3554688,nan,-3.3641882372519694e-19
1252150103.355713,nan,-3.3628971586979503e-19
1252150103.355957,nan,-3.3815402773472623e-19
1252150103.3562012,nan,-3.3842356655405617e-19
1252150103.3564453,nan,-3.3741855477222884e-19
1252150103.3566895,nan,-3.379312340030535e-19
1252150103.3569336,nan,-3.3780014812243852e-19
1252150103.3571777,nan,-3.3812115747116485e-19
1252150103.3574219,nan,-3.38127757870685e-19
1252150103.357666,nan,-3.376381355810184e-19
1252150103.3579102,nan,-3.3898778264695815e-19
1252150103.3581543,nan,-3.3818298403164435e-19
1252150103.3583984,nan,-3.367968896184792e-19
1252150103.3586426,nan,-3.3738422671212337e-19
1252150103.3588867,nan,-3.3696282735658187e-19
1252150103.3591309,nan,-3.3624208836949336e-19
1252150103.359375,nan,-3.353083489523745e-19
1252150103.3596191,nan,-3.3486578268834514e-19
1252150103.3598633,nan,-3.3493103422273e-19
1252150103.3601074,nan,-3.3427083966431113e-19
1252150103.3603516,nan,-3.333004373364774e-19
1252150103.3605957,nan,-3.318276188395969e-19
1252150103.3608398,nan,-3.3100545279772323e-19
1252150103.361084,nan,-3.2991480810614035e-19
1252150103.3613281,nan,-3.2848039944316977e-19
1252150103.3615723,nan,-3.280081944491959e-19
1252150103.3618164,nan,-3.276091272637743e-19
1252150103.3620605,nan,-3.259634776049136e-19
1252150103.3623047,nan,-3.239836416505213e-19
1252150103.3625488,nan,-3.2317223910166416e-19
1252150103.362793,nan,-3.2144877107555005e-19
1252150103.363037,nan,-3.199257209758905e-19
1252150103.3632812,nan,-3.1833423064981357e-19
1252150103.3635254,nan,-3.16262894913293e-19
1252150103.3637695,nan,-3.1599065197393563e-19
1252150103.3640137,nan,-3.1450755524743375e-19
1252150103.3642578,nan,-3.1203390894571227e-19
1252150103.364502,nan,-3.097728920563023e-19
1252150103.364746,nan,-3.0778647296155126e-19
1252150103.3649902,nan,-3.060901676351532e-19
1252150103.3652344,nan,-3.034630385019178e-19
1252150103.3654785,nan,-3.0187042223908e-19
1252150103.3657227,nan,-3.0086373247206723e-19
1252150103.3659668,nan,-2.984481988207674e-19
1252150103.366211,nan,-2.954348654102479e-19
1252150103.366455,nan,-2.930045907680438e-19
1252150103.3666992,nan,-2.9112911828886265e-19
1252150103.3669434,nan,-2.8877089006571205e-19
1252150103.3671875,nan,-2.856793969271687e-19
1252150103.3674316,nan,-2.8298354708788264e-19
1252150103.3676758,nan,-2.8137846101531913e-19
1252150103.36792,nan,-2.7867418441761744e-19
1252150103.368164,nan,-2.7546499516192843e-19
1252150103.3684082,nan,-2.726509563256236e-19
1252150103.3686523,nan,-2.6949539579254694e-19
1252150103.3688965,nan,-2.6748989099567076e-19
1252150103.3691406,nan,-2.645173259263078e-19
1252150103.3693848,nan,-2.6094324993733526e-19
1252150103.369629,nan,-2.58872812442913e-19
1252150103.369873,nan,-2.55984694286916e-19
1252150103.3701172,nan,-2.5201651504188984e-19
1252150103.3703613,nan,-2.4886135653817996e-19
1252150103.3706055,nan,-2.4625152633366844e-19
1252150103.3708496,nan,-2.4257767845672755e-19
1252150103.3710938,nan,-2.3866108633562823e-19
1252150103.371338,nan,-2.359209184534374e-19
1252150103.371582,nan,-2.33162607319877e-19
1252150103.3718262,nan,-2.2971430472703963e-19
1252150103.3720703,nan,-2.2560164881106886e-19
1252150103.3723145,nan,-2.218493819977218e-19
1252150103.3725586,nan,-2.1880183356375827e-19
1252150103.3728027,nan,-2.1482175578924544e-19
1252150103.3730469,nan,-2.1060318306919476e-19
1252150103.373291,nan,-2.0694010915317404e-19
1252150103.3735352,nan,-2.0378357313718306e-19
1252150103.3737793,nan,-2.0041974877933534e-19
1252150103.3740234,nan,-1.9593361068360925e-19
1252150103.3742676,nan,-1.9174031664263125e-19
1252150103.3745117,nan,-1.8757179967734872e-19
1252150103.3747559,nan,-1.8343987467794822e-19
1252150103.375,nan,-1.796931811064773e-19
1252150103.3752441,nan,-1.751208835245047e-19
1252150103.3754883,nan,-1.7182544344461372e-19
1252150103.3757324,nan,-1.6852711270684526e-19
1252150103.3759766,nan,-1.6294496184461624e-19
1252150103.3762207,nan,-1.5846652259611838e-19
1252150103.3764648,nan,-1.5458269467606096e-19
1252150103.376709,nan,-1.5014146991273658e-19
1252150103.3769531,nan,-1.4587820751261297e-19
1252150103.3771973,nan,-1.4133394514210438e-19
1252150103.3774414,nan,-1.375333202792677e-19
1252150103.3776855,nan,-1.3261460787992082e-19
1252150103.3779297,nan,-1.2756250404390075e-19
1252150103.3781738,nan,-1.2411195825742794e-19
1252150103.378418,nan,-1.1923841368293219e-19
1252150103.378662,nan,-1.1405002620654813e-19
1252150103.3789062,nan,-1.0931306007213522e-19
1252150103.3791504,nan,-1.0444060477675099e-19
1252150103.3793945,nan,-1.01068778655395e-19
1252150103.3796387,nan,-9.666186821118247e-20
1252150103.3798828,nan,-9.07231842174411e-20
1252150103.380127,nan,-8.676701515363635e-20
1252150103.380371,nan,-8.21657697378594e-20
1252150103.3806152,nan,-7.651388148560515e-20
1252150103.3808594,nan,-7.136098569553333e-20
1252150103.3811035,nan,-6.656777285053249e-20
1252150103.3813477,nan,-6.247988921631456e-20
1252150103.3815918,nan,-5.69072328366968e-20
1252150103.381836,nan,-5.18657509045437e-20
1252150103.38208,nan,-4.7733747347926996e-20
1252150103.3823242,nan,-4.239233799000331e-20
1252150103.3825684,nan,-3.726976819178899e-20
1252150103.3828125,nan,-3.1864699345569955e-20
1252150103.3830566,nan,-2.711615190599183e-20
1252150103.3833008,nan,-2.272673206695915e-20
1252150103.383545,nan,-1.7576743452147268e-20
1252150103.383789,nan,-1.2345541552818281e-20
1252150103.3840332,nan,-6.79051703448107e-21
1252150103.3842773,nan,-2.3193225062360806e-21
1252150103.3845215,nan,2.9400505303791794e-21
1252150103.3847656,nan,9.460068144836334e-21
1252150103.3850098,nan,1.3784109727761803e-20
1252150103.385254,nan,1.766512444450086e-20
1252150103.385498,nan,2.31834812202531e-20
1252150103.3857422,nan,2.938246514657956e-20
1252150103.3859863,nan,3.4420626198537156e-20
1252150103.3862305,nan,3.879887598124881e-20
1252150103.3864746,nan,4.41570202711522e-20
1252150103.3867188,nan,4.9758949696952354e-20
1252150103.386963,nan,5.538147319800105e-20
1252150103.387207,nan,5.934383245204618e-20
1252150103.3874512,nan,6.4263019017165e-20
1252150103.3876953,nan,7.111693512083499e-20
1252150103.3879395,nan,7.563940553963811e-20
1252150103.3881836,nan,8.000808413627215e-20
1252150103.3884277,nan,8.590809373325275e-20
1252150103.3886719,nan,9.158103978336846e-20
1252150103.388916,nan,9.642593492355874e-20
1252150103.3891602,nan,1.0040540244928337e-19
1252150103.3894043,nan,1.0599000365745072e-19
1252150103.3896484,nan,1.1240408063488284e-19
1252150103.3898926,nan,1.1677119365477192e-19
1252150103.3901367,nan,1.2151016883815802e-19
1252150103.3903809,nan,1.2696271440351407e-19
1252150103.390625,nan,1.3262703342195275e-19
1252150103.3908691,nan,1.3809180198050712e-19
1252150103.3911133,nan,1.418792496898873e-19
1252150103.3913574,nan,1.4661735324404457e-19
1252150103.3916016,nan,1.5266182941893005e-19
1252150103.3918457,nan,1.5752823078769593e-19
1252150103.3920898,nan,1.6205743031500031e-19
1252150103.392334,nan,1.6737455375309576e-19
1252150103.3925781,nan,1.727488287257871e-19
1252150103.3928223,nan,1.7764655722089476e-19
1252150103.3930664,nan,1.816917330655512e-19
1252150103.3933105,nan,1.8681049811537448e-19
1252150103.3935547,nan,1.9287582029248005e-19
1252150103.3937988,nan,1.9706579640654726e-19
1252150103.394043,nan,2.0142562367560835e-19
1252150103.394287,nan,2.0655551188793394e-19
1252150103.3945312,nan,2.1211495288433221e-19
1252150103.3947754,nan,2.1614103962748427e-19
1252150103.3950195,nan,2.196435641861893e-19
1252150103.3952637,nan,2.2590460158115265e-19
1252150103.3955078,nan,2.3072470418379954e-19
1252150103.395752,nan,2.3473498414568013e-19
1252150103.395996,nan,2.3938422036366323e-19
1252150103.3962402,nan,2.4385936112536264e-19
1252150103.3964844,nan,2.4976724865236852e-19
1252150103.3967285,nan,2.5364242911164932e-19
1252150103.3969727,nan,2.5733345086192146e-19
1252150103.3972168,nan,2.623746292971646e-19
1252150103.397461,nan,2.6627262803248567e-19
1252150103.397705,nan,2.7152186945024636e-19
1252150103.3979492,nan,2.7480650692075104e-19
1252150103.3981934,nan,2.783982510836888e-19
1252150103.3984375,nan,2.849704275834251e-19
1252150103.3986816,nan,2.884368787257174e-19
1252150103.3989258,nan,2.9150030964741092e-19
1252150103.39917,nan,2.9649745429390595e-19
1252150103.399414,nan,3.0066789760526285e-19
1252150103.3996582,nan,3.044548033328047e-19
1252150103.3999023,nan,3.084496120030452e-19
1252150103.4001465,nan,3.1231006803753095e-19
1252150103.4003906,nan,3.1687581583057424e-19
1252150103.4006348,nan,3.212239165415333e-19
1252150103.400879,nan,3.2334057613811153e-19
1252150103.401123,nan,3.2731808905759e-19
1252150103.4013672,nan,3.323828829486489e-19
1252150103.4016113,nan,3.352831904020633e-19
1252150103.4018555,nan,3.385239039058383e-19
1252150103.4020996,nan,3.420480692447476e-19
1252150103.4023438,nan,3.464488067981934e-19
1252150103.402588,nan,3.5010552624526744e-19
1252150103.402832,nan,3.520705183119116e-19
1252150103.4030762,nan,3.557860982132645e-19
1252150103.4033203,nan,3.5953594570921623e-19
1252150103.4035645,nan,3.6221682910420825e-19
1252150103.4038086,nan,3.6530340628717764e-19
1252150103.4040527,nan,3.687966552945385e-19
1252150103.4042969,nan,3.7256036740781803e-19
1252150103.404541,nan,3.750981857756121e-19
1252150103.4047852,nan,3.7722309319387463e-19
1252150103.4050293,nan,3.8045506757318523e-19
1252150103.4052734,nan,3.836888262185148e-19
1252150103.4055176,nan,3.860537792937971e-19
1252150103.4057617,nan,3.8817191518588683e-19
1252150103.4060059,nan,3.913151313935005e-19
1252150103.40625,nan,3.945124153745664e-19
1252150103.4064941,nan,3.96281609037743e-19
1252150103.4067383,nan,3.9823316523922107e-19
1252150103.4069824,nan,4.008015330837768e-19
1252150103.4072266,nan,4.035958762586242e-19
1252150103.4074707,nan,4.0562961224615224e-19
1252150103.4077148,nan,4.0750270079989705e-19
1252150103.407959,nan,4.0988930185054163e-19
1252150103.4082031,nan,4.1196784351330013e-19
1252150103.4084473,nan,4.140334212403559e-19
1252150103.4086914,nan,4.1505174884233523e-19
1252150103.4089355,nan,4.1704270628605063e-19
1252150103.4091797,nan,4.194872007158492e-19
1252150103.4094238,nan,4.2053194255672614e-19
1252150103.409668,nan,4.221005614998041e-19
1252150103.409912,nan,4.238791769976706e-19
1252150103.4101562,nan,4.2528495874525855e-19
1252150103.4104004,nan,4.264603104867643e-19
1252150103.4106445,nan,4.2783750090215343e-19
1252150103.4108887,nan,4.290095874140232e-19
1252150103.4111328,nan,4.299621653920162e-19
1252150103.411377,nan,4.31339126909308e-19
1252150103.411621,nan,4.317324557551758e-19
1252150103.4118652,nan,4.3304803688368793e-19
1252150103.4121094,nan,4.349192685696068e-19
1252150103.4123535,nan,4.3425878504789795e-19
1252150103.4125977,nan,4.345526579044798e-19
1252150103.4128418,nan,4.361635533790236e-19
1252150103.413086,nan,4.364937127998979e-19
1252150103.41333,nan,4.373934027884085e-19
1252150103.4135742,nan,4.370840021917054e-19
1252150103.4138184,nan,4.367595161844875e-19
1252150103.4140625,nan,4.3841961208068375e-19
1252150103.4143066,nan,4.380918418461437e-19
1252150103.4145508,nan,4.374443533917933e-19
1252150103.414795,nan,4.372236599162588e-19
1252150103.415039,nan,4.373730184234803e-19
1252150103.4152832,nan,4.37846189697933e-19
1252150103.4155273,nan,4.363161450827838e-19
1252150103.4157715,nan,4.368405782228716e-19
1252150103.4160156,nan,4.37101416418107e-19
1252150103.4162598,nan,4.35515488220621e-19
1252150103.416504,nan,4.357044611160358e-19
1252150103.416748,nan,4.3356274518601074e-19
1252150103.4169922,nan,4.336748632923915e-19
1252150103.4172363,nan,4.338845739380985e-19
1252150103.4174805,nan,4.303279441803434e-19
1252150103.4177246,nan,4.310477490033524e-19
1252150103.4179688,nan,4.304642343732236e-19
1252150103.418213,nan,4.2833539942901285e-19
1252150103.418457,nan,4.280689017614916e-19
1252150103.4187012,nan,4.2584452199017924e-19
1252150103.4189453,nan,4.2471406506869815e-19
1252150103.4191895,nan,4.2392809283040237e-19
1252150103.4194336,nan,4.214775047518277e-19
1252150103.4196777,nan,4.1938805021392528e-19
1252150103.4199219,nan,4.1904879947822864e-19
1252150103.420166,nan,4.1774034470015113e-19
1252150103.4204102,nan,4.141719370745128e-19
1252150103.4206543,nan,4.122949843757159e-19
1252150103.4208984,nan,4.107616228255926e-19
1252150103.4211426,nan,4.086011529925723e-19
1252150103.4213867,nan,4.0589665827356856e-19
1252150103.4216309,nan,4.0374757463299793e-19
1252150103.421875,nan,4.0256251643292637e-19
1252150103.4221191,nan,3.9919801090536485e-19
1252150103.4223633,nan,3.964573405642861e-19
1252150103.4226074,nan,3.9445514048017384e-19
1252150103.4228516,nan,3.913440371909313e-19
1252150103.4230957,nan,3.888271459694815e-19
1252150103.4233398,nan,3.85643630242235e-19
1252150103.423584,nan,3.822770753612183e-19
1252150103.4238281,nan,3.802662158188321e-19
1252150103.4240723,nan,3.770455917243066e-19
1252150103.4243164,nan,3.7272174287128704e-19
1252150103.4245605,nan,3.7080744641027393e-19
1252150103.4248047,nan,3.6767971085199044e-19
1252150103.4250488,nan,3.6353384617712974e-19
1252150103.425293,nan,3.6015206676382884e-19
1252150103.425537,nan,3.5674760140425123e-19
1252150103.4257812,nan,3.544231039476367e-19
1252150103.4260254,nan,3.4996196441607753e-19
1252150103.4262695,nan,3.4597864380435653e-19
1252150103.4265137,nan,3.4212936527578423e-19
1252150103.4267578,nan,3.3786825628638175e-19
1252150103.427002,nan,3.3536601798979234e-19
1252150103.427246,nan,3.298074551086778e-19
1252150103.4274902,nan,3.2535907901614896e-19
1252150103.4277344,nan,3.2324099363332146e-19
1252150103.4279785,nan,3.1801705865680026e-19
1252150103.4282227,nan,3.1360499659022493e-19
1252150103.4284668,nan,3.0897329322152367e-19
1252150103.428711,nan,3.04589271220979e-19
1252150103.428955,nan,3.013099394566752e-19
1252150103.4291992,nan,2.9551464317483566e-19
1252150103.4294434,nan,2.9107443542840297e-19
1252150103.4296875,nan,2.875793454853121e-19
1252150103.4299316,nan,2.824634991703955e-19
1252150103.4301758,nan,2.7683018251179136e-19
1252150103.43042,nan,2.7203383160696786e-19
1252150103.430664,nan,2.6806795954722233e-19
1252150103.4309082,nan,2.625362340411849e-19
1252150103.4311523,nan,2.576192637769353e-19
1252150103.4313965,nan,2.5263331248457115e-19
1252150103.4316406,nan,2.471935868992148e-19
1252150103.4318848,nan,2.432528799220436e-19
1252150103.432129,nan,2.3702463106260997e-19
1252150103.432373,nan,2.3122302413832206e-19
1252150103.4326172,nan,2.272456603781557e-19
1252150103.4328613,nan,2.2106383457968058e-19
1252150103.4331055,nan,2.146185236209121e-19
1252150103.4333496,nan,2.0959962512955622e-19
1252150103.4335938,nan,2.0472997914799212e-19
1252150103.433838,nan,1.9880344347997924e-19
1252150103.434082,nan,1.9257705876725365e-19
1252150103.4343262,nan,1.8712041938983883e-19
1252150103.4345703,nan,1.8189438075939157e-19
1252150103.4348145,nan,1.7628188432320056e-19
1252150103.4350586,nan,1.6956031658446763e-19
1252150103.4353027,nan,1.6417391195577417e-19
1252150103.4355469,nan,1.5933506609629634e-19
1252150103.435791,nan,1.5232094813611e-19
1252150103.4360352,nan,1.4608391377350485e-19
1252150103.4362793,nan,1.4027078987168145e-19
1252150103.4365234,nan,1.3404636011208564e-19
1252150103.4367676,nan,1.285135033859583e-19
1252150103.4370117,nan,1.2175126621014745e-19
1252150103.4372559,nan,1.1521712202219112e-19
1252150103.4375,nan,1.0988202591467945e-19
1252150103.4377441,nan,1.0335859168872187e-19
1252150103.4379883,nan,9.669684745984931e-20
1252150103.4382324,nan,9.122093755418643e-20
1252150103.4384766,nan,8.490096467657979e-20
1252150103.4387207,nan,7.772291819288164e-20
1252150103.4389648,nan,7.144883212768578e-20
1252150103.439209,nan,6.532312059794955e-20
1252150103.4394531,nan,5.890492920051492e-20
1252150103.4396973,nan,5.2545101738345006e-20
1252150103.4399414,nan,4.5816533191101046e-20
1252150103.4401855,nan,3.8873908091165754e-20
1252150103.4404297,nan,3.29456814867199e-20
1252150103.4406738,nan,2.6824143573181653e-20
1252150103.440918,nan,1.9682801285757107e-20
1252150103.441162,nan,1.3385756207088399e-20
1252150103.4414062,nan,7.275138307723202e-21
1252150103.4416504,nan,2.9684452022148307e-22
1252150103.4418945,nan,-6.6389863782641406e-21
1252150103.4421387,nan,-1.3497872526436315e-20
1252150103.4423828,nan,-1.983268913981539e-20
1252150103.442627,nan,-2.60520828875418e-20
1252150103.442871,nan,-3.3442201262678273e-20
1252150103.4431152,nan,-4.0162540585921975e-20
1252150103.4433594,nan,-4.624681205241605e-20
1252150103.4436035,nan,-5.298176831369825e-20
1252150103.4438477,nan,-5.945961732948991e-20
1252150103.4440918,nan,-6.633551936704225e-20
1252150103.444336,nan,-7.284179760029769e-20
1252150103.44458,nan,-7.914915303580432e-20
1252150103.4448242,nan,-8.687651495927585e-20
1252150103.4450684,nan,-9.313298506683703e-20
1252150103.4453125,nan,-9.891022697035464e-20
1252150103.4455566,nan,-1.0601466276622239e-19
1252150103.4458008,nan,-1.1288932670736695e-19
1252150103.446045,nan,-1.1987689096004784e-19
1252150103.446289,nan,-1.2585664080607427e-19
1252150103.4465332,nan,-1.321414088120899e-19
1252150103.4467773,nan,-1.3999681212644681e-19
1252150103.4470215,nan,-1.464232552690077e-19
1252150103.4472656,nan,-1.517914826217936e-19
1252150103.4475098,nan,-1.5852245271133072e-19
1252150103.447754,nan,-1.65630815343496e-19
1252150103.447998,nan,-1.7151992753518568e-19
1252150103.4482422,nan,-1.7748125194842952e-19
1252150103.4484863,nan,-1.8462652342159216e-19
1252150103.4487305,nan,-1.9138403865642381e-19
1252150103.4489746,nan,-1.969700675154973e-19
1252150103.4492188,nan,-2.0318664834037055e-19
1252150103.449463,nan,-2.1027154241759384e-19
1252150103.449707,nan,-2.165217136963217e-19
1252150103.4499512,nan,-2.2277711725157946e-19
1252150103.4501953,nan,-2.287757949254835e-19
1252150103.4504395,nan,-2.3478016925466174e-19
1252150103.4506836,nan,-2.4216106407765733e-19
1252150103.4509277,nan,-2.4772829053347147e-19
1252150103.4511719,nan,-2.5255824276393335e-19
1252150103.451416,nan,-2.592591516251181e-19
1252150103.4516602,nan,-2.655514168387227e-19
1252150103.4519043,nan,-2.7156230351777437e-19
1252150103.4521484,nan,-2.770766595385026e-19
1252150103.4523926,nan,-2.830309772952073e-19
1252150103.4526367,nan,-2.8962169587011695e-19
1252150103.4528809,nan,-2.9478039468139406e-19
1252150103.453125,nan,-3.0009934939232284e-19
1252150103.4533691,nan,-3.0576675771385667e-19
1252150103.4536133,nan,-3.1188975715892793e-19
1252150103.4538574,nan,-3.177503588750113e-19
1252150103.4541016,nan,-3.2261043010163876e-19
1252150103.4543457,nan,-3.279585812459572e-19
1252150103.4545898,nan,-3.342144479552717e-19
1252150103.454834,nan,-3.3979279108980207e-19
1252150103.4550781,nan,-3.4393817601597484e-19
1252150103.4553223,nan,-3.4975445797448464e-19
1252150103.4555664,nan,-3.5560523920981306e-19
1252150103.4558105,nan,-3.600508150870519e-19
1252150103.4560547,nan,-3.6496737982986543e-19
1252150103.4562988,nan,-3.702803794906614e-19
1252150103.456543,nan,-3.7576539891838876e-19
1252150103.456787,nan,-3.803872248303134e-19
1252150103.4570312,nan,-3.8442035993888856e-19
1252150103.4572754,nan,-3.887864155340694e-19
1252150103.4575195,nan,-3.9496709176776727e-19
1252150103.4577637,nan,-3.9976091293024825e-19
1252150103.4580078,nan,-4.028325775496453e-19
1252150103.458252,nan,-4.0854095640313017e-19
1252150103.458496,nan,-4.129803152279724e-19
1252150103.4587402,nan,-4.169282931588149e-19
1252150103.4589844,nan,-4.216409136499728e-19
1252150103.4592285,nan,-4.2481083083245294e-19
1252150103.4594727,nan,-4.2947810572603046e-19
1252150103.4597168,nan,-4.339493350617852e-19
1252150103.459961,nan,-4.367843246491398e-19
1252150103.460205,nan,-4.407477719908433e-19
1252150103.4604492,nan,-4.458281085092037e-19
1252150103.4606934,nan,-4.491661481331071e-19
1252150103.4609375,nan,-4.521152377304415e-19
1252150103.4611816,nan,-4.5621828338252465e-19
1252150103.4614258,nan,-4.592806175064703e-19
1252150103.46167,nan,-4.62866111989119e-19
1252150103.461914,nan,-4.666972408422015e-19
1252150103.4621582,nan,-4.696192345050002e-19
1252150103.4624023,nan,-4.72634270443301e-19
1252150103.4626465,nan,-4.761882028890174e-19
1252150103.4628906,nan,-4.786875264645707e-19
1252150103.4631348,nan,-4.810770751085897e-19
1252150103.463379,nan,-4.854350334995e-19
1252150103.463623,nan,-4.872089526119208e-19
1252150103.4638672,nan,-4.888834156489194e-19
1252150103.4641113,nan,-4.928983197314741e-19
1252150103.4643555,nan,-4.955048152696196e-19
1252150103.4645996,nan,-4.97702758825314e-19
1252150103.4648438,nan,-4.991062125525277e-19
1252150103.465088,nan,-5.01292806338451e-19
1252150103.465332,nan,-5.042790296632929e-19
1252150103.4655762,nan,-5.05865343764473e-19
1252150103.4658203,nan,-5.079631585961038e-19
1252150103.4660645,nan,-5.098656963566839e-19
1252150103.4663086,nan,-5.116416837202451e-19
1252150103.4665527,nan,-5.132099545391516e-19
1252150103.4667969,nan,-5.143670494382684e-19
1252150103.467041,nan,-5.158355083363474e-19
1252150103.4672852,nan,-5.172733866294172e-19
1252150103.4675293,nan,-5.186879947029111e-19
1252150103.4677734,nan,-5.191343301173281e-19
1252150103.4680176,nan,-5.20388728881872e-19
1252150103.4682617,nan,-5.22334377514492e-19
1252150103.4685059,nan,-5.228665283303655e-19
1252150103.46875,nan,-5.229179651324276e-19
1252150103.4689941,nan,-5.23399731545363e-19
1252150103.4692383,nan,-5.2468334453746565e-19
1252150103.4694824,nan,-5.253125499860436e-19
1252150103.4697266,nan,-5.2475234232059945e-19
1252150103.4699707,nan,-5.255631066450126e-19
1252150103.4702148,nan,-5.265797796368136e-19
1252150103.470459,nan,-5.258523376409329e-19
1252150103.4707031,nan,-5.252456149883631e-19
1252150103.4709473,nan,-5.252330942685123e-19
1252150103.4711914,nan,-5.255995490560298e-19
1252150103.4714355,nan,-5.257323771302328e-19
1252150103.4716797,nan,-5.244766470188968e-19
1252150103.4719238,nan,-5.238173244723027e-19
1252150103.472168,nan,-5.240084688305616e-19
1252150103.472412,nan,-5.231861389398217e-19
1252150103.4726562,nan,-5.215914383374746e-19
1252150103.4729004,nan,-5.204641646161025e-19
1252150103.4731445,nan,-5.20034734063655e-19
1252150103.4733887,nan,-5.187418381401747e-19
1252150103.4736328,nan,-5.1730138508496155e-19
1252150103.473877,nan,-5.167649842601411e-19
1252150103.474121,nan,-5.153226546814193e-19
1252150103.4743652,nan,-5.136210533611946e-19
1252150103.4746094,nan,-5.119662811727984e-19
1252150103.4748535,nan,-5.09812426889932e-19
1252150103.4750977,nan,-5.088907671814189e-19
1252150103.4753418,nan,-5.064701280421116e-19
1252150103.475586,nan,-5.035262577852072e-19
1252150103.47583,nan,-5.026032472496349e-19
1252150103.4760742,nan,-5.001619478554083e-19
1252150103.4763184,nan,-4.978635623499816e-19
1252150103.4765625,nan,-4.952990421556155e-19
1252150103.4768066,nan,-4.915694597915626e-19
1252150103.4770508,nan,-4.903066834006458e-19
1252150103.477295,nan,-4.877533116583535e-19
1252150103.477539,nan,-4.840944816322034e-19
1252150103.4777832,nan,-4.823710266252865e-19
1252150103.4780273,nan,-4.789221003050341e-19
1252150103.4782715,nan,-4.760633707484774e-19
1252150103.4785156,nan,-4.730413206547314e-19
1252150103.4787598,nan,-4.688727886234137e-19
1252150103.479004,nan,-4.663986153165237e-19
1252150103.479248,nan,-4.627225843083993e-19
1252150103.4794922,nan,-4.5914975606762525e-19
1252150103.4797363,nan,-4.55844047258897e-19
1252150103.4799805,nan,-4.520292082710726e-19
1252150103.4802246,nan,-4.48291159562502e-19
1252150103.4804688,nan,-4.437568972263172e-19
1252150103.480713,nan,-4.40605028491635e-19
1252150103.480957,nan,-4.369172474861663e-19
1252150103.4812012,nan,-4.3212971942873766e-19
1252150103.4814453,nan,-4.278112125720552e-19
1252150103.4816895,nan,-4.233951786289223e-19
1252150103.4819336,nan,-4.201000473555542e-19
1252150103.4821777,nan,-4.1522419646002993e-19
1252150103.4824219,nan,-4.0961037487957773e-19
1252150103.482666,nan,-4.05631755196829e-19
1252150103.4829102,nan,-4.0112828903863763e-19
1252150103.4831543,nan,-3.967926274588492e-19
1252150103.4833984,nan,-3.9116803122457483e-19
1252150103.4836426,nan,-3.860259576059859e-19
1252150103.4838867,nan,-3.8260368799281116e-19
1252150103.4841309,nan,-3.76488090127069e-19
1252150103.484375,nan,-3.707077140063988e-19
1252150103.4846191,nan,-3.6614501785444887e-19
1252150103.4848633,nan,-3.6075062324216745e-19
1252150103.4851074,nan,-3.55653121417751e-19
1252150103.4853516,nan,-3.4997178471022076e-19
1252150103.4855957,nan,-3.441833412367942e-19
1252150103.4858398,nan,-3.390648588656763e-19
1252150103.486084,nan,-3.3339097527173384e-19
1252150103.4863281,nan,-3.2696397033016566e-19
1252150103.4865723,nan,-3.213427114445976e-19
1252150103.4868164,nan,-3.1603326650929353e-19
1252150103.4870605,nan,-3.1016267972369237e-19
1252150103.4873047,nan,-3.035905832086979e-19
1252150103.4875488,nan,-2.9803508981856563e-19
1252150103.487793,nan,-2.9290734201676794e-19
1252150103.488037,nan,-2.8527650659648946e-19
1252150103.4882812,nan,-2.787838012326465e-19
1252150103.4885254,nan,-2.7319196514917245e-19
1252150103.4887695,nan,-2.6683101446986034e-19
1252150103.4890137,nan,-2.604864800932864e-19
1252150103.4892578,nan,-2.5315709702314156e-19
1252150103.489502,nan,-2.4725980231848536e-19
1252150103.489746,nan,-2.4182343747876634e-19
1252150103.4899902,nan,-2.3479148140383344e-19
1252150103.4902344,nan,-2.270882885880707e-19
1252150103.4904785,nan,-2.206572411798058e-19
1252150103.4907227,nan,-2.150763500458701e-19
1252150103.4909668,nan,-2.0762292890555058e-19
1252150103.491211,nan,-2.0006665188745624e-19
1252150103.491455,nan,-1.9353548563679403e-19
1252150103.4916992,nan,-1.876874623865275e-19
1252150103.4919434,nan,-1.8074847958698264e-19
1252150103.4921875,nan,-1.720017300971562e-19
1252150103.4924316,nan,-1.6580835118487463e-19
1252150103.4926758,nan,-1.6002511606316325e-19
1252150103.49292,nan,-1.5206179767655908e-19
1252150103.493164,nan,-1.4462846638871374e-19
1252150103.4934082,nan,-1.375332249274778e-19
1252150103.4936523,nan,-1.312582935799649e-19
1252150103.4938965,nan,-1.2377920849592674e-19
1252150103.4941406,nan,-1.1545184429984392e-19
1252150103.4943848,nan,-1.0909712091154349e-19
1252150103.494629,nan,-1.0209488939052119e-19
1252150103.494873,nan,-9.42302140169601e-20
1252150103.4951172,nan,-8.676916509506323e-20
1252150103.4953613,nan,-7.998051006150436e-20
1252150103.4956055,nan,-7.331192094663159e-20
1252150103.4958496,nan,-6.514578895144328e-20
1252150103.4960938,nan,-5.722640406400522e-20
1252150103.496338,nan,-4.997682854266773e-20
1252150103.496582,nan,-4.3050176550028946e-20
1252150103.4968262,nan,-3.5794654532936556e-20
1252150103.4970703,nan,-2.7653393919885014e-20
1252150103.4973145,nan,-2.0916425520871475e-20
1252150103.4975586,nan,-1.3819018216376595e-20
1252150103.4978027,nan,-5.9698174773017585e-21
1252150103.4980469,nan,1.7550234068387717e-21
1252150103.498291,nan,9.614598724946706e-21
1252150103.4985352,nan,1.6473983189796902e-20
1252150103.4987793,nan,2.367286917738662e-20
1252150103.4990234,nan,3.1497945186335365e-20
1252150103.4992676,nan,3.893423126994796e-20
1252150103.4995117,nan,4.557861355395132e-20
1252150103.4997559,nan,5.342830558610466e-20
1252150103.5,nan,6.156899818780307e-20
1252150103.5002441,nan,6.849173316750259e-20
1252150103.5004883,nan,7.577795406839523e-20
1252150103.5007324,nan,8.311167991617496e-20
1252150103.5009766,nan,9.094237390063013e-20
1252150103.5012207,nan,9.784667531929742e-20
1252150103.5014648,nan,1.0476347151212878e-19
1252150103.501709,nan,1.1325776862013238e-19
1252150103.5019531,nan,1.211295815092773e-19
1252150103.5021973,nan,1.2754308619852202e-19
1252150103.5024414,nan,1.3453943374285293e-19
1252150103.5026855,nan,1.423464482480903e-19
1252150103.5029297,nan,1.4933077363509792e-19
1252150103.5031738,nan,1.568335163631199e-19
1252150103.503418,nan,1.632207200373518e-19
1252150103.503662,nan,1.7029505866861787e-19
1252150103.5039062,nan,1.7871806399776794e-19
1252150103.5041504,nan,1.8489656987555871e-19
1252150103.5043945,nan,1.9166913209761182e-19
1252150103.5046387,nan,1.9921961725640213e-19
1252150103.5048828,nan,2.0685380763918186e-19
1252150103.505127,nan,2.1305053165522235e-19
1252150103.505371,nan,2.193909209079855e-19
1252150103.5056152,nan,2.2727461124663474e-19
1252150103.5058594,nan,2.336614460862163e-19
1252150103.5061035,nan,2.407744986257973e-19
1252150103.5063477,nan,2.4698239367638637e-19
1252150103.5065918,nan,2.535349663633508e-19
1252150103.506836,nan,2.6103188456719084e-19
1252150103.50708,nan,2.6695701610757123e-19
1252150103.5073242,nan,2.73279676776154e-19
1252150103.5075684,nan,2.7965158836617867e-19
1252150103.5078125,nan,2.872812975295976e-19
1252150103.5080566,nan,2.936432868480524e-19
1252150103.5083008,nan,2.9875224186279596e-19
1252150103.508545,nan,3.0581772361719206e-19
1252150103.508789,nan,3.123317374773174e-19
1252150103.5090332,nan,3.178997682270871e-19
1252150103.5092773,nan,3.2352881732265155e-19
1252150103.5095215,nan,3.3019766950557426e-19
1252150103.5097656,nan,3.3671166132995646e-19
1252150103.5100098,nan,3.4234728536294014e-19
1252150103.510254,nan,3.47568298794104e-19
1252150103.510498,nan,3.538706007863462e-19
1252150103.5107422,nan,3.6034950617293175e-19
1252150103.5109863,nan,3.648280431984433e-19
1252150103.5112305,nan,3.704916432045448e-19
1252150103.5114746,nan,3.767579661054763e-19
1252150103.5117188,nan,3.8271291674190247e-19
1252150103.511963,nan,3.879113514332915e-19
1252150103.512207,nan,3.9234010969388124e-19
1252150103.5124512,nan,3.9813833290072537e-19
1252150103.5126953,nan,4.035179061111297e-19
1252150103.5129395,nan,4.0813273644933835e-19
1252150103.5131836,nan,4.1309638620982727e-19
1252150103.5134277,nan,4.1840554088996834e-19
1252150103.5136719,nan,4.234376583309172e-19
1252150103.513916,nan,4.284420743623348e-19
1252150103.5141602,nan,4.32932019263248e-19
1252150103.5144043,nan,4.371687689620899e-19
1252150103.5146484,nan,4.421687949776065e-19
1252150103.5148926,nan,4.465970037687964e-19
1252150103.5151367,nan,4.506510700044569e-19
1252150103.5153809,nan,4.545497960665325e-19
1252150103.515625,nan,4.595648896544534e-19
1252150103.5158691,nan,4.640528606181493e-19
1252150103.5161133,nan,4.669482847337711e-19
1252150103.5163574,nan,4.715037625204297e-19
1252150103.5166016,nan,4.757301867039178e-19
1252150103.5168457,nan,4.790434216126406e-19
1252150103.5170898,nan,4.827859139684725e-19
1252150103.517334,nan,4.867625706289322e-19
1252150103.5175781,nan,4.907613994513404e-19
1252150103.5178223,nan,4.932576041191135e-19
1252150103.5180664,nan,4.966808654344599e-19
1252150103.5183105,nan,5.007248860092941e-19
1252150103.5185547,nan,5.036287770582736e-19
1252150103.5187988,nan,5.064151853426867e-19
1252150103.519043,nan,5.088884180498108e-19
1252150103.519287,nan,5.127451659042597e-19
1252150103.5195312,nan,5.157287453429595e-19
1252150103.5197754,nan,5.175000716320208e-19
1252150103.5200195,nan,5.204800425768464e-19
1252150103.5202637,nan,5.233578991128991e-19
1252150103.5205078,nan,5.260101613750711e-19
1252150103.520752,nan,5.281898419563749e-19
1252150103.520996,nan,5.298346037848396e-19
1252150103.5212402,nan,5.314203187276707e-19
1252150103.5214844,nan,5.344523893853535e-19
1252150103.5217285,nan,5.3655749708562305e-19
1252150103.5219727,nan,5.3756234436134e-19
1252150103.5222168,nan,5.400221395184358e-19
1252150103.522461,nan,5.41046264684159e-19
1252150103.522705,nan,5.421823673364811e-19
1252150103.5229492,nan,5.440653393206194e-19
1252150103.5231934,nan,5.456219184543528e-19
1252150103.5234375,nan,5.469887600836739e-19
1252150103.5236816,nan,5.481038915958801e-19
1252150103.5239258,nan,5.490967758447304e-19
1252150103.52417,nan,5.494707606269625e-19
1252150103.524414,nan,5.507237828948954e-19
1252150103.5246582,nan,5.517116466526577e-19
1252150103.5249023,nan,5.514622451373078e-19
1252150103.5251465,nan,5.5186337419413515e-19
1252150103.5253906,nan,5.531119290922284e-19
1252150103.5256348,nan,5.531514767488031e-19
1252150103.525879,nan,5.52821103151624e-19
1252150103.526123,nan,5.53602954137578e-19
1252150103.5263672,nan,5.53816546553028e-19
1252150103.5266113,nan,5.533223240729621e-19
1252150103.5268555,nan,5.525446396408509e-19
1252150103.5270996,nan,5.528250217378084e-19
1252150103.5273438,nan,5.535011903048206e-19
1252150103.527588,nan,5.521051381076672e-19
1252150103.527832,nan,5.511688443822952e-19
1252150103.5280762,nan,5.512392004825685e-19
1252150103.5283203,nan,5.498852081330999e-19
1252150103.5285645,nan,5.483647016878053e-19
1252150103.5288086,nan,5.477511426342881e-19
1252150103.5290527,nan,5.470050678871073e-19
1252150103.5292969,nan,5.459914169615973e-19
1252150103.529541,nan,5.446808752240815e-19
1252150103.5297852,nan,5.431299363846277e-19
1252150103.5300293,nan,5.416627372989049e-19
1252150103.5302734,nan,5.402506664625442e-19
1252150103.5305176,nan,5.382413831441741e-19
1252150103.5307617,nan,5.359142195509695e-19
1252150103.5310059,nan,5.346999030563259e-19
1252150103.53125,nan,5.334262151088435e-19
1252150103.5314941,nan,5.303828631513651e-19
1252150103.5317383,nan,5.279374794068526e-19
1252150103.5319824,nan,5.2676580548584595e-19
1252150103.5322266,nan,5.241080719446196e-19
1252150103.5324707,nan,5.206619145756517e-19
1252150103.5327148,nan,5.183454975832135e-19
1252150103.532959,nan,5.161124545546709e-19
1252150103.5332031,nan,5.135303082420046e-19
1252150103.5334473,nan,5.107576429234234e-19
1252150103.5336914,nan,5.072412156269069e-19
1252150103.5339355,nan,5.045430033953295e-19
1252150103.5341797,nan,5.023712719384944e-19
1252150103.5344238,nan,4.980891324404978e-19
1252150103.534668,nan,4.941656604194664e-19
1252150103.534912,nan,4.92222699775415e-19
1252150103.5351562,nan,4.883251652164883e-19
1252150103.5354004,nan,4.842445022386185e-19
1252150103.5356445,nan,4.807742417871039e-19
1252150103.5358887,nan,4.765843195268057e-19
1252150103.5361328,nan,4.739106575146997e-19
1252150103.536377,nan,4.696076548295328e-19
1252150103.536621,nan,4.647465715185984e-19
1252150103.5368652,nan,4.614906307154174e-19
1252150103.5371094,nan,4.571087655512374e-19
1252150103.5373535,nan,4.532467322587069e-19
1252150103.5375977,nan,4.48247810483941e-19
1252150103.5378418,nan,4.439712189811098e-19
1252150103.538086,nan,4.410827177006599e-19
1252150103.53833,nan,4.349909572069543e-19
1252150103.5385742,nan,4.299896632553042e-19
1252150103.5388184,nan,4.2607179953093935e-19
1252150103.5390625,nan,4.213234673254847e-19
1252150103.5393066,nan,4.1597063862224047e-19
1252150103.5395508,nan,4.1035648326508584e-19
1252150103.539795,nan,4.0667292291856796e-19
1252150103.540039,nan,4.0176964760690407e-19
1252150103.5402832,nan,3.9563980599351686e-19
1252150103.5405273,nan,3.900613774000999e-19
1252150103.5407715,nan,3.8530653855691256e-19
1252150103.5410156,nan,3.8071516987798543e-19
1252150103.5412598,nan,3.7417285512417153e-19
1252150103.541504,nan,3.685115631701881e-19
1252150103.541748,nan,3.637925480129095e-19
1252150103.5419922,nan,3.582278501050752e-19
1252150103.5422363,nan,3.521103242280596e-19
1252150103.5424805,nan,3.4574985333046513e-19
1252150103.5427246,nan,3.4097092590564534e-19
1252150103.5429688,nan,3.3523675756727445e-19
1252150103.543213,nan,3.2847512141706554e-19
1252150103.543457,nan,3.2296147105839923e-19
1252150103.5437012,nan,3.165245273749879e-19
1252150103.5439453,nan,3.1090353285737625e-19
1252150103.5441895,nan,3.0507192104814977e-19
1252150103.5444336,nan,2.975433001025645e-19
1252150103.5446777,nan,2.9162602078437044e-19
1252150103.5449219,nan,2.863818620790197e-19
1252150103.545166,nan,2.7973833607134885e-19
1252150103.5454102,nan,2.72551969890072e-19
1252150103.5456543,nan,2.6653345036796754e-19
1252150103.5458984,nan,2.610123490080832e-19
1252150103.5461426,nan,2.537100709033261e-19
1252150103.5463867,nan,2.4613053121734663e-19
1252150103.5466309,nan,2.4066145683052144e-19
1252150103.546875,nan,2.3425118571016765e-19
1252150103.5471191,nan,2.2705949154796675e-19
1252150103.5473633,nan,2.202838052289068e-19
1252150103.5476074,nan,2.1285451638715887e-19
1252150103.5478516,nan,2.070842040756268e-19
1252150103.5480957,nan,2.0031197531894468e-19
1252150103.5483398,nan,1.9211694325169913e-19
1252150103.548584,nan,1.8554053606925404e-19
1252150103.5488281,nan,1.7945413679361644e-19
1252150103.5490723,nan,1.725449023988097e-19
1252150103.5493164,nan,1.6413874188023158e-19
1252150103.5495605,nan,1.5777951996683382e-19
1252150103.5498047,nan,1.5187293477353648e-19
1252150103.5500488,nan,1.4326633955413053e-19
1252150103.550293,nan,1.3630494722245975e-19
1252150103.550537,nan,1.2908392146265164e-19
1252150103.5507812,nan,1.21899039178743e-19
1252150103.5510254,nan,1.1569829591789987e-19
1252150103.5512695,nan,1.070784247921174e-19
1252150103.5515137,nan,1.0054913530129529e-19
1252150103.5517578,nan,9.452777022628239e-20
1252150103.552002,nan,8.571875400888291e-20
1252150103.552246,nan,7.812453781826484e-20
1252150103.5524902,nan,7.144778911925245e-20
1252150103.5527344,nan,6.49683081650156e-20
1252150103.5529785,nan,5.722344316376985e-20
1252150103.5532227,nan,4.8684831029619745e-20
1252150103.5534668,nan,4.271764299843005e-20
1252150103.553711,nan,3.600181038254029e-20
1252150103.553955,nan,2.7218413370635285e-20
1252150103.5541992,nan,1.9846585010984347e-20
1252150103.5544434,nan,1.3197991116930473e-20
1252150103.5546875,nan,5.988226081058851e-21
1252150103.5549316,nan,-1.6811379362498267e-21
1252150103.5551758,nan,-9.272124960043296e-21
1252150103.55542,nan,-1.6095823137913773e-20
1252150103.555664,nan,-2.3261315826809645e-20
1252150103.5559082,nan,-3.094234445649189e-20
1252150103.5561523,nan,-3.800831360546753e-20
1252150103.5563965,nan,-4.5352298569940255e-20
1252150103.5566406,nan,-5.259032797338168e-20
1252150103.5568848,nan,-5.962462631507019e-20
1252150103.557129,nan,-6.787258070941037e-20
1252150103.557373,nan,-7.466644152804046e-20
1252150103.5576172,nan,-8.141041763894637e-20
1252150103.5578613,nan,-8.930085980360695e-20
1252150103.5581055,nan,-9.654894925199883e-20
1252150103.5583496,nan,-1.0396130734048125e-19
1252150103.5585938,nan,-1.09982221712971e-19
1252150103.558838,nan,-1.1719830128704493e-19
1252150103.559082,nan,-1.2563526579335363e-19
1252150103.5593262,nan,-1.3158204512369756e-19
1252150103.5595703,nan,-1.3840139817305458e-19
1252150103.5598145,nan,-1.4588595666577776e-19
1252150103.5600586,nan,-1.5312089784175522e-19
1252150103.5603027,nan,-1.6024479449698755e-19
1252150103.5605469,nan,-1.66275951724737e-19
1252150103.560791,nan,-1.7345080772783672e-19
1252150103.5610352,nan,-1.8087929106928376e-19
1252150103.5612793,nan,-1.8745248711435065e-19
1252150103.5615234,nan,-1.938145623671918e-19
1252150103.5617676,nan,-2.0076430914488435e-19
1252150103.5620117,nan,-2.0827950915711689e-19
1252150103.5622559,nan,-2.1480056691415172e-19
1252150103.5625,nan,-2.20737932878291e-19
1252150103.5627441,nan,-2.2744298299565877e-19
1252150103.5629883,nan,-2.346262848501632e-19
1252150103.5632324,nan,-2.4108183625225796e-19
1252150103.5634766,nan,-2.4701128223125644e-19
1252150103.5637207,nan,-2.536652883061568e-19
1252150103.5639648,nan,-2.6068832919613067e-19
1252150103.564209,nan,-2.6692530957688205e-19
1252150103.5644531,nan,-2.728037071388577e-19
1252150103.5646973,nan,-2.7893333356920037e-19
1252150103.5649414,nan,-2.85870373609352e-19
1252150103.5651855,nan,-2.9158554711653555e-19
1252150103.5654297,nan,-2.9659898897113736e-19
1252150103.5656738,nan,-3.0362313723604085e-19
1252150103.565918,nan,-3.0987992598528833e-19
1252150103.566162,nan,-3.151822652803277e-19
1252150103.5664062,nan,-3.208591995863433e-19
1252150103.5666504,nan,-3.269672011218959e-19
1252150103.5668945,nan,-3.3333366901007304e-19
1252150103.5671387,nan,-3.386736629154267e-19
1252150103.5673828,nan,-3.4382445626122446e-19
1252150103.567627,nan,-3.4923848133902856e-19
1252150103.567871,nan,-3.5536348720107256e-19
1252150103.5681152,nan,-3.6089182791462803e-19
1252150103.5683594,nan,-3.6584800901615324e-19
1252150103.5686035,nan,-3.714212894954772e-19
1252150103.5688477,nan,-3.7641631680884787e-19
1252150103.5690918,nan,-3.816803447764423e-19
1252150103.569336,nan,-3.8638001240310527e-19
1252150103.56958,nan,-3.9192336266702556e-19
1252150103.5698242,nan,-3.977355569340534e-19
1252150103.5700684,nan,-4.0178029799907606e-19
1252150103.5703125,nan,-4.065276853329345e-19
1252150103.5705566,nan,-4.110668114965163e-19
1252150103.5708008,nan,-4.1615529880854414e-19
1252150103.571045,nan,-4.2098768343473418e-19
1252150103.571289,nan,-4.2436509831325106e-19
1252150103.5715332,nan,-4.2999689100761157e-19
1252150103.5717773,nan,-4.345305300095466e-19
1252150103.5720215,nan,-4.373502373944382e-19
1252150103.5722656,nan,-4.419778415804643e-19
1252150103.5725098,nan,-4.463446294946049e-19
1252150103.572754,nan,-4.501605122761718e-19
1252150103.572998,nan,-4.538606565775453e-19
1252150103.5732422,nan,-4.584492313361162e-19
1252150103.5734863,nan,-4.620712826941169e-19
1252150103.5737305,nan,-4.656021830275163e-19
1252150103.5739746,nan,-4.695943671801528e-19
1252150103.5742188,nan,-4.72013167221569e-19
1252150103.574463,nan,-4.768862781514631e-19
1252150103.574707,nan,-4.802998850604037e-19
1252150103.5749512,nan,-4.824152776521317e-19
1252150103.5751953,nan,-4.856185112442973e-19
1252150103.5754395,nan,-4.885804517937523e-19
1252150103.5756836,nan,-4.924651376293533e-19
1252150103.5759277,nan,-4.947204202897131e-19
1252150103.5761719,nan,-4.976722223116344e-19
1252150103.576416,nan,-5.009922824486109e-19
1252150103.5766602,nan,-5.039339493020634e-19
1252150103.5769043,nan,-5.060542772416723e-19
1252150103.5771484,nan,-5.075732424989028e-19
1252150103.5773926,nan,-5.110655059394246e-19
1252150103.5776367,nan,-5.13383791569084e-19
1252150103.5778809,nan,-5.151473075559108e-19
1252150103.578125,nan,-5.17249962279859e-19
1252150103.5783691,nan,-5.194350614942418e-19
1252150103.5786133,nan,-5.221792519185593e-19
1252150103.5788574,nan,-5.23352432814456e-19
1252150103.5791016,nan,-5.244131776457235e-19
1252150103.5793457,nan,-5.26776773172761e-19
1252150103.5795898,nan,-5.286198138413578e-19
1252150103.579834,nan,-5.298034849126593e-19
1252150103.5800781,nan,-5.307126189798041e-19
1252150103.5803223,nan,-5.326366029753008e-19
1252150103.5805664,nan,-5.343741955933703e-19
1252150103.5808105,nan,-5.344618145771061e-19
1252150103.5810547,nan,-5.357934615649402e-19
1252150103.5812988,nan,-5.368651907900562e-19
1252150103.581543,nan,-5.37429408725075e-19
1252150103.581787,nan,-5.387505494711236e-19
1252150103.5820312,nan,-5.385803662594639e-19
1252150103.5822754,nan,-5.390911556906433e-19
1252150103.5825195,nan,-5.399945560537542e-19
1252150103.5827637,nan,-5.399989953253377e-19
1252150103.5830078,nan,-5.401380719317558e-19
1252150103.583252,nan,-5.406193657038386e-19
1252150103.583496,nan,-5.412884315620569e-19
1252150103.5837402,nan,-5.405074227961979e-19
1252150103.5839844,nan,-5.397763205302924e-19
1252150103.5842285,nan,-5.398824074425578e-19
1252150103.5844727,nan,-5.401829339282658e-19
1252150103.5847168,nan,-5.396632392619425e-19
1252150103.584961,nan,-5.3790052758776e-19
1252150103.585205,nan,-5.382843727791746e-19
1252150103.5854492,nan,-5.382113826019145e-19
1252150103.5856934,nan,-5.36220804531111e-19
1252150103.5859375,nan,-5.356535203175367e-19
1252150103.5861816,nan,-5.348811100069321e-19
1252150103.5864258,nan,-5.339899950459343e-19
1252150103.58667,nan,-5.325695188214794e-19
1252150103.586914,nan,-5.30402258002735e-19
1252150103.5871582,nan,-5.306055836972153e-19
1252150103.5874023,nan,-5.295483026895986e-19
1252150103.5876465,nan,-5.261236484018039e-19
1252150103.5878906,nan,-5.242911275617493e-19
1252150103.5881348,nan,-5.234036459501232e-19
1252150103.588379,nan,-5.223902093324079e-19
1252150103.588623,nan,-5.195815663010149e-19
1252150103.5888672,nan,-5.16849885360807e-19
1252150103.5891113,nan,-5.155388179892273e-19
1252150103.5893555,nan,-5.134380499371951e-19
1252150103.5895996,nan,-5.109209894525472e-19
1252150103.5898438,nan,-5.081204263123604e-19
1252150103.590088,nan,-5.062596048999128e-19
1252150103.590332,nan,-5.040754929605992e-19
1252150103.5905762,nan,-5.00784916516061e-19
1252150103.5908203,nan,-4.981566288241924e-19
1252150103.5910645,nan,-4.955758473548401e-19
1252150103.5913086,nan,-4.933348498073867e-19
1252150103.5915527,nan,-4.895588777513477e-19
1252150103.5917969,nan,-4.862408908239211e-19
1252150103.592041,nan,-4.841703745078679e-19
1252150103.5922852,nan,-4.804733135713815e-19
1252150103.5925293,nan,-4.7695784884307115e-19
1252150103.5927734,nan,-4.727887232223148e-19
1252150103.5930176,nan,-4.700982989036922e-19
1252150103.5932617,nan,-4.677678883768764e-19
1252150103.5935059,nan,-4.622377059248186e-19
1252150103.59375,nan,-4.5825279757231915e-19
1252150103.5939941,nan,-4.552556353829354e-19
1252150103.5942383,nan,-4.518215384680678e-19
1252150103.5944824,nan,-4.472673771796126e-19
1252150103.5947266,nan,-4.42118058789398e-19
1252150103.5949707,nan,-4.395101527464559e-19
1252150103.5952148,nan,-4.357538779710514e-19
1252150103.595459,nan,-4.3050591990720435e-19
1252150103.5957031,nan,-4.2571245126094367e-19
1252150103.5959473,nan,-4.2179243496144857e-19
1252150103.5961914,nan,-4.176239152577938e-19
1252150103.5964355,nan,-4.1238257863584976e-19
1252150103.5966797,nan,-4.078086852789405e-19
1252150103.5969238,nan,-4.0319106370411767e-19
1252150103.597168,nan,-3.989516330738403e-19
1252150103.597412,nan,-3.940169349925885e-19
1252150103.5976562,nan,-3.8856393011777135e-19
1252150103.5979004,nan,-3.8399626589109934e-19
1252150103.5981445,nan,-3.7945711923989663e-19
1252150103.5983887,nan,-3.7364443002028865e-19
1252150103.5986328,nan,-3.6793868759227556e-19
1252150103.598877,nan,-3.6352124914897235e-19
1252150103.599121,nan,-3.5806815884882747e-19
1252150103.5993652,nan,-3.5254476360313937e-19
1252150103.5996094,nan,-3.466703092530134e-19
1252150103.5998535,nan,-3.4137994832881897e-19
1252150103.6000977,nan,-3.3643828561966097e-19
1252150103.6003418,nan,-3.300698867934418e-19
1252150103.600586,nan,-3.244515277190803e-19
1252150103.60083,nan,-3.1862699157739273e-19
1252150103.6010742,nan,-3.134102409990503e-19
1252150103.6013184,nan,-3.074275640207339e-19
1252150103.6015625,nan,-3.0073108863934643e-19
1252150103.6018066,nan,-2.9599181895032067e-19
1252150103.6020508,nan,-2.899248744611646e-19
1252150103.602295,nan,-2.8356237165016e-19
1252150103.602539,nan,-2.7706628024226794e-19
1252150103.6027832,nan,-2.7086116094391347e-19
1252150103.6030273,nan,-2.65430151050258e-19
1252150103.6032715,nan,-2.5843346532900034e-19
1252150103.6035156,nan,-2.52236455341927e-19
1252150103.6037598,nan,-2.4667127374790888e-19
1252150103.604004,nan,-2.4038644895204544e-19
1252150103.604248,nan,-2.3328311093069724e-19
1252150103.6044922,nan,-2.2637071715184215e-19
1252150103.6047363,nan,-2.2067970303612683e-19
1252150103.6049805,nan,-2.1360791644767026e-19
1252150103.6052246,nan,-2.0688127222585406e-19
1252150103.6054688,nan,-2.0090375837620384e-19
1252150103.605713,nan,-1.9420390846744873e-19
1252150103.605957,nan,-1.8784111694093994e-19
1252150103.6062012,nan,-1.8055464009720648e-19
1252150103.6064453,nan,-1.7323787004632704e-19
1252150103.6066895,nan,-1.6691167156129364e-19
1252150103.6069336,nan,-1.6091735241975461e-19
1252150103.6071777,nan,-1.5381341423470945e-19
1252150103.6074219,nan,-1.4593880819733355e-19
1252150103.607666,nan,-1.3986918358115205e-19
1252150103.6079102,nan,-1.3383737454580478e-19
1252150103.6081543,nan,-1.261106312844361e-19
1252150103.6083984,nan,-1.1863909655445162e-19
1252150103.6086426,nan,-1.1152411981464017e-19
1252150103.6088867,nan,-1.0546387896402428e-19
1252150103.6091309,nan,-9.846245036220504e-20
1252150103.609375,nan,-9.005526751137701e-20
1252150103.6096191,nan,-8.409306297846258e-20
1252150103.6098633,nan,-7.746637532020793e-20
1252150103.6101074,nan,-6.96960064171552e-20
1252150103.6103516,nan,-6.339394397569797e-20
1252150103.6105957,nan,-5.574979744733165e-20
1252150103.6108398,nan,-4.8204805850029954e-20
1252150103.611084,nan,-4.173306450374902e-20
1252150103.6113281,nan,-3.434562116390283e-20
1252150103.6115723,nan,-2.7806922301033747e-20
1252150103.6118164,nan,-2.0749808927849364e-20
1252150103.6120605,nan,-1.2963862827843991e-20
1252150103.6123047,nan,-6.233262360974436e-21
1252150103.6125488,nan,9.713497965907795e-22
1252150103.612793,nan,8.32933135122583e-21
1252150103.613037,nan,1.548246897616053e-20
1252150103.6132812,nan,2.2820641933899308e-20
1252150103.6135254,nan,2.937126989426486e-20
1252150103.6137695,nan,3.5983236782841796e-20
1252150103.6140137,nan,4.388084812559811e-20
1252150103.6142578,nan,5.125214899176101e-20
1252150103.614502,nan,5.727117552817182e-20
1252150103.614746,nan,6.463503565579728e-20
1252150103.6149902,nan,7.236799522002727e-20
1252150103.6152344,nan,7.958754071334212e-20
1252150103.6154785,nan,8.608523330693541e-20
1252150103.6157227,nan,9.20954428410457e-20
1252150103.6159668,nan,1.0016777707289934e-19
1252150103.616211,nan,1.0771615862805356e-19
1252150103.616455,nan,1.138777678092828e-19
1252150103.6166992,nan,1.2039957785009198e-19
1252150103.6169434,nan,1.2750029025073838e-19
1252150103.6171875,nan,1.350208969544229e-19
1252150103.6174316,nan,1.4097415263308174e-19
1252150103.6176758,nan,1.4772785949044921e-19
1252150103.61792,nan,1.556796666004645e-19
1252150103.618164,nan,1.6239730140123701e-19
1252150103.6184082,nan,1.6822867871232347e-19
1252150103.6186523,nan,1.7488022366160588e-19
1252150103.6188965,nan,1.8214542725368057e-19
1252150103.6191406,nan,1.8915180026661033e-19
1252150103.6193848,nan,1.955409093351444e-19
1252150103.619629,nan,2.0102210086746945e-19
1252150103.619873,nan,2.0862454629245954e-19
1252150103.6201172,nan,2.1542390057184108e-19
1252150103.6203613,nan,2.209854609208678e-19
1252150103.6206055,nan,2.275329853937168e-19
1252150103.6208496,nan,2.3402982717104604e-19
1252150103.6210938,nan,2.40801658001765e-19
1252150103.621338,nan,2.4670630549574486e-19
1252150103.621582,nan,2.523875800310798e-19
1252150103.6218262,nan,2.592462005889727e-19
1252150103.6220703,nan,2.661325833815063e-19
1252150103.6223145,nan,2.7154171651137098e-19
1252150103.6225586,nan,2.772190960056901e-19
1252150103.6228027,nan,2.8402613822133433e-19
1252150103.6230469,nan,2.901688539535897e-19
1252150103.623291,nan,2.9545728131244115e-19
1252150103.6235352,nan,3.003382234057034e-19
1252150103.6237793,nan,3.0677706029155313e-19
1252150103.6240234,nan,3.128384517584889e-19
1252150103.6242676,nan,3.1774098339594807e-19
1252150103.6245117,nan,3.240056547969364e-19
1252150103.6247559,nan,3.298008954705808e-19
1252150103.625,nan,3.3570509159306115e-19
1252150103.6252441,nan,3.409301208849068e-19
1252150103.6254883,nan,3.4510798581440077e-19
1252150103.6257324,nan,3.5135784351711625e-19
1252150103.6259766,nan,3.567980300485434e-19
1252150103.6262207,nan,3.614724211275374e-19
1252150103.6264648,nan,3.6733913480673737e-19
1252150103.626709,nan,3.719160952619735e-19
1252150103.6269531,nan,3.7754656614536915e-19
1252150103.6271973,nan,3.8198154012542366e-19
1252150103.6274414,nan,3.8534618222422275e-19
1252150103.6276855,nan,3.916061249926503e-19
1252150103.6279297,nan,3.967014867192683e-19
1252150103.6281738,nan,4.007092665142097e-19
1252150103.628418,nan,4.0462137440330276e-19
1252150103.628662,nan,4.0974688520680337e-19
1252150103.6289062,nan,4.153985311261365e-19
1252150103.6291504,nan,4.1803338952915612e-19
1252150103.6293945,nan,4.2238953475042117e-19
1252150103.6296387,nan,4.2708605206850055e-19
1252150103.6298828,nan,4.3096471375005605e-19
1252150103.630127,nan,4.358876294470303e-19
1252150103.630371,nan,4.387531613807339e-19
1252150103.6306152,nan,4.429549486083568e-19
1252150103.6308594,nan,4.472452748531018e-19
1252150103.6311035,nan,4.496739182869999e-19
1252150103.6313477,nan,4.531810905091252e-19
1252150103.6315918,nan,4.577715893813204e-19
1252150103.631836,nan,4.619139366992609e-19
1252150103.63208,nan,4.642865195711518e-19
1252150103.6323242,nan,4.674215530236858e-19
1252150103.6325684,nan,4.714893777031853e-19
1252150103.6328125,nan,4.746768161520772e-19
1252150103.6330566,nan,4.764638639908247e-19
1252150103.6333008,nan,4.790350575669116e-19
1252150103.633545,nan,4.833352436049395e-19
1252150103.633789,nan,4.859827857819208e-19
1252150103.6340332,nan,4.882169020651602e-19
1252150103.6342773,nan,4.908110475228639e-19
1252150103.6345215,nan,4.936303814237871e-19
1252150103.6347656,nan,4.963742669594578e-19
1252150103.6350098,nan,4.980842147602286e-19
1252150103.635254,nan,4.998921087192991e-19
1252150103.635498,nan,5.023331158089151e-19
1252150103.6357422,nan,5.048873320416629e-19
1252150103.6359863,nan,5.063158559002204e-19
1252150103.6362305,nan,5.081923323238059e-19
1252150103.6364746,nan,5.103449843454221e-19
1252150103.6367188,nan,5.114111848329436e-19
1252150103.636963,nan,5.131016997693556e-19
1252150103.637207,nan,5.147913772925905e-19
1252150103.6374512,nan,5.163888854161394e-19
1252150103.6376953,nan,5.179080497830704e-19
1252150103.6379395,nan,5.186710245906788e-19
1252150103.6381836,nan,5.198358764763866e-19
1252150103.6384277,nan,5.211627775432995e-19
1252150103.6386719,nan,5.222951704493265e-19
1252150103.638916,nan,5.222596088704253e-19
1252150103.6391602,nan,5.228664003737645e-19
1252150103.6394043,nan,5.237838298990911e-19
1252150103.6396484,nan,5.241364203660513e-19
1252150103.6398926,nan,5.246701250674242e-19
1252150103.6401367,nan,5.243964437691371e-19
1252150103.6403809,nan,5.253805202996477e-19
1252150103.640625,nan,5.25887539489444e-19
1252150103.6408691,nan,5.25128084918714e-19
1252150103.6411133,nan,5.250407119020277e-19
1252150103.6413574,nan,5.251085359205483e-19
1252150103.6416016,nan,5.248040015525484e-19
1252150103.6418457,nan,5.244842212030303e-19
1252150103.6420898,nan,5.244916334967944e-19
1252150103.642334,nan,5.237355104423905e-19
1252150103.6425781,nan,5.23055241783389e-19
1252150103.6428223,nan,5.219699223956497e-19
1252150103.6430664,nan,5.204023844555776e-19
1252150103.6433105,nan,5.202744915882974e-19
1252150103.6435547,nan,5.19731226430551e-19
1252150103.6437988,nan,5.177247247844996e-19
1252150103.644043,nan,5.16435641842364e-19
1252150103.644287,nan,5.161357840603015e-19
1252150103.6445312,nan,5.146353856943524e-19
1252150103.6447754,nan,5.120901619989656e-19
1252150103.6450195,nan,5.100866101968958e-19
1252150103.6452637,nan,5.096846917732729e-19
1252150103.6455078,nan,5.081118532245254e-19
1252150103.645752,nan,5.047587854971947e-19
1252150103.645996,nan,5.035303873867019e-19
1252150103.6462402,nan,5.020607918600001e-19
1252150103.6464844,nan,4.995754097411266e-19
1252150103.6467285,nan,4.96538576846342e-19
1252150103.6469727,nan,4.940219777171934e-19
1252150103.6472168,nan,4.932036071381797e-19
1252150103.647461,nan,4.89681295480357e-19
1252150103.647705,nan,4.86456377388659e-19
1252150103.6479492,nan,4.845835749956855e-19
1252150103.6481934,nan,4.816939027198693e-19
1252150103.6484375,nan,4.7952018671400815e-19
1252150103.6486816,nan,4.757177491045305e-19
1252150103.6489258,nan,4.719374737668283e-19
1252150103.64917,nan,4.696474455456481e-19
1252150103.649414,nan,4.670155420331817e-19
1252150103.6496582,nan,4.630494988557928e-19
1252150103.6499023,nan,4.5874328008228e-19
1252150103.6501465,nan,4.567300337506356e-19
1252150103.6503906,nan,4.536924918089132e-19
1252150103.6506348,nan,4.486440215377117e-19
1252150103.650879,nan,4.444291388798925e-19
1252150103.651123,nan,4.414131151739001e-19
1252150103.6513672,nan,4.381887905507632e-19
1252150103.6516113,nan,4.3292010959186097e-19
1252150103.6518555,nan,4.2874962402937765e-19
1252150103.6520996,nan,4.256823310418399e-19
1252150103.6523438,nan,4.208002841727413e-19
1252150103.652588,nan,4.160495118924283e-19
1252150103.652832,nan,4.117134525234406e-19
1252150103.6530762,nan,4.075537362504361e-19
1252150103.6533203,nan,4.035279240132456e-19
1252150103.6535645,nan,3.9874513557170633e-19
1252150103.6538086,nan,3.936822022237042e-19
1252150103.6540527,nan,3.896700170381126e-19
1252150103.6542969,nan,3.8565286721583465e-19
1252150103.654541,nan,3.794764813613697e-19
1252150103.6547852,nan,3.7373604218377004e-19
1252150103.6550293,nan,3.6984670804308725e-19
1252150103.6552734,nan,3.650252066422862e-19
1252150103.6555176,nan,3.5937914978632085e-19
1252150103.6557617,nan,3.5377275825321933e-19
1252150103.6560059,nan,3.4906717049603185e-19
1252150103.65625,nan,3.443643526129776e-19
1252150103.6564941,nan,3.378099157446723e-19
1252150103.6567383,nan,3.319207158600916e-19
1252150103.6569824,nan,3.2721581985824754e-19
1252150103.6572266,nan,3.2230957905463914e-19
1252150103.6574707,nan,3.160774697604178e-19
1252150103.6577148,nan,3.0940835389661895e-19
1252150103.657959,nan,3.054236634898596e-19
1252150103.6582031,nan,2.994094337612533e-19
1252150103.6584473,nan,2.916571882281027e-19
1252150103.6586914,nan,2.8664051214059547e-19
1252150103.6589355,nan,2.809921341110867e-19
1252150103.6591797,nan,2.7534640872205176e-19
1252150103.6594238,nan,2.682354084771184e-19
1252150103.659668,nan,2.6210826004892877e-19
1252150103.659912,nan,2.5797541160264654e-19
1252150103.6601562,nan,2.502575850367235e-19
1252150103.6604004,nan,2.440751999556891e-19
1252150103.6606445,nan,2.376935600076921e-19
1252150103.6608887,nan,2.302387626444756e-19
1252150103.6611328,nan,2.2591981001682023e-19
1252150103.661377,nan,2.182618304098596e-19
1252150103.661621,nan,2.113508212543424e-19
1252150103.6618652,nan,2.0668466272871074e-19
1252150103.6621094,nan,1.9902486895527676e-19
1252150103.6623535,nan,1.9248606802554518e-19
1252150103.6625977,nan,1.8545727245954024e-19
1252150103.6628418,nan,1.7917539381031417e-19
1252150103.663086,nan,1.7347551947468772e-19
1252150103.66333,nan,1.6495800256223843e-19
1252150103.6635742,nan,1.590614088317944e-19
1252150103.6638184,nan,1.531564633454006e-19
1252150103.6640625,nan,1.457058302840801e-19
1252150103.6643066,nan,1.3924576821291857e-19
1252150103.6645508,nan,1.315451164622628e-19
1252150103.664795,nan,1.2477828472662835e-19
1252150103.665039,nan,1.1888059995738934e-19
1252150103.6652832,nan,1.1099328772056398e-19
1252150103.6655273,nan,1.0334210481923808e-19
1252150103.6657715,nan,9.794606532990156e-20
1252150103.6660156,nan,9.126748741843941e-20
1252150103.6662598,nan,8.334749084554787e-20
1252150103.666504,nan,7.638259989785364e-20
1252150103.666748,nan,6.957643603225017e-20
1252150103.6669922,nan,6.338648662457276e-20
1252150103.6672363,nan,5.581408141964266e-20
1252150103.6674805,nan,4.798097894868262e-20
1252150103.6677246,nan,4.238027436086053e-20
1252150103.6679688,nan,3.583235279655572e-20
1252150103.668213,nan,2.755933837514167e-20
1252150103.668457,nan,2.0180313481169902e-20
1252150103.6687012,nan,1.4338488567915367e-20
1252150103.6689453,nan,6.719596762511212e-21
1252150103.6691895,nan,-9.08045064758188e-22
1252150103.6694336,nan,-6.865867459148658e-21
1252150103.6696777,nan,-1.436551189679633e-20
1252150103.6699219,nan,-2.0650957494432982e-20
1252150103.670166,nan,-2.7594055339522755e-20
1252150103.6704102,nan,-3.590466660495046e-20
1252150103.6706543,nan,-4.1909611567285873e-20
1252150103.6708984,nan,-4.848282018580022e-20
1252150103.6711426,nan,-5.615475833900795e-20
1252150103.6713867,nan,-6.349139258472502e-20
1252150103.6716309,nan,-6.961028818215466e-20
1252150103.671875,nan,-7.61853754658839e-20
1252150103.6721191,nan,-8.373686785418407e-20
1252150103.6723633,nan,-9.044503437934658e-20
1252150103.6726074,nan,-9.70561922978379e-20
1252150103.6728516,nan,-1.0337787773106423e-19
1252150103.6730957,nan,-1.1053924877141856e-19
1252150103.6733398,nan,-1.174358870814164e-19
1252150103.673584,nan,-1.2342369689369667e-19
1252150103.6738281,nan,-1.3019326754057933e-19
1252150103.6740723,nan,-1.375923126946183e-19
1252150103.6743164,nan,-1.448005422204053e-19
1252150103.6745605,nan,-1.5034355517888433e-19
1252150103.6748047,nan,-1.5653782487066803e-19
1252150103.6750488,nan,-1.6396165103527111e-19
1252150103.675293,nan,-1.7047161563586643e-19
1252150103.675537,nan,-1.763261561488013e-19
1252150103.6757812,nan,-1.8257006513831499e-19
1252150103.6760254,nan,-1.8971321318645602e-19
1252150103.6762695,nan,-1.962812948517788e-19
1252150103.6765137,nan,-2.0178131517549242e-19
1252150103.6767578,nan,-2.0759240468542062e-19
1252150103.677002,nan,-2.1460575742699192e-19
1252150103.677246,nan,-2.208835183590279e-19
1252150103.6774902,nan,-2.256019010411134e-19
1252150103.6777344,nan,-2.320261097764371e-19
1252150103.6779785,nan,-2.3925491369460734e-19
1252150103.6782227,nan,-2.4484744239607873e-19
1252150103.6784668,nan,-2.5063745796698787e-19
1252150103.678711,nan,-2.564252680617236e-19
1252150103.678955,nan,-2.624364982603744e-19
1252150103.6791992,nan,-2.685556132143442e-19
1252150103.6794434,nan,-2.730543406670693e-19
1252150103.6796875,nan,-2.787106718638391e-19
1252150103.6799316,nan,-2.848708151924113e-19
1252150103.6801758,nan,-2.907292523530719e-19
1252150103.68042,nan,-2.9620114662649445e-19
1252150103.680664,nan,-3.011277241939974e-19
1252150103.6809082,nan,-3.0708967864520766e-19
1252150103.6811523,nan,-3.121515432301095e-19
1252150103.6813965,nan,-3.168637942165299e-19
1252150103.6816406,nan,-3.215814051184236e-19
1252150103.6818848,nan,-3.272320850920454e-19
1252150103.682129,nan,-3.3294959417703946e-19
1252150103.682373,nan,-3.3667830988699787e-19
1252150103.6826172,nan,-3.4180761606887425e-19
1252150103.6828613,nan,-3.4713855534991244e-19
1252150103.6831055,nan,-3.5130696506970333e-19
1252150103.6833496,nan,-3.555918165305308e-19
1252150103.6835938,nan,-3.601210244606142e-19
1252150103.683838,nan,-3.6579267473466773e-19
1252150103.684082,nan,-3.7031110362881396e-19
1252150103.6843262,nan,-3.732705112992616e-19
1252150103.6845703,nan,-3.7777143379743715e-19
1252150103.6848145,nan,-3.8334386237739233e-19
1252150103.6850586,nan,-3.868113306006253e-19
1252150103.6853027,nan,-3.8983439601933846e-19
1252150103.6855469,nan,-3.941194563530695e-19
1252150103.685791,nan,-3.9848294550426166e-19
1252150103.6860352,nan,-4.025986912668975e-19
1252150103.6862793,nan,-4.058269016805948e-19
1252150103.6865234,nan,-4.0899050466930185e-19
1252150103.6867676,nan,-4.1319883855995924e-19
1252150103.6870117,nan,-4.168641382924356e-19
1252150103.6872559,nan,-4.19195051777401e-19
1252150103.6875,nan,-4.2288073149351526e-19
1252150103.6877441,nan,-4.2680863494451283e-19
1252150103.6879883,nan,-4.298020544520148e-19
1252150103.6882324,nan,-4.3300793432476196e-19
1252150103.6884766,nan,-4.354697051253391e-19
1252150103.6887207,nan,-4.382377583455166e-19
1252150103.6889648,nan,-4.414100108009946e-19
1252150103.689209,nan,-4.435554367483969e-19
1252150103.6894531,nan,-4.458609291279775e-19
1252150103.6896973,nan,-4.48767661336521e-19
1252150103.6899414,nan,-4.516313510430385e-19
1252150103.6901855,nan,-4.537526366924357e-19
1252150103.6904297,nan,-4.557518153439986e-19
1252150103.6906738,nan,-4.58506477831266e-19
1252150103.690918,nan,-4.606042715534596e-19
1252150103.691162,nan,-4.618686155730915e-19
1252150103.6914062,nan,-4.637759517074913e-19
1252150103.6916504,nan,-4.659116818964985e-19
1252150103.6918945,nan,-4.677169754964021e-19
1252150103.6921387,nan,-4.689973886138903e-19
1252150103.6923828,nan,-4.701865032874222e-19
1252150103.692627,nan,-4.720779768457763e-19
1252150103.692871,nan,-4.73946856484035e-19
1252150103.6931152,nan,-4.74354886375215e-19
1252150103.6933594,nan,-4.74481227580018e-19
1252150103.6936035,nan,-4.768123360978884e-19
1252150103.6938477,nan,-4.783606503490036e-19
1252150103.6940918,nan,-4.779612683762231e-19
1252150103.694336,nan,-4.787128438803514e-19
1252150103.69458,nan,-4.8007516161052035e-19
1252150103.6948242,nan,-4.810536279587371e-19
1252150103.6950684,nan,-4.806280605502824e-19
1252150103.6953125,nan,-4.799657462812711e-19
1252150103.6955566,nan,-4.816901086992822e-19
1252150103.6958008,nan,-4.819813225918726e-19
1252150103.696045,nan,-4.811837005407126e-19
1252150103.696289,nan,-4.81932065347054e-19
1252150103.6965332,nan,-4.818884039161233e-19
1252150103.6967773,nan,-4.820332988652815e-19
1252150103.6970215,nan,-4.8111042847913615e-19
1252150103.6972656,nan,-4.797085908430779e-19
1252150103.6975098,nan,-4.807491901224576e-19
1252150103.697754,nan,-4.803428720608737e-19
1252150103.697998,nan,-4.7898409520439135e-19
1252150103.6982422,nan,-4.784282607218985e-19
1252150103.6984863,nan,-4.77827319156413e-19
1252150103.6987305,nan,-4.767499915895372e-19
1252150103.6989746,nan,-4.74835919846026e-19
1252150103.6992188,nan,-4.7354896344479885e-19
1252150103.699463,nan,-4.731413741177962e-19
1252150103.699707,nan,-4.719050258423933e-19
1252150103.6999512,nan,-4.697876460122884e-19
1252150103.7001953,nan,-4.685253844202059e-19
1252150103.7004395,nan,-4.673292687307194e-19
1252150103.7006836,nan,-4.6587199521916545e-19
1252150103.7009277,nan,-4.637891604549208e-19
1252150103.7011719,nan,-4.612771945754114e-19
1252150103.701416,nan,-4.601579883085384e-19
1252150103.7016602,nan,-4.584665453017315e-19
1252150103.7019043,nan,-4.555969416166283e-19
1252150103.7021484,nan,-4.538286649447141e-19
1252150103.7023926,nan,-4.517591492582311e-19
1252150103.7026367,nan,-4.494287742144652e-19
1252150103.7028809,nan,-4.462965822650065e-19
1252150103.703125,nan,-4.429430901518733e-19
1252150103.7033691,nan,-4.417283043056155e-19
1252150103.7036133,nan,-4.389755105591903e-19
1252150103.7038574,nan,-4.353967484255359e-19
1252150103.7041016,nan,-4.3285954902932006e-19
1252150103.7043457,nan,-4.303142101915871e-19
1252150103.7045898,nan,-4.2723427789173477e-19
1252150103.704834,nan,-4.231610037786216e-19
1252150103.7050781,nan,-4.19853409837959e-19
1252150103.7053223,nan,-4.174665298483501e-19
1252150103.7055664,nan,-4.143591028511689e-19
1252150103.7058105,nan,-4.1004363563969835e-19
1252150103.7060547,nan,-4.0650886084253064e-19
1252150103.7062988,nan,-4.0378121500573194e-19
1252150103.706543,nan,-4.0037573354583596e-19
1252150103.706787,nan,-3.9574366466237837e-19
1252150103.7070312,nan,-3.9167670466499466e-19
1252150103.7072754,nan,-3.8876491683612137e-19
1252150103.7075195,nan,-3.843282301961172e-19
1252150103.7077637,nan,-3.799267673824003e-19
1252150103.7080078,nan,-3.7638744379618445e-19
1252150103.708252,nan,-3.7235831328632847e-19
1252150103.708496,nan,-3.682584833772128e-19
1252150103.7087402,nan,-3.6361517687504666e-19
1252150103.7089844,nan,-3.5860308750230434e-19
1252150103.7092285,nan,-3.5478133692036535e-19
1252150103.7094727,nan,-3.5060285159038964e-19
1252150103.7097168,nan,-3.4517649355353414e-19
1252150103.709961,nan,-3.4102130781616337e-19
1252150103.710205,nan,-3.371772302669717e-19
1252150103.7104492,nan,-3.3253711523868985e-19
1252150103.7106934,nan,-3.272701512599301e-19
1252150103.7109375,nan,-3.214523215529962e-19
1252150103.7111816,nan,-3.17332306329912e-19
1252150103.7114258,nan,-3.124184641380136e-19
1252150103.71167,nan,-3.06303842990507e-19
1252150103.711914,nan,-3.021947685907978e-19
1252150103.7121582,nan,-2.9766282438884876e-19
1252150103.7124023,nan,-2.9236241684085164e-19
1252150103.7126465,nan,-2.862465957640495e-19
1252150103.7128906,nan,-2.8054917235650407e-19
1252150103.7131348,nan,-2.7633674286511383e-19
1252150103.713379,nan,-2.7116318431639284e-19
1252150103.713623,nan,-2.6561293482467526e-19
1252150103.7138672,nan,-2.6032528443960394e-19
1252150103.7141113,nan,-2.5544395371114787e-19
1252150103.7143555,nan,-2.491691203378337e-19
1252150103.7145996,nan,-2.429037157575301e-19
1252150103.7148438,nan,-2.377783669714362e-19
1252150103.715088,nan,-2.321924379868494e-19
1252150103.715332,nan,-2.272193976477531e-19
1252150103.7155762,nan,-2.2051475591378247e-19
1252150103.7158203,nan,-2.1457649037060273e-19
1252150103.7160645,nan,-2.1008302330525367e-19
1252150103.7163086,nan,-2.0374675909549122e-19
1252150103.7165527,nan,-1.9813023844608575e-19
1252150103.7167969,nan,-1.9182650412740524e-19
1252150103.717041,nan,-1.8537712996360366e-19
1252150103.7172852,nan,-1.8011981282197106e-19
1252150103.7175293,nan,-1.7364717665700983e-19
1252150103.7177734,nan,-1.6763518618007825e-19
1252150103.7180176,nan,-1.626899032224116e-19
1252150103.7182617,nan,-1.5647439031306428e-19
1252150103.7185059,nan,-1.4937969949721976e-19
1252150103.71875,nan,-1.4365892208814118e-19
1252150103.7189941,nan,-1.3806286568886443e-19
1252150103.7192383,nan,-1.319129685510255e-19
1252150103.7194824,nan,-1.2567575913296833e-19
1252150103.7197266,nan,-1.1936424841203317e-19
1252150103.7199707,nan,-1.1365841555639245e-19
1252150103.7202148,nan,-1.0719087151708179e-19
1252150103.720459,nan,-1.0064876942922878e-19
1252150103.7207031,nan,-9.460124633906459e-20
1252150103.7209473,nan,-8.852233588264151e-20
1252150103.7211914,nan,-8.278872160717989e-20
1252150103.7214355,nan,-7.586305162838895e-20
1252150103.7216797,nan,-6.92490626590373e-20
1252150103.7219238,nan,-6.391226957166851e-20
1252150103.722168,nan,-5.794893267317071e-20
1252150103.722412,nan,-5.126572538642613e-20
1252150103.7226562,nan,-4.4621127664122585e-20
1252150103.7229004,nan,-3.910247563102995e-20
1252150103.7231445,nan,-3.319157816270737e-20
1252150103.7233887,nan,-2.6148171944940965e-20
1252150103.7236328,nan,-1.980387826400633e-20
1252150103.723877,nan,-1.4259645211887348e-20
1252150103.724121,nan,-8.509541867954944e-21
1252150103.7243652,nan,-1.6698112207912456e-21
1252150103.7246094,nan,4.653754161052129e-21
1252150103.7248535,nan,1.0504569077953716e-20
1252150103.7250977,nan,1.6771125907615704e-20
1252150103.7253418,nan,2.2545410543677517e-20
1252150103.725586,nan,2.8995921574665415e-20
1252150103.72583,nan,3.5055457623422064e-20
1252150103.7260742,nan,4.0294173657200646e-20
1252150103.7263184,nan,4.675088816843465e-20
1252150103.7265625,nan,5.3617034497744073e-20
1252150103.7268066,nan,5.91642413337794e-20
1252150103.7270508,nan,6.440572858629774e-20
1252150103.727295,nan,7.094049881455808e-20
1252150103.727539,nan,7.716230376187854e-20
1252150103.7277832,nan,8.254667455179468e-20
1252150103.7280273,nan,8.826719132501417e-20
1252150103.7282715,nan,9.447589890671714e-20
1252150103.7285156,nan,1.0088667628952154e-19
1252150103.7287598,nan,1.0611374845482559e-19
1252150103.729004,nan,1.1144472643311798e-19
1252150103.729248,nan,1.1779763070191358e-19
1252150103.7294922,nan,1.232352278413027e-19
1252150103.7297363,nan,1.2837152831607492e-19
1252150103.7299805,nan,1.3415080545406074e-19
1252150103.7302246,nan,1.402928373856582e-19
1252150103.7304688,nan,1.4599957160874293e-19
1252150103.730713,nan,1.5103586715362988e-19
1252150103.730957,nan,1.5613845830123562e-19
1252150103.7312012,nan,1.619398258983944e-19
1252150103.7314453,nan,1.6748981089035808e-19
1252150103.7316895,nan,1.720334765517992e-19
1252150103.7319336,nan,1.779665755840984e-19
1252150103.7321777,nan,1.8376612775440656e-19
1252150103.7324219,nan,1.8773335579073304e-19
1252150103.732666,nan,1.929729232017396e-19
1252150103.7329102,nan,1.985571268051814e-19
1252150103.7331543,nan,2.0370297117340173e-19
1252150103.7333984,nan,2.0922535290539762e-19
1252150103.7336426,nan,2.131411654814299e-19
1252150103.7338867,nan,2.176275040090132e-19
1252150103.7341309,nan,2.2391915700935143e-19
1252150103.734375,nan,2.280558142094638e-19
1252150103.7346191,nan,2.3215155111488137e-19
1252150103.7348633,nan,2.375387811905353e-19
1252150103.7351074,nan,2.4165335644177384e-19
1252150103.7353516,nan,2.4594147279716474e-19
1252150103.7355957,nan,2.504896551727962e-19
1252150103.7358398,nan,2.549052364808216e-19
1252150103.736084,nan,2.595607444048514e-19
1252150103.7363281,nan,2.642229808632574e-19
1252150103.7365723,nan,2.6844977562147905e-19
1252150103.7368164,nan,2.7205256701892347e-19
1252150103.7370605,nan,2.769717351502271e-19
1252150103.7373047,nan,2.8108425514135514e-19
1252150103.7375488,nan,2.8357741631100866e-19
1252150103.737793,nan,2.8804153291752202e-19
1252150103.738037,nan,2.9200426033701145e-19
1252150103.7382812,nan,2.950132223709754e-19
1252150103.7385254,nan,2.998608601187836e-19
1252150103.7387695,nan,3.030953224663837e-19
1252150103.7390137,nan,3.067221895631288e-19
1252150103.7392578,nan,3.1156132174503073e-19
1252150103.739502,nan,3.1305416117481586e-19
1252150103.739746,nan,3.1623192567388963e-19
1252150103.7399902,nan,3.2113271630336647e-19
1252150103.7402344,nan,3.2403368557472246e-19
1252150103.7404785,nan,3.267237394339001e-19
1252150103.7407227,nan,3.2963403064232525e-19
1252150103.7409668,nan,3.333521263721393e-19
1252150103.741211,nan,3.3644744086506925e-19
1252150103.741455,nan,3.3804984934552655e-19
1252150103.7416992,nan,3.4100362674891297e-19
1252150103.7419434,nan,3.4495995848541613e-19
1252150103.7421875,nan,3.4746699605087084e-19
1252150103.7424316,nan,3.489164613237829e-19
1252150103.7426758,nan,3.516296214790105e-19
1252150103.74292,nan,3.551285533239237e-19
1252150103.743164,nan,3.566188721061347e-19
1252150103.7434082,nan,3.582143295367218e-19
1252150103.7436523,nan,3.611176568064859e-19
1252150103.7438965,nan,3.6356344875390226e-19
1252150103.7441406,nan,3.655489757255481e-19
1252150103.7443848,nan,3.6680917256804167e-19
1252150103.744629,nan,3.6905011821082333e-19
1252150103.744873,nan,3.7152549577837666e-19
1252150103.7451172,nan,3.723270174745564e-19
1252150103.7453613,nan,3.7364037421247527e-19
1252150103.7456055,nan,3.754802186541004e-19
1252150103.7458496,nan,3.7741212803211815e-19
1252150103.7460938,nan,3.793489658827036e-19
1252150103.746338,nan,3.800633638430344e-19
1252150103.746582,nan,3.8093394571221736e-19
1252150103.7468262,nan,3.8300663758514864e-19
1252150103.7470703,nan,3.835534023304661e-19
1252150103.7473145,nan,3.8351686629242633e-19
1252150103.7475586,nan,3.8510171034805763e-19
1252150103.7478027,nan,3.861344160245613e-19
1252150103.7480469,nan,3.8718481619591493e-19
1252150103.748291,nan,3.877174001589782e-19
1252150103.7485352,nan,3.88100113309401e-19
1252150103.7487793,nan,3.897321946796134e-19
1252150103.7490234,nan,3.8936328970185106e-19
1252150103.7492676,nan,3.892477263715636e-19
1252150103.7495117,nan,3.8997901812679114e-19
1252150103.7497559,nan,3.901062914020821e-19
1252150103.75,nan,3.9103044277679084e-19
1252150103.7502441,nan,3.902909488013043e-19
1252150103.7504883,nan,3.902155496410675e-19
1252150103.7507324,nan,3.909910550179199e-19
1252150103.7509766,nan,3.9003534735169784e-19
1252150103.7512207,nan,3.892015931134896e-19
1252150103.7514648,nan,3.886973315369899e-19
1252150103.751709,nan,3.8940723430107865e-19
1252150103.7519531,nan,3.890638768241861e-19
1252150103.7521973,nan,3.8766446597199746e-19
1252150103.7524414,nan,3.8769124317972485e-19
1252150103.7526855,nan,3.868929868546724e-19
1252150103.7529297,nan,3.862468928676712e-19
1252150103.7531738,nan,3.848990257841274e-19
1252150103.753418,nan,3.8280247298328824e-19
1252150103.753662,nan,3.8371033511114165e-19
1252150103.7539062,nan,3.8281320413676975e-19
1252150103.7541504,nan,3.7964034522575695e-19
1252150103.7543945,nan,3.792982238552583e-19
1252150103.7546387,nan,3.7848903112255795e-19
1252150103.7548828,nan,3.764115658206541e-19
1252150103.755127,nan,3.7482902724548296e-19
1252150103.755371,nan,3.7367325243060385e-19
1252150103.7556152,nan,3.7281581421169757e-19
1252150103.7558594,nan,3.7064157780553317e-19
1252150103.7561035,nan,3.6835279154083793e-19
1252150103.7563477,nan,3.6714133178718687e-19
1252150103.7565918,nan,3.6515031036032253e-19
1252150103.756836,nan,3.6268670750628486e-19
1252150103.75708,nan,3.604750716247267e-19
1252150103.7573242,nan,3.586100117718749e-19
1252150103.7575684,nan,3.568930744629036e-19
1252150103.7578125,nan,3.548174596346586e-19
1252150103.7580566,nan,3.5239963995203097e-19
1252150103.7583008,nan,3.494846101598626e-19
1252150103.758545,nan,3.477242236611768e-19
1252150103.758789,nan,3.456819256428838e-19
1252150103.7590332,nan,3.4228493070470877e-19
1252150103.7592773,nan,3.3944849572448224e-19
1252150103.7595215,nan,3.375229404421664e-19
1252150103.7597656,nan,3.353159635536067e-19
1252150103.7600098,nan,3.315996067564818e-19
1252150103.760254,nan,3.2858731219163417e-19
1252150103.760498,nan,3.2651837236260875e-19
1252150103.7607422,nan,3.2310783950326464e-19
1252150103.7609863,nan,3.190707793815347e-19
1252150103.7612305,nan,3.1661990769721663e-19
1252150103.7614746,nan,3.144068113091635e-19
1252150103.7617188,nan,3.1042503849135663e-19
1252150103.761963,nan,3.077617862021008e-19
1252150103.762207,nan,3.043670364840452e-19
1252150103.7624512,nan,3.0018493335430737e-19
1252150103.7626953,nan,2.9790628406124993e-19
1252150103.7629395,nan,2.9319376242082953e-19
1252150103.7631836,nan,2.8950315477745243e-19
1252150103.7634277,nan,2.8749458755379626e-19
1252150103.7636719,nan,2.8336077672589403e-19
1252150103.763916,nan,2.7957793565406873e-19
1252150103.7641602,nan,2.7592769500551426e-19
1252150103.7644043,nan,2.7263647759231503e-19
1252150103.7646484,nan,2.690708405145333e-19
1252150103.7648926,nan,2.643445200388594e-19
1252150103.7651367,nan,2.604487804214595e-19
1252150103.7653809,nan,2.572644446215739e-19
1252150103.765625,nan,2.5349716820430945e-19
1252150103.7658691,nan,2.4894718526896867e-19
1252150103.7661133,nan,2.449556997178544e-19
1252150103.7663574,nan,2.4108518965442046e-19
1252150103.7666016,nan,2.3720097968019337e-19
1252150103.7668457,nan,2.329267564697602e-19
1252150103.7670898,nan,2.2753319708208447e-19
1252150103.767334,nan,2.240121552480324e-19
1252150103.7675781,nan,2.208371662942814e-19
1252150103.7678223,nan,2.1567920076135903e-19
1252150103.7680664,nan,2.1155280355907702e-19
1252150103.7683105,nan,2.0738645033657576e-19
1252150103.7685547,nan,2.0272600097121915e-19
1252150103.7687988,nan,1.9839363186893399e-19
1252150103.769043,nan,1.9374569522366285e-19
1252150103.769287,nan,1.9020790695655829e-19
1252150103.7695312,nan,1.85223517595532e-19
1252150103.7697754,nan,1.8024212989147081e-19
1252150103.7700195,nan,1.7623714016569377e-19
1252150103.7702637,nan,1.7092815514249347e-19
1252150103.7705078,nan,1.6686548109948192e-19
1252150103.770752,nan,1.6168999186550621e-19
1252150103.770996,nan,1.568994235915476e-19
1252150103.7712402,nan,1.5399744898992352e-19
1252150103.7714844,nan,1.482310847006232e-19
1252150103.7717285,nan,1.434240161286387e-19
1252150103.7719727,nan,1.3943830328459066e-19
1252150103.7722168,nan,1.3434391938485926e-19
1252150103.772461,nan,1.3026909047242373e-19
1252150103.772705,nan,1.2428297363964976e-19
1252150103.7729492,nan,1.189375486814468e-19
1252150103.7731934,nan,1.1545075526390683e-19
1252150103.7734375,nan,1.1042235083103935e-19
1252150103.7736816,nan,1.0575512862082632e-19
1252150103.7739258,nan,1.0127465375928831e-19
1252150103.77417,nan,9.632298031977603e-20
1252150103.774414,nan,9.133805914239829e-20
1252150103.7746582,nan,8.619308324598582e-20
1252150103.7749023,nan,8.153423522315309e-20
1252150103.7751465,nan,7.730155290214573e-20
1252150103.7753906,nan,7.277747241139238e-20
1252150103.7756348,nan,6.678952976416807e-20
1252150103.775879,nan,6.261988811372804e-20
1252150103.776123,nan,5.88047373396748e-20
1252150103.7763672,nan,5.2129559261119156e-20
1252150103.7766113,nan,4.739856315090129e-20
1252150103.7768555,nan,4.310479442332348e-20
1252150103.7770996,nan,3.8863538185808974e-20
1252150103.7773438,nan,3.4067952209362725e-20
1252150103.777588,nan,2.821694433562046e-20
1252150103.777832,nan,2.4837040571943883e-20
1252150103.7780762,nan,1.9674908283221883e-20
1252150103.7783203,nan,1.433110311426812e-20
1252150103.7785645,nan,9.670542601032588e-21
1252150103.7788086,nan,4.601976886115179e-21
1252150103.7790527,nan,1.2983421741042297e-21
1252150103.7792969,nan,-3.98969441184668e-21
1252150103.779541,nan,-9.626214382602957e-21
1252150103.7797852,nan,-1.3688133754250088e-20
1252150103.7800293,nan,-1.7940917910997585e-20
1252150103.7802734,nan,-2.256191837173265e-20
1252150103.7805176,nan,-2.8023879529075146e-20
1252150103.7807617,nan,-3.241112149620703e-20
1252150103.7810059,nan,-3.6229001065673446e-20
1252150103.78125,nan,-4.0966241503637373e-20
1252150103.7814941,nan,-4.6017740610945427e-20
1252150103.7817383,nan,-5.0809156736406394e-20
1252150103.7819824,nan,-5.451235833884356e-20
1252150103.7822266,nan,-5.915772735666583e-20
1252150103.7824707,nan,-6.475897405494838e-20
1252150103.7827148,nan,-6.90275414058493e-20
1252150103.782959,nan,-7.241777401237402e-20
1252150103.7832031,nan,-7.646767271204745e-20
1252150103.7834473,nan,-8.201866561320826e-20
1252150103.7836914,nan,-8.643744729646877e-20
1252150103.7839355,nan,-8.979405655289507e-20
1252150103.7841797,nan,-9.483470061663562e-20
1252150103.7844238,nan,-9.92133460543403e-20
1252150103.784668,nan,-1.0320246854353691e-19
1252150103.784912,nan,-1.0709488803336643e-19
1252150103.7851562,nan,-1.1089800576115982e-19
1252150103.7854004,nan,-1.1594976322296664e-19
1252150103.7856445,nan,-1.194355907955175e-19
1252150103.7858887,nan,-1.2321169056559516e-19
1252150103.7861328,nan,-1.2789638714238394e-19
1252150103.786377,nan,-1.3202968480590353e-19
1252150103.786621,nan,-1.3615231737608103e-19
1252150103.7868652,nan,-1.3927196473190355e-19
1252150103.7871094,nan,-1.4328311067313244e-19
1252150103.7873535,nan,-1.481199722738426e-19
1252150103.7875977,nan,-1.509001737885414e-19
1252150103.7878418,nan,-1.5388812913806914e-19
1252150103.788086,nan,-1.5868454145796545e-19
1252150103.78833,nan,-1.626362399214626e-19
1252150103.7885742,nan,-1.6608907202641503e-19
1252150103.7888184,nan,-1.6944262201405158e-19
1252150103.7890625,nan,-1.731282636035235e-19
1252150103.7893066,nan,-1.7684817976588868e-19
1252150103.7895508,nan,-1.8020239475013721e-19
1252150103.789795,nan,-1.8336855539512518e-19
1252150103.790039,nan,-1.8584663717610692e-19
1252150103.7902832,nan,-1.903073280364537e-19
1252150103.7905273,nan,-1.9367579210348815e-19
1252150103.7907715,nan,-1.9593970306629383e-19
1252150103.7910156,nan,-1.9982715984218035e-19
1252150103.7912598,nan,-2.0276914275675597e-19
1252150103.791504,nan,-2.06116568441571e-19
1252150103.791748,nan,-2.0827597507921672e-19
1252150103.7919922,nan,-2.1162156165796122e-19
1252150103.7922363,nan,-2.1597934153775391e-19
1252150103.7924805,nan,-2.1771260825305624e-19
1252150103.7927246,nan,-2.2026868183378287e-19
1252150103.7929688,nan,-2.2301888845205826e-19
1252150103.793213,nan,-2.2612886545314134e-19
1252150103.793457,nan,-2.291542592761355e-19
1252150103.7937012,nan,-2.3082917092372647e-19
1252150103.7939453,nan,-2.339947207504698e-19
1252150103.7941895,nan,-2.3706933801363356e-19
1252150103.7944336,nan,-2.388398873408325e-19
1252150103.7946777,nan,-2.4151360964738577e-19
1252150103.7949219,nan,-2.438790756405545e-19
1252150103.795166,nan,-2.4657532514655626e-19
1252150103.7954102,nan,-2.4884910657321225e-19
1252150103.7956543,nan,-2.49462177961917e-19
1252150103.7958984,nan,-2.526195951169892e-19
1252150103.7961426,nan,-2.5577112694131625e-19
1252150103.7963867,nan,-2.569753626278815e-19
1252150103.7966309,nan,-2.585548223617913e-19
1252150103.796875,nan,-2.601516227181748e-19
1252150103.7971191,nan,-2.622626970820599e-19
1252150103.7973633,nan,-2.6438233161446507e-19
1252150103.7976074,nan,-2.6557210177274324e-19
1252150103.7978516,nan,-2.673904195233278e-19
1252150103.7980957,nan,-2.702701971369219e-19
1252150103.7983398,nan,-2.710311757594419e-19
1252150103.798584,nan,-2.7171916125527685e-19
1252150103.7988281,nan,-2.7392980568262345e-19
1252150103.7990723,nan,-2.754739067724296e-19
1252150103.7993164,nan,-2.7695366122344117e-19
1252150103.7995605,nan,-2.7741356511893677e-19
1252150103.7998047,nan,-2.789481669168727e-19
1252150103.8000488,nan,-2.816602316438387e-19
1252150103.800293,nan,-2.8131542108916786e-19
1252150103.800537,nan,-2.8152819258351295e-19
1252150103.8007812,nan,-2.83548631186749e-19
1252150103.8010254,nan,-2.843537334496623e-19
1252150103.8012695,nan,-2.8535132961476453e-19
1252150103.8015137,nan,-2.861958077053899e-19
1252150103.8017578,nan,-2.86745942041843e-19
1252150103.802002,nan,-2.8784781361081383e-19
1252150103.802246,nan,-2.880509150808661e-19
1252150103.8024902,nan,-2.8835842822983003e-19
1252150103.8027344,nan,-2.890182889460305e-19
1252150103.8029785,nan,-2.8956745351978632e-19
1252150103.8032227,nan,-2.8998585342808996e-19
1252150103.8034668,nan,-2.8947799933265847e-19
1252150103.803711,nan,-2.8985278218995524e-19
1252150103.803955,nan,-2.9127348311380594e-19
1252150103.8041992,nan,-2.912891842519806e-19
1252150103.8044434,nan,-2.9050637959233516e-19
1252150103.8046875,nan,-2.9077499339072395e-19
1252150103.8049316,nan,-2.9136539380644437e-19
1252150103.8051758,nan,-2.910649596661532e-19
1252150103.80542,nan,-2.9002875040167833e-19
1252150103.805664,nan,-2.9042947192536214e-19
1252150103.8059082,nan,-2.910185688851938e-19
1252150103.8061523,nan,-2.9002161030041783e-19
1252150103.8063965,nan,-2.8903539859358815e-19
1252150103.8066406,nan,-2.885548542411183e-19
1252150103.8068848,nan,-2.89079835182832e-19
1252150103.807129,nan,-2.8816412034174624e-19
1252150103.807373,nan,-2.8650199452948927e-19
1252150103.8076172,nan,-2.867076047896686e-19
1252150103.8078613,nan,-2.8655138425807176e-19
1252150103.8081055,nan,-2.8544860525140678e-19
1252150103.8083496,nan,-2.840364025121042e-19
1252150103.8085938,nan,-2.832056178994277e-19
1252150103.808838,nan,-2.826924560442734e-19
1252150103.809082,nan,-2.8170801002928034e-19
1252150103.8093262,nan,-2.7975260752211826e-19
1252150103.8095703,nan,-2.7878389089037177e-19
1252150103.8098145,nan,-2.7895306204596126e-19
1252150103.8100586,nan,-2.768814162888737e-19
1252150103.8103027,nan,-2.7498232014790425e-19
1252150103.8105469,nan,-2.7396887443874123e-19
1252150103.810791,nan,-2.729084279798646e-19
1252150103.8110352,nan,-2.710772299904662e-19
1252150103.8112793,nan,-2.686133175574502e-19
1252150103.8115234,nan,-2.680750355693355e-19
1252150103.8117676,nan,-2.6695201948947435e-19
1252150103.8120117,nan,-2.6520665748034054e-19
1252150103.8122559,nan,-2.632995798514308e-19
1252150103.8125,nan,-2.6065965462602847e-19
1252150103.8127441,nan,-2.59174920993378e-19
1252150103.8129883,nan,-2.5781718845175108e-19
1252150103.8132324,nan,-2.551878091702727e-19
1252150103.8134766,nan,-2.5340495737363314e-19
1252150103.8137207,nan,-2.530143517999475e-19
1252150103.8139648,nan,-2.502520541565054e-19
1252150103.814209,nan,-2.4682597734550454e-19
1252150103.8144531,nan,-2.457849092279414e-19
1252150103.8146973,nan,-2.4400404671836e-19
1252150103.8149414,nan,-2.412453494223427e-19
1252150103.8151855,nan,-2.3889893263933225e-19
1252150103.8154297,nan,-2.36044668411455e-19
1252150103.8156738,nan,-2.345898025273709e-19
1252150103.815918,nan,-2.3286579470073135e-19
1252150103.816162,nan,-2.2874372646947857e-19
1252150103.8164062,nan,-2.261080245736506e-19
1252150103.8166504,nan,-2.2411035554515917e-19
1252150103.8168945,nan,-2.2161150362278e-19
1252150103.8171387,nan,-2.1894933281139977e-19
1252150103.8173828,nan,-2.160341981581595e-19
1252150103.817627,nan,-2.1421979898919867e-19
1252150103.817871,nan,-2.115917314572473e-19
1252150103.8181152,nan,-2.076991860765678e-19
1252150103.8183594,nan,-2.0497573067368762e-19
1252150103.8186035,nan,-2.030206628364732e-19
1252150103.8188477,nan,-1.996439140964654e-19
1252150103.8190918,nan,-1.9603563907086196e-19
1252150103.819336,nan,-1.9343205802066712e-19
1252150103.81958,nan,-1.9108646695280102e-19
1252150103.8198242,nan,-1.8833380591052413e-19
1252150103.8200684,nan,-1.842822510761987e-19
1252150103.8203125,nan,-1.8138924681144416e-19
1252150103.8205566,nan,-1.7903030775923935e-19
1252150103.8208008,nan,-1.7490234425263032e-19
1252150103.821045,nan,-1.7176782655233696e-19
1252150103.821289,nan,-1.6898544947729088e-19
1252150103.8215332,nan,-1.659671309288679e-19
1252150103.8217773,nan,-1.6254210686209816e-19
1252150103.8220215,nan,-1.585983515797916e-19
1252150103.8222656,nan,-1.557067001150869e-19
1252150103.8225098,nan,-1.523057594092531e-19
1252150103.822754,nan,-1.492105443822216e-19
1252150103.822998,nan,-1.4517585656545308e-19
1252150103.8232422,nan,-1.4167345698850976e-19
1252150103.8234863,nan,-1.3976096927631687e-19
1252150103.8237305,nan,-1.3518506716587046e-19
1252150103.8239746,nan,-1.3110709567574368e-19
1252150103.8242188,nan,-1.2831280375967053e-19
1252150103.824463,nan,-1.2483139822352398e-19
1252150103.824707,nan,-1.212758866121428e-19
1252150103.8249512,nan,-1.169898455088521e-19
1252150103.8251953,nan,-1.1336795976156265e-19
1252150103.8254395,nan,-1.109809285052287e-19
1252150103.8256836,nan,-1.0708297760097675e-19
1252150103.8259277,nan,-1.0255964702373081e-19
1252150103.8261719,nan,-9.94939148117714e-20
1252150103.826416,nan,-9.606298113342725e-20
1252150103.8266602,nan,-9.237554651896462e-20
1252150103.8269043,nan,-8.795316375770848e-20
1252150103.8271484,nan,-8.447997910218718e-20
1252150103.8273926,nan,-8.211556650417258e-20
1252150103.8276367,nan,-7.712256664365138e-20
1252150103.8278809,nan,-7.311192631384393e-20
1252150103.828125,nan,-6.98296632853816e-20
1252150103.8283691,nan,-6.605853836217921e-20
1252150103.8286133,nan,-6.293469668148439e-20
1252150103.8288574,nan,-5.756838465023267e-20
1252150103.8291016,nan,-5.419327416710119e-20
1252150103.8293457,nan,-5.251786670776775e-20
1252150103.8295898,nan,-4.7435869440426055e-20
1252150103.829834,nan,-4.269290334508527e-20
1252150103.8300781,nan,-3.987172128642846e-20
1252150103.8303223,nan,-3.6458040912633545e-20
1252150103.8305664,nan,-3.2055047608725524e-20
1252150103.8308105,nan,-2.7852387053621755e-20
1252150103.8310547,nan,-2.440673636033014e-20
1252150103.8312988,nan,-2.136373367906562e-20
1252150103.831543,nan,-1.7522436070334512e-20
1252150103.831787,nan,-1.2509766493017406e-20
1252150103.8320312,nan,-8.975327678980892e-21
1252150103.8322754,nan,-5.988435261742144e-21
1252150103.8325195,nan,-1.832756447752225e-21
1252150103.8327637,nan,2.3719383463129713e-21
1252150103.8330078,nan,5.953205169531218e-21
1252150103.833252,nan,8.824677542014344e-21
1252150103.833496,nan,1.3141664107816192e-20
1252150103.8337402,nan,1.7522211612053053e-20
1252150103.8339844,nan,2.034818861211885e-20
1252150103.8342285,nan,2.3919452282070603e-20
1252150103.8344727,nan,2.7990053963450316e-20
1252150103.8347168,nan,3.226012942983372e-20
1252150103.834961,nan,3.5584701947639424e-20
1252150103.835205,nan,3.810581969749668e-20
1252150103.8354492,nan,4.2132043320758446e-20
1252150103.8356934,nan,4.660516804345271e-20
1252150103.8359375,nan,5.0379734967595775e-20
1252150103.8361816,nan,5.3362034760231426e-20
1252150103.8364258,nan,5.698370015098563e-20
1252150103.83667,nan,6.158644703539032e-20
1252150103.836914,nan,6.459384153713353e-20
1252150103.8371582,nan,6.689605560999329e-20
1252150103.8374023,nan,7.100146381021197e-20
1252150103.8376465,nan,7.531265231661637e-20
1252150103.8378906,nan,7.838005134257526e-20
1252150103.8381348,nan,8.12591151028122e-20
1252150103.838379,nan,8.489147493867558e-20
1252150103.838623,nan,8.853140682720282e-20
1252150103.8388672,nan,9.199315676637476e-20
1252150103.8391113,nan,9.50073365586304e-20
1252150103.8393555,nan,9.795248991223977e-20
1252150103.8395996,nan,1.0226829426650241e-19
1252150103.8398438,nan,1.0569546868928093e-19
1252150103.840088,nan,1.0806849477688068e-19
1252150103.840332,nan,1.1174522888088592e-19
1252150103.8405762,nan,1.155361984762294e-19
1252150103.8408203,nan,1.184581351721691e-19
1252150103.8410645,nan,1.2046680528435907e-19
1252150103.8413086,nan,1.230135432190931e-19
1252150103.8415527,nan,1.2767944562029756e-19
1252150103.8417969,nan,1.3104437343986549e-19
1252150103.842041,nan,1.3256665044097816e-19
1252150103.8422852,nan,1.3595372649139087e-19
1252150103.8425293,nan,1.3978554840393051e-19
1252150103.8427734,nan,1.4219498597450044e-19
1252150103.8430176,nan,1.4438712549143738e-19
1252150103.8432617,nan,1.4712986050928707e-19
1252150103.8435059,nan,1.506930360980105e-19
1252150103.84375,nan,1.533058505411151e-19
1252150103.8439941,nan,1.559150676641312e-19
1252150103.8442383,nan,1.5874423765370686e-19
1252150103.8444824,nan,1.6120934564698923e-19
1252150103.8447266,nan,1.642670978858435e-19
1252150103.8449707,nan,1.659975772990411e-19
1252150103.8452148,nan,1.6830189274027295e-19
1252150103.845459,nan,1.7204628179025408e-19
1252150103.8457031,nan,1.7411274012276533e-19
1252150103.8459473,nan,1.7586297818397602e-19
1252150103.8461914,nan,1.7835034668436208e-19
1252150103.8464355,nan,1.8091027080255244e-19
1252150103.8466797,nan,1.8325113985341362e-19
1252150103.8469238,nan,1.8455272960703894e-19
1252150103.847168,nan,1.8689559914771067e-19
1252150103.847412,nan,1.9051245438812017e-19
1252150103.8476562,nan,1.9221651375943881e-19
1252150103.8479004,nan,1.928919245956336e-19
1252150103.8481445,nan,1.9547808618824208e-19
1252150103.8483887,nan,1.980807773290577e-19
1252150103.8486328,nan,1.9931766437752405e-19
1252150103.848877,nan,2.008394947658315e-19
1252150103.849121,nan,2.0297554381799872e-19
1252150103.8493652,nan,2.0487070526031846e-19
1252150103.8496094,nan,2.0640095315975016e-19
1252150103.8498535,nan,2.0777307099611536e-19
1252150103.8500977,nan,2.0952467357514905e-19
1252150103.8503418,nan,2.1141061290459748e-19
1252150103.850586,nan,2.1268286202660662e-19
1252150103.85083,nan,2.1378146364797112e-19
1252150103.8510742,nan,2.1512202941494518e-19
1252150103.8513184,nan,2.173830255711605e-19
1252150103.8515625,nan,2.189047655817093e-19
1252150103.8518066,nan,2.188263262783805e-19
1252150103.8520508,nan,2.201654445342948e-19
1252150103.852295,nan,2.224160061757397e-19
1252150103.852539,nan,2.231005457098466e-19
1252150103.8527832,nan,2.230927603385059e-19
1252150103.8530273,nan,2.2416404574493844e-19
1252150103.8532715,nan,2.262218792893175e-19
1252150103.8535156,nan,2.2699396400522707e-19
1252150103.8537598,nan,2.2692658572635436e-19
1252150103.854004,nan,2.281613461237658e-19
1252150103.854248,nan,2.2902584478021974e-19
1252150103.8544922,nan,2.2909255499665736e-19
1252150103.8547363,nan,2.3006891531103503e-19
1252150103.8549805,nan,2.302824585644593e-19
1252150103.8552246,nan,2.3078236797911507e-19
1252150103.8554688,nan,2.3162633212101556e-19
1252150103.855713,nan,2.3121791787025113e-19
1252150103.855957,nan,2.3238769144141154e-19
1252150103.8562012,nan,2.3300603177600115e-19
1252150103.8564453,nan,2.324736676655362e-19
1252150103.8566895,nan,2.329426804696296e-19
1252150103.8569336,nan,2.327115043841783e-19
1252150103.8571777,nan,2.3397946488126456e-19
1252150103.8574219,nan,2.337868075289939e-19
1252150103.857666,nan,2.317422304446547e-19
1252150103.8579102,nan,2.334161505267408e-19
1252150103.8581543,nan,2.335260272925474e-19
1252150103.8583984,nan,2.322281812316642e-19
1252150103.8586426,nan,2.3218659796804417e-19
1252150103.8588867,nan,2.314033506624925e-19
1252150103.8591309,nan,2.3226715467221055e-19
1252150103.859375,nan,2.314208173486129e-19
1252150103.8596191,nan,2.298536080083974e-19
1252150103.8598633,nan,2.3057754628232545e-19
1252150103.8601074,nan,2.2943598286470114e-19
1252150103.8603516,nan,2.28831524139727e-19
1252150103.8605957,nan,2.281736239421544e-19
1252150103.8608398,nan,2.2715204051508476e-19
1252150103.861084,nan,2.274671189043725e-19
1252150103.8613281,nan,2.26001771590819e-19
1252150103.8615723,nan,2.2493125898834703e-19
1252150103.8618164,nan,2.2404761916023767e-19
1252150103.8620605,nan,2.232354525793072e-19
1252150103.8623047,nan,2.223668962364821e-19
1252150103.8625488,nan,2.2009264020865703e-19
1252150103.862793,nan,2.197461657668422e-19
1252150103.863037,nan,2.1911594330508625e-19
1252150103.8632812,nan,2.1733048007695146e-19
1252150103.8635254,nan,2.1577924209237562e-19
1252150103.8637695,nan,2.1432759051432146e-19
1252150103.8640137,nan,2.136746946001631e-19
1252150103.8642578,nan,2.1140477175767112e-19
1252150103.864502,nan,2.094936662500132e-19
1252150103.864746,nan,2.0878834011384514e-19
1252150103.8649902,nan,2.0731318982223718e-19
1252150103.8652344,nan,2.0583027676904794e-19
1252150103.8654785,nan,2.032290691467957e-19
1252150103.8657227,nan,2.0150080400040675e-19
1252150103.8659668,nan,2.006422454485526e-19
1252150103.866211,nan,1.9851880126913593e-19
1252150103.866455,nan,1.9647803315865843e-19
1252150103.8666992,nan,1.943793806819954e-19
1252150103.8669434,nan,1.928714721855202e-19
1252150103.8671875,nan,1.9111070728690236e-19
1252150103.8674316,nan,1.8810268928432394e-19
1252150103.8676758,nan,1.85909301962091e-19
1252150103.86792,nan,1.8504532909989033e-19
1252150103.868164,nan,1.8234782721122103e-19
1252150103.8684082,nan,1.7852964523867713e-19
1252150103.8686523,nan,1.77527008449025e-19
1252150103.8688965,nan,1.7565332920323024e-19
1252150103.8691406,nan,1.726563273022806e-19
1252150103.8693848,nan,1.7061626198640005e-19
1252150103.869629,nan,1.675189680079899e-19
1252150103.869873,nan,1.657970593352647e-19
1252150103.8701172,nan,1.6359276914549587e-19
1252150103.8703613,nan,1.5910401622320838e-19
1252150103.8706055,nan,1.5788239816184887e-19
1252150103.8708496,nan,1.5601655331071734e-19
1252150103.8710938,nan,1.5177054524774567e-19
1252150103.871338,nan,1.4960601007210376e-19
1252150103.871582,nan,1.4683049067243273e-19
1252150103.8718262,nan,1.444936184186817e-19
1252150103.8720703,nan,1.4169741876377515e-19
1252150103.8723145,nan,1.3799884837949912e-19
1252150103.8725586,nan,1.3615343892665892e-19
1252150103.8728027,nan,1.3331655180669867e-19
1252150103.8730469,nan,1.2984022128008814e-19
1252150103.873291,nan,1.2658042530425346e-19
1252150103.8735352,nan,1.2419355327211842e-19
1252150103.8737793,nan,1.2192285747799725e-19
1252150103.8740234,nan,1.1758970970354283e-19
1252150103.8742676,nan,1.1436384490682881e-19
1252150103.8745117,nan,1.1179200745708375e-19
1252150103.8747559,nan,1.0850246057380682e-19
1252150103.875,nan,1.0550315876691544e-19
1252150103.8752441,nan,1.0222194436859048e-19
1252150103.8754883,nan,9.942818049587786e-20
1252150103.8757324,nan,9.664383300457476e-20
1252150103.8759766,nan,9.259105205091982e-20
1252150103.8762207,nan,8.901048463244466e-20
1252150103.8764648,nan,8.592200696088573e-20
1252150103.876709,nan,8.339076726239121e-20
1252150103.8769531,nan,7.997576913083135e-20
1252150103.8771973,nan,7.575299474132381e-20
1252150103.8774414,nan,7.329787726087074e-20
1252150103.8776855,nan,7.041495272800336e-20
1252150103.8779297,nan,6.624718855174661e-20
1252150103.8781738,nan,6.199537342470115e-20
1252150103.878418,nan,5.923429438163201e-20
1252150103.878662,nan,5.668612956734215e-20
1252150103.8789062,nan,5.249373847432192e-20
1252150103.8791504,nan,4.910868780437344e-20
1252150103.8793945,nan,4.56398351674269e-20
1252150103.8796387,nan,4.274244425511734e-20
1252150103.8798828,nan,3.9731089058710815e-20
1252150103.880127,nan,3.488781753547019e-20
1252150103.880371,nan,3.1793159627397794e-20
1252150103.8806152,nan,2.868400126232763e-20
1252150103.8808594,nan,2.4899545027540143e-20
1252150103.8811035,nan,2.157229449058405e-20
1252150103.8813477,nan,1.759222242228707e-20
1252150103.8815918,nan,1.461177673945754e-20
1252150103.881836,nan,1.1657674573301923e-20
1252150103.88208,nan,6.926083780443226e-21
1252150103.8823242,nan,3.813671243911681e-21
1252150103.8825684,nan,1.2511911073412097e-21
1252150103.8828125,nan,-2.87908191829858e-21
1252150103.8830566,nan,-6.792097953274194e-21
1252150103.8833008,nan,-9.768456199126232e-21
1252150103.883545,nan,-1.2453709930117454e-20
1252150103.883789,nan,-1.7084004095826337e-20
1252150103.8840332,nan,-2.0605643971962967e-20
1252150103.8842773,nan,-2.315317141305311e-20
1252150103.8845215,nan,-2.7141974772197675e-20
1252150103.8847656,nan,-3.023096856980573e-20
1252150103.8850098,nan,-3.44657626155509e-20
1252150103.885254,nan,-3.7795395818520083e-20
1252150103.885498,nan,-4.0133654345254504e-20
1252150103.8857422,nan,-4.3992017532838086e-20
1252150103.8859863,nan,-4.760344999439348e-20
1252150103.8862305,nan,-5.116965596816158e-20
1252150103.8864746,nan,-5.379973783790339e-20
1252150103.8867188,nan,-5.817842842952769e-20
1252150103.886963,nan,-6.182004794057797e-20
1252150103.887207,nan,-6.378881808473624e-20
1252150103.8874512,nan,-6.751603989770222e-20
1252150103.8876953,nan,-7.082349846138573e-20
1252150103.8879395,nan,-7.449433697147396e-20
1252150103.8881836,nan,-7.696369602202115e-20
1252150103.8884277,nan,-7.975268248419354e-20
1252150103.8886719,nan,-8.40830931549393e-20
1252150103.888916,nan,-8.696925897278083e-20
1252150103.8891602,nan,-8.976871700213676e-20
1252150103.8894043,nan,-9.226557308888428e-20
1252150103.8896484,nan,-9.627407930293613e-20
1252150103.8898926,nan,-1.0021830892885277e-19
1252150103.8901367,nan,-1.0232854611647721e-19
1252150103.8903809,nan,-1.0531333419885917e-19
1252150103.890625,nan,-1.0825491193950043e-19
1252150103.8908691,nan,-1.1174353400849464e-19
1252150103.8911133,nan,-1.1467681316401559e-19
1252150103.8913574,nan,-1.1640172630872565e-19
1252150103.8916016,nan,-1.1970775865378128e-19
1252150103.8918457,nan,-1.2379480308865578e-19
1252150103.8920898,nan,-1.2598414441616898e-19
1252150103.892334,nan,-1.276767613817801e-19
1252150103.8925781,nan,-1.3133012165977852e-19
1252150103.8928223,nan,-1.345262389519382e-19
1252150103.8930664,nan,-1.3675135787054254e-19
1252150103.8933105,nan,-1.3881568839693168e-19
1252150103.8935547,nan,-1.4148472526603263e-19
1252150103.8937988,nan,-1.452368026051559e-19
1252150103.894043,nan,-1.4707135938994807e-19
1252150103.894287,nan,-1.4900021201265062e-19
1252150103.8945312,nan,-1.520218941799429e-19
1252150103.8947754,nan,-1.5448246673962796e-19
1252150103.8950195,nan,-1.566238098038289e-19
1252150103.8952637,nan,-1.5839490374775747e-19
1252150103.8955078,nan,-1.6138607910473277e-19
1252150103.895752,nan,-1.6363512793499389e-19
1252150103.895996,nan,-1.6506837047373912e-19
1252150103.8962402,nan,-1.6787010189923872e-19
1252150103.8964844,nan,-1.697391209832521e-19
1252150103.8967285,nan,-1.718361085972691e-19
1252150103.8969727,nan,-1.742704536431581e-19
1252150103.8972168,nan,-1.7575635368303717e-19
1252150103.897461,nan,-1.7826282469824301e-19
1252150103.897705,nan,-1.8020363222427868e-19
1252150103.8979492,nan,-1.816688868698791e-19
1252150103.8981934,nan,-1.8328574893082085e-19
1252150103.8984375,nan,-1.8520004037576943e-19
1252150103.8986816,nan,-1.8732595531284188e-19
1252150103.8989258,nan,-1.8802042019417086e-19
1252150103.89917,nan,-1.8964381645999448e-19
1252150103.899414,nan,-1.9150838220025112e-19
1252150103.8996582,nan,-1.9375950749555178e-19
1252150103.8999023,nan,-1.9512243954339357e-19
1252150103.9001465,nan,-1.9530449466896335e-19
1252150103.9003906,nan,-1.9794780679908904e-19
1252150103.9006348,nan,-1.9913262813159664e-19
1252150103.900879,nan,-1.9985497911755634e-19
1252150103.901123,nan,-2.012298521931196e-19
1252150103.9013672,nan,-2.0194880664698976e-19
1252150103.9016113,nan,-2.0411632030080604e-19
1252150103.9018555,nan,-2.0465788911374777e-19
1252150103.9020996,nan,-2.043038382567195e-19
1252150103.9023438,nan,-2.0563173160483265e-19
1252150103.902588,nan,-2.076215517739575e-19
1252150103.902832,nan,-2.087604029825895e-19
1252150103.9030762,nan,-2.084203717551296e-19
1252150103.9033203,nan,-2.0929593707274108e-19
1252150103.9035645,nan,-2.1125912225302954e-19
1252150103.9038086,nan,-2.1103117661661908e-19
1252150103.9040527,nan,-2.1084735683268283e-19
1252150103.9042969,nan,-2.1237484968522206e-19
1252150103.904541,nan,-2.127470927713062e-19
1252150103.9047852,nan,-2.1263292588387734e-19
1252150103.9050293,nan,-2.1302547866436376e-19
1252150103.9052734,nan,-2.1359943556358575e-19
1252150103.9055176,nan,-2.1408187604983536e-19
1252150103.9057617,nan,-2.13549068988695e-19
1252150103.9060059,nan,-2.1370960899926977e-19
1252150103.90625,nan,-2.1452999265623086e-19
1252150103.9064941,nan,-2.1470536510333114e-19
1252150103.9067383,nan,-2.1474742667045688e-19
1252150103.9069824,nan,-2.1377394360313788e-19
1252150103.9072266,nan,-2.142128171001249e-19
1252150103.9074707,nan,-2.1460174091474506e-19
1252150103.9077148,nan,-2.132927603144145e-19
1252150103.907959,nan,-2.1334438324980923e-19
1252150103.9082031,nan,-2.1273611019345552e-19
1252150103.9084473,nan,-2.1250965436894454e-19
1252150103.9086914,nan,-2.127365257069976e-19
1252150103.9089355,nan,-2.1127116406935873e-19
1252150103.9091797,nan,-2.1107855656499335e-19
1252150103.9094238,nan,-2.1128635751848791e-19
1252150103.909668,nan,-2.095907163700975e-19
1252150103.909912,nan,-2.0833862726584372e-19
1252150103.9101562,nan,-2.085006418858553e-19
1252150103.9104004,nan,-2.0807725180953036e-19
1252150103.9106445,nan,-2.0658961451609505e-19
1252150103.9108887,nan,-2.053009210061347e-19
1252150103.9111328,nan,-2.048702221349865e-19
1252150103.911377,nan,-2.0374917377063944e-19
1252150103.911621,nan,-2.0188576892348793e-19
1252150103.9118652,nan,-2.010092439831881e-19
1252150103.9121094,nan,-1.9994930471795274e-19
1252150103.9123535,nan,-1.9886882391185278e-19
1252150103.9125977,nan,-1.9803361529651357e-19
1252150103.9128418,nan,-1.9636380243665863e-19
1252150103.913086,nan,-1.9500569031565449e-19
1252150103.91333,nan,-1.9367084053443463e-19
1252150103.9135742,nan,-1.9176281992563356e-19
1252150103.9138184,nan,-1.9003915459733544e-19
1252150103.9140625,nan,-1.8886186286078139e-19
1252150103.9143066,nan,-1.8748792712922825e-19
1252150103.9145508,nan,-1.8533531623230903e-19
1252150103.914795,nan,-1.832725678466824e-19
1252150103.915039,nan,-1.8201268587910372e-19
1252150103.9152832,nan,-1.8067164940154423e-19
1252150103.9155273,nan,-1.7835915686953517e-19
1252150103.9157715,nan,-1.7578417820053973e-19
1252150103.9160156,nan,-1.739621575837845e-19
1252150103.9162598,nan,-1.731750281823497e-19
1252150103.916504,nan,-1.7081116484336795e-19
1252150103.916748,nan,-1.676592332475553e-19
1252150103.9169922,nan,-1.6608064039481056e-19
1252150103.9172363,nan,-1.6399093959169627e-19
1252150103.9174805,nan,-1.6196315446098623e-19
1252150103.9177246,nan,-1.5905165560825524e-19
1252150103.9179688,nan,-1.5633923320470797e-19
1252150103.918213,nan,-1.554825583860902e-19
1252150103.918457,nan,-1.524509267467574e-19
1252150103.9187012,nan,-1.4953658225859297e-19
1252150103.9189453,nan,-1.475510213790109e-19
1252150103.9191895,nan,-1.4532433941127939e-19
1252150103.9194336,nan,-1.4253574266989916e-19
1252150103.9196777,nan,-1.388049447066197e-19
1252150103.9199219,nan,-1.3771120571317457e-19
1252150103.920166,nan,-1.3513380119173987e-19
1252150103.9204102,nan,-1.3120812500757452e-19
1252150103.9206543,nan,-1.297291611461037e-19
1252150103.9208984,nan,-1.2643463120056853e-19
1252150103.9211426,nan,-1.2344717002649753e-19
1252150103.9213867,nan,-1.2111777095159748e-19
1252150103.9216309,nan,-1.1772222755243177e-19
1252150103.921875,nan,-1.1544517908562102e-19
1252150103.9221191,nan,-1.1271469111755196e-19
1252150103.9223633,nan,-1.0970923113690673e-19
1252150103.9226074,nan,-1.0618861783963334e-19
1252150103.9228516,nan,-1.0324085505208205e-19
1252150103.9230957,nan,-1.0183602968935431e-19
1252150103.9233398,nan,-9.797198086214967e-20
1252150103.923584,nan,-9.37717196435844e-20
1252150103.9238281,nan,-9.166612049760138e-20
1252150103.9240723,nan,-8.883914269065648e-20
1252150103.9243164,nan,-8.494253008630763e-20
1252150103.9245605,nan,-8.162105332936415e-20
1252150103.9248047,nan,-7.925855623149522e-20
1252150103.9250488,nan,-7.596773521490905e-20
1252150103.925293,nan,-7.213562940505235e-20
1252150103.925537,nan,-6.915564070449464e-20
1252150103.9257812,nan,-6.649430345958953e-20
1252150103.9260254,nan,-6.323931252859512e-20
1252150103.9262695,nan,-5.949946911069369e-20
1252150103.9265137,nan,-5.601712145500645e-20
1252150103.9267578,nan,-5.276082263630737e-20
1252150103.927002,nan,-5.0423017102643907e-20
1252150103.927246,nan,-4.658634339061092e-20
1252150103.9274902,nan,-4.220306232689526e-20
1252150103.9277344,nan,-3.975916909507875e-20
1252150103.9279785,nan,-3.6860051196816565e-20
1252150103.9282227,nan,-3.3204139235089156e-20
1252150103.9284668,nan,-2.936371650704211e-20
1252150103.928711,nan,-2.6131530373436595e-20
1252150103.928955,nan,-2.3370340727467366e-20
1252150103.9291992,nan,-1.972996148530018e-20
1252150103.9294434,nan,-1.5485404230508886e-20
1252150103.9296875,nan,-1.2537872588492421e-20
1252150103.9299316,nan,-9.668630416032758e-21
1252150103.9301758,nan,-5.975201258039567e-21
1252150103.93042,nan,-1.976557733469849e-21
1252150103.930664,nan,1.840201108241181e-21
1252150103.9309082,nan,3.1070932962884713e-21
1252150103.9311523,nan,7.283739907312683e-21
1252150103.9313965,nan,1.2375264596848387e-20
1252150103.9316406,nan,1.400147267742542e-20
1252150103.9318848,nan,1.747236459072271e-20
1252150103.932129,nan,2.123723346983559e-20
1252150103.932373,nan,2.5062299883309448e-20
1252150103.9326172,nan,2.8400239545537565e-20
1252150103.9328613,nan,3.0750121239740965e-20
1252150103.9331055,nan,3.487809827746421e-20
1252150103.9333496,nan,3.874685911501667e-20
1252150103.9335938,nan,4.152048558811391e-20
1252150103.933838,nan,4.413933471210022e-20
1252150103.934082,nan,4.8239214884893713e-20
1252150103.9343262,nan,5.25262782341354e-20
1252150103.9345703,nan,5.471125372072824e-20
1252150103.9348145,nan,5.763121856606291e-20
1252150103.9350586,nan,6.112195180752602e-20
1252150103.9353027,nan,6.49077303205994e-20
1252150103.9355469,nan,6.82038376326221e-20
1252150103.935791,nan,7.017034312981472e-20
1252150103.9360352,nan,7.445285170137524e-20
1252150103.9362793,nan,7.841855267646205e-20
1252150103.9365234,nan,8.064783852049963e-20
1252150103.9367676,nan,8.370652814867225e-20
1252150103.9370117,nan,8.711657845648671e-20
1252150103.9372559,nan,9.043937704558502e-20
1252150103.9375,nan,9.288901948848405e-20
1252150103.9377441,nan,9.625330849852143e-20
1252150103.9379883,nan,9.92916308822737e-20
1252150103.9382324,nan,1.0224749709994472e-19
1252150103.9384766,nan,1.0588812666592918e-19
1252150103.9387207,nan,1.0765330977330542e-19
1252150103.9389648,nan,1.1137853168410605e-19
1252150103.939209,nan,1.1512125572597165e-19
1252150103.9394531,nan,1.1650650758714167e-19
1252150103.9396973,nan,1.197226734588359e-19
1252150103.9399414,nan,1.2326972175502594e-19
1252150103.9401855,nan,1.256777064082332e-19
1252150103.9404297,nan,1.2883509297886675e-19
1252150103.9406738,nan,1.3097080917231506e-19
1252150103.940918,nan,1.333837261690517e-19
1252150103.941162,nan,1.3734755141037216e-19
1252150103.9414062,nan,1.3931179823527488e-19
1252150103.9416504,nan,1.4115897243983734e-19
1252150103.9418945,nan,1.440715022585285e-19
1252150103.9421387,nan,1.4734214194589858e-19
1252150103.9423828,nan,1.4998605672720785e-19
1252150103.942627,nan,1.5168281761173592e-19
1252150103.942871,nan,1.544426951205324e-19
1252150103.9431152,nan,1.5745293085173525e-19
1252150103.9433594,nan,1.5960954430424113e-19
1252150103.9436035,nan,1.6089614024001852e-19
1252150103.9438477,nan,1.6345710094984132e-19
1252150103.9440918,nan,1.6684617302940905e-19
1252150103.944336,nan,1.6826126407244024e-19
1252150103.94458,nan,1.7003884449969124e-19
1252150103.9448242,nan,1.731781412026094e-19
1252150103.9450684,nan,1.7445523485147556e-19
1252150103.9453125,nan,1.7639346030690001e-19
1252150103.9455566,nan,1.788917425718195e-19
1252150103.9458008,nan,1.8029625492010134e-19
1252150103.946045,nan,1.835929763470152e-19
1252150103.946289,nan,1.8465420613826773e-19
1252150103.9465332,nan,1.8541281213169303e-19
1252150103.9467773,nan,1.8861448438314286e-19
1252150103.9470215,nan,1.9051475746181254e-19
1252150103.9472656,nan,1.91925435045757e-19
1252150103.9475098,nan,1.9294662760564473e-19
1252150103.947754,nan,1.9492788338057814e-19
1252150103.947998,nan,1.9692943069939007e-19
1252150103.9482422,nan,1.9813160098162397e-19
1252150103.9484863,nan,1.99658862054503e-19
1252150103.9487305,nan,2.00849341250778e-19
1252150103.9489746,nan,2.0315283074825224e-19
1252150103.9492188,nan,2.0394974385876598e-19
1252150103.949463,nan,2.0394436156669122e-19
1252150103.949707,nan,2.0646366767386418e-19
1252150103.9499512,nan,2.078845055282842e-19
1252150103.9501953,nan,2.0862650692452823e-19
1252150103.9504395,nan,2.0981626634725092e-19
1252150103.9506836,nan,2.109590523967918e-19
1252150103.9509277,nan,2.1220889896061983e-19
1252150103.9511719,nan,2.1201328455750005e-19
1252150103.951416,nan,2.1323974970164502e-19
1252150103.9516602,nan,2.1478755249294905e-19
1252150103.9519043,nan,2.1478966320715997e-19
1252150103.9521484,nan,2.1635402577938715e-19
1252150103.9523926,nan,2.1650206912341973e-19
1252150103.9526367,nan,2.1678001825932606e-19
1252150103.9528809,nan,2.1865632384845614e-19
1252150103.953125,nan,2.180985916766591e-19
1252150103.9533691,nan,2.1800093314806623e-19
1252150103.9536133,nan,2.191562653744696e-19
1252150103.9538574,nan,2.196387604754552e-19
1252150103.9541016,nan,2.1969245471945894e-19
1252150103.9543457,nan,2.197483502967191e-19
1252150103.9545898,nan,2.2070622116665743e-19
1252150103.954834,nan,2.208482520686107e-19
1252150103.9550781,nan,2.2023611021296577e-19
1252150103.9553223,nan,2.2042678689375803e-19
1252150103.9555664,nan,2.2078589054281984e-19
1252150103.9558105,nan,2.207873348769108e-19
1252150103.9560547,nan,2.2064432585853377e-19
1252150103.9562988,nan,2.1998921312831676e-19
1252150103.956543,nan,2.2007755173473417e-19
1252150103.956787,nan,2.207523717155914e-19
1252150103.9570312,nan,2.190527012105749e-19
1252150103.9572754,nan,2.181748726859634e-19
1252150103.9575195,nan,2.186523032770467e-19
1252150103.9577637,nan,2.186226393070002e-19
1252150103.9580078,nan,2.177019992614455e-19
1252150103.958252,nan,2.1644911540279645e-19
1252150103.958496,nan,2.169593123596824e-19
1252150103.9587402,nan,2.1560859456497425e-19
1252150103.9589844,nan,2.1480054761582342e-19
1252150103.9592285,nan,2.1498236885472795e-19
1252150103.9594727,nan,2.1307191652506386e-19
1252150103.9597168,nan,2.1313922032330425e-19
1252150103.959961,nan,2.1187240162578298e-19
1252150103.960205,nan,2.0990040147789612e-19
1252150103.9604492,nan,2.1003273930852384e-19
1252150103.9606934,nan,2.092733400932825e-19
1252150103.9609375,nan,2.0723048180331187e-19
1252150103.9611816,nan,2.0577504443355472e-19
1252150103.9614258,nan,2.0572549861743191e-19
1252150103.96167,nan,2.0355954601791154e-19
1252150103.961914,nan,2.019879802608963e-19
1252150103.9621582,nan,2.0135365508219953e-19
1252150103.9624023,nan,1.992144711218695e-19
1252150103.9626465,nan,1.9896174990932055e-19
1252150103.9628906,nan,1.9722248970219228e-19
1252150103.9631348,nan,1.9461772427927616e-19
1252150103.963379,nan,1.940052937174959e-19
1252150103.963623,nan,1.9237091451589965e-19
1252150103.9638672,nan,1.9028707835085928e-19
1252150103.9641113,nan,1.8813376452310106e-19
1252150103.9643555,nan,1.8679213272561585e-19
1252150103.9645996,nan,1.8532973344814353e-19
1252150103.9648438,nan,1.8301419773254477e-19
1252150103.965088,nan,1.8078158081424262e-19
1252150103.965332,nan,1.7903499083557616e-19
1252150103.9655762,nan,1.7818000611616403e-19
1252150103.9658203,nan,1.7528307513729657e-19
1252150103.9660645,nan,1.726608698413728e-19
1252150103.9663086,nan,1.716777698103303e-19
1252150103.9665527,nan,1.6904378892813065e-19
1252150103.9667969,nan,1.6655285807165167e-19
1252150103.967041,nan,1.6407696733335518e-19
1252150103.9672852,nan,1.618639587069139e-19
1252150103.9675293,nan,1.608404532961535e-19
1252150103.9677734,nan,1.5773297445010793e-19
1252150103.9680176,nan,1.5441942535010062e-19
1252150103.9682617,nan,1.528093248060832e-19
1252150103.9685059,nan,1.5072235071301005e-19
1252150103.96875,nan,1.474434390870847e-19
1252150103.9689941,nan,1.4479668312260544e-19
1252150103.9692383,nan,1.4365965795859345e-19
1252150103.9694824,nan,1.4059547537082998e-19
1252150103.9697266,nan,1.3701965773693117e-19
1252150103.9699707,nan,1.3483934609359532e-19
1252150103.9702148,nan,1.3219085091918998e-19
1252150103.970459,nan,1.298445391510828e-19
1252150103.9707031,nan,1.2653253220133033e-19
1252150103.9709473,nan,1.2346538407142108e-19
1252150103.9711914,nan,1.2153651896109778e-19
1252150103.9714355,nan,1.1884184775792768e-19
1252150103.9716797,nan,1.1590604045533496e-19
1252150103.9719238,nan,1.1190683981013832e-19
1252150103.972168,nan,1.0968241192187483e-19
1252150103.972412,nan,1.0813942205965564e-19
1252150103.9726562,nan,1.0316447013012621e-19
1252150103.9729004,nan,1.0021992489274758e-19
1252150103.9731445,nan,9.855794429293095e-20
1252150103.9733887,nan,9.478293788564544e-20
1252150103.9736328,nan,9.147877676134649e-20
1252150103.973877,nan,8.815339655810097e-20
1252150103.974121,nan,8.540364540712202e-20
1252150103.9743652,nan,8.304266975987075e-20
1252150103.9746094,nan,7.903637279719632e-20
1252150103.9748535,nan,7.540055943624428e-20
1252150103.9750977,nan,7.323375783971613e-20
1252150103.9753418,nan,7.015583681628268e-20
1252150103.975586,nan,6.592059704031946e-20
1252150103.97583,nan,6.267018757916309e-20
1252150103.9760742,nan,5.998472291727082e-20
1252150103.9763184,nan,5.730250926532538e-20
1252150103.9765625,nan,5.374231691661787e-20
1252150103.9768066,nan,4.8889475122718705e-20
1252150103.9770508,nan,4.7247584973065654e-20
1252150103.977295,nan,4.462181061762594e-20
1252150103.977539,nan,3.99628890002747e-20
1252150103.9777832,nan,3.725477470187673e-20
1252150103.9780273,nan,3.3491252811291643e-20
1252150103.9782715,nan,3.101013946838312e-20
1252150103.9785156,nan,2.6776192084007055e-20
1252150103.9787598,nan,2.2394603992925903e-20
1252150103.979004,nan,2.089071686618186e-20
1252150103.979248,nan,1.7413393166231726e-20
1252150103.9794922,nan,1.3292285392341518e-20
1252150103.9797363,nan,9.118956649313099e-21
1252150103.9799805,nan,6.703731189773458e-21
1252150103.9802246,nan,4.283736804837412e-21
1252150103.9804688,nan,-5.80246549901241e-22
1252150103.980713,nan,-3.884961728155143e-21
1252150103.980957,nan,-5.932015418232583e-21
1252150103.9812012,nan,-9.78052883063773e-21
1252150103.9814453,nan,-1.3810426948922953e-20
1252150103.9816895,nan,-1.7407885331644856e-20
1252150103.9819336,nan,-2.1071415231662396e-20
1252150103.9821777,nan,-2.325920527676496e-20
1252150103.9824219,nan,-2.672598732027213e-20
1252150103.982666,nan,-3.134830070406674e-20
1252150103.9829102,nan,-3.385173855152196e-20
1252150103.9831543,nan,-3.6219873162785036e-20
1252150103.9833984,nan,-4.020215329793675e-20
1252150103.9836426,nan,-4.439243557777985e-20
1252150103.9838867,nan,-4.724139680969835e-20
1252150103.9841309,nan,-5.000891832746453e-20
1252150103.984375,nan,-5.3718527903378564e-20
1252150103.9846191,nan,-5.714114561181079e-20
1252150103.9848633,nan,-6.009302491732924e-20
1252150103.9851074,nan,-6.299072885704468e-20
1252150103.9853516,nan,-6.710955595519345e-20
1252150103.9855957,nan,-7.10740101171966e-20
1252150103.9858398,nan,-7.323202511872271e-20
1252150103.986084,nan,-7.587154487798778e-20
1252150103.9863281,nan,-7.984110209335606e-20
1252150103.9865723,nan,-8.392624922121065e-20
1252150103.9868164,nan,-8.588063709775294e-20
1252150103.9870605,nan,-8.803469069539653e-20
1252150103.9873047,nan,-9.264978629799684e-20
1252150103.9875488,nan,-9.563433489623854e-20
1252150103.987793,nan,-9.811840409613007e-20
1252150103.988037,nan,-1.0109979070182253e-19
1252150103.9882812,nan,-1.0408124939193649e-19
1252150103.9885254,nan,-1.0833510355899685e-19
1252150103.9887695,nan,-1.1066717715039144e-19
1252150103.9890137,nan,-1.129796579407241e-19
1252150103.9892578,nan,-1.1723980430470806e-19
1252150103.989502,nan,-1.1970601830947038e-19
1252150103.989746,nan,-1.218954853238936e-19
1252150103.9899902,nan,-1.2471832230280666e-19
1252150103.9902344,nan,-1.2822581427315438e-19
1252150103.9904785,nan,-1.318365128156791e-19
1252150103.9907227,nan,-1.3311321888475285e-19
1252150103.9909668,nan,-1.3568214486270402e-19
1252150103.991211,nan,-1.3928486203237732e-19
1252150103.991455,nan,-1.422435106406372e-19
1252150103.9916992,nan,-1.449082935959816e-19
1252150103.9919434,nan,-1.4629658613310694e-19
1252150103.9921875,nan,-1.49790535324968e-19
1252150103.9924316,nan,-1.5299185439198604e-19
1252150103.9926758,nan,-1.541962023890774e-19
1252150103.99292,nan,-1.5682983399005784e-19
1252150103.993164,nan,-1.598809028395619e-19
1252150103.9934082,nan,-1.6297363714603222e-19
1252150103.9936523,nan,-1.6487215322305765e-19
1252150103.9938965,nan,-1.6652541388849706e-19
1252150103.9941406,nan,-1.695178066742993e-19
1252150103.9943848,nan,-1.7195492950006642e-19
1252150103.994629,nan,-1.7385457979694632e-19
1252150103.994873,nan,-1.755287926409407e-19
1252150103.9951172,nan,-1.7856863029772605e-19
1252150103.9953613,nan,-1.8121353369091048e-19
1252150103.9956055,nan,-1.8223702298677575e-19
1252150103.9958496,nan,-1.8464780422590656e-19
1252150103.9960938,nan,-1.8721010610577463e-19
1252150103.996338,nan,-1.8927794482780573e-19
1252150103.996582,nan,-1.9056263156522133e-19
1252150103.9968262,nan,-1.9199963994889122e-19
1252150103.9970703,nan,-1.9479353244723383e-19
1252150103.9973145,nan,-1.969660440206458e-19
1252150103.9975586,nan,-1.9833064770029057e-19
1252150103.9978027,nan,-1.995907940415637e-19
1252150103.9980469,nan,-2.0149591962967471e-19
1252150103.998291,nan,-2.039323988449942e-19
1252150103.9985352,nan,-2.0522384188479512e-19
1252150103.9987793,nan,-2.0598067919610052e-19
1252150103.9990234,nan,-2.08425693904523e-19
1252150103.9992676,nan,-2.1043753850673347e-19
1252150103.9995117,nan,-2.1108776613129535e-19
1252150103.9997559,nan,-2.122392087387946e-19
1252150104.0,nan,-2.1397297326049616e-19
1252150104.0002441,nan,-2.1588478755250608e-19
1252150104.0004883,nan,-2.1603173732834027e-19
1252150104.0007324,nan,-2.1699071634218903e-19
1252150104.0009766,nan,-2.1931012280263135e-19
1252150104.0012207,nan,-2.2050255450214195e-19
1252150104.0014648,nan,-2.2158083439406667e-19
1252150104.001709,nan,-2.223424485967599e-19
1252150104.0019531,nan,-2.237492554214646e-19
1252150104.0021973,nan,-2.2531886212630083e-19
1252150104.0024414,nan,-2.2510781835999473e-19
1252150104.0026855,nan,-2.2513337304985446e-19
1252150104.0029297,nan,-2.269623337727086e-19
1252150104.0031738,nan,-2.2798429496828857e-19
1252150104.003418,nan,-2.2838115223049044e-19
1252150104.003662,nan,-2.2907208047189232e-19
1252150104.0039062,nan,-2.2905923368258205e-19
1252150104.0041504,nan,-2.309716255394326e-19
1252150104.0043945,nan,-2.312200052407617e-19
1252150104.0046387,nan,-2.302967785224027e-19
1252150104.0048828,nan,-2.3229720384373785e-19
1252150104.005127,nan,-2.3252324328956523e-19
1252150104.005371,nan,-2.330800922608323e-19
1252150104.0056152,nan,-2.328438622742563e-19
1252150104.0058594,nan,-2.325523032893208e-19
1252150104.0061035,nan,-2.3438915150078183e-19
1252150104.0063477,nan,-2.3351158793555334e-19
1252150104.0065918,nan,-2.330667685385495e-19
1252150104.006836,nan,-2.333871144190519e-19
1252150104.00708,nan,-2.3483995421478805e-19
1252150104.0073242,nan,-2.3418071085741953e-19
1252150104.0075684,nan,-2.3223001851515535e-19
1252150104.0078125,nan,-2.346513079138239e-19
1252150104.0080566,nan,-2.339049706695444e-19
1252150104.0083008,nan,-2.328474060126863e-19
1252150104.008545,nan,-2.3331253469710298e-19
1252150104.008789,nan,-2.326827045134891e-19
1252150104.0090332,nan,-2.3315793196656086e-19
1252150104.0092773,nan,-2.315298168265001e-19
1252150104.0095215,nan,-2.313803540819262e-19
1252150104.0097656,nan,-2.3188044365961066e-19
1252150104.0100098,nan,-2.3099013014735816e-19
1252150104.010254,nan,-2.304705285528417e-19
1252150104.010498,nan,-2.2841980223728486e-19
1252150104.0107422,nan,-2.2899899165121613e-19
1252150104.0109863,nan,-2.292333330817617e-19
1252150104.0112305,nan,-2.2705501555277513e-19
1252150104.0114746,nan,-2.265064532956097e-19
1252150104.0117188,nan,-2.258974118854085e-19
1252150104.011963,nan,-2.2523275177789547e-19
1252150104.012207,nan,-2.2365226231595946e-19
1252150104.0124512,nan,-2.22380557754634e-19
1252150104.0126953,nan,-2.221035103622255e-19
1252150104.0129395,nan,-2.2083135216795077e-19
1252150104.0131836,nan,-2.194175838584157e-19
1252150104.0134277,nan,-2.181761908975596e-19
1252150104.0136719,nan,-2.1703303397465997e-19
1252150104.013916,nan,-2.1611776551920592e-19
1252150104.0141602,nan,-2.1442229588322472e-19
1252150104.0144043,nan,-2.1246188066639157e-19
1252150104.0146484,nan,-2.1228183629999917e-19
1252150104.0148926,nan,-2.1078003583697776e-19
1252150104.0151367,nan,-2.08754614793285e-19
1252150104.0153809,nan,-2.0767884427697036e-19
1252150104.015625,nan,-2.0569529670328673e-19
1252150104.0158691,nan,-2.0452729001957368e-19
1252150104.0161133,nan,-2.0216706544373817e-19
1252150104.0163574,nan,-2.0020989264352816e-19
1252150104.0166016,nan,-1.9938407826910113e-19
1252150104.0168457,nan,-1.9748601692751097e-19
1252150104.0170898,nan,-1.9576220942033826e-19
1252150104.017334,nan,-1.9313134574432103e-19
1252150104.0175781,nan,-1.918040726874954e-19
1252150104.0178223,nan,-1.902851316743691e-19
1252150104.0180664,nan,-1.8754482713575522e-19
1252150104.0183105,nan,-1.8605800706170247e-19
1252150104.0185547,nan,-1.840618568487317e-19
1252150104.0187988,nan,-1.8233763802031433e-19
1252150104.019043,nan,-1.7969426607106514e-19
1252150104.019287,nan,-1.768794336822288e-19
1252150104.0195312,nan,-1.757114067592948e-19
1252150104.0197754,nan,-1.7322234498600757e-19
1252150104.0200195,nan,-1.7054665382054017e-19
1252150104.0202637,nan,-1.6849023525686041e-19
1252150104.0205078,nan,-1.6629595346326642e-19
1252150104.020752,nan,-1.6428611025013822e-19
1252150104.020996,nan,-1.618267639476731e-19
1252150104.0212402,nan,-1.588340295726112e-19
1252150104.0214844,nan,-1.5624664646688752e-19
1252150104.0217285,nan,-1.5432470091727963e-19
1252150104.0219727,nan,-1.5122084197312251e-19
1252150104.0222168,nan,-1.4828376326261985e-19
1252150104.022461,nan,-1.4633040219458877e-19
1252150104.022705,nan,-1.438406474330488e-19
1252150104.0229492,nan,-1.4125038719226888e-19
1252150104.0231934,nan,-1.3857613159246158e-19
1252150104.0234375,nan,-1.3613504589255812e-19
1252150104.0236816,nan,-1.3358642499195515e-19
1252150104.0239258,nan,-1.3019234844746338e-19
1252150104.02417,nan,-1.272818401868491e-19
1252150104.024414,nan,-1.249994836553872e-19
1252150104.0246582,nan,-1.223086630868072e-19
1252150104.0249023,nan,-1.1937827393339775e-19
1252150104.0251465,nan,-1.161144779989742e-19
1252150104.0253906,nan,-1.135684173564144e-19
1252150104.0256348,nan,-1.1078394932993711e-19
1252150104.025879,nan,-1.0683578324662813e-19
1252150104.026123,nan,-1.0409512262227662e-19
1252150104.0263672,nan,-1.0164418091510387e-19
1252150104.0266113,nan,-9.906244820236753e-20
1252150104.0268555,nan,-9.562836698745203e-20
1252150104.0270996,nan,-9.182620195156089e-20
1252150104.0273438,nan,-8.972927290426293e-20
1252150104.027588,nan,-8.631820152522183e-20
1252150104.027832,nan,-8.264017230196977e-20
1252150104.0280762,nan,-7.950919858211276e-20
1252150104.0283203,nan,-7.634567032278001e-20
1252150104.0285645,nan,-7.386639281880801e-20
1252150104.0288086,nan,-6.991527639364764e-20
1252150104.0290527,nan,-6.704847677935719e-20
1252150104.0292969,nan,-6.413196737582916e-20
1252150104.029541,nan,-5.993960671336438e-20
1252150104.0297852,nan,-5.694458838851455e-20
1252150104.0300293,nan,-5.3325149674518165e-20
1252150104.0302734,nan,-5.1536825470659546e-20
1252150104.0305176,nan,-4.85624280490354e-20
1252150104.0307617,nan,-4.3390830789956247e-20
1252150104.0310059,nan,-4.096365822305547e-20
1252150104.03125,nan,-3.829337594619006e-20
1252150104.0314941,nan,-3.485156195758507e-20
1252150104.0317383,nan,-3.059481144362133e-20
1252150104.0319824,nan,-2.6521916724240674e-20
1252150104.0322266,nan,-2.4467129797100773e-20
1252150104.0324707,nan,-2.1137112633927468e-20
1252150104.0327148,nan,-1.7398251147211e-20
1252150104.032959,nan,-1.3504459638852374e-20
1252150104.0332031,nan,-1.0484586181270654e-20
1252150104.0334473,nan,-8.308070711736529e-21
1252150104.0336914,nan,-3.2922514869632708e-21
1252150104.0339355,nan,5.533464125388283e-23
1252150104.0341797,nan,2.37921322948502e-21
1252150104.0344238,nan,6.3756315250194506e-21
1252150104.034668,nan,9.666746186970553e-21
1252150104.034912,nan,1.3651624262956866e-20
1252150104.0351562,nan,1.6301729479213797e-20
1252150104.0354004,nan,1.9229944746058123e-20
1252150104.0356445,nan,2.4116653573928298e-20
1252150104.0358887,nan,2.7007030759891365e-20
1252150104.0361328,nan,2.971583522459346e-20
1252150104.036377,nan,3.2366510320131893e-20
1252150104.036621,nan,3.635019227082466e-20
1252150104.0368652,nan,4.0439804866049734e-20
1252150104.0371094,nan,4.2496783967120096e-20
1252150104.0373535,nan,4.682972565487815e-20
1252150104.0375977,nan,5.0142754228646974e-20
1252150104.0378418,nan,5.390785385351112e-20
1252150104.038086,nan,5.775726075015592e-20
1252150104.03833,nan,5.875215304822404e-20
1252150104.0385742,nan,6.361419484201778e-20
1252150104.0388184,nan,6.747150624076879e-20
1252150104.0390625,nan,6.934424570950555e-20
1252150104.0393066,nan,7.31721198501138e-20
1252150104.0395508,nan,7.708939181366593e-20
1252150104.039795,nan,8.082007129660642e-20
1252150104.040039,nan,8.281588099491924e-20
1252150104.0402832,nan,8.654770419029452e-20
1252150104.0405273,nan,9.042194838210932e-20
1252150104.0407715,nan,9.293145242273873e-20
1252150104.0410156,nan,9.654000336976189e-20
1252150104.0412598,nan,9.939154991870127e-20
1252150104.041504,nan,1.0298298103214919e-19
1252150104.041748,nan,1.0614488373529689e-19
1252150104.0419922,nan,1.0839228034998688e-19
1252150104.0422363,nan,1.1141330233868258e-19
1252150104.0424805,nan,1.1502364206917692e-19
1252150104.0427246,nan,1.1878470078901465e-19
1252150104.0429688,nan,1.2066876768804517e-19
1252150104.043213,nan,1.238390981323596e-19
1252150104.043457,nan,1.2796082884963408e-19
1252150104.0437012,nan,1.306403009534485e-19
1252150104.0439453,nan,1.3323345403581462e-19
1252150104.0441895,nan,1.356998267574016e-19
1252150104.0444336,nan,1.391933969973108e-19
1252150104.0446777,nan,1.424509632547517e-19
1252150104.0449219,nan,1.445559866201119e-19
1252150104.045166,nan,1.4725953011122059e-19
1252150104.0454102,nan,1.5055481673661895e-19
1252150104.0456543,nan,1.538225909499865e-19
1252150104.0458984,nan,1.5629706616607087e-19
1252150104.0461426,nan,1.5847625376143435e-19
1252150104.0463867,nan,1.614802999242937e-19
1252150104.0466309,nan,1.6452773268491962e-19
1252150104.046875,nan,1.662976396270581e-19
1252150104.0471191,nan,1.6918541607380523e-19
1252150104.0473633,nan,1.7327129423693488e-19
1252150104.0476074,nan,1.7488048463167068e-19
1252150104.0478516,nan,1.7686247455556697e-19
1252150104.0480957,nan,1.7971144314712497e-19
1252150104.0483398,nan,1.8188459637903774e-19
1252150104.048584,nan,1.847529320519288e-19
1252150104.0488281,nan,1.8690513109934006e-19
1252150104.0490723,nan,1.8883278599712194e-19
1252150104.0493164,nan,1.9250607265830537e-19
1252150104.0495605,nan,1.9483913251746695e-19
1252150104.0498047,nan,1.955039635577397e-19
1252150104.0500488,nan,1.984720229362577e-19
1252150104.050293,nan,2.0099567252834482e-19
1252150104.050537,nan,2.032967680516404e-19
1252150104.0507812,nan,2.0537782654823253e-19
1252150104.0510254,nan,2.0647198878157646e-19
1252150104.0512695,nan,2.101591781075994e-19
1252150104.0515137,nan,2.125079583975112e-19
1252150104.0517578,nan,2.1310274886489914e-19
1252150104.052002,nan,2.1454972913244869e-19
1252150104.052246,nan,2.1715244741955803e-19
1252150104.0524902,nan,2.1994109165998063e-19
1252150104.0527344,nan,2.2058398221699607e-19
1252150104.0529785,nan,2.219956329712635e-19
1252150104.0532227,nan,2.247662152637319e-19
1252150104.0534668,nan,2.268113191684974e-19
1252150104.053711,nan,2.2797126742368077e-19
1252150104.053955,nan,2.289267460340243e-19
1252150104.0541992,nan,2.304608359757847e-19
1252150104.0544434,nan,2.3261296801914487e-19
1252150104.0546875,nan,2.343385930140411e-19
1252150104.0549316,nan,2.3496736754432237e-19
1252150104.0551758,nan,2.3697616891617242e-19
1252150104.05542,nan,2.393941764583536e-19
1252150104.055664,nan,2.399506089340031e-19
1252150104.0559082,nan,2.4066560114748973e-19
1252150104.0561523,nan,2.421359955470439e-19
1252150104.0563965,nan,2.439298083541521e-19
1252150104.0566406,nan,2.4452356089264196e-19
1252150104.0568848,nan,2.453590378471137e-19
1252150104.057129,nan,2.47335562711643e-19
1252150104.057373,nan,2.480703177534586e-19
1252150104.0576172,nan,2.4889544989221244e-19
1252150104.0578613,nan,2.4945991613132026e-19
1252150104.0581055,nan,2.5000060662581434e-19
1252150104.0583496,nan,2.516418136513174e-19
1252150104.0585938,nan,2.520686192742032e-19
1252150104.058838,nan,2.525704353394476e-19
1252150104.059082,nan,2.53888922118763e-19
1252150104.0593262,nan,2.546961979789644e-19
1252150104.0595703,nan,2.5458960562939956e-19
1252150104.0598145,nan,2.5490295988838455e-19
1252150104.0600586,nan,2.566097653410709e-19
1252150104.0603027,nan,2.5641724859905015e-19
1252150104.0605469,nan,2.5665999924870766e-19
1252150104.060791,nan,2.582044570770146e-19
1252150104.0610352,nan,2.578362358877186e-19
1252150104.0612793,nan,2.5822455761698465e-19
1252150104.0615234,nan,2.5836569064270196e-19
1252150104.0617676,nan,2.5749572504863544e-19
1252150104.0620117,nan,2.5869682288587804e-19
1252150104.0622559,nan,2.589528168598713e-19
1252150104.0625,nan,2.578522520403791e-19
1252150104.0627441,nan,2.5863913711861564e-19
1252150104.0629883,nan,2.586403190426158e-19
1252150104.0632324,nan,2.589050650636098e-19
1252150104.0634766,nan,2.5890795973486954e-19
1252150104.0637207,nan,2.5736192121555133e-19
1252150104.0639648,nan,2.580807529869533e-19
1252150104.064209,nan,2.5750754151224935e-19
1252150104.0644531,nan,2.5667393820600375e-19
1252150104.0646973,nan,2.568745801090145e-19
1252150104.0649414,nan,2.5616352513732824e-19
1252150104.0651855,nan,2.5637973039002685e-19
1252150104.0654297,nan,2.5485769682014954e-19
1252150104.0656738,nan,2.5380133740399296e-19
1252150104.065918,nan,2.5449618131250474e-19
1252150104.066162,nan,2.530313797986791e-19
1252150104.0664062,nan,2.5220522812735063e-19
1252150104.0666504,nan,2.5204769273973013e-19
1252150104.0668945,nan,2.5082479764181796e-19
1252150104.0671387,nan,2.5088376846643486e-19
1252150104.0673828,nan,2.4967303968256845e-19
1252150104.067627,nan,2.476485078777943e-19
1252150104.067871,nan,2.473180943631289e-19
1252150104.0681152,nan,2.4617939275743746e-19
1252150104.0683594,nan,2.446837706813757e-19
1252150104.0686035,nan,2.43842385339711e-19
1252150104.0688477,nan,2.42940177092517e-19
1252150104.0690918,nan,2.418729940478058e-19
1252150104.069336,nan,2.402325770388587e-19
1252150104.06958,nan,2.3817273477559286e-19
1252150104.0698242,nan,2.3763099466362327e-19
1252150104.0700684,nan,2.358737881201543e-19
1252150104.0703125,nan,2.336204433009586e-19
1252150104.0705566,nan,2.333961127733246e-19
1252150104.0708008,nan,2.3146513915609013e-19
1252150104.071045,nan,2.297264191661359e-19
1252150104.071289,nan,2.2776749409847945e-19
1252150104.0715332,nan,2.255394708967271e-19
1252150104.0717773,nan,2.244745112207217e-19
1252150104.0720215,nan,2.2265317985874806e-19
1252150104.0722656,nan,2.2041083773498047e-19
1252150104.0725098,nan,2.177711742702282e-19
1252150104.072754,nan,2.1666140467955205e-19
1252150104.072998,nan,2.1505435109864612e-19
1252150104.0732422,nan,2.1238835787373428e-19
1252150104.0734863,nan,2.1018723899015777e-19
1252150104.0737305,nan,2.0820966727645765e-19
1252150104.0739746,nan,2.0676410527995551e-19
1252150104.0742188,nan,2.0359712199470385e-19
1252150104.074463,nan,2.0154210558485938e-19
1252150104.074707,nan,1.99659419833984e-19
1252150104.0749512,nan,1.9668430597404687e-19
1252150104.0751953,nan,1.9425877758972945e-19
1252150104.0754395,nan,1.9148838626666947e-19
1252150104.0756836,nan,1.9039844226614954e-19
1252150104.0759277,nan,1.872738881617289e-19
1252150104.0761719,nan,1.8371127192560968e-19
1252150104.076416,nan,1.821609726884636e-19
1252150104.0766602,nan,1.7962239506179482e-19
1252150104.0769043,nan,1.7729463207275825e-19
1252150104.0771484,nan,1.7345197316557326e-19
1252150104.0773926,nan,1.7080104906608794e-19
1252150104.0776367,nan,1.690013693823931e-19
1252150104.0778809,nan,1.6539524476477786e-19
1252150104.078125,nan,1.623318685178447e-19
1252150104.0783691,nan,1.596274141718646e-19
1252150104.0786133,nan,1.5722302480693365e-19
1252150104.0788574,nan,1.5380048007993652e-19
1252150104.0791016,nan,1.5078699997420382e-19
1252150104.0793457,nan,1.477796712824744e-19
1252150104.0795898,nan,1.4451831290300847e-19
1252150104.079834,nan,1.420170047223317e-19
1252150104.0800781,nan,1.3791812892390244e-19
1252150104.0803223,nan,1.3475675646230662e-19
1252150104.0805664,nan,1.3209612339929592e-19
1252150104.0808105,nan,1.289316714224267e-19
1252150104.0810547,nan,1.255661554561514e-19
1252150104.0812988,nan,1.2199553704153916e-19
1252150104.081543,nan,1.1931190836071219e-19
1252150104.081787,nan,1.1534105173261942e-19
1252150104.0820312,nan,1.1181888325149167e-19
1252150104.0822754,nan,1.0858583113133042e-19
1252150104.0825195,nan,1.0545366608817113e-19
1252150104.0827637,nan,1.0258157592808839e-19
1252150104.0830078,nan,9.806247438056877e-20
1252150104.083252,nan,9.48992645912148e-20
1252150104.083496,nan,9.171128247020962e-20
1252150104.0837402,nan,8.816845359917213e-20
1252150104.0839844,nan,8.45802129652596e-20
1252150104.0842285,nan,8.006466966496469e-20
1252150104.0844727,nan,7.805212575502692e-20
1252150104.0847168,nan,7.467261312305194e-20
1252150104.084961,nan,6.871006291646226e-20
1252150104.085205,nan,6.559844640701627e-20
1252150104.0854492,nan,6.272125077925188e-20
1252150104.0856934,nan,5.89317985188275e-20
1252150104.0859375,nan,5.521950185601033e-20
1252150104.0861816,nan,5.1476945572069905e-20
1252150104.0864258,nan,4.8294768032850754e-20
1252150104.08667,nan,4.410811477389677e-20
1252150104.086914,nan,3.9932113148473845e-20
1252150104.0871582,nan,3.608243435117028e-20
1252150104.0874023,nan,3.231774516039964e-20
1252150104.0876465,nan,2.897808266448314e-20
1252150104.0878906,nan,2.4433074099389082e-20
1252150104.0881348,nan,2.0436060602593682e-20
1252150104.088379,nan,1.78831992372065e-20
1252150104.088623,nan,1.3474016450841652e-20
1252150104.0888672,nan,9.071370730840753e-21
1252150104.0891113,nan,5.488480413959263e-21
1252150104.0893555,nan,1.3857916388289427e-21
1252150104.0895996,nan,-2.0781893220214808e-21
1252150104.0898438,nan,-6.735081034415833e-21
1252150104.090088,nan,-1.0923534316305705e-20
1252150104.090332,nan,-1.3689417492019496e-20
1252150104.0905762,nan,-1.781166804555714e-20
1252150104.0908203,nan,-2.2410687698741972e-20
1252150104.0910645,nan,-2.6327896632722082e-20
1252150104.0913086,nan,-2.992598030794231e-20
1252150104.0915527,nan,-3.360933461542759e-20
1252150104.0917969,nan,-3.764012069711047e-20
1252150104.092041,nan,-4.2045108029166526e-20
1252150104.0922852,nan,-4.547360599802958e-20
1252150104.0925293,nan,-4.91143524867112e-20
1252150104.0927734,nan,-5.345251618381776e-20
1252150104.0930176,nan,-5.738818022488154e-20
1252150104.0932617,nan,-6.10877254178038e-20
1252150104.0935059,nan,-6.460743983283226e-20
1252150104.09375,nan,-6.947215994305032e-20
1252150104.0939941,nan,-7.377456924725394e-20
1252150104.0942383,nan,-7.636618265811466e-20
1252150104.0944824,nan,-8.028289171843282e-20
1252150104.0947266,nan,-8.47437845037028e-20
1252150104.0949707,nan,-8.81879109919872e-20
1252150104.0952148,nan,-9.170818619416134e-20
1252150104.095459,nan,-9.590282067922245e-20
1252150104.0957031,nan,-1.0016710122004275e-19
1252150104.0959473,nan,-1.0365906023125526e-19
1252150104.0961914,nan,-1.0747795239003549e-19
1252150104.0964355,nan,-1.1116335526621637e-19
1252150104.0966797,nan,-1.1471676326917115e-19
1252150104.0969238,nan,-1.1901948456084333e-19
1252150104.097168,nan,-1.2211555331422602e-19
1252150104.097412,nan,-1.2579869293672437e-19
1252150104.0976562,nan,-1.3059631961658845e-19
1252150104.0979004,nan,-1.3398998660614422e-19
1252150104.0981445,nan,-1.3647773199607289e-19
1252150104.0983887,nan,-1.3992362599821233e-19
1252150104.0986328,nan,-1.445136704148606e-19
1252150104.098877,nan,-1.483583548308483e-19
1252150104.099121,nan,-1.510252354212679e-19
1252150104.0993652,nan,-1.5462616838242416e-19
1252150104.0996094,nan,-1.5920135268072361e-19
1252150104.0998535,nan,-1.6229917545819265e-19
1252150104.1000977,nan,-1.6512007030915654e-19
1252150104.1003418,nan,-1.6886005410630404e-19
1252150104.100586,nan,-1.725649817140398e-19
1252150104.10083,nan,-1.7580443417242874e-19
1252150104.1010742,nan,-1.7865682446399016e-19
1252150104.1013184,nan,-1.8205915282624327e-19
1252150104.1015625,nan,-1.8564795816406533e-19
1252150104.1018066,nan,-1.8905591830762444e-19
1252150104.1020508,nan,-1.9163561720417743e-19
1252150104.102295,nan,-1.942558976779413e-19
1252150104.102539,nan,-1.986335760966965e-19
1252150104.1027832,nan,-2.0200717988913809e-19
1252150104.1030273,nan,-2.0410132217423114e-19
1252150104.1032715,nan,-2.0702130937663785e-19
1252150104.1035156,nan,-2.1111049668346496e-19
1252150104.1037598,nan,-2.1458056700890172e-19
1252150104.104004,nan,-2.156904725319164e-19
1252150104.104248,nan,-2.187263437356024e-19
1252150104.1044922,nan,-2.2274884153132564e-19
1252150104.1047363,nan,-2.249551048796585e-19
1252150104.1049805,nan,-2.278508084908147e-19
1252150104.1052246,nan,-2.301711479436952e-19
1252150104.1054688,nan,-2.330495947257415e-19
1252150104.105713,nan,-2.3605353808622315e-19
1252150104.105957,nan,-2.3740527483217e-19
1252150104.1062012,nan,-2.4054033367687625e-19
1252150104.1064453,nan,-2.440828256696938e-19
1252150104.1066895,nan,-2.4588742858617053e-19
1252150104.1069336,nan,-2.47971219401758e-19
1252150104.1071777,nan,-2.505069080343441e-19
1252150104.1074219,nan,-2.5293529566358636e-19
1252150104.107666,nan,-2.5532408376744445e-19
1252150104.1079102,nan,-2.570205351428158e-19
1252150104.1081543,nan,-2.5882431861845906e-19
1252150104.1083984,nan,-2.6153535513833566e-19
1252150104.1086426,nan,-2.640140294109153e-19
1252150104.1088867,nan,-2.654847920526014e-19
1252150104.1091309,nan,-2.6712150132761593e-19
1252150104.109375,nan,-2.7018295733737e-19
1252150104.1096191,nan,-2.7265119394610264e-19
1252150104.1098633,nan,-2.730988853383072e-19
1252150104.1101074,nan,-2.748055188406557e-19
1252150104.1103516,nan,-2.775866666661126e-19
1252150104.1105957,nan,-2.7856216424634494e-19
1252150104.1108398,nan,-2.8003055997401486e-19
1252150104.111084,nan,-2.811575649264774e-19
1252150104.1113281,nan,-2.8270262519744953e-19
1252150104.1115723,nan,-2.852192832591892e-19
1252150104.1118164,nan,-2.8569884788633557e-19
1252150104.1120605,nan,-2.8671955553370422e-19
1252150104.1123047,nan,-2.8904029147634894e-19
1252150104.1125488,nan,-2.9075854324607884e-19
1252150104.112793,nan,-2.9073486254830534e-19
1252150104.113037,nan,-2.917783032590575e-19
1252150104.1132812,nan,-2.9432623399458716e-19
1252150104.1135254,nan,-2.9455886781006263e-19
1252150104.1137695,nan,-2.9475641853679245e-19
1252150104.1140137,nan,-2.9587429609461897e-19
1252150104.1142578,nan,-2.9694112481914737e-19
1252150104.114502,nan,-2.978503100554786e-19
1252150104.114746,nan,-2.974868877488984e-19
1252150104.1149902,nan,-2.9884892039109926e-19
1252150104.1152344,nan,-3.007204407987165e-19
1252150104.1154785,nan,-2.999879256356093e-19
1252150104.1157227,nan,-3.001918955036286e-19
1252150104.1159668,nan,-3.0051242207182285e-19
1252150104.116211,nan,-3.0142617550535156e-19
1252150104.116455,nan,-3.0261171932443147e-19
1252150104.1166992,nan,-3.011141549895687e-19
1252150104.1169434,nan,-3.0159755698661645e-19
1252150104.1171875,nan,-3.028593563171317e-19
1252150104.1174316,nan,-3.0202571096336155e-19
1252150104.1176758,nan,-3.0162097011311955e-19
1252150104.11792,nan,-3.0193335935855604e-19
1252150104.118164,nan,-3.019369320150367e-19
1252150104.1184082,nan,-3.0152646267241714e-19
1252150104.1186523,nan,-3.011924337501828e-19
1252150104.1188965,nan,-3.0048992011750235e-19
1252150104.1191406,nan,-3.011732325338859e-19
1252150104.1193848,nan,-3.008354415792034e-19
1252150104.119629,nan,-2.9864914340685954e-19
1252150104.119873,nan,-2.9876094749239454e-19
1252150104.1201172,nan,-2.9920464648539113e-19
1252150104.1203613,nan,-2.9827148050318123e-19
1252150104.1206055,nan,-2.9644416680416435e-19
1252150104.1208496,nan,-2.957175983248877e-19
1252150104.1210938,nan,-2.954387215111956e-19
1252150104.121338,nan,-2.9436533378230197e-19
1252150104.121582,nan,-2.932169689923643e-19
1252150104.1218262,nan,-2.916262118302175e-19
1252150104.1220703,nan,-2.915488903600029e-19
1252150104.1223145,nan,-2.9060224883117375e-19
1252150104.1225586,nan,-2.8801397991515437e-19
1252150104.1228027,nan,-2.8698184038656697e-19
1252150104.1230469,nan,-2.8698399144582134e-19
1252150104.123291,nan,-2.854144828047298e-19
1252150104.1235352,nan,-2.820984231721375e-19
1252150104.1237793,nan,-2.810123109546532e-19
1252150104.1240234,nan,-2.807223698190409e-19
1252150104.1242676,nan,-2.7847625562363897e-19
1252150104.1245117,nan,-2.759829555053571e-19
1252150104.1247559,nan,-2.752037667356893e-19
1252150104.125,nan,-2.7459968819848325e-19
1252150104.1252441,nan,-2.715964970931803e-19
1252150104.1254883,nan,-2.6846917869265128e-19
1252150104.1257324,nan,-2.672903820598401e-19
1252150104.1259766,nan,-2.659546203406041e-19
1252150104.1262207,nan,-2.6334627704590376e-19
1252150104.1264648,nan,-2.605976725416898e-19
1252150104.126709,nan,-2.5825041343787345e-19
1252150104.1269531,nan,-2.562478013143328e-19
1252150104.1271973,nan,-2.5427456134096184e-19
1252150104.1274414,nan,-2.5132762027785013e-19
1252150104.1276855,nan,-2.486029939311985e-19
1252150104.1279297,nan,-2.4754886751972503e-19
1252150104.1281738,nan,-2.447088484161152e-19
1252150104.128418,nan,-2.4115136330359934e-19
1252150104.128662,nan,-2.3888255376057223e-19
1252150104.1289062,nan,-2.369606586478127e-19
1252150104.1291504,nan,-2.3396318813285286e-19
1252150104.1293945,nan,-2.2999127793257556e-19
1252150104.1296387,nan,-2.2786916800219303e-19
1252150104.1298828,nan,-2.25477704087685e-19
1252150104.130127,nan,-2.223899144870712e-19
1252150104.130371,nan,-2.183480953116924e-19
1252150104.1306152,nan,-2.1487025477300165e-19
1252150104.1308594,nan,-2.137455979582447e-19
1252150104.1311035,nan,-2.106312513980317e-19
1252150104.1313477,nan,-2.065562350144848e-19
1252150104.1315918,nan,-2.0296170590600713e-19
1252150104.131836,nan,-2.0007156338032018e-19
1252150104.13208,nan,-1.9727457291837384e-19
1252150104.1323242,nan,-1.9291212500343943e-19
1252150104.1325684,nan,-1.895636649280028e-19
1252150104.1328125,nan,-1.8688722119295096e-19
1252150104.1330566,nan,-1.832786737228245e-19
1252150104.1333008,nan,-1.7885762427696507e-19
1252150104.133545,nan,-1.7511461704649103e-19
1252150104.133789,nan,-1.7254757815354907e-19
1252150104.1340332,nan,-1.6848386002810328e-19
1252150104.1342773,nan,-1.6428292384232627e-19
1252150104.1345215,nan,-1.6073714954503834e-19
1252150104.1347656,nan,-1.5719698937043645e-19
1252150104.1350098,nan,-1.5395206780319371e-19
1252150104.135254,nan,-1.4929720365992034e-19
1252150104.135498,nan,-1.4553577266622256e-19
1252150104.1357422,nan,-1.425987381094767e-19
1252150104.1359863,nan,-1.382098772501153e-19
1252150104.1362305,nan,-1.3347712848625625e-19
1252150104.1364746,nan,-1.2923399546008288e-19
1252150104.1367188,nan,-1.2596474123472412e-19
1252150104.136963,nan,-1.219889433028912e-19
1252150104.137207,nan,-1.171625806694249e-19
1252150104.1374512,nan,-1.132564286302953e-19
1252150104.1376953,nan,-1.0971507653022407e-19
1252150104.1379395,nan,-1.0574048975871023e-19
1252150104.1381836,nan,-1.0061511178909149e-19
1252150104.1384277,nan,-9.62835794677555e-20
1252150104.1386719,nan,-9.281631496028122e-20
1252150104.138916,nan,-8.821154926582919e-20
1252150104.1391602,nan,-8.412157139154367e-20
1252150104.1394043,nan,-7.973865834956037e-20
1252150104.1396484,nan,-7.54243521305171e-20
1252150104.1398926,nan,-7.109490866988804e-20
1252150104.1401367,nan,-6.578037050282783e-20
1252150104.1403809,nan,-6.233619511154087e-20
1252150104.140625,nan,-5.884843119572109e-20
1252150104.1408691,nan,-5.3772612530128506e-20
1252150104.1411133,nan,-4.8674671773660095e-20
1252150104.1413574,nan,-4.391922745356311e-20
1252150104.1416016,nan,-4.05440759737048e-20
1252150104.1418457,nan,-3.584177951746363e-20
1252150104.1420898,nan,-3.009131817640274e-20
1252150104.142334,nan,-2.648976514424025e-20
1252150104.1425781,nan,-2.2816199414701514e-20
1252150104.1428223,nan,-1.7718443950619147e-20
1252150104.1430664,nan,-1.265189290734984e-20
1252150104.1433105,nan,-8.462468760656468e-21
1252150104.1435547,nan,-4.811151475663017e-21
1252150104.1437988,nan,2.438023283112491e-22
1252150104.144043,nan,5.281238257876946e-21
1252150104.144287,nan,8.580276077353006e-21
1252150104.1445312,nan,1.3462879828350655e-20
1252150104.1447754,nan,1.8821507874779866e-20
1252150104.1450195,nan,2.3116485680629135e-20
1252150104.1452637,nan,2.791333646042398e-20
1252150104.1455078,nan,3.1272924695645575e-20
1252150104.145752,nan,3.601207348669413e-20
1252150104.145996,nan,4.19396808370271e-20
1252150104.1462402,nan,4.542113647388656e-20
1252150104.1464844,nan,4.936052011386193e-20
1252150104.1467285,nan,5.459136538917772e-20
1252150104.1469727,nan,5.951666194869262e-20
1252150104.1472168,nan,6.35060738731633e-20
1252150104.147461,nan,6.728496368995958e-20
1252150104.147705,nan,7.233920746377545e-20
1252150104.1479492,nan,7.761463125585482e-20
1252150104.1481934,nan,8.067750780894897e-20
1252150104.1484375,nan,8.507312497803895e-20
1252150104.1486816,nan,9.037284775269081e-20
1252150104.1489258,nan,9.398317422066154e-20
1252150104.14917,nan,9.949485716319303e-20
1252150104.149414,nan,1.0367304859081365e-19
1252150104.1496582,nan,1.066040837039522e-19
1252150104.1499023,nan,1.1214544029392313e-19
1252150104.1501465,nan,1.1670490021437236e-19
1252150104.1503906,nan,1.1966174587032644e-19
1252150104.1506348,nan,1.2404444570813065e-19
1252150104.150879,nan,1.2917226382200008e-19
1252150104.151123,nan,1.324020661577121e-19
1252150104.1513672,nan,1.3630591910836761e-19
1252150104.1516113,nan,1.4107095532474652e-19
1252150104.1518555,nan,1.4548426952368519e-19
1252150104.1520996,nan,1.4998699509783793e-19
1252150104.1523438,nan,1.529227134468288e-19
1252150104.152588,nan,1.5690182441449103e-19
1252150104.152832,nan,1.6171622775636566e-19
1252150104.1530762,nan,1.658188449437002e-19
1252150104.1533203,nan,1.6922499356241742e-19
1252150104.1535645,nan,1.7259470215813455e-19
1252150104.1538086,nan,1.7751480607800767e-19
1252150104.1540527,nan,1.8096074955737133e-19
1252150104.1542969,nan,1.8377068870448265e-19
1252150104.154541,nan,1.8845528454600378e-19
1252150104.1547852,nan,1.9222348545891683e-19
1252150104.1550293,nan,1.9551689363060006e-19
1252150104.1552734,nan,1.98972118646693e-19
1252150104.1555176,nan,2.0270805130563418e-19
1252150104.1557617,nan,2.071678855254844e-19
1252150104.1560059,nan,2.0964293223878582e-19
1252150104.15625,nan,2.1246208950748977e-19
1252150104.1564941,nan,2.168089349773594e-19
1252150104.1567383,nan,2.2063267189606733e-19
1252150104.1569824,nan,2.2421954424898436e-19
1252150104.1572266,nan,2.258633321827414e-19
1252150104.1574707,nan,2.2962862624815654e-19
1252150104.1577148,nan,2.34045237876933e-19
1252150104.157959,nan,2.3597334269924243e-19
1252150104.1582031,nan,2.3950293466424204e-19
1252150104.1584473,nan,2.4196021296301507e-19
1252150104.1586914,nan,2.453136025470654e-19
1252150104.1589355,nan,2.4891052500612457e-19
1252150104.1591797,nan,2.5049713030174467e-19
1252150104.1594238,nan,2.539391872835722e-19
1252150104.159668,nan,2.5710311004243306e-19
1252150104.159912,nan,2.5985651104581053e-19
1252150104.1601562,nan,2.6245242524603265e-19
1252150104.1604004,nan,2.645404244804264e-19
1252150104.1606445,nan,2.6756388280649914e-19
1252150104.1608887,nan,2.6991122689561518e-19
1252150104.1611328,nan,2.720286703759116e-19
1252150104.161377,nan,2.7479029706200753e-19
1252150104.161621,nan,2.7751406468646478e-19
1252150104.1618652,nan,2.803151253246535e-19
1252150104.1621094,nan,2.8160485731941175e-19
1252150104.1623535,nan,2.8317780321524375e-19
1252150104.1625977,nan,2.8680436836012937e-19
1252150104.1628418,nan,2.8855531069935214e-19
1252150104.163086,nan,2.896465021586619e-19
1252150104.16333,nan,2.9189204634001587e-19
1252150104.1635742,nan,2.9414242421549976e-19
1252150104.1638184,nan,2.963298985407425e-19
1252150104.1640625,nan,2.9687495750894566e-19
1252150104.1643066,nan,2.9881134590121743e-19
1252150104.1645508,nan,3.015821218272983e-19
1252150104.164795,nan,3.0250801040003525e-19
1252150104.165039,nan,3.0437502671748826e-19
1252150104.1652832,nan,3.0603289103090885e-19
1252150104.1655273,nan,3.07194167609898e-19
1252150104.1657715,nan,3.0868229171154816e-19
1252150104.1660156,nan,3.097540440135996e-19
1252150104.1662598,nan,3.1115346937348373e-19
1252150104.166504,nan,3.122835212482636e-19
1252150104.166748,nan,3.131479821394748e-19
1252150104.1669922,nan,3.143311899086911e-19
1252150104.1672363,nan,3.1513270647051635e-19
1252150104.1674805,nan,3.1639281949652374e-19
1252150104.1677246,nan,3.1733748168974956e-19
1252150104.1679688,nan,3.176423946983939e-19
1252150104.168213,nan,3.1851845930900693e-19
1252150104.168457,nan,3.192586154062786e-19
1252150104.1687012,nan,3.2034744962018485e-19
1252150104.1689453,nan,3.204842439454513e-19
1252150104.1691895,nan,3.2016938338105115e-19
1252150104.1694336,nan,3.219161461078724e-19
1252150104.1696777,nan,3.223752957796036e-19
1252150104.1699219,nan,3.211846851987424e-19
1252150104.170166,nan,3.215897278615353e-19
1252150104.1704102,nan,3.2245969608006216e-19
1252150104.1706543,nan,3.2275445220759675e-19
1252150104.1708984,nan,3.222475072320679e-19
1252150104.1711426,nan,3.2181001528871693e-19
1252150104.1713867,nan,3.226838308084026e-19
1252150104.1716309,nan,3.224500360657399e-19
1252150104.171875,nan,3.2118207542153206e-19
1252150104.1721191,nan,3.2099931758080687e-19
1252150104.1723633,nan,3.2137859696454698e-19
1252150104.1726074,nan,3.211024163776195e-19
1252150104.1728516,nan,3.1998343830539904e-19
1252150104.1730957,nan,3.192976592479082e-19
1252150104.1733398,nan,3.1845312698310295e-19
1252150104.173584,nan,3.1799286664478596e-19
1252150104.1738281,nan,3.1746678526329985e-19
1252150104.1740723,nan,3.1618633460526234e-19
1252150104.1743164,nan,3.1632643279551017e-19
1252150104.1745605,nan,3.150209472543661e-19
1252150104.1748047,nan,3.1304802121699328e-19
1252150104.1750488,nan,3.12796476269935e-19
1252150104.175293,nan,3.111873468436149e-19
1252150104.175537,nan,3.1017454031745715e-19
1252150104.1757812,nan,3.0918378827464774e-19
1252150104.1760254,nan,3.06768657070649e-19
1252150104.1762695,nan,3.0644055706780356e-19
1252150104.1765137,nan,3.05209513036299e-19
1252150104.1767578,nan,3.021470845606392e-19
1252150104.177002,nan,3.012090389977144e-19
1252150104.177246,nan,3.002297744203487e-19
1252150104.1774902,nan,2.9840461541402275e-19
1252150104.1777344,nan,2.964220210928623e-19
1252150104.1779785,nan,2.939283417987119e-19
1252150104.1782227,nan,2.9321240391380564e-19
1252150104.1784668,nan,2.9139005514488027e-19
1252150104.178711,nan,2.8791290046927652e-19
1252150104.178955,nan,2.8665267812878366e-19
1252150104.1791992,nan,2.852599550584026e-19
1252150104.1794434,nan,2.8235638141197444e-19
1252150104.1796875,nan,2.795088066673123e-19
1252150104.1799316,nan,2.7746312302044674e-19
1252150104.1801758,nan,2.756163537466573e-19
1252150104.18042,nan,2.7333985729977003e-19
1252150104.180664,nan,2.703202911259678e-19
1252150104.1809082,nan,2.679013820379034e-19
1252150104.1811523,nan,2.6670039734034083e-19
1252150104.1813965,nan,2.6324326782737433e-19
1252150104.1816406,nan,2.5928910510313315e-19
1252150104.1818848,nan,2.5728308745011954e-19
1252150104.182129,nan,2.5482157272011197e-19
1252150104.182373,nan,2.5207536778950465e-19
1252150104.1826172,nan,2.490812398475184e-19
1252150104.1828613,nan,2.4597923164330842e-19
1252150104.1831055,nan,2.435333419936225e-19
1252150104.1833496,nan,2.40170967147426e-19
1252150104.1835938,nan,2.362895300982846e-19
1252150104.183838,nan,2.344653716110963e-19
1252150104.184082,nan,2.31860868886031e-19
1252150104.1843262,nan,2.2725208783038683e-19
1252150104.1845703,nan,2.240829023579232e-19
1252150104.1848145,nan,2.2104938179513473e-19
1252150104.1850586,nan,2.181851924313678e-19
1252150104.1853027,nan,2.1504865486938224e-19
1252150104.1855469,nan,2.1034481076806306e-19
1252150104.185791,nan,2.069515067754327e-19
1252150104.1860352,nan,2.0443656915283113e-19
1252150104.1862793,nan,2.0107067201270077e-19
1252150104.1865234,nan,1.968187452106027e-19
1252150104.1867676,nan,1.9267058944537875e-19
1252150104.1870117,nan,1.903844899706006e-19
1252150104.1872559,nan,1.8660279359522823e-19
1252150104.1875,nan,1.8181417161733348e-19
1252150104.1877441,nan,1.7889794369637851e-19
1252150104.1879883,nan,1.747582067647003e-19
1252150104.1882324,nan,1.7045134307691295e-19
1252150104.1884766,nan,1.6734052684308454e-19
1252150104.1887207,nan,1.634365620875112e-19
1252150104.1889648,nan,1.5928279120566387e-19
1252150104.189209,nan,1.554593107626341e-19
1252150104.1894531,nan,1.5120250038016826e-19
1252150104.1896973,nan,1.473261754059001e-19
1252150104.1899414,nan,1.4442366843750153e-19
1252150104.1901855,nan,1.3976940193525318e-19
1252150104.1904297,nan,1.3452662762064404e-19
1252150104.1906738,nan,1.3141503907769233e-19
1252150104.190918,nan,1.2766817680822965e-19
1252150104.191162,nan,1.2306147388755463e-19
1252150104.1914062,nan,1.1868641957487058e-19
1252150104.1916504,nan,1.1409392997845782e-19
1252150104.1918945,nan,1.1057028629909414e-19
1252150104.1921387,nan,1.064625521770911e-19
1252150104.1923828,nan,1.0137881703824985e-19
1252150104.192627,nan,9.724429875615375e-20
1252150104.192871,nan,9.279989408044906e-20
1252150104.1931152,nan,8.921935941369169e-20
1252150104.1933594,nan,8.532452833466285e-20
1252150104.1936035,nan,7.943042516654168e-20
1252150104.1938477,nan,7.590129102491361e-20
1252150104.1940918,nan,7.252823617154273e-20
1252150104.194336,nan,6.634193510240597e-20
1252150104.19458,nan,6.238883284497317e-20
1252150104.1948242,nan,5.874120489194346e-20
1252150104.1950684,nan,5.30326481058699e-20
1252150104.1953125,nan,4.9146040601533696e-20
1252150104.1955566,nan,4.484812364195599e-20
1252150104.1958008,nan,4.01012320950547e-20
1252150104.196045,nan,3.616037618894585e-20
1252150104.196289,nan,3.122001909501011e-20
1252150104.1965332,nan,2.6946874247006802e-20
1252150104.1967773,nan,2.3470884542542057e-20
1252150104.1970215,nan,1.853072350599591e-20
1252150104.1972656,nan,1.2301223327091162e-20
1252150104.1975098,nan,9.282578277329871e-21
1252150104.197754,nan,5.557584679313711e-21
1252150104.197998,nan,-7.314927905672705e-22
1252150104.1982422,nan,-4.660093705474448e-21
1252150104.1984863,nan,-9.238546055448131e-21
1252150104.1987305,nan,-1.3124365534725175e-20
1252150104.1989746,nan,-1.7381322291844237e-20
1252150104.1992188,nan,-2.3180815346258618e-20
1252150104.199463,nan,-2.6614425946446374e-20
1252150104.199707,nan,-3.039987159739293e-20
1252150104.1999512,nan,-3.5367552811657656e-20
1252150104.2001953,nan,-4.0424658184773555e-20
1252150104.2004395,nan,-4.450853038791763e-20
1252150104.2006836,nan,-4.817271934314568e-20
1252150104.2009277,nan,-5.30280202014497e-20
1252150104.2011719,nan,-5.804442586742332e-20
1252150104.201416,nan,-6.220921284407573e-20
1252150104.2016602,nan,-6.557220480936093e-20
1252150104.2019043,nan,-7.056017737586551e-20
1252150104.2021484,nan,-7.550770705369297e-20
1252150104.2023926,nan,-7.926914604939242e-20
1252150104.2026367,nan,-8.351695030146882e-20
1252150104.2028809,nan,-8.747922974947757e-20
1252150104.203125,nan,-9.213587441070843e-20
1252150104.2033691,nan,-9.587311925582372e-20
1252150104.2036133,nan,-9.959021532894352e-20
1252150104.2038574,nan,-1.0466336571451283e-19
1252150104.2041016,nan,-1.0867700128020722e-19
1252150104.2043457,nan,-1.1288432477474304e-19
1252150104.2045898,nan,-1.1708558905797134e-19
1252150104.204834,nan,-1.210490167640643e-19
1252150104.2050781,nan,-1.2547433685364008e-19
1252150104.2053223,nan,-1.2985698693678976e-19
1252150104.2055664,nan,-1.3283434182237138e-19
1252150104.2058105,nan,-1.361707601576854e-19
1252150104.2060547,nan,-1.4174421571864454e-19
1252150104.2062988,nan,-1.454258204659736e-19
1252150104.206543,nan,-1.480128531974873e-19
1252150104.206787,nan,-1.5207721435446619e-19
1252150104.2070312,nan,-1.5683734507022637e-19
1252150104.2072754,nan,-1.6065920973179598e-19
1252150104.2075195,nan,-1.635287370888678e-19
1252150104.2077637,nan,-1.6774464587682585e-19
1252150104.2080078,nan,-1.7211405229515014e-19
1252150104.208252,nan,-1.7568758467410035e-19
1252150104.208496,nan,-1.788547237041625e-19
1252150104.2087402,nan,-1.8244994223469413e-19
1252150104.2089844,nan,-1.8636411177207363e-19
1252150104.2092285,nan,-1.896807523233423e-19
1252150104.2094727,nan,-1.93112242022403e-19
1252150104.2097168,nan,-1.9615980078906834e-19
1252150104.209961,nan,-2.0010612499703904e-19
1252150104.210205,nan,-2.0359014075672787e-19
1252150104.2104492,nan,-2.053444769663547e-19
1252150104.2106934,nan,-2.0996538936121886e-19
1252150104.2109375,nan,-2.140132034609752e-19
1252150104.2111816,nan,-2.1611335430309556e-19
1252150104.2114258,nan,-2.1916044456532385e-19
1252150104.21167,nan,-2.2215391758034195e-19
1252150104.211914,nan,-2.262171649519411e-19
1252150104.2121582,nan,-2.2824329784290863e-19
1252150104.2124023,nan,-2.307333634326394e-19
1252150104.2126465,nan,-2.3514837958838175e-19
1252150104.2128906,nan,-2.3699418806124706e-19
1252150104.2131348,nan,-2.395902219043958e-19
1252150104.213379,nan,-2.423610953808044e-19
1252150104.213623,nan,-2.448993666203763e-19
1252150104.2138672,nan,-2.482597082556139e-19
1252150104.2141113,nan,-2.5074949718858293e-19
1252150104.2143555,nan,-2.5271524401086235e-19
1252150104.2145996,nan,-2.553479266931879e-19
1252150104.2148438,nan,-2.591430159255219e-19
1252150104.215088,nan,-2.6101932891601e-19
1252150104.215332,nan,-2.620484571291268e-19
1252150104.2155762,nan,-2.646828426054623e-19
1252150104.2158203,nan,-2.682071863517831e-19
1252150104.2160645,nan,-2.6939119631187657e-19
1252150104.2163086,nan,-2.7022559232333185e-19
1252150104.2165527,nan,-2.7451523841050777e-19
1252150104.2167969,nan,-2.761436393903734e-19
1252150104.217041,nan,-2.7749631338082202e-19
1252150104.2172852,nan,-2.7994284769250477e-19
1252150104.2175293,nan,-2.8079655429508033e-19
1252150104.2177734,nan,-2.8405065366184324e-19
1252150104.2180176,nan,-2.8540235183383253e-19
1252150104.2182617,nan,-2.8551587153547153e-19
1252150104.2185059,nan,-2.886993019385636e-19
1252150104.21875,nan,-2.9032762563773944e-19
1252150104.2189941,nan,-2.9126896219964135e-19
1252150104.2192383,nan,-2.928787371291453e-19
1252150104.2194824,nan,-2.9376675779610325e-19
1252150104.2197266,nan,-2.956163740084382e-19
1252150104.2199707,nan,-2.973920183743824e-19
1252150104.2202148,nan,-2.9774330620788427e-19
1252150104.220459,nan,-2.990940413673845e-19
1252150104.2207031,nan,-3.0104642798272977e-19
1252150104.2209473,nan,-3.015748134204266e-19
1252150104.2211914,nan,-3.0218823224919884e-19
1252150104.2214355,nan,-3.032089418983039e-19
1252150104.2216797,nan,-3.0457060365720166e-19
1252150104.2219238,nan,-3.0506013161453907e-19
1252150104.222168,nan,-3.0475569183385965e-19
1252150104.222412,nan,-3.0681972907424327e-19
1252150104.2226562,nan,-3.077191309876537e-19
1252150104.2229004,nan,-3.076025055000597e-19
1252150104.2231445,nan,-3.083842901900586e-19
1252150104.2233887,nan,-3.0832871606660664e-19
1252150104.2236328,nan,-3.096901975297225e-19
1252150104.223877,nan,-3.097474995343103e-19
1252150104.224121,nan,-3.08520830387502e-19
1252150104.2243652,nan,-3.1043581980863417e-19
1252150104.2246094,nan,-3.1125748793629986e-19
1252150104.2248535,nan,-3.0976447562586413e-19
1252150104.2250977,nan,-3.0974411553809483e-19
1252150104.2253418,nan,-3.1005571831394947e-19
1252150104.225586,nan,-3.100672461400268e-19
1252150104.22583,nan,-3.097278268946822e-19
1252150104.2260742,nan,-3.0921783048830574e-19
1252150104.2263184,nan,-3.0912656649278484e-19
1252150104.2265625,nan,-3.0962757275646153e-19
1252150104.2268066,nan,-3.096699418166519e-19
1252150104.2270508,nan,-3.07982306916776e-19
1252150104.227295,nan,-3.071562854269052e-19
1252150104.227539,nan,-3.0796982580402036e-19
1252150104.2277832,nan,-3.0731482082812657e-19
1252150104.2280273,nan,-3.0538468445423144e-19
1252150104.2282715,nan,-3.0515005590282803e-19
1252150104.2285156,nan,-3.049958416479074e-19
1252150104.2287598,nan,-3.0379010706298544e-19
1252150104.229004,nan,-3.0279693279968423e-19
1252150104.229248,nan,-3.013883175037551e-19
1252150104.2294922,nan,-3.013988936252101e-19
1252150104.2297363,nan,-2.999296180610525e-19
1252150104.2299805,nan,-2.973964832394876e-19
1252150104.2302246,nan,-2.974450453916347e-19
1252150104.2304688,nan,-2.9697339718763643e-19
1252150104.230713,nan,-2.9539050665713666e-19
1252150104.230957,nan,-2.9309974315701864e-19
1252150104.2312012,nan,-2.917559021472883e-19
1252150104.2314453,nan,-2.9093460292331886e-19
1252150104.2316895,nan,-2.889917788995103e-19
1252150104.2319336,nan,-2.87090830191089e-19
1252150104.2321777,nan,-2.858089723089057e-19
1252150104.2324219,nan,-2.8483000597312603e-19
1252150104.232666,nan,-2.8281158763745506e-19
1252150104.2329102,nan,-2.806558348467255e-19
1252150104.2331543,nan,-2.7868002788734055e-19
1252150104.2333984,nan,-2.767599484026185e-19
1252150104.2336426,nan,-2.750894188070204e-19
1252150104.2338867,nan,-2.728822355422165e-19
1252150104.2341309,nan,-2.7075364816232426e-19
1252150104.234375,nan,-2.6913678027212013e-19
1252150104.2346191,nan,-2.6759145758516167e-19
1252150104.2348633,nan,-2.63886843946333e-19
1252150104.2351074,nan,-2.6142892883297194e-19
1252150104.2353516,nan,-2.605081742294171e-19
1252150104.2355957,nan,-2.5709599288291356e-19
1252150104.2358398,nan,-2.5491328385940406e-19
1252150104.236084,nan,-2.529702665066059e-19
1252150104.2363281,nan,-2.507115974569955e-19
1252150104.2365723,nan,-2.48041241546508e-19
1252150104.2368164,nan,-2.4450221614426537e-19
1252150104.2370605,nan,-2.426560513180812e-19
1252150104.2373047,nan,-2.3933495897361206e-19
1252150104.2375488,nan,-2.373969357265154e-19
1252150104.237793,nan,-2.34653746883474e-19
1252150104.238037,nan,-2.304743363407638e-19
1252150104.2382812,nan,-2.297390205648455e-19
1252150104.2385254,nan,-2.261165749021398e-19
1252150104.2387695,nan,-2.224744553303347e-19
1252150104.2390137,nan,-2.202253104651561e-19
1252150104.2392578,nan,-2.1683217304043205e-19
1252150104.239502,nan,-2.1399968121080632e-19
1252150104.239746,nan,-2.1053380821071524e-19
1252150104.2399902,nan,-2.0811673366510354e-19
1252150104.2402344,nan,-2.0530503697787895e-19
1252150104.2404785,nan,-2.0146052856074145e-19
1252150104.2407227,nan,-1.977855877907431e-19
1252150104.2409668,nan,-1.941277054324194e-19
1252150104.241211,nan,-1.9160530779810848e-19
1252150104.241455,nan,-1.8794831404192064e-19
1252150104.2416992,nan,-1.8421428575575698e-19
1252150104.2419434,nan,-1.815847429225915e-19
1252150104.2421875,nan,-1.7854392625491096e-19
1252150104.2424316,nan,-1.7513783060534392e-19
1252150104.2426758,nan,-1.7040898896539263e-19
1252150104.24292,nan,-1.6746935061397254e-19
1252150104.243164,nan,-1.6479983913361654e-19
1252150104.2434082,nan,-1.5957672917722958e-19
1252150104.2436523,nan,-1.5664712392605166e-19
1252150104.2438965,nan,-1.5398810262983584e-19
1252150104.2441406,nan,-1.4940950852360894e-19
1252150104.2443848,nan,-1.4562373106329414e-19
1252150104.244629,nan,-1.419777076884852e-19
1252150104.244873,nan,-1.3795470402822238e-19
1252150104.2451172,nan,-1.3485387163092778e-19
1252150104.2453613,nan,-1.3143378335954784e-19
1252150104.2456055,nan,-1.260661504418447e-19
1252150104.2458496,nan,-1.227514687483404e-19
1252150104.2460938,nan,-1.2064201511361392e-19
1252150104.246338,nan,-1.155731872352966e-19
1252150104.246582,nan,-1.1072460104696855e-19
1252150104.2468262,nan,-1.0796704856356348e-19
1252150104.2470703,nan,-1.0467944642736663e-19
1252150104.2473145,nan,-9.985059262463037e-20
1252150104.2475586,nan,-9.573850482791766e-20
1252150104.2478027,nan,-9.226401219680354e-20
1252150104.2480469,nan,-8.806338685119427e-20
1252150104.248291,nan,-8.460801254518498e-20
1252150104.2485352,nan,-8.005891458755828e-20
1252150104.2487793,nan,-7.540613305000962e-20
1252150104.2490234,nan,-7.306964744276687e-20
1252150104.2492676,nan,-6.846539709432877e-20
1252150104.2495117,nan,-6.313361775605763e-20
1252150104.2497559,nan,-6.080853845489757e-20
1252150104.25,nan,-5.673662841606015e-20
1252150104.2502441,nan,-5.1653673106458475e-20
1252150104.2504883,nan,-4.770978942710675e-20
1252150104.2507324,nan,-4.366848317504762e-20
1252150104.2509766,nan,-4.028318416156827e-20
1252150104.2512207,nan,-3.553161269034494e-20
1252150104.2514648,nan,-3.11332763486765e-20
1252150104.251709,nan,-2.750513256450381e-20
1252150104.2519531,nan,-2.4022954949795445e-20
1252150104.2521973,nan,-1.98092469673529e-20
1252150104.2524414,nan,-1.434336518049243e-20
1252150104.2526855,nan,-1.1510221756552374e-20
1252150104.2529297,nan,-7.186714511918129e-21
1252150104.2531738,nan,-2.370416286652962e-21
1252150104.253418,nan,1.630887200607391e-21
1252150104.253662,nan,5.5976219076388605e-21
1252150104.2539062,nan,7.756419491404921e-21
1252150104.2541504,nan,1.373900157782792e-20
1252150104.2543945,nan,1.8586095870971016e-20
1252150104.2546387,nan,2.1040609585003674e-20
1252150104.2548828,nan,2.601391431315794e-20
1252150104.255127,nan,2.940383919189843e-20
1252150104.255371,nan,3.368333619737145e-20
1252150104.2556152,nan,3.855912603411222e-20
1252150104.2558594,nan,4.1245645028837713e-20
1252150104.2561035,nan,4.5282707978653034e-20
1252150104.2563477,nan,5.0137454108513124e-20
1252150104.2565918,nan,5.378569022860885e-20
1252150104.256836,nan,5.683664077734989e-20
1252150104.25708,nan,6.117513408064552e-20
1252150104.2573242,nan,6.637338551709213e-20
1252150104.2575684,nan,6.919562923315377e-20
1252150104.2578125,nan,7.247597687063746e-20
1252150104.2580566,nan,7.79243010547099e-20
1252150104.2583008,nan,8.164614599820478e-20
1252150104.258545,nan,8.492731690510358e-20
1252150104.258789,nan,8.846782130276538e-20
1252150104.2590332,nan,9.248827514736771e-20
1252150104.2592773,nan,9.721801340996023e-20
1252150104.2595215,nan,1.0009050515897278e-19
1252150104.2597656,nan,1.0358949684682913e-19
1252150104.2600098,nan,1.0788055473241352e-19
1252150104.260254,nan,1.1163133267932287e-19
1252150104.260498,nan,1.1536632653912975e-19
1252150104.2607422,nan,1.1863105900565712e-19
1252150104.2609863,nan,1.227054435417344e-19
1252150104.2612305,nan,1.2657699381101943e-19
1252150104.2614746,nan,1.2963687880455876e-19
1252150104.2617188,nan,1.3241430195655021e-19
1252150104.261963,nan,1.3652012679124786e-19
1252150104.262207,nan,1.4095582681339096e-19
1252150104.2624512,nan,1.438759062860551e-19
1252150104.2626953,nan,1.4736441605216153e-19
1252150104.2629395,nan,1.507486361432571e-19
1252150104.2631836,nan,1.5423568962773391e-19
1252150104.2634277,nan,1.5731306204599827e-19
1252150104.2636719,nan,1.6017974453876705e-19
1252150104.263916,nan,1.6426826616426368e-19
1252150104.2641602,nan,1.67545762270709e-19
1252150104.2644043,nan,1.7037863496254682e-19
1252150104.2646484,nan,1.734909704505259e-19
1252150104.2648926,nan,1.768205873477057e-19
1252150104.2651367,nan,1.8047801126543895e-19
1252150104.2653809,nan,1.8341906376271715e-19
1252150104.265625,nan,1.8556733511993168e-19
1252150104.2658691,nan,1.8863284323068777e-19
1252150104.2661133,nan,1.9269838419216016e-19
1252150104.2663574,nan,1.952912794961421e-19
1252150104.2666016,nan,1.9730455738420702e-19
1252150104.2668457,nan,2.0128279971935816e-19
1252150104.2670898,nan,2.0436668839095059e-19
1252150104.267334,nan,2.0611938665263376e-19
1252150104.2675781,nan,2.0902351256318867e-19
1252150104.2678223,nan,2.1138899236691783e-19
1252150104.2680664,nan,2.1443649105567592e-19
1252150104.2683105,nan,2.1772351242232045e-19
1252150104.2685547,nan,2.1922486583429645e-19
1252150104.2687988,nan,2.218016655189623e-19
1252150104.269043,nan,2.253639476200819e-19
1252150104.269287,nan,2.266005582529521e-19
1252150104.2695312,nan,2.2822432558575806e-19
1252150104.2697754,nan,2.3265414068465476e-19
1252150104.2700195,nan,2.3541480620450937e-19
1252150104.2702637,nan,2.359843343199175e-19
1252150104.2705078,nan,2.3750349468721735e-19
1252150104.270752,nan,2.412824694349932e-19
1252150104.270996,nan,2.440309041787981e-19
1252150104.2712402,nan,2.4465640357264753e-19
1252150104.2714844,nan,2.461334161233115e-19
1252150104.2717285,nan,2.4898679583971954e-19
1252150104.2719727,nan,2.5245175296506185e-19
1252150104.2722168,nan,2.5252752821163125e-19
1252150104.272461,nan,2.53603874098255e-19
1252150104.272705,nan,2.5786905372570534e-19
1252150104.2729492,nan,2.5855660801949554e-19
1252150104.2731934,nan,2.5939680603532774e-19
1252150104.2734375,nan,2.6113475312153193e-19
1252150104.2736816,nan,2.6268194302068523e-19
1252150104.2739258,nan,2.6552292177904165e-19
1252150104.27417,nan,2.6618409845767487e-19
1252150104.274414,nan,2.6671240689178106e-19
1252150104.2746582,nan,2.693114620578934e-19
1252150104.2749023,nan,2.7101665692246314e-19
1252150104.2751465,nan,2.7148393127516524e-19
1252150104.2753906,nan,2.7214872669379834e-19
1252150104.2756348,nan,2.735880501537134e-19
1252150104.275879,nan,2.758788208637288e-19
1252150104.276123,nan,2.7648318651332582e-19
1252150104.2763672,nan,2.7680904155455423e-19
1252150104.2766113,nan,2.788161816686003e-19
1252150104.2768555,nan,2.7988330536003623e-19
1252150104.2770996,nan,2.80096011368931e-19
1252150104.2773438,nan,2.8029590103302863e-19
1252150104.277588,nan,2.81519088562844e-19
1252150104.277832,nan,2.8284651577801007e-19
1252150104.2780762,nan,2.830776097114754e-19
1252150104.2783203,nan,2.8322604900115115e-19
1252150104.2785645,nan,2.835847052897418e-19
1252150104.2788086,nan,2.8482452910670655e-19
1252150104.2790527,nan,2.8526077215728156e-19
1252150104.2792969,nan,2.8484088113962777e-19
1252150104.279541,nan,2.860151307966396e-19
1252150104.2797852,nan,2.867215621894904e-19
1252150104.2800293,nan,2.86333374492524e-19
1252150104.2802734,nan,2.864699844052356e-19
1252150104.2805176,nan,2.866567233109714e-19
1252150104.2807617,nan,2.8731877399437987e-19
1252150104.2810059,nan,2.87120428496828e-19
1252150104.28125,nan,2.8581767517720253e-19
1252150104.2814941,nan,2.866334045133783e-19
1252150104.2817383,nan,2.878352521523551e-19
1252150104.2819824,nan,2.865750253696085e-19
1252150104.2822266,nan,2.8552137747156016e-19
1252150104.2824707,nan,2.8640417459476696e-19
1252150104.2827148,nan,2.862175571812533e-19
1252150104.282959,nan,2.8474206626161827e-19
1252150104.2832031,nan,2.842257121947827e-19
1252150104.2834473,nan,2.8385142028706897e-19
1252150104.2836914,nan,2.8341750926623825e-19
1252150104.2839355,nan,2.830704293873999e-19
1252150104.2841797,nan,2.820976898525569e-19
1252150104.2844238,nan,2.8169099789227457e-19
1252150104.284668,nan,2.811821850082707e-19
1252150104.284912,nan,2.7934603214393867e-19
1252150104.2851562,nan,2.7793378547450736e-19
1252150104.2854004,nan,2.783983507336627e-19
1252150104.2856445,nan,2.7800772833197975e-19
1252150104.2858887,nan,2.760741316222698e-19
1252150104.2861328,nan,2.751153218934138e-19
1252150104.286377,nan,2.7387919576762585e-19
1252150104.286621,nan,2.728897841396755e-19
1252150104.2868652,nan,2.7178115603770077e-19
1252150104.2871094,nan,2.697683533533771e-19
1252150104.2873535,nan,2.6858537809212706e-19
1252150104.2875977,nan,2.679702232448427e-19
1252150104.2878418,nan,2.6663273180677566e-19
1252150104.288086,nan,2.641123252694378e-19
1252150104.28833,nan,2.6302386714031925e-19
1252150104.2885742,nan,2.624092206566308e-19
1252150104.2888184,nan,2.603528579584194e-19
1252150104.2890625,nan,2.576925228447485e-19
1252150104.2893066,nan,2.561407031142065e-19
1252150104.2895508,nan,2.558004491484745e-19
1252150104.289795,nan,2.5318241826938765e-19
1252150104.290039,nan,2.505588720759065e-19
1252150104.2902832,nan,2.4969851007055033e-19
1252150104.2905273,nan,2.4739588584670674e-19
1252150104.2907715,nan,2.4477444625776255e-19
1252150104.2910156,nan,2.430239585676055e-19
1252150104.2912598,nan,2.412417719066843e-19
1252150104.291504,nan,2.392723465892416e-19
1252150104.291748,nan,2.3730901278520314e-19
1252150104.2919922,nan,2.348357056077418e-19
1252150104.2922363,nan,2.32212434221828e-19
1252150104.2924805,nan,2.3106364786356867e-19
1252150104.2927246,nan,2.2840363386647873e-19
1252150104.2929688,nan,2.2483293801331907e-19
1252150104.293213,nan,2.2351357840488143e-19
1252150104.293457,nan,2.213544948850209e-19
1252150104.2937012,nan,2.184072420760851e-19
1252150104.2939453,nan,2.155176317244304e-19
1252150104.2941895,nan,2.1286610632100271e-19
1252150104.2944336,nan,2.1115823320440885e-19
1252150104.2946777,nan,2.0811781765817502e-19
1252150104.2949219,nan,2.04813916100787e-19
1252150104.295166,nan,2.0266909056509442e-19
1252150104.2954102,nan,2.0042945299137706e-19
1252150104.2956543,nan,1.9754592111643865e-19
1252150104.2958984,nan,1.9387400102027017e-19
1252150104.2961426,nan,1.9159009652412408e-19
1252150104.2963867,nan,1.8949584166409152e-19
1252150104.2966309,nan,1.8517103019605366e-19
1252150104.296875,nan,1.8226242074220252e-19
1252150104.2971191,nan,1.7983603473806873e-19
1252150104.2973633,nan,1.7647751474661016e-19
1252150104.2976074,nan,1.742135891730189e-19
1252150104.2978516,nan,1.701930084293506e-19
1252150104.2980957,nan,1.669284572647386e-19
1252150104.2983398,nan,1.6552090897861925e-19
1252150104.298584,nan,1.6123036623002284e-19
1252150104.2988281,nan,1.5709274271388492e-19
1252150104.2990723,nan,1.548508411027853e-19
1252150104.2993164,nan,1.5185321400797407e-19
1252150104.2995605,nan,1.4796885002367237e-19
1252150104.2998047,nan,1.4422487896237359e-19
1252150104.3000488,nan,1.4169534824163462e-19
1252150104.300293,nan,1.3880161258894677e-19
1252150104.300537,nan,1.3451753801903128e-19
1252150104.3007812,nan,1.3091789649645803e-19
1252150104.3010254,nan,1.2767742215156178e-19
1252150104.3012695,nan,1.25037662919081e-19
1252150104.3015137,nan,1.2184232427396917e-19
1252150104.3017578,nan,1.1714508343050004e-19
1252150104.302002,nan,1.1453319158611725e-19
1252150104.302246,nan,1.1104188731855123e-19
1252150104.3024902,nan,1.0649555180344402e-19
1252150104.3027344,nan,1.0368903543426019e-19
1252150104.3029785,nan,1.0023442881256553e-19
1252150104.3032227,nan,9.663178178131646e-20
1252150104.3034668,nan,9.271035566049076e-20
1252150104.303711,nan,8.899784777607338e-20
1252150104.303955,nan,8.519523888964502e-20
1252150104.3041992,nan,8.1536743004191e-20
1252150104.3044434,nan,7.866332066975637e-20
1252150104.3046875,nan,7.434263465456838e-20
1252150104.3049316,nan,7.039823182896435e-20
1252150104.3051758,nan,6.775193377011965e-20
1252150104.30542,nan,6.39784472202086e-20
1252150104.305664,nan,5.95206755236336e-20
1252150104.3059082,nan,5.596689527720647e-20
1252150104.3061523,nan,5.276274801158965e-20
1252150104.3063965,nan,4.861408299232386e-20
1252150104.3066406,nan,4.4025123524524364e-20
1252150104.3068848,nan,4.130529187906767e-20
1252150104.307129,nan,3.8359876656771464e-20
1252150104.307373,nan,3.303239356125697e-20
1252150104.3076172,nan,2.938624339027534e-20
1252150104.3078613,nan,2.650734566254874e-20
1252150104.3081055,nan,2.222400019929128e-20
1252150104.3083496,nan,1.8767807251729096e-20
1252150104.3085938,nan,1.4577880420655807e-20
1252150104.308838,nan,1.0787864805274952e-20
1252150104.309082,nan,7.915915233583858e-21
1252150104.3093262,nan,3.3615132878820103e-21
1252150104.3095703,nan,-5.092898785836327e-22
1252150104.3098145,nan,-4.062494884751197e-21
1252150104.3100586,nan,-7.888681773618688e-21
1252150104.3103027,nan,-1.142795832116083e-20
1252150104.3105469,nan,-1.591635997635129e-20
1252150104.310791,nan,-1.928375470683891e-20
1252150104.3110352,nan,-2.201292098968384e-20
1252150104.3112793,nan,-2.665487508248244e-20
1252150104.3115234,nan,-3.1267639873304e-20
1252150104.3117676,nan,-3.386150195943407e-20
1252150104.3120117,nan,-3.709929662064387e-20
1252150104.3122559,nan,-4.2066898467859567e-20
1252150104.3125,nan,-4.596750100280099e-20
1252150104.3127441,nan,-4.9061840426368275e-20
1252150104.3129883,nan,-5.246463672792874e-20
1252150104.3132324,nan,-5.582594755241421e-20
1252150104.3134766,nan,-6.079707239858306e-20
1252150104.3137207,nan,-6.379219150846817e-20
1252150104.3139648,nan,-6.58317600079547e-20
1252150104.314209,nan,-7.157952048498711e-20
1252150104.3144531,nan,-7.491068354358619e-20
1252150104.3146973,nan,-7.726883889421081e-20
1252150104.3149414,nan,-8.175506832417506e-20
1252150104.3151855,nan,-8.533318452693268e-20
1252150104.3154297,nan,-8.880542669063875e-20
1252150104.3156738,nan,-9.201868094411195e-20
1252150104.315918,nan,-9.579979153108604e-20
1252150104.316162,nan,-9.93736032048368e-20
1252150104.3164062,nan,-1.0277674358496825e-19
1252150104.3166504,nan,-1.0652692482504639e-19
1252150104.3168945,nan,-1.08713471809155e-19
1252150104.3171387,nan,-1.124591570935782e-19
1252150104.3173828,nan,-1.1699431340430612e-19
1252150104.317627,nan,-1.19356967365469e-19
1252150104.317871,nan,-1.2193311664978351e-19
1252150104.3181152,nan,-1.2594565528520982e-19
1252150104.3183594,nan,-1.3017575402535535e-19
1252150104.3186035,nan,-1.323236143684913e-19
1252150104.3188477,nan,-1.3509958308133528e-19
1252150104.3190918,nan,-1.3958170241315055e-19
1252150104.319336,nan,-1.4185952674489682e-19
1252150104.31958,nan,-1.4525623181441345e-19
1252150104.3198242,nan,-1.4889417049236925e-19
1252150104.3200684,nan,-1.512064633895604e-19
1252150104.3203125,nan,-1.5528898251866877e-19
1252150104.3205566,nan,-1.5771468266899366e-19
1252150104.3208008,nan,-1.6001420059636077e-19
1252150104.321045,nan,-1.6373787365588833e-19
1252150104.321289,nan,-1.6623505853707746e-19
1252150104.3215332,nan,-1.6928105788389684e-19
1252150104.3217773,nan,-1.7123589683032736e-19
1252150104.3220215,nan,-1.7468057023863607e-19
1252150104.3222656,nan,-1.7887425867229033e-19
1252150104.3225098,nan,-1.793894377083303e-19
1252150104.322754,nan,-1.8236885408059215e-19
1252150104.322998,nan,-1.8604587293724063e-19
1252150104.3232422,nan,-1.876258779294549e-19
1252150104.3234863,nan,-1.9055085598094972e-19
1252150104.3237305,nan,-1.928290159519284e-19
1252150104.3239746,nan,-1.9569331098486539e-19
1252150104.3242188,nan,-1.9884160004156163e-19
1252150104.324463,nan,-2.0036431656796885e-19
1252150104.324707,nan,-2.0281410545421357e-19
1252150104.3249512,nan,-2.05331467110098e-19
1252150104.3251953,nan,-2.0851046553215016e-19
1252150104.3254395,nan,-2.1005835754422496e-19
1252150104.3256836,nan,-2.111404198711221e-19
1252150104.3259277,nan,-2.1486779760758303e-19
1252150104.3261719,nan,-2.1685737920943463e-19
1252150104.326416,nan,-2.185785712898405e-19
1252150104.3266602,nan,-2.2026367709308526e-19
1252150104.3269043,nan,-2.2211927799770303e-19
1252150104.3271484,nan,-2.2531494775450984e-19
1252150104.3273926,nan,-2.2663270292343073e-19
1252150104.3276367,nan,-2.282002671592048e-19
1252150104.3278809,nan,-2.3051439587020662e-19
1252150104.328125,nan,-2.326090877153174e-19
1252150104.3283691,nan,-2.344068714353065e-19
1252150104.3286133,nan,-2.352185081742135e-19
1252150104.3288574,nan,-2.3774320826012653e-19
1252150104.3291016,nan,-2.3957225862243437e-19
1252150104.3293457,nan,-2.400101272229253e-19
1252150104.3295898,nan,-2.4203007376191637e-19
1252150104.329834,nan,-2.440053405949595e-19
1252150104.3300781,nan,-2.4566865118736627e-19
1252150104.3303223,nan,-2.460225837761648e-19
1252150104.3305664,nan,-2.4682113494143245e-19
1252150104.3308105,nan,-2.493058433610946e-19
1252150104.3310547,nan,-2.505608478300572e-19
1252150104.3312988,nan,-2.515934116355859e-19
1252150104.331543,nan,-2.5195778072443e-19
1252150104.331787,nan,-2.538204303588822e-19
1252150104.3320312,nan,-2.5599403720166395e-19
1252150104.3322754,nan,-2.554832432649756e-19
1252150104.3325195,nan,-2.5618480304220903e-19
1252150104.3327637,nan,-2.5762912002549505e-19
1252150104.3330078,nan,-2.5874104645107184e-19
1252150104.333252,nan,-2.593331015353498e-19
1252150104.333496,nan,-2.597055366406745e-19
1252150104.3337402,nan,-2.6110571140261973e-19
1252150104.3339844,nan,-2.613148590118136e-19
1252150104.3342285,nan,-2.613626066250141e-19
1252150104.3344727,nan,-2.626693749854652e-19
1252150104.3347168,nan,-2.6298978048484016e-19
1252150104.334961,nan,-2.6399712660055107e-19
1252150104.335205,nan,-2.648214994315214e-19
1252150104.3354492,nan,-2.637344141917723e-19
1252150104.3356934,nan,-2.6479283386460706e-19
1252150104.3359375,nan,-2.6594374674388603e-19
1252150104.3361816,nan,-2.646334259815167e-19
1252150104.3364258,nan,-2.6453388067650344e-19
1252150104.33667,nan,-2.6544889665424704e-19
1252150104.336914,nan,-2.655700275973711e-19
1252150104.3371582,nan,-2.6467383696499015e-19
1252150104.3374023,nan,-2.6502928190758224e-19
1252150104.3376465,nan,-2.6549400643400746e-19
1252150104.3378906,nan,-2.649554221391117e-19
1252150104.3381348,nan,-2.652728715333351e-19
1252150104.338379,nan,-2.640740641973019e-19
1252150104.338623,nan,-2.64096036082753e-19
1252150104.3388672,nan,-2.644452628924039e-19
1252150104.3391113,nan,-2.6293942787809427e-19
1252150104.3393555,nan,-2.629815148707664e-19
1252150104.3395996,nan,-2.626430175216925e-19
1252150104.3398438,nan,-2.62299194419339e-19
1252150104.340088,nan,-2.613816976687957e-19
1252150104.340332,nan,-2.599163621104233e-19
1252150104.3405762,nan,-2.6031834595872673e-19
1252150104.3408203,nan,-2.5966123921234994e-19
1252150104.3410645,nan,-2.5844083592028637e-19
1252150104.3413086,nan,-2.5716014618830624e-19
1252150104.3415527,nan,-2.564560748970608e-19
1252150104.3417969,nan,-2.5642969604767353e-19
1252150104.342041,nan,-2.546939945163663e-19
1252150104.3422852,nan,-2.533912772773715e-19
1252150104.3425293,nan,-2.5283608295970816e-19
1252150104.3427734,nan,-2.5156475174363325e-19
1252150104.3430176,nan,-2.501215840250518e-19
1252150104.3432617,nan,-2.490318936545613e-19
1252150104.3435059,nan,-2.479662322239422e-19
1252150104.34375,nan,-2.4647947180286865e-19
1252150104.3439941,nan,-2.448678062515381e-19
1252150104.3442383,nan,-2.4385678480373553e-19
1252150104.3444824,nan,-2.426778495868826e-19
1252150104.3447266,nan,-2.4051393437430754e-19
1252150104.3449707,nan,-2.3951163605584154e-19
1252150104.3452148,nan,-2.3756639442119383e-19
1252150104.345459,nan,-2.356242066966096e-19
1252150104.3457031,nan,-2.3507583008259905e-19
1252150104.3459473,nan,-2.3201326446560023e-19
1252150104.3461914,nan,-2.297432780336318e-19
1252150104.3464355,nan,-2.2887446514586674e-19
1252150104.3466797,nan,-2.273690925358656e-19
1252150104.3469238,nan,-2.2546021846640146e-19
1252150104.347168,nan,-2.2280520572268763e-19
1252150104.347412,nan,-2.2101077862486673e-19
1252150104.3476562,nan,-2.195515231298253e-19
1252150104.3479004,nan,-2.175437427063886e-19
1252150104.3481445,nan,-2.1413854211085256e-19
1252150104.3483887,nan,-2.1221832215351937e-19
1252150104.3486328,nan,-2.1133256464706486e-19
1252150104.348877,nan,-2.0828379611539953e-19
1252150104.349121,nan,-2.058017961398538e-19
1252150104.3493652,nan,-2.0333598307630027e-19
1252150104.3496094,nan,-2.017488765059567e-19
1252150104.3498535,nan,-1.9915419963234575e-19
1252150104.3500977,nan,-1.9575321861088579e-19
1252150104.3503418,nan,-1.9462037663077505e-19
1252150104.350586,nan,-1.917024163515732e-19
1252150104.35083,nan,-1.8923068134417563e-19
1252150104.3510742,nan,-1.8667713248467443e-19
1252150104.3513184,nan,-1.835883301148037e-19
1252150104.3515625,nan,-1.8168178638867126e-19
1252150104.3518066,nan,-1.7834548575709412e-19
1252150104.3520508,nan,-1.756997475045607e-19
1252150104.352295,nan,-1.7328950358720507e-19
1252150104.352539,nan,-1.7074583740076583e-19
1252150104.3527832,nan,-1.6765564148379053e-19
1252150104.3530273,nan,-1.6421417523563328e-19
1252150104.3532715,nan,-1.6240178295791315e-19
1252150104.3535156,nan,-1.5965156482525997e-19
1252150104.3537598,nan,-1.5605502714844811e-19
1252150104.354004,nan,-1.5318165573314148e-19
1252150104.354248,nan,-1.5054642236083264e-19
1252150104.3544922,nan,-1.480312589049752e-19
1252150104.3547363,nan,-1.4468548539443803e-19
1252150104.3549805,nan,-1.4074932833406785e-19
1252150104.3552246,nan,-1.385074016236073e-19
1252150104.3554688,nan,-1.360298906854634e-19
1252150104.355713,nan,-1.318349867081775e-19
1252150104.355957,nan,-1.2839174996554673e-19
1252150104.3562012,nan,-1.2591010407244093e-19
1252150104.3564453,nan,-1.2282332713302336e-19
1252150104.3566895,nan,-1.191720719354432e-19
1252150104.3569336,nan,-1.16187003754481e-19
1252150104.3571777,nan,-1.1314902521793834e-19
1252150104.3574219,nan,-1.1057058514419635e-19
1252150104.357666,nan,-1.0720777177422073e-19
1252150104.3579102,nan,-1.0251889977423758e-19
1252150104.3581543,nan,-1.003203418692145e-19
1252150104.3583984,nan,-9.761194207105272e-20
1252150104.3586426,nan,-9.310577578009121e-20
1252150104.3588867,nan,-8.994218409217756e-20
1252150104.3591309,nan,-8.650403117982826e-20
1252150104.359375,nan,-8.361327352599238e-20
1252150104.3596191,nan,-8.012206067481001e-20
1252150104.3598633,nan,-7.585014410496277e-20
1252150104.3601074,nan,-7.369709141641349e-20
1252150104.3603516,nan,-7.030005682445703e-20
1252150104.3605957,nan,-6.616559873528756e-20
1252150104.3608398,nan,-6.290073968038116e-20
1252150104.361084,nan,-5.942339127767517e-20
1252150104.3613281,nan,-5.664512573559727e-20
1252150104.3615723,nan,-5.270019142125747e-20
1252150104.3618164,nan,-4.8961775632462864e-20
1252150104.3620605,nan,-4.635547228679448e-20
1252150104.3623047,nan,-4.254275047297635e-20
1252150104.3625488,nan,-3.893947943723961e-20
1252150104.362793,nan,-3.519928104934535e-20
1252150104.363037,nan,-3.191939073122769e-20
1252150104.3632812,nan,-2.893445392032458e-20
1252150104.3635254,nan,-2.4633160139693105e-20
1252150104.3637695,nan,-2.0990780993736957e-20
1252150104.3640137,nan,-1.831669131995032e-20
1252150104.3642578,nan,-1.4709670873170334e-20
1252150104.364502,nan,-1.0684957261371548e-20
1252150104.364746,nan,-7.683190703951285e-21
1252150104.3649902,nan,-4.3605094251988275e-21
1252150104.3652344,nan,-1.2298200426884646e-21
1252150104.3654785,nan,2.7949165594610537e-21
1252150104.3657227,nan,6.897302434832054e-21
1252150104.3659668,nan,9.103560014483476e-21
1252150104.366211,nan,1.2516749360611634e-20
1252150104.366455,nan,1.6510980279261935e-20
1252150104.3666992,nan,1.9865130983778165e-20
1252150104.3669434,nan,2.271306153788738e-20
1252150104.3671875,nan,2.5763569028751076e-20
1252150104.3674316,nan,2.9903202681922784e-20
1252150104.3676758,nan,3.3697073994132644e-20
1252150104.36792,nan,3.634362843977479e-20
1252150104.368164,nan,3.9119323454121056e-20
1252150104.3684082,nan,4.35546723979283e-20
1252150104.3686523,nan,4.737935115171395e-20
1252150104.3688965,nan,4.974813029573607e-20
1252150104.3691406,nan,5.286810245420955e-20
1252150104.3693848,nan,5.651305828474076e-20
1252150104.369629,nan,5.956704651102121e-20
1252150104.369873,nan,6.228228118706367e-20
1252150104.3701172,nan,6.554882958750208e-20
1252150104.3703613,nan,6.91536890370073e-20
1252150104.3706055,nan,7.252730578460924e-20
1252150104.3708496,nan,7.523617688098618e-20
1252150104.3710938,nan,7.835414981734557e-20
1252150104.371338,nan,8.252269144351663e-20
1252150104.371582,nan,8.520396828306766e-20
1252150104.3718262,nan,8.771598988200928e-20
1252150104.3720703,nan,9.089615651781401e-20
1252150104.3723145,nan,9.404462066001075e-20
1252150104.3725586,nan,9.804893087677497e-20
1252150104.3728027,nan,9.998792512959478e-20
1252150104.3730469,nan,1.022633406266101e-19
1252150104.373291,nan,1.0676346252973554e-19
1252150104.3735352,nan,1.0933700443217938e-19
1252150104.3737793,nan,1.1137410886422791e-19
1252150104.3740234,nan,1.1458536772224122e-19
1252150104.3742676,nan,1.1782318097497259e-19
1252150104.3745117,nan,1.209610258783386e-19
1252150104.3747559,nan,1.2317552634410641e-19
1252150104.375,nan,1.2539634990441752e-19
1252150104.3752441,nan,1.286547026956767e-19
1252150104.3754883,nan,1.3133015107403363e-19
1252150104.3757324,nan,1.337076480553578e-19
1252150104.3759766,nan,1.3603773524411444e-19
1252150104.3762207,nan,1.391273294347018e-19
1252150104.3764648,nan,1.420456157734491e-19
1252150104.376709,nan,1.4350796248855784e-19
1252150104.3769531,nan,1.462223191604998e-19
1252150104.3771973,nan,1.4942975091828219e-19
1252150104.3774414,nan,1.5180068564062866e-19
1252150104.3776855,nan,1.5367435245904335e-19
1252150104.3779297,nan,1.5633365492101585e-19
1252150104.3781738,nan,1.589861464078233e-19
1252150104.378418,nan,1.6106283418743518e-19
1252150104.378662,nan,1.6338569341678046e-19
1252150104.3789062,nan,1.646012195334425e-19
1252150104.3791504,nan,1.6787317463503897e-19
1252150104.3793945,nan,1.7059537441304273e-19
1252150104.3796387,nan,1.715355144036738e-19
1252150104.3798828,nan,1.7378804064119531e-19
1252150104.380127,nan,1.7569596630866884e-19
1252150104.380371,nan,1.7850898081686275e-19
1252150104.3806152,nan,1.7972353465299593e-19
1252150104.3808594,nan,1.807614316490273e-19
1252150104.3811035,nan,1.8429141176501286e-19
1252150104.3813477,nan,1.8613942886534397e-19
1252150104.3815918,nan,1.8692992505769175e-19
1252150104.381836,nan,1.8903985642204873e-19
1252150104.38208,nan,1.9138481396738504e-19
1252150104.3823242,nan,1.9248224217536679e-19
1252150104.3825684,nan,1.9447328162859257e-19
1252150104.3828125,nan,1.9589001395246956e-19
1252150104.3830566,nan,1.9696933143671415e-19
1252150104.3833008,nan,1.993763147774551e-19
1252150104.383545,nan,1.9964911788201373e-19
1252150104.383789,nan,2.012398812998241e-19
1252150104.3840332,nan,2.0395540607628369e-19
1252150104.3842773,nan,2.0520010359847465e-19
1252150104.3845215,nan,2.0610598807450359e-19
1252150104.3847656,nan,2.0650656250833908e-19
1252150104.3850098,nan,2.0804696949622258e-19
1252150104.385254,nan,2.095589420153488e-19
1252150104.385498,nan,2.1069815370388445e-19
1252150104.3857422,nan,2.112889898632638e-19
1252150104.3859863,nan,2.1280017416389857e-19
1252150104.3862305,nan,2.1459636973768157e-19
1252150104.3864746,nan,2.1423211862181212e-19
1252150104.3867188,nan,2.1559950479437325e-19
1252150104.386963,nan,2.1704754440539833e-19
1252150104.387207,nan,2.177036374259829e-19
1252150104.3874512,nan,2.185242907753452e-19
1252150104.3876953,nan,2.1865348023742763e-19
1252150104.3879395,nan,2.1981928816246056e-19
1252150104.3881836,nan,2.2078872964569216e-19
1252150104.3884277,nan,2.2145291519529826e-19
1252150104.3886719,nan,2.2151818135185616e-19
1252150104.388916,nan,2.2216752173366624e-19
1252150104.3891602,nan,2.2342129963764793e-19
1252150104.3894043,nan,2.2297903001491414e-19
1252150104.3896484,nan,2.2323718981463893e-19
1252150104.3898926,nan,2.242461618592732e-19
1252150104.3901367,nan,2.2538334816109324e-19
1252150104.3903809,nan,2.248997488449419e-19
1252150104.390625,nan,2.244014442454192e-19
1252150104.3908691,nan,2.259063969928871e-19
1252150104.3911133,nan,2.255456311053579e-19
1252150104.3913574,nan,2.252068964434704e-19
1252150104.3916016,nan,2.2516666293323837e-19
1252150104.3918457,nan,2.2550670243952643e-19
1252150104.3920898,nan,2.259700977313594e-19
1252150104.392334,nan,2.248504845931722e-19
1252150104.3925781,nan,2.255405104969558e-19
1252150104.3928223,nan,2.2581430840969696e-19
1252150104.3930664,nan,2.2496453534811366e-19
1252150104.3933105,nan,2.2473866577943555e-19
1252150104.3935547,nan,2.2464342718375064e-19
1252150104.3937988,nan,2.2468478448541994e-19
1252150104.394043,nan,2.247504319391783e-19
1252150104.394287,nan,2.2435237931631444e-19
1252150104.3945312,nan,2.2292811011420004e-19
1252150104.3947754,nan,2.234913869118482e-19
1252150104.3950195,nan,2.225527454517127e-19
1252150104.3952637,nan,2.2114697267020826e-19
1252150104.3955078,nan,2.2200365392093214e-19
1252150104.395752,nan,2.207731901691234e-19
1252150104.395996,nan,2.204578585344688e-19
1252150104.3962402,nan,2.197789304507222e-19
1252150104.3964844,nan,2.1850183846156985e-19
1252150104.3967285,nan,2.1892320114729534e-19
1252150104.3969727,nan,2.17579384554793e-19
1252150104.3972168,nan,2.1626004348995831e-19
1252150104.397461,nan,2.1517722904234764e-19
1252150104.397705,nan,2.1456866364520242e-19
1252150104.3979492,nan,2.148463438200513e-19
1252150104.3981934,nan,2.1290661344826428e-19
1252150104.3984375,nan,2.113525699529025e-19
1252150104.3986816,nan,2.1084086024672282e-19
1252150104.3989258,nan,2.0977903098424566e-19
1252150104.39917,nan,2.0816978919329732e-19
1252150104.399414,nan,2.0714863846440062e-19
1252150104.3996582,nan,2.068712782393154e-19
1252150104.3999023,nan,2.050563268037243e-19
1252150104.4001465,nan,2.0355879786599484e-19
1252150104.4003906,nan,2.0214805360988164e-19
1252150104.4006348,nan,2.0098031239383993e-19
1252150104.400879,nan,2.004657321791596e-19
1252150104.401123,nan,1.9815588512865215e-19
1252150104.4013672,nan,1.9635745888617495e-19
1252150104.4016113,nan,1.956238158199487e-19
1252150104.4018555,nan,1.9429321864267732e-19
1252150104.4020996,nan,1.927939748929537e-19
1252150104.4023438,nan,1.9085800986870245e-19
1252150104.402588,nan,1.8903993552716357e-19
1252150104.402832,nan,1.8848621916209213e-19
1252150104.4030762,nan,1.863371910481025e-19
1252150104.4033203,nan,1.834409425084818e-19
1252150104.4035645,nan,1.8309983083001974e-19
1252150104.4038086,nan,1.8160448891530792e-19
1252150104.4040527,nan,1.792618982549709e-19
1252150104.4042969,nan,1.7761006542901675e-19
1252150104.404541,nan,1.752490881125669e-19
1252150104.4047852,nan,1.739099491009314e-19
1252150104.4050293,nan,1.7193042865937404e-19
1252150104.4052734,nan,1.6930208305406976e-19
1252150104.4055176,nan,1.6851478550843515e-19
1252150104.4057617,nan,1.6682769295074886e-19
1252150104.4060059,nan,1.6408299075880768e-19
1252150104.40625,nan,1.6212434305074082e-19
1252150104.4064941,nan,1.6085734591169995e-19
1252150104.4067383,nan,1.5843260792756735e-19
1252150104.4069824,nan,1.5556072294111924e-19
1252150104.4072266,nan,1.5460052021481766e-19
1252150104.4074707,nan,1.520948577612312e-19
1252150104.4077148,nan,1.4972356288425715e-19
1252150104.407959,nan,1.4849447132105704e-19
1252150104.4082031,nan,1.4526475597580721e-19
1252150104.4084473,nan,1.4371212807664587e-19
1252150104.4086914,nan,1.4203200530360948e-19
1252150104.4089355,nan,1.3868568032303517e-19
1252150104.4091797,nan,1.3638413852284125e-19
1252150104.4094238,nan,1.3516417293499754e-19
1252150104.409668,nan,1.337662613405638e-19
1252150104.409912,nan,1.3044786689617124e-19
1252150104.4101562,nan,1.276676579294694e-19
1252150104.4104004,nan,1.2580419715165245e-19
1252150104.4106445,nan,1.2362988838085468e-19
1252150104.4108887,nan,1.2067071632438429e-19
1252150104.4111328,nan,1.1755805676422615e-19
1252150104.411377,nan,1.1659750063718368e-19
1252150104.411621,nan,1.1480271185278354e-19
1252150104.4118652,nan,1.109819702077926e-19
1252150104.4121094,nan,1.0880377692214839e-19
1252150104.4123535,nan,1.0693830692214946e-19
1252150104.4125977,nan,1.0425563098677152e-19
1252150104.4128418,nan,1.0127788785342862e-19
1252150104.413086,nan,9.881353137170724e-20
1252150104.41333,nan,9.763477789174023e-20
1252150104.4135742,nan,9.498291396022082e-20
1252150104.4138184,nan,9.125675671873039e-20
1252150104.4140625,nan,8.850809237310011e-20
1252150104.4143066,nan,8.70051736042275e-20
1252150104.4145508,nan,8.513010678533344e-20
1252150104.414795,nan,8.11785190090244e-20
1252150104.415039,nan,7.836988422368113e-20
1252150104.4152832,nan,7.719999588664453e-20
1252150104.4155273,nan,7.506171065575085e-20
1252150104.4157715,nan,7.184942046490297e-20
1252150104.4160156,nan,6.905301298424858e-20
1252150104.4162598,nan,6.679329834051085e-20
1252150104.416504,nan,6.403874439626499e-20
1252150104.416748,nan,6.139710903234363e-20
1252150104.4169922,nan,5.89387566043062e-20
1252150104.4172363,nan,5.642614482369957e-20
1252150104.4174805,nan,5.3909711733673484e-20
1252150104.4177246,nan,5.1773654400122457e-20
1252150104.4179688,nan,4.8790978473322716e-20
1252150104.418213,nan,4.5749934781396787e-20
1252150104.418457,nan,4.374052166665772e-20
1252150104.4187012,nan,4.0922290955483853e-20
1252150104.4189453,nan,3.797365286330277e-20
1252150104.4191895,nan,3.6277386945174497e-20
1252150104.4194336,nan,3.4163688547468766e-20
1252150104.4196777,nan,3.0378584036512345e-20
1252150104.4199219,nan,2.815545112909025e-20
1252150104.420166,nan,2.629548448440622e-20
1252150104.4204102,nan,2.284239094188151e-20
1252150104.4206543,nan,2.0121275032559365e-20
1252150104.4208984,nan,1.7531613392566715e-20
1252150104.4211426,nan,1.54047521361809e-20
1252150104.4213867,nan,1.3141170963903861e-20
1252150104.4216309,nan,9.91109231964262e-21
1252150104.421875,nan,7.383975843678712e-21
1252150104.4221191,nan,5.598274401283852e-21
1252150104.4223633,nan,3.3713264210645724e-21
1252150104.4226074,nan,6.718769565328007e-23
1252150104.4228516,nan,-2.8351316244849185e-21
1252150104.4230957,nan,-4.658555579567888e-21
1252150104.4233398,nan,-7.018012662950902e-21
1252150104.423584,nan,-1.0370480395674007e-20
1252150104.4238281,nan,-1.264285403212948e-20
1252150104.4240723,nan,-1.4983913825746666e-20
1252150104.4243164,nan,-1.7465090716425142e-20
1252150104.4245605,nan,-1.9793799527955925e-20
1252150104.4248047,nan,-2.352331988922174e-20
1252150104.4250488,nan,-2.4529557975799437e-20
1252150104.425293,nan,-2.6005761878593718e-20
1252150104.425537,nan,-3.003117916956512e-20
1252150104.4257812,nan,-3.23757658904953e-20
1252150104.4260254,nan,-3.3886230654088985e-20
1252150104.4262695,nan,-3.5925606303743705e-20
1252150104.4265137,nan,-3.9576529890309385e-20
1252150104.4267578,nan,-4.2247951541289794e-20
1252150104.427002,nan,-4.350360342538807e-20
1252150104.427246,nan,-4.6070900549700694e-20
1252150104.4274902,nan,-4.8804253584317034e-20
1252150104.4277344,nan,-5.1067918724460584e-20
1252150104.4279785,nan,-5.297894550574008e-20
1252150104.4282227,nan,-5.509977373685471e-20
1252150104.4284668,nan,-5.785388154789043e-20
1252150104.428711,nan,-6.03449731926772e-20
1252150104.428955,nan,-6.185775564692237e-20
1252150104.4291992,nan,-6.36072574014975e-20
1252150104.4294434,nan,-6.67877045647089e-20
1252150104.4296875,nan,-6.935559221960391e-20
1252150104.4299316,nan,-7.099220320304528e-20
1252150104.4301758,nan,-7.29832512527518e-20
1252150104.43042,nan,-7.579963017788546e-20
1252150104.430664,nan,-7.839076406959067e-20
1252150104.4309082,nan,-7.881305948941376e-20
1252150104.4311523,nan,-8.106007673700056e-20
1252150104.4313965,nan,-8.430680387381793e-20
1252150104.4316406,nan,-8.581391331682508e-20
1252150104.4318848,nan,-8.760054624182947e-20
1252150104.432129,nan,-8.947538157145117e-20
1252150104.432373,nan,-9.258700962053978e-20
1252150104.4326172,nan,-9.463992283225733e-20
1252150104.4328613,nan,-9.584915649425767e-20
1252150104.4331055,nan,-9.754369574435086e-20
1252150104.4333496,nan,-1.0006115711951064e-19
1252150104.4335938,nan,-1.0292785795876658e-19
1252150104.433838,nan,-1.0324012200757243e-19
1252150104.434082,nan,-1.054033883297769e-19
1252150104.4343262,nan,-1.084999021558998e-19
1252150104.4345703,nan,-1.0942489195749193e-19
1252150104.4348145,nan,-1.1103622721192627e-19
1252150104.4350586,nan,-1.1260175199628238e-19
1252150104.4353027,nan,-1.1452133564970484e-19
1252150104.4355469,nan,-1.1633663944039204e-19
1252150104.435791,nan,-1.1808825133390724e-19
1252150104.4360352,nan,-1.2009972132708265e-19
1252150104.4362793,nan,-1.2171059392163784e-19
1252150104.4365234,nan,-1.2431224445019506e-19
1252150104.4367676,nan,-1.2461489606257546e-19
1252150104.4370117,nan,-1.2575508630577808e-19
1252150104.4372559,nan,-1.293065525814736e-19
1252150104.4375,nan,-1.3004057480020532e-19
1252150104.4377441,nan,-1.306483341826318e-19
1252150104.4379883,nan,-1.3256106068995284e-19
1252150104.4382324,nan,-1.3514430947929491e-19
1252150104.4384766,nan,-1.3650607988775394e-19
1252150104.4387207,nan,-1.365804679908545e-19
1252150104.4389648,nan,-1.3872549512577838e-19
1252150104.439209,nan,-1.403037980588827e-19
1252150104.4394531,nan,-1.413769917637226e-19
1252150104.4396973,nan,-1.4300272680705315e-19
1252150104.4399414,nan,-1.4419927367837409e-19
1252150104.4401855,nan,-1.463931380246198e-19
1252150104.4404297,nan,-1.4796593227684118e-19
1252150104.4406738,nan,-1.4799719173267664e-19
1252150104.440918,nan,-1.4878677419488004e-19
1252150104.441162,nan,-1.5092950604757012e-19
1252150104.4414062,nan,-1.522504458722059e-19
1252150104.4416504,nan,-1.53076870946344e-19
1252150104.4418945,nan,-1.5492249143643427e-19
1252150104.4421387,nan,-1.55987272838731e-19
1252150104.4423828,nan,-1.57034678925578e-19
1252150104.442627,nan,-1.5792082231019286e-19
1252150104.442871,nan,-1.5862763907513735e-19
1252150104.4431152,nan,-1.6059687817721534e-19
1252150104.4433594,nan,-1.6085433082950482e-19
1252150104.4436035,nan,-1.6149827853093353e-19
1252150104.4438477,nan,-1.6358412601523183e-19
1252150104.4440918,nan,-1.6450973083584518e-19
1252150104.444336,nan,-1.652941286708821e-19
1252150104.44458,nan,-1.6546485181719317e-19
1252150104.4448242,nan,-1.657590076364575e-19
1252150104.4450684,nan,-1.6828730907249548e-19
1252150104.4453125,nan,-1.6948393774572715e-19
1252150104.4455566,nan,-1.6857504864019793e-19
1252150104.4458008,nan,-1.7030810842128032e-19
1252150104.446045,nan,-1.7197554373397276e-19
1252150104.446289,nan,-1.7206607583417e-19
1252150104.4465332,nan,-1.723736857371528e-19
1252150104.4467773,nan,-1.7217059506781306e-19
1252150104.4470215,nan,-1.7354213975731234e-19
1252150104.4472656,nan,-1.7464953714280103e-19
1252150104.4475098,nan,-1.745172472822727e-19
1252150104.447754,nan,-1.75282025148444e-19
1252150104.447998,nan,-1.7611451422850368e-19
1252150104.4482422,nan,-1.76839317136903e-19
1252150104.4484863,nan,-1.764866566010235e-19
1252150104.4487305,nan,-1.7668511116051033e-19
1252150104.4489746,nan,-1.780452880042618e-19
1252150104.4492188,nan,-1.7863488297827515e-19
1252150104.449463,nan,-1.7851654225768926e-19
1252150104.449707,nan,-1.790286833519917e-19
1252150104.4499512,nan,-1.7998969105101861e-19
1252150104.4501953,nan,-1.8025400916726744e-19
1252150104.4504395,nan,-1.802963195586559e-19
1252150104.4506836,nan,-1.798071672213667e-19
1252150104.4509277,nan,-1.8013922202341172e-19
1252150104.4511719,nan,-1.81067950304076e-19
1252150104.451416,nan,-1.8051307447810354e-19
1252150104.4516602,nan,-1.8082297114959233e-19
1252150104.4519043,nan,-1.8207244143258577e-19
1252150104.4521484,nan,-1.8238006506482737e-19
1252150104.4523926,nan,-1.8081223828220034e-19
1252150104.4526367,nan,-1.802393642009664e-19
1252150104.4528809,nan,-1.820968578435157e-19
1252150104.453125,nan,-1.818335667385631e-19
1252150104.4533691,nan,-1.8089617879452107e-19
1252150104.4536133,nan,-1.8091840722663318e-19
1252150104.4538574,nan,-1.8185334493009754e-19
1252150104.4541016,nan,-1.821470189248188e-19
1252150104.4543457,nan,-1.8038732825745963e-19
1252150104.4545898,nan,-1.8035862223149628e-19
1252150104.454834,nan,-1.810070416468272e-19
1252150104.4550781,nan,-1.8061654801131067e-19
1252150104.4553223,nan,-1.8013432326966102e-19
1252150104.4555664,nan,-1.7977753528650988e-19
1252150104.4558105,nan,-1.8016701225546525e-19
1252150104.4560547,nan,-1.797276346124745e-19
1252150104.4562988,nan,-1.7890977693977077e-19
1252150104.456543,nan,-1.7880952991367117e-19
1252150104.456787,nan,-1.779311142539874e-19
1252150104.4570312,nan,-1.7751515174983744e-19
1252150104.4572754,nan,-1.7737028689177453e-19
1252150104.4575195,nan,-1.7662080199551852e-19
1252150104.4577637,nan,-1.771664575576568e-19
1252150104.4580078,nan,-1.7654319119010962e-19
1252150104.458252,nan,-1.7509128125466121e-19
1252150104.458496,nan,-1.7466368185008513e-19
1252150104.4587402,nan,-1.738626407341439e-19
1252150104.4589844,nan,-1.7383441891156598e-19
1252150104.4592285,nan,-1.726942544431288e-19
1252150104.4594727,nan,-1.716757406087601e-19
1252150104.4597168,nan,-1.7221714535153277e-19
1252150104.459961,nan,-1.7146822946375357e-19
1252150104.460205,nan,-1.701875596857871e-19
1252150104.4604492,nan,-1.6866396810427246e-19
1252150104.4606934,nan,-1.6850401016603106e-19
1252150104.4609375,nan,-1.6817908013398768e-19
1252150104.4611816,nan,-1.6645818510173568e-19
1252150104.4614258,nan,-1.6598855428110773e-19
1252150104.46167,nan,-1.656953623906853e-19
1252150104.461914,nan,-1.6490811695716858e-19
1252150104.4621582,nan,-1.6310915883747853e-19
1252150104.4624023,nan,-1.621120142336958e-19
1252150104.4626465,nan,-1.6151069953192745e-19
1252150104.4628906,nan,-1.6035854708627393e-19
1252150104.4631348,nan,-1.594760832717591e-19
1252150104.463379,nan,-1.5807668518547158e-19
1252150104.463623,nan,-1.5763089204727384e-19
1252150104.4638672,nan,-1.5642190191737418e-19
1252150104.4641113,nan,-1.5493617253032393e-19
1252150104.4643555,nan,-1.5388966451550841e-19
1252150104.4645996,nan,-1.5255571827547832e-19
1252150104.4648438,nan,-1.519028261533623e-19
1252150104.465088,nan,-1.5008712039922083e-19
1252150104.465332,nan,-1.4882792876178555e-19
1252150104.4655762,nan,-1.4828237596775387e-19
1252150104.4658203,nan,-1.4722568982266742e-19
1252150104.4660645,nan,-1.4538111220757075e-19
1252150104.4663086,nan,-1.4336041215776913e-19
1252150104.4665527,nan,-1.4292660736871608e-19
1252150104.4667969,nan,-1.41392686642282e-19
1252150104.467041,nan,-1.3946982993248184e-19
1252150104.4672852,nan,-1.3825076078164868e-19
1252150104.4675293,nan,-1.3727628491624115e-19
1252150104.4677734,nan,-1.361899473621145e-19
1252150104.4680176,nan,-1.3402493785190518e-19
1252150104.4682617,nan,-1.3270213393112037e-19
1252150104.4685059,nan,-1.3151338475066089e-19
1252150104.46875,nan,-1.2981889852557228e-19
1252150104.4689941,nan,-1.278874985292292e-19
1252150104.4692383,nan,-1.2631387599606222e-19
1252150104.4694824,nan,-1.255684702743643e-19
1252150104.4697266,nan,-1.2384131712158957e-19
1252150104.4699707,nan,-1.2158227518480923e-19
1252150104.4702148,nan,-1.194710284456418e-19
1252150104.470459,nan,-1.1822280143316862e-19
1252150104.4707031,nan,-1.1690145648594655e-19
1252150104.4709473,nan,-1.1462450227377981e-19
1252150104.4711914,nan,-1.137275472613821e-19
1252150104.4714355,nan,-1.1244853087528878e-19
1252150104.4716797,nan,-1.1019284155918955e-19
1252150104.4719238,nan,-1.0818099590116877e-19
1252150104.472168,nan,-1.0636863587253781e-19
1252150104.472412,nan,-1.0533926018815286e-19
1252150104.4726562,nan,-1.0327797759837148e-19
1252150104.4729004,nan,-1.0024906793151562e-19
1252150104.4731445,nan,-9.882833505696253e-20
1252150104.4733887,nan,-9.810061818263173e-20
1252150104.4736328,nan,-9.602143407907987e-20
1252150104.473877,nan,-9.313269697286643e-20
1252150104.474121,nan,-9.120111023886832e-20
1252150104.4743652,nan,-9.032464608888756e-20
1252150104.4746094,nan,-8.8214898221858e-20
1252150104.4748535,nan,-8.571138784657241e-20
1252150104.4750977,nan,-8.412908497244123e-20
1252150104.4753418,nan,-8.212764218258394e-20
1252150104.475586,nan,-8.045393758870775e-20
1252150104.47583,nan,-7.832898326961745e-20
1252150104.4760742,nan,-7.606516682907796e-20
1252150104.4763184,nan,-7.479542388507656e-20
1252150104.4765625,nan,-7.227943808916152e-20
1252150104.4768066,nan,-6.945255570888995e-20
1252150104.4770508,nan,-6.79535965770654e-20
1252150104.477295,nan,-6.7256255940012e-20
1252150104.477539,nan,-6.479454856386541e-20
1252150104.4777832,nan,-6.107470119447801e-20
1252150104.4780273,nan,-5.903378637006858e-20
1252150104.4782715,nan,-5.847298139116623e-20
1252150104.4785156,nan,-5.67397643748512e-20
1252150104.4787598,nan,-5.3075861358820805e-20
1252150104.479004,nan,-5.138872617819527e-20
1252150104.479248,nan,-5.016003341689647e-20
1252150104.4794922,nan,-4.761796777573186e-20
1252150104.4797363,nan,-4.5271211158301886e-20
1252150104.4799805,nan,-4.240197838844949e-20
1252150104.4802246,nan,-4.0665471535004733e-20
1252150104.4804688,nan,-3.9001769693735706e-20
1252150104.480713,nan,-3.579971754591237e-20
1252150104.480957,nan,-3.392959834306428e-20
1252150104.4812012,nan,-3.2987006836286043e-20
1252150104.4814453,nan,-3.097045802584111e-20
1252150104.4816895,nan,-2.7566684780017754e-20
1252150104.4819336,nan,-2.48197211601182e-20
1252150104.4821777,nan,-2.3470680477931925e-20
1252150104.4824219,nan,-2.1433250220871424e-20
1252150104.482666,nan,-1.8619210807479427e-20
1252150104.4829102,nan,-1.64460797532128e-20
1252150104.4831543,nan,-1.4783925354023952e-20
1252150104.4833984,nan,-1.2329291965700389e-20
1252150104.4836426,nan,-9.783579188403462e-21
1252150104.4838867,nan,-7.447231842969792e-21
1252150104.4841309,nan,-5.5480542396689036e-21
1252150104.484375,nan,-3.50501652632722e-21
1252150104.4846191,nan,-6.034999399001494e-22
1252150104.4848633,nan,7.830993907129928e-22
1252150104.4851074,nan,2.76069176317699e-21
1252150104.4853516,nan,5.690735872753704e-21
1252150104.4855957,nan,8.127556520435927e-21
1252150104.4858398,nan,1.083838237642076e-20
1252150104.486084,nan,1.2369816325142939e-20
1252150104.4863281,nan,1.4907192151850684e-20
1252150104.4865723,nan,1.7643659615426324e-20
1252150104.4868164,nan,1.9601998140006954e-20
1252150104.4870605,nan,2.176752147235766e-20
1252150104.4873047,nan,2.311101748190749e-20
1252150104.4875488,nan,2.6296339649214275e-20
1252150104.487793,nan,2.911928781085851e-20
1252150104.488037,nan,3.005590766112726e-20
1252150104.4882812,nan,3.267282008820662e-20
1252150104.4885254,nan,3.5812590524058887e-20
1252150104.4887695,nan,3.7765793761492504e-20
1252150104.4890137,nan,3.915548167162263e-20
1252150104.4892578,nan,4.1664513741927494e-20
1252150104.489502,nan,4.4426702890124964e-20
1252150104.489746,nan,4.6898439236380343e-20
1252150104.4899902,nan,4.857832205723904e-20
1252150104.4902344,nan,5.0203404488536345e-20
1252150104.4904785,nan,5.3594095052646206e-20
1252150104.4907227,nan,5.536896154394512e-20
1252150104.4909668,nan,5.627880138543385e-20
1252150104.491211,nan,5.88975636923555e-20
1252150104.491455,nan,6.22641976016431e-20
1252150104.4916992,nan,6.425986215819093e-20
1252150104.4919434,nan,6.538645839458385e-20
1252150104.4921875,nan,6.845137007082186e-20
1252150104.4924316,nan,7.085623556003428e-20
1252150104.4926758,nan,7.27837089878152e-20
1252150104.49292,nan,7.442042870159323e-20
1252150104.493164,nan,7.602299051989391e-20
1252150104.4934082,nan,7.977573626301284e-20
1252150104.4936523,nan,8.125353018893784e-20
1252150104.4938965,nan,8.257124204438256e-20
1252150104.4941406,nan,8.517837653822054e-20
1252150104.4943848,nan,8.740667454848869e-20
1252150104.494629,nan,9.028980889890221e-20
1252150104.494873,nan,9.1139115617238e-20
1252150104.4951172,nan,9.313128521278027e-20
1252150104.4953613,nan,9.614166374699734e-20
1252150104.4956055,nan,9.760804906194474e-20
1252150104.4958496,nan,9.966696317076074e-20
1252150104.4960938,nan,1.0129240872658771e-19
1252150104.496338,nan,1.0405308317410148e-19
1252150104.496582,nan,1.0619470820312165e-19
1252150104.4968262,nan,1.0691434263211857e-19
1252150104.4970703,nan,1.092186023946813e-19
1252150104.4973145,nan,1.1192367943558178e-19
1252150104.4975586,nan,1.1387996700820384e-19
1252150104.4978027,nan,1.1488274319429304e-19
1252150104.4980469,nan,1.1662904140911577e-19
1252150104.498291,nan,1.1997408722779714e-19
1252150104.4985352,nan,1.219628983866059e-19
1252150104.4987793,nan,1.2180693951911443e-19
1252150104.4990234,nan,1.2371312502841369e-19
1252150104.4992676,nan,1.2725469946235471e-19
1252150104.4995117,nan,1.284649122164627e-19
1252150104.4997559,nan,1.2960474943449284e-19
1252150104.5,nan,1.3132863936802676e-19
1252150104.5002441,nan,1.3318455351886228e-19
1252150104.5004883,nan,1.3541387931804152e-19
1252150104.5007324,nan,1.3646655716335139e-19
1252150104.5009766,nan,1.3846273319624223e-19
1252150104.5012207,nan,1.402392275909164e-19
1252150104.5014648,nan,1.4170006149139162e-19
1252150104.501709,nan,1.437376105342315e-19
1252150104.5019531,nan,1.445575480414128e-19
1252150104.5021973,nan,1.4699139099243053e-19
1252150104.5024414,nan,1.4872357667956767e-19
1252150104.5026855,nan,1.492667007118055e-19
1252150104.5029297,nan,1.5158700494938955e-19
1252150104.5031738,nan,1.5330631789348843e-19
1252150104.503418,nan,1.5457362973763997e-19
1252150104.503662,nan,1.5540890290836418e-19
1252150104.5039062,nan,1.5679706256186224e-19
1252150104.5041504,nan,1.589426652266683e-19
1252150104.5043945,nan,1.5989767320655945e-19
1252150104.5046387,nan,1.6109269357909658e-19
1252150104.5048828,nan,1.6224355775438471e-19
1252150104.505127,nan,1.6427841843450476e-19
1252150104.505371,nan,1.6611546522041522e-19
1252150104.5056152,nan,1.6592290993398787e-19
1252150104.5058594,nan,1.680604513075233e-19
1252150104.5061035,nan,1.6952444848969111e-19
1252150104.5063477,nan,1.6989345291594279e-19
1252150104.5065918,nan,1.7189103420192283e-19
1252150104.506836,nan,1.7147219984826543e-19
1252150104.50708,nan,1.7292967666899975e-19
1252150104.5073242,nan,1.7586575730619956e-19
1252150104.5075684,nan,1.7549649040975107e-19
1252150104.5078125,nan,1.767785395175216e-19
1252150104.5080566,nan,1.7901832637125405e-19
1252150104.5083008,nan,1.793409608512344e-19
1252150104.508545,nan,1.7992812446697748e-19
1252150104.508789,nan,1.8019430882266605e-19
1252150104.5090332,nan,1.8146833885226266e-19
1252150104.5092773,nan,1.8310405474158083e-19
1252150104.5095215,nan,1.8310680330405307e-19
1252150104.5097656,nan,1.8403363128588872e-19
1252150104.5100098,nan,1.854963149866199e-19
1252150104.510254,nan,1.8579519825919605e-19
1252150104.510498,nan,1.8602264151451805e-19
1252150104.5107422,nan,1.8737649944042842e-19
1252150104.5109863,nan,1.8829281895736994e-19
1252150104.5112305,nan,1.884613058039001e-19
1252150104.5114746,nan,1.8892870014883206e-19
1252150104.5117188,nan,1.896066185073004e-19
1252150104.511963,nan,1.9091055404810269e-19
1252150104.512207,nan,1.9109896917763845e-19
1252150104.5124512,nan,1.9057983843388424e-19
1252150104.5126953,nan,1.9167889000761435e-19
1252150104.5129395,nan,1.930511870878026e-19
1252150104.5131836,nan,1.9285905205545923e-19
1252150104.5134277,nan,1.9276844796942737e-19
1252150104.5136719,nan,1.933842983027623e-19
1252150104.513916,nan,1.9421472607009873e-19
1252150104.5141602,nan,1.9420540109607914e-19
1252150104.5144043,nan,1.9340799398969745e-19
1252150104.5146484,nan,1.9450116261036753e-19
1252150104.5148926,nan,1.9547961318953676e-19
1252150104.5151367,nan,1.951165434580422e-19
1252150104.5153809,nan,1.941514903207394e-19
1252150104.515625,nan,1.948892336735856e-19
1252150104.5158691,nan,1.9611896859960323e-19
1252150104.5161133,nan,1.9503411858503396e-19
1252150104.5163574,nan,1.950821021625369e-19
1252150104.5166016,nan,1.950803523531243e-19
1252150104.5168457,nan,1.949732050617419e-19
1252150104.5170898,nan,1.9550796217545928e-19
1252150104.517334,nan,1.9469528436063889e-19
1252150104.5175781,nan,1.9469452874011756e-19
1252150104.5178223,nan,1.95158781788024e-19
1252150104.5180664,nan,1.9490703872048654e-19
1252150104.5183105,nan,1.9388773029864934e-19
1252150104.5185547,nan,1.935391235274748e-19
1252150104.5187988,nan,1.9399713683895693e-19
1252150104.519043,nan,1.9324920167936816e-19
1252150104.519287,nan,1.926499203057066e-19
1252150104.5195312,nan,1.928874070600975e-19
1252150104.5197754,nan,1.9252228588357048e-19
1252150104.5200195,nan,1.916802640455461e-19
1252150104.5202637,nan,1.9139659372905732e-19
1252150104.5205078,nan,1.9092404780408107e-19
1252150104.520752,nan,1.9052578031030305e-19
1252150104.520996,nan,1.9010310111265177e-19
1252150104.5212402,nan,1.888500181852839e-19
1252150104.5214844,nan,1.8820690686210992e-19
1252150104.5217285,nan,1.8788550548050278e-19
1252150104.5219727,nan,1.8695231639391103e-19
1252150104.5222168,nan,1.8604490156428346e-19
1252150104.522461,nan,1.8505302914958185e-19
1252150104.522705,nan,1.8460230032554782e-19
1252150104.5229492,nan,1.8421892739259844e-19
1252150104.5231934,nan,1.8264771437009112e-19
1252150104.5234375,nan,1.8171395373195058e-19
1252150104.5236816,nan,1.8143895524468772e-19
1252150104.5239258,nan,1.803978069198314e-19
1252150104.52417,nan,1.7891657955744666e-19
1252150104.524414,nan,1.780190080614916e-19
1252150104.5246582,nan,1.7746713219460372e-19
1252150104.5249023,nan,1.7620721451144777e-19
1252150104.5251465,nan,1.7484148413481039e-19
1252150104.5253906,nan,1.7322214214158653e-19
1252150104.5256348,nan,1.724354826011133e-19
1252150104.525879,nan,1.7129983166035058e-19
1252150104.526123,nan,1.6919393019715747e-19
1252150104.5263672,nan,1.6930441129688435e-19
1252150104.5266113,nan,1.6787838055157834e-19
1252150104.5268555,nan,1.6607964336555271e-19
1252150104.5270996,nan,1.648760900704831e-19
1252150104.5273438,nan,1.6311544082155072e-19
1252150104.527588,nan,1.6279766829440861e-19
1252150104.527832,nan,1.604607455387461e-19
1252150104.5280762,nan,1.588401034260368e-19
1252150104.5283203,nan,1.5774238252403704e-19
1252150104.5285645,nan,1.5626779405205888e-19
1252150104.5288086,nan,1.5489323384514532e-19
1252150104.5290527,nan,1.5227787514218047e-19
1252150104.5292969,nan,1.5173919822426954e-19
1252150104.529541,nan,1.49473549761367e-19
1252150104.5297852,nan,1.4755946527944647e-19
1252150104.5300293,nan,1.475887347753912e-19
1252150104.5302734,nan,1.439509899291242e-19
1252150104.5305176,nan,1.4289582938246852e-19
1252150104.5307617,nan,1.4242167614108016e-19
1252150104.5310059,nan,1.3842477436103245e-19
1252150104.53125,nan,1.373498183127061e-19
1252150104.5314941,nan,1.3651805402985931e-19
1252150104.5317383,nan,1.334800085279764e-19
1252150104.5319824,nan,1.3184770465960552e-19
1252150104.5322266,nan,1.3002036898928661e-19
1252150104.5324707,nan,1.2804920316173143e-19
1252150104.5327148,nan,1.2643049106740316e-19
1252150104.532959,nan,1.2372495663621728e-19
1252150104.5332031,nan,1.220249296762286e-19
1252150104.5334473,nan,1.2070605570235422e-19
1252150104.5336914,nan,1.181732461192689e-19
1252150104.5339355,nan,1.155552924423266e-19
1252150104.5341797,nan,1.1370724785733316e-19
1252150104.5344238,nan,1.11891149107746e-19
1252150104.534668,nan,1.0936613138109485e-19
1252150104.534912,nan,1.0690247989516164e-19
1252150104.5351562,nan,1.0516275898961837e-19
1252150104.5354004,nan,1.038788107207647e-19
1252150104.5356445,nan,1.011759629765378e-19
1252150104.5358887,nan,9.77820073340489e-20
1252150104.5361328,nan,9.592008532919618e-20
1252150104.536377,nan,9.456218183884017e-20
1252150104.536621,nan,9.171814061578448e-20
1252150104.5368652,nan,8.884969881280093e-20
1252150104.5371094,nan,8.719898509780024e-20
1252150104.5373535,nan,8.449410698635877e-20
1252150104.5375977,nan,8.247128861417899e-20
1252150104.5378418,nan,7.933486743071263e-20
1252150104.538086,nan,7.604829556278685e-20
1252150104.53833,nan,7.543014828463853e-20
1252150104.5385742,nan,7.238279408763381e-20
1252150104.5388184,nan,6.977456514927304e-20
1252150104.5390625,nan,6.796878004264008e-20
1252150104.5393066,nan,6.498855460062725e-20
1252150104.5395508,nan,6.279650486129246e-20
1252150104.539795,nan,5.959071144202106e-20
1252150104.540039,nan,5.733911831364434e-20
1252150104.5402832,nan,5.544977953350153e-20
1252150104.5405273,nan,5.2554978874983405e-20
1252150104.5407715,nan,4.9541059955228893e-20
1252150104.5410156,nan,4.677037048935015e-20
1252150104.5412598,nan,4.500066297370236e-20
1252150104.541504,nan,4.244988995484976e-20
1252150104.541748,nan,3.916500309485471e-20
1252150104.5419922,nan,3.6479560459841996e-20
1252150104.5422363,nan,3.436714965592415e-20
1252150104.5424805,nan,3.17069340368787e-20
1252150104.5427246,nan,2.8408684697485695e-20
1252150104.5429688,nan,2.580770191425423e-20
1252150104.543213,nan,2.4337132088930524e-20
1252150104.543457,nan,2.1238537619764298e-20
1252150104.5437012,nan,1.716982716340075e-20
1252150104.5439453,nan,1.5589045119173418e-20
1252150104.5441895,nan,1.3552163962505956e-20
1252150104.5444336,nan,1.027402496960886e-20
1252150104.5446777,nan,7.033140266308266e-21
1252150104.5449219,nan,3.903516745219784e-21
1252150104.545166,nan,2.1675024843165874e-21
1252150104.5454102,nan,-7.592655512614598e-22
1252150104.5456543,nan,-3.927862887436714e-21
1252150104.5458984,nan,-5.903769919390446e-21
1252150104.5461426,nan,-8.66928181269448e-21
1252150104.5463867,nan,-1.1388402236112802e-20
1252150104.5466309,nan,-1.5135336581859363e-20
1252150104.546875,nan,-1.755978123033652e-20
1252150104.5471191,nan,-1.892547338629848e-20
1252150104.5473633,nan,-2.2708664865254687e-20
1252150104.5476074,nan,-2.596896601990809e-20
1252150104.5478516,nan,-2.845008854475003e-20
1252150104.5480957,nan,-3.1294117483243346e-20
1252150104.5483398,nan,-3.352918257112701e-20
1252150104.548584,nan,-3.6121377006992626e-20
1252150104.5488281,nan,-3.9305646326658576e-20
1252150104.5490723,nan,-4.176399410635995e-20
1252150104.5493164,nan,-4.3978696798092615e-20
1252150104.5495605,nan,-4.7414599548699135e-20
1252150104.5498047,nan,-5.0451188371219995e-20
1252150104.5500488,nan,-5.172358913532288e-20
1252150104.550293,nan,-5.45818948996997e-20
1252150104.550537,nan,-5.83923040482643e-20
1252150104.5507812,nan,-6.106080873665545e-20
1252150104.5510254,nan,-6.326008638816993e-20
1252150104.5512695,nan,-6.53945579197874e-20
1252150104.5515137,nan,-6.898144185737255e-20
1252150104.5517578,nan,-7.193626279672036e-20
1252150104.552002,nan,-7.31588934184646e-20
1252150104.552246,nan,-7.569698525662727e-20
1252150104.5524902,nan,-7.934420417189527e-20
1252150104.5527344,nan,-8.163258018549863e-20
1252150104.5529785,nan,-8.39770863471787e-20
1252150104.5532227,nan,-8.683167400536042e-20
1252150104.5534668,nan,-8.95377173583275e-20
1252150104.553711,nan,-9.226916492185312e-20
1252150104.553955,nan,-9.399126617872213e-20
1252150104.5541992,nan,-9.768513790446037e-20
1252150104.5544434,nan,-1.0035513777769748e-19
1252150104.5546875,nan,-1.0116657157034737e-19
1252150104.5549316,nan,-1.0450858938669286e-19
1252150104.5551758,nan,-1.0651373928983833e-19
1252150104.55542,nan,-1.0941361982222648e-19
1252150104.555664,nan,-1.1286506053397952e-19
1252150104.5559082,nan,-1.1384523773417696e-19
1252150104.5561523,nan,-1.1652836910422224e-19
1252150104.5563965,nan,-1.1863324811963184e-19
1252150104.5566406,nan,-1.2141767536763016e-19
1252150104.5568848,nan,-1.2423083956704357e-19
1252150104.557129,nan,-1.2558878080420232e-19
1252150104.557373,nan,-1.2968023704655672e-19
1252150104.5576172,nan,-1.3124380785098713e-19
1252150104.5578613,nan,-1.3241227187738521e-19
1252150104.5581055,nan,-1.3559447882537843e-19
1252150104.5583496,nan,-1.3767748358140712e-19
1252150104.5585938,nan,-1.4069216378429702e-19
1252150104.558838,nan,-1.4159451525972624e-19
1252150104.559082,nan,-1.428262774123515e-19
1252150104.5593262,nan,-1.470375999875419e-19
1252150104.5595703,nan,-1.4944095791019102e-19
1252150104.5598145,nan,-1.4996087575739906e-19
1252150104.5600586,nan,-1.5267621875775345e-19
1252150104.5603027,nan,-1.558572384002073e-19
1252150104.5605469,nan,-1.5665239426738683e-19
1252150104.560791,nan,-1.587100049074194e-19
1252150104.5610352,nan,-1.6074431877907967e-19
1252150104.5612793,nan,-1.6302349453930963e-19
1252150104.5615234,nan,-1.6508620141120855e-19
1252150104.5617676,nan,-1.6573106810400907e-19
1252150104.5620117,nan,-1.687120687838661e-19
1252150104.5622559,nan,-1.7107808530841217e-19
1252150104.5625,nan,-1.7245851249755772e-19
1252150104.5627441,nan,-1.7331865784107088e-19
1252150104.5629883,nan,-1.753442275891465e-19
1252150104.5632324,nan,-1.785576681736767e-19
1252150104.5634766,nan,-1.7914663116209123e-19
1252150104.5637207,nan,-1.8098650300826397e-19
1252150104.5639648,nan,-1.8257613876709705e-19
1252150104.564209,nan,-1.8429339926126483e-19
1252150104.5644531,nan,-1.8675310616322898e-19
1252150104.5646973,nan,-1.8670701213608556e-19
1252150104.5649414,nan,-1.887487391967125e-19
1252150104.5651855,nan,-1.9092933678834433e-19
1252150104.5654297,nan,-1.919029721398071e-19
1252150104.5656738,nan,-1.934512404680985e-19
1252150104.565918,nan,-1.9471981057426332e-19
1252150104.566162,nan,-1.9691221665839118e-19
1252150104.5664062,nan,-1.9819313836266227e-19
1252150104.5666504,nan,-1.9915239044772412e-19
1252150104.5668945,nan,-2.007389024912346e-19
1252150104.5671387,nan,-2.0182516738506067e-19
1252150104.5673828,nan,-2.0332912995420578e-19
1252150104.567627,nan,-2.0439483844629738e-19
1252150104.567871,nan,-2.050912569458336e-19
1252150104.5681152,nan,-2.067047371941907e-19
1252150104.5683594,nan,-2.07834157074929e-19
1252150104.5686035,nan,-2.0823279719014408e-19
1252150104.5688477,nan,-2.090658908477034e-19
1252150104.5690918,nan,-2.111672857032164e-19
1252150104.569336,nan,-2.122792928112749e-19
1252150104.56958,nan,-2.1172096916925263e-19
1252150104.5698242,nan,-2.1381479336735066e-19
1252150104.5700684,nan,-2.1527390810957042e-19
1252150104.5703125,nan,-2.1466720379606092e-19
1252150104.5705566,nan,-2.1600726205112214e-19
1252150104.5708008,nan,-2.1679257577366734e-19
1252150104.571045,nan,-2.1759514455176387e-19
1252150104.571289,nan,-2.184180806664231e-19
1252150104.5715332,nan,-2.185235240814748e-19
1252150104.5717773,nan,-2.192941525874014e-19
1252150104.5720215,nan,-2.1996277779826463e-19
1252150104.5722656,nan,-2.2124238973870496e-19
1252150104.5725098,nan,-2.2051493995680616e-19
1252150104.572754,nan,-2.209824707690098e-19
1252150104.572998,nan,-2.232378402714019e-19
1252150104.5732422,nan,-2.2210894668631926e-19
1252150104.5734863,nan,-2.2241202395541536e-19
1252150104.5737305,nan,-2.232077337746262e-19
1252150104.5739746,nan,-2.23572811116048e-19
1252150104.5742188,nan,-2.242504659516186e-19
1252150104.574463,nan,-2.236550717800254e-19
1252150104.574707,nan,-2.2411437698523856e-19
1252150104.5749512,nan,-2.240961651709054e-19
1252150104.5751953,nan,-2.24171823680212e-19
1252150104.5754395,nan,-2.241569263313729e-19
1252150104.5756836,nan,-2.2353938968299734e-19
1252150104.5759277,nan,-2.2476933954211847e-19
1252150104.5761719,nan,-2.2472397195267185e-19
1252150104.576416,nan,-2.234490473563818e-19
1252150104.5766602,nan,-2.2411356424705766e-19
1252150104.5769043,nan,-2.244026858571831e-19
1252150104.5771484,nan,-2.2410034573660685e-19
1252150104.5773926,nan,-2.2303192892040546e-19
1252150104.5776367,nan,-2.223023780142079e-19
1252150104.5778809,nan,-2.233428535566444e-19
1252150104.578125,nan,-2.2218616266528225e-19
1252150104.5783691,nan,-2.212196910919676e-19
1252150104.5786133,nan,-2.215568979184193e-19
1252150104.5788574,nan,-2.2113088091238356e-19
1252150104.5791016,nan,-2.2061466046348783e-19
1252150104.5793457,nan,-2.188805872241398e-19
1252150104.5795898,nan,-2.191235764105824e-19
1252150104.579834,nan,-2.1968743055188036e-19
1252150104.5800781,nan,-2.176977637662616e-19
1252150104.5803223,nan,-2.166051563318452e-19
1252150104.5805664,nan,-2.1655778433073287e-19
1252150104.5808105,nan,-2.1606359292229885e-19
1252150104.5810547,nan,-2.1513881884266493e-19
1252150104.5812988,nan,-2.1390694363940856e-19
1252150104.581543,nan,-2.1305650442043285e-19
1252150104.581787,nan,-2.1337618324527676e-19
1252150104.5820312,nan,-2.1202265029406263e-19
1252150104.5822754,nan,-2.0941473508877044e-19
1252150104.5825195,nan,-2.093941907332187e-19
1252150104.5827637,nan,-2.0921614875544338e-19
1252150104.5830078,nan,-2.0726539857890558e-19
1252150104.583252,nan,-2.05905475728783e-19
1252150104.583496,nan,-2.0503695635426322e-19
1252150104.5837402,nan,-2.0361837803214342e-19
1252150104.5839844,nan,-2.0241551520833927e-19
1252150104.5842285,nan,-2.0122668292860653e-19
1252150104.5844727,nan,-1.9952168959119068e-19
1252150104.5847168,nan,-1.9861832049327443e-19
1252150104.584961,nan,-1.966869068176835e-19
1252150104.585205,nan,-1.949608877192233e-19
1252150104.5854492,nan,-1.944584132273668e-19
1252150104.5856934,nan,-1.9293909858343368e-19
1252150104.5859375,nan,-1.9148368487679829e-19
1252150104.5861816,nan,-1.8923685528447043e-19
1252150104.5864258,nan,-1.8791866522133766e-19
1252150104.58667,nan,-1.869368457589115e-19
1252150104.586914,nan,-1.8429068415179725e-19
1252150104.5871582,nan,-1.8251911194999663e-19
1252150104.5874023,nan,-1.8078419415550698e-19
1252150104.5876465,nan,-1.7981417589637335e-19
1252150104.5878906,nan,-1.780804370499061e-19
1252150104.5881348,nan,-1.758818272204268e-19
1252150104.588379,nan,-1.7420548933103354e-19
1252150104.588623,nan,-1.717712381903954e-19
1252150104.5888672,nan,-1.7085875188512992e-19
1252150104.5891113,nan,-1.6898483767369058e-19
1252150104.5893555,nan,-1.6602003739989215e-19
1252150104.5895996,nan,-1.645148403260309e-19
1252150104.5898438,nan,-1.6258632781793506e-19
1252150104.590088,nan,-1.5993172372510473e-19
1252150104.590332,nan,-1.581497970440932e-19
1252150104.5905762,nan,-1.5640265341529023e-19
1252150104.5908203,nan,-1.5388449965275427e-19
1252150104.5910645,nan,-1.5182025550468855e-19
1252150104.5913086,nan,-1.494764089087513e-19
1252150104.5915527,nan,-1.4798839168527055e-19
1252150104.5917969,nan,-1.4605213616305493e-19
1252150104.592041,nan,-1.4270369964784277e-19
1252150104.5922852,nan,-1.4130073876568884e-19
1252150104.5925293,nan,-1.3911202250665536e-19
1252150104.5927734,nan,-1.3622373165539388e-19
1252150104.5930176,nan,-1.3361000605258061e-19
1252150104.5932617,nan,-1.3115570984730382e-19
1252150104.5935059,nan,-1.2969210089246008e-19
1252150104.59375,nan,-1.2719627365990202e-19
1252150104.5939941,nan,-1.2400479929074084e-19
1252150104.5942383,nan,-1.215129511155888e-19
1252150104.5944824,nan,-1.1923433682268236e-19
1252150104.5947266,nan,-1.1598286177333236e-19
1252150104.5949707,nan,-1.13766557541557e-19
1252150104.5952148,nan,-1.1200871885831003e-19
1252150104.595459,nan,-1.0887239797224382e-19
1252150104.5957031,nan,-1.0676377484634679e-19
1252150104.5959473,nan,-1.0365251052806424e-19
1252150104.5961914,nan,-1.0076859584380702e-19
1252150104.5964355,nan,-9.934896057153874e-20
1252150104.5966797,nan,-9.576499356185424e-20
1252150104.5969238,nan,-9.268673415519817e-20
1252150104.597168,nan,-9.050141229648718e-20
1252150104.597412,nan,-8.806888863802389e-20
1252150104.5976562,nan,-8.51304337906097e-20
1252150104.5979004,nan,-8.149848041794991e-20
1252150104.5981445,nan,-7.985846001040505e-20
1252150104.5983887,nan,-7.749501140511248e-20
1252150104.5986328,nan,-7.351501533843232e-20
1252150104.598877,nan,-7.097519490965174e-20
1252150104.599121,nan,-6.822279508828853e-20
1252150104.5993652,nan,-6.563323134306653e-20
1252150104.5996094,nan,-6.292605920271942e-20
1252150104.5998535,nan,-5.947319131423489e-20
1252150104.6000977,nan,-5.640852900885218e-20
1252150104.6003418,nan,-5.403359788169437e-20
1252150104.600586,nan,-5.131251382714116e-20
1252150104.60083,nan,-4.739261871047825e-20
1252150104.6010742,nan,-4.480989066713231e-20
1252150104.6013184,nan,-4.284845677941488e-20
1252150104.6015625,nan,-3.964160137052165e-20
1252150104.6018066,nan,-3.585076789362196e-20
1252150104.6020508,nan,-3.321040153727646e-20
1252150104.602295,nan,-3.1760793615514787e-20
1252150104.602539,nan,-2.7724207218574085e-20
1252150104.6027832,nan,-2.3451629028924595e-20
1252150104.6030273,nan,-2.1530548826054e-20
1252150104.6032715,nan,-1.8907536715297317e-20
1252150104.6035156,nan,-1.5694580440466858e-20
1252150104.6037598,nan,-1.1961585256102469e-20
1252150104.604004,nan,-9.019903526824328e-21
1252150104.604248,nan,-7.166636046761621e-21
1252150104.6044922,nan,-3.432646080791306e-21
1252150104.6047363,nan,-1.2503420192508583e-22
1252150104.6049805,nan,1.984689950889112e-21
1252150104.6052246,nan,5.058486561399769e-21
1252150104.6054688,nan,8.044378656046446e-21
1252150104.605713,nan,1.1397945358232635e-20
1252150104.605957,nan,1.4543801851307228e-20
1252150104.6062012,nan,1.664575537224891e-20
1252150104.6064453,nan,2.0152329248897594e-20
1252150104.6066895,nan,2.4085188091750314e-20
1252150104.6069336,nan,2.6490495185915606e-20
1252150104.6071777,nan,2.900441459234083e-20
1252150104.6074219,nan,3.224538840149149e-20
1252150104.607666,nan,3.568695495548927e-20
1252150104.6079102,nan,3.803059793223e-20
1252150104.6081543,nan,4.0620914274534424e-20
1252150104.6083984,nan,4.4165449405606e-20
1252150104.6086426,nan,4.7478457426727276e-20
1252150104.6088867,nan,5.010580440826126e-20
1252150104.6091309,nan,5.234826563956983e-20
1252150104.609375,nan,5.590802400615639e-20
1252150104.6096191,nan,5.91713819579146e-20
1252150104.6098633,nan,6.236008965196743e-20
1252150104.6101074,nan,6.463669975232933e-20
1252150104.6103516,nan,6.670894861328551e-20
1252150104.6105957,nan,7.097494701331518e-20
1252150104.6108398,nan,7.386625271563831e-20
1252150104.611084,nan,7.551308775143883e-20
1252150104.6113281,nan,7.843308398191873e-20
1252150104.6115723,nan,8.248476802769658e-20
1252150104.6118164,nan,8.502085661260233e-20
1252150104.6120605,nan,8.656118120534444e-20
1252150104.6123047,nan,9.081992594798757e-20
1252150104.6125488,nan,9.394199993344637e-20
1252150104.612793,nan,9.593857370790766e-20
1252150104.613037,nan,9.872815961437951e-20
1252150104.6132812,nan,1.0107792106025111e-19
1252150104.6135254,nan,1.0508955656421218e-19
1252150104.6137695,nan,1.0759959864854232e-19
1252150104.6140137,nan,1.0876859320733818e-19
1252150104.6142578,nan,1.1181093093959516e-19
1252150104.614502,nan,1.1511523134039762e-19
1252150104.614746,nan,1.180626174560057e-19
1252150104.6149902,nan,1.1999460210707772e-19
1252150104.6152344,nan,1.2257383576296022e-19
1252150104.6154785,nan,1.261099348265169e-19
1252150104.6157227,nan,1.278830492981867e-19
1252150104.6159668,nan,1.3016377212564708e-19
1252150104.616211,nan,1.3340967759161637e-19
1252150104.616455,nan,1.3583918430697774e-19
1252150104.6166992,nan,1.3797367057482056e-19
1252150104.6169434,nan,1.4031717523301973e-19
1252150104.6171875,nan,1.432334314121529e-19
1252150104.6174316,nan,1.4606280168036782e-19
1252150104.6176758,nan,1.4787765387515536e-19
1252150104.61792,nan,1.4977846616094017e-19
1252150104.618164,nan,1.522428767363413e-19
1252150104.6184082,nan,1.5480687007871026e-19
1252150104.6186523,nan,1.5708586906311622e-19
1252150104.6188965,nan,1.591007142688395e-19
1252150104.6191406,nan,1.618265385099352e-19
1252150104.6193848,nan,1.640742205210621e-19
1252150104.619629,nan,1.656569095574903e-19
1252150104.619873,nan,1.6737350355106967e-19
1252150104.6201172,nan,1.7016413882843689e-19
1252150104.6203613,nan,1.7324592228773727e-19
1252150104.6206055,nan,1.7472918048025924e-19
1252150104.6208496,nan,1.7626503558183358e-19
1252150104.6210938,nan,1.7801132950800993e-19
1252150104.621338,nan,1.8082975549271282e-19
1252150104.621582,nan,1.8286406702455657e-19
1252150104.6218262,nan,1.8345709030114981e-19
1252150104.6220703,nan,1.8649283446511743e-19
1252150104.6223145,nan,1.8832330668940351e-19
1252150104.6225586,nan,1.9007392526930294e-19
1252150104.6228027,nan,1.9222620922011933e-19
1252150104.6230469,nan,1.924793797004156e-19
1252150104.623291,nan,1.9586172296265237e-19
1252150104.6235352,nan,1.977592851056515e-19
1252150104.6237793,nan,1.9734981116944917e-19
1252150104.6240234,nan,2.00586857701274e-19
1252150104.6242676,nan,2.0230852745413684e-19
1252150104.6245117,nan,2.0273499736517992e-19
1252150104.6247559,nan,2.0483525542694988e-19
1252150104.625,nan,2.0671020188910627e-19
1252150104.6252441,nan,2.0831746430115022e-19
1252150104.6254883,nan,2.0917052692821882e-19
1252150104.6257324,nan,2.1039871899152601e-19
1252150104.6259766,nan,2.1242094356587068e-19
1252150104.6262207,nan,2.1395785003075778e-19
1252150104.6264648,nan,2.1453781328142246e-19
1252150104.626709,nan,2.159699851057369e-19
1252150104.6269531,nan,2.178547286217301e-19
1252150104.6271973,nan,2.18564136934632e-19
1252150104.6274414,nan,2.1936090939203624e-19
1252150104.6276855,nan,2.2026114392591e-19
1252150104.6279297,nan,2.217610621897915e-19
1252150104.6281738,nan,2.237344304010596e-19
1252150104.628418,nan,2.2427971476976264e-19
1252150104.628662,nan,2.2441876354678985e-19
1252150104.6289062,nan,2.26004057941929e-19
1252150104.6291504,nan,2.2771978589603027e-19
1252150104.6293945,nan,2.2796508339001926e-19
1252150104.6296387,nan,2.27709085711308e-19
1252150104.6298828,nan,2.2868952609762346e-19
1252150104.630127,nan,2.3097030597574304e-19
1252150104.630371,nan,2.3103752866297403e-19
1252150104.6306152,nan,2.308161608231355e-19
1252150104.6308594,nan,2.325095125037419e-19
1252150104.6311035,nan,2.3275546488502535e-19
1252150104.6313477,nan,2.3347222306769216e-19
1252150104.6315918,nan,2.3420583181990386e-19
1252150104.631836,nan,2.3478248779657676e-19
1252150104.63208,nan,2.3568334296593145e-19
1252150104.6323242,nan,2.352553916056739e-19
1252150104.6325684,nan,2.3546483808409706e-19
1252150104.6328125,nan,2.359061664659929e-19
1252150104.6330566,nan,2.36706084493828e-19
1252150104.6333008,nan,2.3684552802303806e-19
1252150104.633545,nan,2.3599549162349407e-19
1252150104.633789,nan,2.371682466334107e-19
1252150104.6340332,nan,2.3793646700520176e-19
1252150104.6342773,nan,2.3760617387835468e-19
1252150104.6345215,nan,2.371947025020852e-19
1252150104.6347656,nan,2.3723629606838953e-19
1252150104.6350098,nan,2.3826213543805397e-19
1252150104.635254,nan,2.3787382812542673e-19
1252150104.635498,nan,2.370105394851067e-19
1252150104.6357422,nan,2.377942451685657e-19
1252150104.6359863,nan,2.377327272407587e-19
1252150104.6362305,nan,2.3675485812589073e-19
1252150104.6364746,nan,2.365906942134301e-19
1252150104.6367188,nan,2.370539877287658e-19
1252150104.636963,nan,2.3732713204106653e-19
1252150104.637207,nan,2.356680884800899e-19
1252150104.6374512,nan,2.355006043337486e-19
1252150104.6376953,nan,2.3607014353590396e-19
1252150104.6379395,nan,2.3488540585175245e-19
1252150104.6381836,nan,2.345925967409512e-19
1252150104.6384277,nan,2.339351241366656e-19
1252150104.6386719,nan,2.335627326747211e-19
1252150104.638916,nan,2.334936149842311e-19
1252150104.6391602,nan,2.3229229249912437e-19
1252150104.6394043,nan,2.3177515109517636e-19
1252150104.6396484,nan,2.308874526978971e-19
1252150104.6398926,nan,2.3055972092669822e-19
1252150104.6401367,nan,2.3013508049455556e-19
1252150104.6403809,nan,2.2834973374971943e-19
1252150104.640625,nan,2.281351642756052e-19
1252150104.6408691,nan,2.280109294629314e-19
1252150104.6411133,nan,2.26481540221954e-19
1252150104.6413574,nan,2.2498638256259525e-19
1252150104.6416016,nan,2.2427998847638993e-19
1252150104.6418457,nan,2.2419230075538976e-19
1252150104.6420898,nan,2.2254147470405306e-19
1252150104.642334,nan,2.2078636250811266e-19
1252150104.6425781,nan,2.2057396639948046e-19
1252150104.6428223,nan,2.195509947936297e-19
1252150104.6430664,nan,2.18554645845481e-19
1252150104.6433105,nan,2.168557578358436e-19
1252150104.6435547,nan,2.1495892787115703e-19
1252150104.6437988,nan,2.1501318584234033e-19
1252150104.644043,nan,2.1350781162801162e-19
1252150104.644287,nan,2.1105788276564332e-19
1252150104.6445312,nan,2.1069688662805778e-19
1252150104.6447754,nan,2.0981007142219215e-19
1252150104.6450195,nan,2.0793622178741607e-19
1252150104.6452637,nan,2.0587564493452283e-19
1252150104.6455078,nan,2.0453555789588124e-19
1252150104.645752,nan,2.040828450481791e-19
1252150104.645996,nan,2.0135429945464354e-19
1252150104.6462402,nan,1.9893654540003289e-19
1252150104.6464844,nan,1.986429601660816e-19
1252150104.6467285,nan,1.9744968575726368e-19
1252150104.6469727,nan,1.9551812566577208e-19
1252150104.6472168,nan,1.931454596796781e-19
1252150104.647461,nan,1.9167672892404782e-19
1252150104.647705,nan,1.9060705751157493e-19
1252150104.6479492,nan,1.8811545725337817e-19
1252150104.6481934,nan,1.8588704204887467e-19
1252150104.6484375,nan,1.8440416343777246e-19
1252150104.6486816,nan,1.8310876725025855e-19
1252150104.6489258,nan,1.80752081778269e-19
1252150104.64917,nan,1.784311033821697e-19
1252150104.649414,nan,1.7710871025383727e-19
1252150104.6496582,nan,1.7517811069251417e-19
1252150104.6499023,nan,1.729003908513233e-19
1252150104.6501465,nan,1.7020592145587394e-19
1252150104.6503906,nan,1.6832859234660892e-19
1252150104.6506348,nan,1.6677870476017793e-19
1252150104.650879,nan,1.647582545577881e-19
1252150104.651123,nan,1.624255545781739e-19
1252150104.6513672,nan,1.5938207109069508e-19
1252150104.6516113,nan,1.5827203441294467e-19
1252150104.6518555,nan,1.5564844081445676e-19
1252150104.6520996,nan,1.525687267780802e-19
1252150104.6523438,nan,1.5122941029988184e-19
1252150104.652588,nan,1.4866221913705405e-19
1252150104.652832,nan,1.4698659468668196e-19
1252150104.6530762,nan,1.436813737403547e-19
1252150104.6533203,nan,1.4140624643940929e-19
1252150104.6535645,nan,1.4044138157875214e-19
1252150104.6538086,nan,1.3693106172392214e-19
1252150104.6540527,nan,1.3455091253282955e-19
1252150104.6542969,nan,1.32142745996775e-19
1252150104.654541,nan,1.3023474286453702e-19
1252150104.6547852,nan,1.2754032134230634e-19
1252150104.6550293,nan,1.2378576364780046e-19
1252150104.6552734,nan,1.2201540039899228e-19
1252150104.6555176,nan,1.1957953095880767e-19
1252150104.6557617,nan,1.1730649110123412e-19
1252150104.6560059,nan,1.143153662120094e-19
1252150104.65625,nan,1.1143101971771083e-19
1252150104.6564941,nan,1.1007700300935565e-19
1252150104.6567383,nan,1.0648830588883229e-19
1252150104.6569824,nan,1.0279011951693118e-19
1252150104.6572266,nan,1.0108203326888477e-19
1252150104.6574707,nan,9.900046096252755e-20
1252150104.6577148,nan,9.615906906720952e-20
1252150104.657959,nan,9.270617863764328e-20
1252150104.6582031,nan,9.020230201335651e-20
1252150104.6584473,nan,8.810421835918487e-20
1252150104.6586914,nan,8.467717477894956e-20
1252150104.6589355,nan,8.203870953177435e-20
1252150104.6591797,nan,7.902632397654168e-20
1252150104.6594238,nan,7.644590698161902e-20
1252150104.659668,nan,7.39384436714257e-20
1252150104.659912,nan,7.002101305076353e-20
1252150104.6601562,nan,6.817163155150746e-20
1252150104.6604004,nan,6.532773136451227e-20
1252150104.6606445,nan,6.159616832865577e-20
1252150104.6608887,nan,5.924883531027079e-20
1252150104.6611328,nan,5.62308525719431e-20
1252150104.661377,nan,5.380391953666149e-20
1252150104.661621,nan,5.059383342676335e-20
1252150104.6618652,nan,4.7174349132243897e-20
1252150104.6621094,nan,4.463937669374656e-20
1252150104.6623535,nan,4.195263357107908e-20
1252150104.6625977,nan,3.932642029150704e-20
1252150104.6628418,nan,3.524307748613883e-20
1252150104.663086,nan,3.2477179837503794e-20
1252150104.66333,nan,3.094920338705362e-20
1252150104.6635742,nan,2.6703770364448984e-20
1252150104.6638184,nan,2.3434135829450248e-20
1252150104.6640625,nan,2.1485330167322243e-20
1252150104.6643066,nan,1.8417944848150848e-20
1252150104.6645508,nan,1.4955197370787696e-20
1252150104.664795,nan,1.2008577467355524e-20
1252150104.665039,nan,9.589623778979472e-21
1252150104.6652832,nan,6.242041028465141e-21
1252150104.6655273,nan,2.932486210239116e-21
1252150104.6657715,nan,5.829031938964214e-23
1252150104.6660156,nan,-2.4483700520089674e-21
1252150104.6662598,nan,-5.148154509227226e-21
1252150104.666504,nan,-8.588659405370453e-21
1252150104.666748,nan,-1.2064627147356854e-20
1252150104.6669922,nan,-1.501441584424165e-20
1252150104.6672363,nan,-1.6923891108971097e-20
1252150104.6674805,nan,-2.0287247923602272e-20
1252150104.6677246,nan,-2.4323165002985843e-20
1252150104.6679688,nan,-2.6912855319277278e-20
1252150104.668213,nan,-2.990015489116183e-20
1252150104.668457,nan,-3.295338547654637e-20
1252150104.6687012,nan,-3.594984768500536e-20
1252150104.6689453,nan,-3.842492209868255e-20
1252150104.6691895,nan,-4.0899535446761945e-20
1252150104.6694336,nan,-4.4866556877607616e-20
1252150104.6696777,nan,-4.814877416269498e-20
1252150104.6699219,nan,-4.977248730258672e-20
1252150104.670166,nan,-5.237780415881508e-20
1252150104.6704102,nan,-5.673149366965057e-20
1252150104.6706543,nan,-5.957196172075963e-20
1252150104.6708984,nan,-6.180340723000936e-20
1252150104.6711426,nan,-6.50024562369415e-20
1252150104.6713867,nan,-6.838188082469773e-20
1252150104.6716309,nan,-7.119402476739814e-20
1252150104.671875,nan,-7.336403746782553e-20
1252150104.6721191,nan,-7.68091373328122e-20
1252150104.6723633,nan,-7.957706753833587e-20
1252150104.6726074,nan,-8.258332224210734e-20
1252150104.6728516,nan,-8.543736348708833e-20
1252150104.6730957,nan,-8.721199093066189e-20
1252150104.6733398,nan,-9.116175925485855e-20
1252150104.673584,nan,-9.418518962996177e-20
1252150104.6738281,nan,-9.628614818125108e-20
1252150104.6740723,nan,-9.907239046951761e-20
1252150104.6743164,nan,-1.0199545670775018e-19
1252150104.6745605,nan,-1.049199157260677e-19
1252150104.6748047,nan,-1.0754145719167776e-19
1252150104.6750488,nan,-1.1043335923979622e-19
1252150104.675293,nan,-1.1303857883028468e-19
1252150104.675537,nan,-1.1629070641696817e-19
1252150104.6757812,nan,-1.183552582219032e-19
1252150104.6760254,nan,-1.2025487722272051e-19
1252150104.6762695,nan,-1.239836663059221e-19
1252150104.6765137,nan,-1.2689561072099e-19
1252150104.6767578,nan,-1.2878762105920097e-19
1252150104.677002,nan,-1.3128011922193893e-19
1252150104.677246,nan,-1.3500047195229576e-19
1252150104.6774902,nan,-1.3686309830306698e-19
1252150104.6777344,nan,-1.3879797359749134e-19
1252150104.6779785,nan,-1.4194555056617886e-19
1252150104.6782227,nan,-1.440459983654223e-19
1252150104.6784668,nan,-1.4735806420684096e-19
1252150104.678711,nan,-1.4935749762072928e-19
1252150104.678955,nan,-1.5096779523709724e-19
1252150104.6791992,nan,-1.543346251976772e-19
1252150104.6794434,nan,-1.567542750400913e-19
1252150104.6796875,nan,-1.5871641077590357e-19
1252150104.6799316,nan,-1.6089385815996003e-19
1252150104.6801758,nan,-1.635238773231994e-19
1252150104.68042,nan,-1.6607613085208427e-19
1252150104.680664,nan,-1.6820287255733804e-19
1252150104.6809082,nan,-1.7010106862625012e-19
1252150104.6811523,nan,-1.7303068913474145e-19
1252150104.6813965,nan,-1.7569781845160955e-19
1252150104.6816406,nan,-1.7633891087921248e-19
1252150104.6818848,nan,-1.7857570120610808e-19
1252150104.682129,nan,-1.8208679333367383e-19
1252150104.682373,nan,-1.8413122135715515e-19
1252150104.6826172,nan,-1.853725498543039e-19
1252150104.6828613,nan,-1.874485188625052e-19
1252150104.6831055,nan,-1.901023411790529e-19
1252150104.6833496,nan,-1.919435217813087e-19
1252150104.6835938,nan,-1.9379964492594685e-19
1252150104.683838,nan,-1.9501150886334116e-19
1252150104.684082,nan,-1.9744525170444585e-19
1252150104.6843262,nan,-2.0051204704498723e-19
1252150104.6845703,nan,-2.0147919385558333e-19
1252150104.6848145,nan,-2.0287802558781193e-19
1252150104.6850586,nan,-2.0486689071669283e-19
1252150104.6853027,nan,-2.07534006340549e-19
1252150104.6855469,nan,-2.0857403652181328e-19
1252150104.685791,nan,-2.0942790889642313e-19
1252150104.6860352,nan,-2.126601093810072e-19
1252150104.6862793,nan,-2.141686206383668e-19
1252150104.6865234,nan,-2.1480323337992965e-19
1252150104.6867676,nan,-2.1655958152500604e-19
1252150104.6870117,nan,-2.1897829816037583e-19
1252150104.6872559,nan,-2.2049954006949442e-19
1252150104.6875,nan,-2.215765021772379e-19
1252150104.6877441,nan,-2.227919192328102e-19
1252150104.6879883,nan,-2.2445897725921483e-19
1252150104.6882324,nan,-2.267618632160208e-19
1252150104.6884766,nan,-2.268972055828097e-19
1252150104.6887207,nan,-2.281070159804814e-19
1252150104.6889648,nan,-2.3009230654301527e-19
1252150104.689209,nan,-2.314555583704916e-19
1252150104.6894531,nan,-2.3274402766558437e-19
1252150104.6896973,nan,-2.3248888592885703e-19
1252150104.6899414,nan,-2.35086719976831e-19
1252150104.6901855,nan,-2.3720236762982064e-19
1252150104.6904297,nan,-2.3718858280400717e-19
1252150104.6906738,nan,-2.380987937688294e-19
1252150104.690918,nan,-2.389693809895253e-19
1252150104.691162,nan,-2.4104206665693565e-19
1252150104.6914062,nan,-2.4128779344859126e-19
1252150104.6916504,nan,-2.413985373394429e-19
1252150104.6918945,nan,-2.4315676631704626e-19
1252150104.6921387,nan,-2.4409951939473957e-19
1252150104.6923828,nan,-2.4507053787287546e-19
1252150104.692627,nan,-2.452629615130383e-19
1252150104.692871,nan,-2.463691617220415e-19
1252150104.6931152,nan,-2.4780044073271046e-19
1252150104.6933594,nan,-2.4784934289114563e-19
1252150104.6936035,nan,-2.477732590629086e-19
1252150104.6938477,nan,-2.4887009231657035e-19
1252150104.6940918,nan,-2.5036565003074315e-19
1252150104.694336,nan,-2.501415013596541e-19
1252150104.69458,nan,-2.505466736990224e-19
1252150104.6948242,nan,-2.513729341545932e-19
1252150104.6950684,nan,-2.514267795476491e-19
1252150104.6953125,nan,-2.5142413468337357e-19
1252150104.6955566,nan,-2.5166476165878654e-19
1252150104.6958008,nan,-2.5313882801893313e-19
1252150104.696045,nan,-2.538237465042227e-19
1252150104.696289,nan,-2.5316860734170015e-19
1252150104.6965332,nan,-2.5288296467887183e-19
1252150104.6967773,nan,-2.537303947939726e-19
1252150104.6970215,nan,-2.542878863256029e-19
1252150104.6972656,nan,-2.5397501266332674e-19
1252150104.6975098,nan,-2.533729110973357e-19
1252150104.697754,nan,-2.5358545842833443e-19
1252150104.697998,nan,-2.549633194741676e-19
1252150104.6982422,nan,-2.5382282131232698e-19
1252150104.6984863,nan,-2.530184578891867e-19
1252150104.6987305,nan,-2.5387895702951857e-19
1252150104.6989746,nan,-2.5312616152558826e-19
1252150104.6992188,nan,-2.5293291702189074e-19
1252150104.699463,nan,-2.529392075122535e-19
1252150104.699707,nan,-2.525140213666828e-19
1252150104.6999512,nan,-2.526517971245726e-19
1252150104.7001953,nan,-2.522246371601645e-19
1252150104.7004395,nan,-2.5117601510298203e-19
1252150104.7006836,nan,-2.51466274975344e-19
1252150104.7009277,nan,-2.514449377678896e-19
1252150104.7011719,nan,-2.4975236863149953e-19
1252150104.701416,nan,-2.4945037669591253e-19
1252150104.7016602,nan,-2.4909978249642724e-19
1252150104.7019043,nan,-2.482216086870645e-19
1252150104.7021484,nan,-2.4733628666541363e-19
1252150104.7023926,nan,-2.4646965861072854e-19
1252150104.7026367,nan,-2.4641553419997166e-19
1252150104.7028809,nan,-2.4589023789963708e-19
1252150104.703125,nan,-2.446547720817178e-19
1252150104.7033691,nan,-2.4327487158808696e-19
1252150104.7036133,nan,-2.431580518991595e-19
1252150104.7038574,nan,-2.4248051107648456e-19
1252150104.7041016,nan,-2.4084294509332835e-19
1252150104.7043457,nan,-2.396778149757546e-19
1252150104.7045898,nan,-2.3874776042537943e-19
1252150104.704834,nan,-2.3868079858706543e-19
1252150104.7050781,nan,-2.366454079330349e-19
1252150104.7053223,nan,-2.350952048026043e-19
1252150104.7055664,nan,-2.353754170156841e-19
1252150104.7058105,nan,-2.333107864869211e-19
1252150104.7060547,nan,-2.3188109558786336e-19
1252150104.7062988,nan,-2.304665250486124e-19
1252150104.706543,nan,-2.28863933494039e-19
1252150104.706787,nan,-2.287812355824197e-19
1252150104.7070312,nan,-2.263698202779731e-19
1252150104.7072754,nan,-2.237796993503056e-19
1252150104.7075195,nan,-2.238217004010339e-19
1252150104.7077637,nan,-2.22347738314322e-19
1252150104.7080078,nan,-2.1963756023264546e-19
1252150104.708252,nan,-2.178606319458136e-19
1252150104.708496,nan,-2.1682558120763895e-19
1252150104.7087402,nan,-2.1613418978078826e-19
1252150104.7089844,nan,-2.130966833087979e-19
1252150104.7092285,nan,-2.113971272519725e-19
1252150104.7094727,nan,-2.111706371727954e-19
1252150104.7097168,nan,-2.080303446194004e-19
1252150104.709961,nan,-2.06075617681447e-19
1252150104.710205,nan,-2.0505080893776185e-19
1252150104.7104492,nan,-2.0218313374201976e-19
1252150104.7106934,nan,-2.0077605297951407e-19
1252150104.7109375,nan,-1.9935250458496385e-19
1252150104.7111816,nan,-1.96086284586762e-19
1252150104.7114258,nan,-1.946077936876905e-19
1252150104.71167,nan,-1.9328741329645345e-19
1252150104.711914,nan,-1.9002768245349981e-19
1252150104.7121582,nan,-1.8830360740094332e-19
1252150104.7124023,nan,-1.866812412495261e-19
1252150104.7126465,nan,-1.8414290422388674e-19
1252150104.7128906,nan,-1.8184734224063362e-19
1252150104.7131348,nan,-1.7914816557111299e-19
1252150104.713379,nan,-1.7775915040909025e-19
1252150104.713623,nan,-1.7584568064682134e-19
1252150104.7138672,nan,-1.7227447169253754e-19
1252150104.7141113,nan,-1.695036785125225e-19
1252150104.7143555,nan,-1.6793850494751642e-19
1252150104.7145996,nan,-1.6560580143624455e-19
1252150104.7148438,nan,-1.6245129473679371e-19
1252150104.715088,nan,-1.6012168133029955e-19
1252150104.715332,nan,-1.5794453836724069e-19
1252150104.7155762,nan,-1.5588689930881375e-19
1252150104.7158203,nan,-1.529050814724012e-19
1252150104.7160645,nan,-1.4986283394655708e-19
1252150104.7163086,nan,-1.4809841703496414e-19
1252150104.7165527,nan,-1.4567046684270195e-19
1252150104.7167969,nan,-1.4286356099954375e-19
1252150104.717041,nan,-1.3948145914122192e-19
1252150104.7172852,nan,-1.3689275236839886e-19
1252150104.7175293,nan,-1.3489411057334242e-19
1252150104.7177734,nan,-1.3165841164156563e-19
1252150104.7180176,nan,-1.2834985292157733e-19
1252150104.7182617,nan,-1.2593576784338097e-19
1252150104.7185059,nan,-1.2369938064306719e-19
1252150104.71875,nan,-1.2016137308258243e-19
1252150104.7189941,nan,-1.1714890113428416e-19
1252150104.7192383,nan,-1.1495290733585735e-19
1252150104.7194824,nan,-1.1186152686361451e-19
1252150104.7197266,nan,-1.0844592199835982e-19
1252150104.7199707,nan,-1.0527438529835951e-19
1252150104.7202148,nan,-1.0253927845665215e-19
1252150104.720459,nan,-9.985769671097896e-20
1252150104.7207031,nan,-9.651834941164723e-20
1252150104.7209473,nan,-9.26445093333891e-20
1252150104.7211914,nan,-9.051357474726193e-20
1252150104.7214355,nan,-8.839501683648022e-20
1252150104.7216797,nan,-8.393340655504877e-20
1252150104.7219238,nan,-8.078651431525982e-20
1252150104.722168,nan,-7.84807795456479e-20
1252150104.722412,nan,-7.529337940199255e-20
1252150104.7226562,nan,-7.157687369424391e-20
1252150104.7229004,nan,-6.835668665156088e-20
1252150104.7231445,nan,-6.621132077967121e-20
1252150104.7233887,nan,-6.268512853265524e-20
1252150104.7236328,nan,-5.92839737077991e-20
1252150104.723877,nan,-5.585525307866553e-20
1252150104.724121,nan,-5.245166546980153e-20
1252150104.7243652,nan,-5.045446300513309e-20
1252150104.7246094,nan,-4.6110082742739634e-20
1252150104.7248535,nan,-4.177396437942637e-20
1252150104.7250977,nan,-3.956003677593459e-20
1252150104.7253418,nan,-3.704350113782472e-20
1252150104.725586,nan,-3.3348068768850764e-20
1252150104.72583,nan,-2.92776336191493e-20
1252150104.7260742,nan,-2.701281267778878e-20
1252150104.7263184,nan,-2.3253333629277645e-20
1252150104.7265625,nan,-1.9134171334972993e-20
1252150104.7268066,nan,-1.647350715338859e-20
1252150104.7270508,nan,-1.2705002731970343e-20
1252150104.727295,nan,-1.037391434287411e-20
1252150104.727539,nan,-6.787440172854596e-21
1252150104.7277832,nan,-2.2084376751708188e-21
1252150104.7280273,nan,8.810759951650455e-23
1252150104.7282715,nan,3.50700006204823e-21
1252150104.7285156,nan,7.139018464980242e-21
1252150104.7287598,nan,1.0829220236765997e-20
1252150104.729004,nan,1.3732441451450267e-20
1252150104.729248,nan,1.6175840065283625e-20
1252150104.7294922,nan,2.1079730681856797e-20
1252150104.7297363,nan,2.474082141095076e-20
1252150104.7299805,nan,2.7138588126045675e-20
1252150104.7302246,nan,3.0538664909820204e-20
1252150104.7304688,nan,3.442984331745029e-20
1252150104.730713,nan,3.818041168045037e-20
1252150104.730957,nan,4.053766034011125e-20
1252150104.7312012,nan,4.360714803552673e-20
1252150104.7314453,nan,4.7668545088236576e-20
1252150104.7316895,nan,5.091174553408232e-20
1252150104.7319336,nan,5.421916171050145e-20
1252150104.7321777,nan,5.790489574123378e-20
1252150104.7324219,nan,6.115955258127502e-20
1252150104.732666,nan,6.45550315596199e-20
1252150104.7329102,nan,6.81322796689338e-20
1252150104.7331543,nan,7.046949849337267e-20
1252150104.7333984,nan,7.437230850515201e-20
1252150104.7336426,nan,7.879106710267161e-20
1252150104.7338867,nan,8.09743598332287e-20
1252150104.7341309,nan,8.427938905247495e-20
1252150104.734375,nan,8.83119601644235e-20
1252150104.7346191,nan,9.10404959788122e-20
1252150104.7348633,nan,9.37967895619085e-20
1252150104.7351074,nan,9.747906655718747e-20
1252150104.7353516,nan,1.0098551565122027e-19
1252150104.7355957,nan,1.0396040028308143e-19
1252150104.7358398,nan,1.0698751978771713e-19
1252150104.736084,nan,1.1049875349328502e-19
1252150104.7363281,nan,1.143704224600053e-19
1252150104.7365723,nan,1.1737276622317187e-19
1252150104.7368164,nan,1.202581508159763e-19
1252150104.7370605,nan,1.228428428139555e-19
1252150104.7373047,nan,1.2650707295019204e-19
1252150104.7375488,nan,1.30736650328147e-19
1252150104.737793,nan,1.326285836639854e-19
1252150104.738037,nan,1.3580226968046748e-19
1252150104.7382812,nan,1.3920656131035069e-19
1252150104.7385254,nan,1.417753765065442e-19
1252150104.7387695,nan,1.4499340243262176e-19
1252150104.7390137,nan,1.4772748859274942e-19
1252150104.7392578,nan,1.5128642872801615e-19
1252150104.739502,nan,1.5419937254604064e-19
1252150104.739746,nan,1.570150958648973e-19
1252150104.7399902,nan,1.605549435875794e-19
1252150104.7402344,nan,1.6291703739694858e-19
1252150104.7404785,nan,1.662816330322428e-19
1252150104.7407227,nan,1.6917242296074167e-19
1252150104.7409668,nan,1.712601901974079e-19
1252150104.741211,nan,1.748882171412132e-19
1252150104.741455,nan,1.778300390477767e-19
1252150104.7416992,nan,1.8018038952841262e-19
1252150104.7419434,nan,1.8294277447367018e-19
1252150104.7421875,nan,1.8564088870859938e-19
1252150104.7424316,nan,1.8861389000382867e-19
1252150104.7426758,nan,1.9104355483350255e-19
1252150104.74292,nan,1.9304176527365877e-19
1252150104.743164,nan,1.969068953201656e-19
1252150104.7434082,nan,1.9989254987478127e-19
1252150104.7436523,nan,2.014967007303843e-19
1252150104.7438965,nan,2.0410397106458198e-19
1252150104.7441406,nan,2.0679314732626894e-19
1252150104.7443848,nan,2.0964321636718924e-19
1252150104.744629,nan,2.1135628109431014e-19
1252150104.744873,nan,2.1366063458723112e-19
1252150104.7451172,nan,2.1666398108293094e-19
1252150104.7453613,nan,2.189862088910022e-19
1252150104.7456055,nan,2.2222788326484744e-19
1252150104.7458496,nan,2.2376866918160486e-19
1252150104.7460938,nan,2.25769082417797e-19
1252150104.746338,nan,2.292955448876593e-19
1252150104.746582,nan,2.301075622478945e-19
1252150104.7468262,nan,2.319028625692465e-19
1252150104.7470703,nan,2.354194690506399e-19
1252150104.7473145,nan,2.3686472743143247e-19
1252150104.7475586,nan,2.3846764408179783e-19
1252150104.7478027,nan,2.4084104268968775e-19
1252150104.7480469,nan,2.435093755097954e-19
1252150104.748291,nan,2.4615115804221764e-19
1252150104.7485352,nan,2.4657673446456573e-19
1252150104.7487793,nan,2.481374042655392e-19
1252150104.7490234,nan,2.518114466923378e-19
1252150104.7492676,nan,2.534182062144314e-19
1252150104.7495117,nan,2.54323963631034e-19
1252150104.7497559,nan,2.5598657858157704e-19
1252150104.75,nan,2.5825694401593507e-19
1252150104.7502441,nan,2.601358420744933e-19
1252150104.7504883,nan,2.605164575129135e-19
1252150104.7507324,nan,2.6242807561858253e-19
1252150104.7509766,nan,2.644743798662269e-19
1252150104.7512207,nan,2.6587954084171097e-19
1252150104.7514648,nan,2.6819879322395435e-19
1252150104.751709,nan,2.692623241370936e-19
1252150104.7519531,nan,2.702351623563691e-19
1252150104.7521973,nan,2.7222698257635614e-19
1252150104.7524414,nan,2.7316983903025277e-19
1252150104.7526855,nan,2.7368975672809806e-19
1252150104.7529297,nan,2.7548427565573715e-19
1252150104.7531738,nan,2.772348874316342e-19
1252150104.753418,nan,2.779349614915596e-19
1252150104.753662,nan,2.7896260268135156e-19
1252150104.7539062,nan,2.806010878576888e-19
1252150104.7541504,nan,2.8158234806542743e-19
1252150104.7543945,nan,2.819196396624116e-19
1252150104.7546387,nan,2.8300394785934294e-19
1252150104.7548828,nan,2.84364266480978e-19
1252150104.755127,nan,2.8495747260107395e-19
1252150104.755371,nan,2.858154617814664e-19
1252150104.7556152,nan,2.8635347774602836e-19
1252150104.7558594,nan,2.868607728288375e-19
1252150104.7561035,nan,2.8817298113943645e-19
1252150104.7563477,nan,2.8840902269520173e-19
1252150104.7565918,nan,2.889799347475555e-19
1252150104.756836,nan,2.900055269680811e-19
1252150104.75708,nan,2.8982069212052535e-19
1252150104.7573242,nan,2.9013530723123095e-19
1252150104.7575684,nan,2.902521303632823e-19
1252150104.7578125,nan,2.9111179334286233e-19
1252150104.7580566,nan,2.922448098189001e-19
1252150104.7583008,nan,2.9140384789387526e-19
1252150104.758545,nan,2.9180559097158897e-19
1252150104.758789,nan,2.929652352121409e-19
1252150104.7590332,nan,2.9238511636226908e-19
1252150104.7592773,nan,2.9154585572800005e-19
1252150104.7595215,nan,2.921764028023556e-19
1252150104.7597656,nan,2.928352808027053e-19
1252150104.7600098,nan,2.924892656845528e-19
1252150104.760254,nan,2.922572239391834e-19
1252150104.760498,nan,2.91114964330659e-19
1252150104.7607422,nan,2.916892092310246e-19
1252150104.7609863,nan,2.9208847011528858e-19
1252150104.7612305,nan,2.903274529595065e-19
1252150104.7614746,nan,2.905404514134794e-19
1252150104.7617188,nan,2.908937962267384e-19
1252150104.761963,nan,2.9095393945489606e-19
1252150104.762207,nan,2.8926463039688996e-19
1252150104.7624512,nan,2.877587150683529e-19
1252150104.7626953,nan,2.893966806894504e-19
1252150104.7629395,nan,2.8813349396097996e-19
1252150104.7631836,nan,2.861824806117188e-19
1252150104.7634277,nan,2.861839007196075e-19
1252150104.7636719,nan,2.8556957298744503e-19
1252150104.763916,nan,2.852534014400831e-19
1252150104.7641602,nan,2.836037961346854e-19
1252150104.7644043,nan,2.8210343288559466e-19
1252150104.7646484,nan,2.8223541068977045e-19
1252150104.7648926,nan,2.813158746028688e-19
1252150104.7651367,nan,2.796450677869564e-19
1252150104.7653809,nan,2.784511197990862e-19
1252150104.765625,nan,2.777748631748846e-19
1252150104.7658691,nan,2.7705729154074343e-19
1252150104.7661133,nan,2.747634783459294e-19
1252150104.7663574,nan,2.729666910783166e-19
1252150104.7666016,nan,2.7275973468299466e-19
1252150104.7668457,nan,2.7109832626590297e-19
1252150104.7670898,nan,2.6904843224313803e-19
1252150104.767334,nan,2.681429952291125e-19
1252150104.7675781,nan,2.6696120728384725e-19
1252150104.7678223,nan,2.6545238090030237e-19
1252150104.7680664,nan,2.635370930821987e-19
1252150104.7683105,nan,2.615423392810414e-19
1252150104.7685547,nan,2.603345728439293e-19
1252150104.7687988,nan,2.587289555742311e-19
1252150104.769043,nan,2.564324353921459e-19
1252150104.769287,nan,2.5412901791123323e-19
1252150104.7695312,nan,2.527500751466572e-19
1252150104.7697754,nan,2.5171005841951487e-19
1252150104.7700195,nan,2.4869697528489924e-19
1252150104.7702637,nan,2.462192725904774e-19
1252150104.7705078,nan,2.4510802296954387e-19
1252150104.770752,nan,2.424859932411258e-19
1252150104.770996,nan,2.40449008514681e-19
1252150104.7712402,nan,2.387208894251821e-19
1252150104.7714844,nan,2.362062059218719e-19
1252150104.7717285,nan,2.3448819303691967e-19
1252150104.7719727,nan,2.3176460996491456e-19
1252150104.7722168,nan,2.286245253886146e-19
1252150104.772461,nan,2.2728505726736525e-19
1252150104.772705,nan,2.2504060284472083e-19
1252150104.7729492,nan,2.2140980646191025e-19
1252150104.7731934,nan,2.189935336827437e-19
1252150104.7734375,nan,2.17621705814369e-19
1252150104.7736816,nan,2.146577224916923e-19
1252150104.7739258,nan,2.1108758092918082e-19
1252150104.77417,nan,2.0908781386989106e-19
1252150104.774414,nan,2.0695210625013896e-19
1252150104.7746582,nan,2.042316814822034e-19
1252150104.7749023,nan,2.0086052574968266e-19
1252150104.7751465,nan,1.9777909459947593e-19
1252150104.7753906,nan,1.9538520824606726e-19
1252150104.7756348,nan,1.9263246549849788e-19
1252150104.775879,nan,1.8944595175346518e-19
1252150104.776123,nan,1.8610317001559322e-19
1252150104.7763672,nan,1.838504285149693e-19
1252150104.7766113,nan,1.8145296442887173e-19
1252150104.7768555,nan,1.7723180890899505e-19
1252150104.7770996,nan,1.7432376149401702e-19
1252150104.7773438,nan,1.7213740107995387e-19
1252150104.777588,nan,1.6922381769014615e-19
1252150104.777832,nan,1.652296424480938e-19
1252150104.7780762,nan,1.6121618061099683e-19
1252150104.7783203,nan,1.5938790726306498e-19
1252150104.7785645,nan,1.5586927823421938e-19
1252150104.7788086,nan,1.518386588197131e-19
1252150104.7790527,nan,1.4855933956108493e-19
1252150104.7792969,nan,1.4567892194398123e-19
1252150104.779541,nan,1.4309744452575106e-19
1252150104.7797852,nan,1.3812952745602588e-19
1252150104.7800293,nan,1.3499501353975227e-19
1252150104.7802734,nan,1.3245965401386872e-19
1252150104.7805176,nan,1.2854216082676688e-19
1252150104.7807617,nan,1.2530928111314644e-19
1252150104.7810059,nan,1.2158074431749704e-19
1252150104.78125,nan,1.1832061745023798e-19
1252150104.7814941,nan,1.1432020036207614e-19
1252150104.7817383,nan,1.104053494962902e-19
1252150104.7819824,nan,1.0729318876921122e-19
1252150104.7822266,nan,1.0354798232473603e-19
1252150104.7824707,nan,1.0025083381183839e-19
1252150104.7827148,nan,9.647029401152994e-20
1252150104.782959,nan,9.215065257749429e-20
1252150104.7832031,nan,8.922424978678214e-20
1252150104.7834473,nan,8.589667502075824e-20
1252150104.7836914,nan,8.123198341624473e-20
1252150104.7839355,nan,7.687379424030152e-20
1252150104.7841797,nan,7.389675049486838e-20
1252150104.7844238,nan,7.066509765318583e-20
1252150104.784668,nan,6.59321659275111e-20
1252150104.784912,nan,6.210089904560943e-20
1252150104.7851562,nan,5.881974487952778e-20
1252150104.7854004,nan,5.527118622456797e-20
1252150104.7856445,nan,5.0791782320183604e-20
1252150104.7858887,nan,4.620280816224535e-20
1252150104.7861328,nan,4.303752930190298e-20
1252150104.786377,nan,3.9236147711283584e-20
1252150104.786621,nan,3.479002792390466e-20
1252150104.7868652,nan,3.0684778733400605e-20
1252150104.7871094,nan,2.7707195063588867e-20
1252150104.7873535,nan,2.3870613862664935e-20
1252150104.7875977,nan,1.855846327924857e-20
1252150104.7878418,nan,1.535108173158784e-20
1252150104.788086,nan,1.2174236848767106e-20
1252150104.78833,nan,7.189783025332538e-21
1252150104.7885742,nan,2.9428462901345038e-21
1252150104.7888184,nan,-6.028195656166352e-22
1252150104.7890625,nan,-4.415210586434702e-21
1252150104.7893066,nan,-8.142165201360404e-21
1252150104.7895508,nan,-1.2496799129114307e-20
1252150104.789795,nan,-1.733206027761208e-20
1252150104.790039,nan,-2.1017609435012115e-20
1252150104.7902832,nan,-2.370612964128264e-20
1252150104.7905273,nan,-2.8621206166176656e-20
1252150104.7907715,nan,-3.31237169542854e-20
1252150104.7910156,nan,-3.5418173404017186e-20
1252150104.7912598,nan,-4.0257991101687394e-20
1252150104.791504,nan,-4.5001864244536663e-20
1252150104.791748,nan,-4.832192797549585e-20
1252150104.7919922,nan,-5.2648326365579615e-20
1252150104.7922363,nan,-5.628695899860125e-20
1252150104.7924805,nan,-6.045237929244066e-20
1252150104.7927246,nan,-6.530115957018873e-20
1252150104.7929688,nan,-6.795482817996527e-20
1252150104.793213,nan,-7.186265286597715e-20
1252150104.793457,nan,-7.717448500536626e-20
1252150104.7937012,nan,-8.091465084560314e-20
1252150104.7939453,nan,-8.474154337220438e-20
1252150104.7941895,nan,-8.767703478663583e-20
1252150104.7944336,nan,-9.245472917578023e-20
1252150104.7946777,nan,-9.738812534848952e-20
1252150104.7949219,nan,-9.921480421871772e-20
1252150104.795166,nan,-1.0396939994768219e-19
1252150104.7954102,nan,-1.0871956548628125e-19
1252150104.7956543,nan,-1.1164776611180978e-19
1252150104.7958984,nan,-1.156265392357309e-19
1252150104.7961426,nan,-1.1950688320745786e-19
1252150104.7963867,nan,-1.2379775889408788e-19
1252150104.7966309,nan,-1.2745221842829672e-19
1252150104.796875,nan,-1.3047082061978054e-19
1252150104.7971191,nan,-1.3464855981169875e-19
1252150104.7973633,nan,-1.3902669042867554e-19
1252150104.7976074,nan,-1.4239719559366066e-19
1252150104.7978516,nan,-1.4584066649564122e-19
1252150104.7980957,nan,-1.4970242361591535e-19
1252150104.7983398,nan,-1.5330418924048861e-19
1252150104.798584,nan,-1.573730985517564e-19
1252150104.7988281,nan,-1.6060966499026502e-19
1252150104.7990723,nan,-1.635614610883007e-19
1252150104.7993164,nan,-1.681308012807783e-19
1252150104.7995605,nan,-1.7200629362115798e-19
1252150104.7998047,nan,-1.74871948428265e-19
1252150104.8000488,nan,-1.7820305550959608e-19
1252150104.800293,nan,-1.821290018986391e-19
1252150104.800537,nan,-1.8624358460337186e-19
1252150104.8007812,nan,-1.890071930295421e-19
1252150104.8010254,nan,-1.9189631174598544e-19
1252150104.8012695,nan,-1.9662972091411272e-19
1252150104.8015137,nan,-1.994846019014749e-19
1252150104.8017578,nan,-2.0274457939771413e-19
1252150104.802002,nan,-2.0655584012297106e-19
1252150104.802246,nan,-2.0855941153315004e-19
1252150104.8024902,nan,-2.128130622168492e-19
1252150104.8027344,nan,-2.1573716805547924e-19
1252150104.8029785,nan,-2.1813791147260317e-19
1252150104.8032227,nan,-2.2258567640456335e-19
1252150104.8034668,nan,-2.2505835390796286e-19
1252150104.803711,nan,-2.280657569501512e-19
1252150104.803955,nan,-2.311283263986823e-19
1252150104.8041992,nan,-2.3383480888933526e-19
1252150104.8044434,nan,-2.377260487838286e-19
1252150104.8046875,nan,-2.403278904309005e-19
1252150104.8049316,nan,-2.4234851064093326e-19
1252150104.8051758,nan,-2.4583251726250823e-19
1252150104.80542,nan,-2.497571208306277e-19
1252150104.805664,nan,-2.516701724150956e-19
1252150104.8059082,nan,-2.5362373448138407e-19
1252150104.8061523,nan,-2.577569965100295e-19
1252150104.8063965,nan,-2.602425243636014e-19
1252150104.8066406,nan,-2.6141674972009018e-19
1252150104.8068848,nan,-2.6467041099728614e-19
1252150104.807129,nan,-2.6783147192677457e-19
1252150104.807373,nan,-2.70340464427452e-19
1252150104.8076172,nan,-2.726791435444978e-19
1252150104.8078613,nan,-2.747085125003465e-19
1252150104.8081055,nan,-2.773329140508175e-19
1252150104.8083496,nan,-2.795488225232103e-19
1252150104.8085938,nan,-2.81899178922106e-19
1252150104.808838,nan,-2.83919665227246e-19
1252150104.809082,nan,-2.860038107597954e-19
1252150104.8093262,nan,-2.889832111286965e-19
1252150104.8095703,nan,-2.9005527607145443e-19
1252150104.8098145,nan,-2.9192231995106363e-19
1252150104.8100586,nan,-2.9507648469169257e-19
1252150104.8103027,nan,-2.9661025529909602e-19
1252150104.8105469,nan,-2.9787854966671877e-19
1252150104.810791,nan,-2.997210689742636e-19
1252150104.8110352,nan,-3.0243119649722865e-19
1252150104.8112793,nan,-3.041526330901457e-19
1252150104.8115234,nan,-3.0522213300210955e-19
1252150104.8117676,nan,-3.068859453525647e-19
1252150104.8120117,nan,-3.091039012581752e-19
1252150104.8122559,nan,-3.11033556969986e-19
1252150104.8125,nan,-3.1175248271777023e-19
1252150104.8127441,nan,-3.1275255599020433e-19
1252150104.8129883,nan,-3.146487033492952e-19
1252150104.8132324,nan,-3.169625959572046e-19
1252150104.8134766,nan,-3.1756125093690973e-19
1252150104.8137207,nan,-3.18294078620434e-19
1252150104.8139648,nan,-3.2062120754747213e-19
1252150104.814209,nan,-3.2124984966164707e-19
1252150104.8144531,nan,-3.216817122415921e-19
1252150104.8146973,nan,-3.234735094272209e-19
1252150104.8149414,nan,-3.2470545415520574e-19
1252150104.8151855,nan,-3.2483859897738003e-19
1252150104.8154297,nan,-3.2566333050980923e-19
1252150104.8156738,nan,-3.26766974088226e-19
1252150104.815918,nan,-3.277711682026345e-19
1252150104.816162,nan,-3.2922729670059673e-19
1252150104.8164062,nan,-3.293225393726812e-19
1252150104.8166504,nan,-3.290743374830281e-19
1252150104.8168945,nan,-3.305868117835639e-19
1252150104.8171387,nan,-3.3167784171346064e-19
1252150104.8173828,nan,-3.3065069989736325e-19
1252150104.817627,nan,-3.311412365901244e-19
1252150104.817871,nan,-3.3236327609959116e-19
1252150104.8181152,nan,-3.3195147119916553e-19
1252150104.8183594,nan,-3.321916439601034e-19
1252150104.8186035,nan,-3.32436682390942e-19
1252150104.8188477,nan,-3.3271479066430497e-19
1252150104.8190918,nan,-3.3279408699698763e-19
1252150104.819336,nan,-3.3177215828892065e-19
1252150104.81958,nan,-3.321659075757567e-19
1252150104.8198242,nan,-3.3322975168242514e-19
1252150104.8200684,nan,-3.324531720758481e-19
1252150104.8203125,nan,-3.3168772862266377e-19
1252150104.8205566,nan,-3.3177797717104385e-19
1252150104.8208008,nan,-3.3114457360846817e-19
1252150104.821045,nan,-3.314865206249493e-19
1252150104.821289,nan,-3.3101033039251384e-19
1252150104.8215332,nan,-3.293596098093638e-19
1252150104.8217773,nan,-3.2995426352020363e-19
1252150104.8220215,nan,-3.2959781085983735e-19
1252150104.8222656,nan,-3.276893793668545e-19
1252150104.8225098,nan,-3.267535058678626e-19
1252150104.822754,nan,-3.2650520800876886e-19
1252150104.822998,nan,-3.2610516955202144e-19
1252150104.8232422,nan,-3.245407350768101e-19
1252150104.8234863,nan,-3.2391007455627404e-19
1252150104.8237305,nan,-3.229745209913291e-19
1252150104.8239746,nan,-3.215612123292294e-19
1252150104.8242188,nan,-3.211696811554212e-19
1252150104.824463,nan,-3.1896179229778524e-19
1252150104.824707,nan,-3.1773444119492124e-19
1252150104.8249512,nan,-3.175224871955061e-19
1252150104.8251953,nan,-3.1554076647917187e-19
1252150104.8254395,nan,-3.134358806802207e-19
1252150104.8256836,nan,-3.1254701038852423e-19
1252150104.8259277,nan,-3.1154986070101094e-19
1252150104.8261719,nan,-3.087134480067882e-19
1252150104.826416,nan,-3.073436380986869e-19
1252150104.8266602,nan,-3.070297491338288e-19
1252150104.8269043,nan,-3.0436897573422584e-19
1252150104.8271484,nan,-3.019364296038559e-19
1252150104.8273926,nan,-3.0085638884702125e-19
1252150104.8276367,nan,-2.9924363790676464e-19
1252150104.8278809,nan,-2.968342875050409e-19
1252150104.828125,nan,-2.947867857925569e-19
1252150104.8283691,nan,-2.925846659145592e-19
1252150104.8286133,nan,-2.9008458143418117e-19
1252150104.8288574,nan,-2.888875602063143e-19
1252150104.8291016,nan,-2.8602784555780476e-19
1252150104.8293457,nan,-2.8333559313706877e-19
1252150104.8295898,nan,-2.8243637118486595e-19
1252150104.829834,nan,-2.799280886771524e-19
1252150104.8300781,nan,-2.769221398160244e-19
1252150104.8303223,nan,-2.736688020438879e-19
1252150104.8305664,nan,-2.724110744336713e-19
1252150104.8308105,nan,-2.699913733609849e-19
1252150104.8310547,nan,-2.659433428148633e-19
1252150104.8312988,nan,-2.647273516129524e-19
1252150104.831543,nan,-2.614744953635252e-19
1252150104.831787,nan,-2.58675624653724e-19
1252150104.8320312,nan,-2.5630603734456306e-19
1252150104.8322754,nan,-2.528268061817927e-19
1252150104.8325195,nan,-2.509331072957223e-19
1252150104.8327637,nan,-2.468876809113258e-19
1252150104.8330078,nan,-2.4343575902132397e-19
1252150104.833252,nan,-2.4174344797569554e-19
1252150104.833496,nan,-2.3863377960649444e-19
1252150104.8337402,nan,-2.350972153431231e-19
1252150104.8339844,nan,-2.3178649404988064e-19
1252150104.8342285,nan,-2.2874743865813177e-19
1252150104.8344727,nan,-2.2549865725998044e-19
1252150104.8347168,nan,-2.224821675028923e-19
1252150104.834961,nan,-2.189115698695442e-19
1252150104.835205,nan,-2.1525556485105113e-19
1252150104.8354492,nan,-2.125162851681932e-19
1252150104.8356934,nan,-2.093880788575789e-19
1252150104.8359375,nan,-2.0566728663391942e-19
1252150104.8361816,nan,-2.0118268927533836e-19
1252150104.8364258,nan,-1.9863276347818853e-19
1252150104.83667,nan,-1.9548151666632154e-19
1252150104.836914,nan,-1.9049148237351468e-19
1252150104.8371582,nan,-1.876587018776592e-19
1252150104.8374023,nan,-1.8415912958975592e-19
1252150104.8376465,nan,-1.8023026502425704e-19
1252150104.8378906,nan,-1.763828165722831e-19
1252150104.8381348,nan,-1.7208573073399643e-19
1252150104.838379,nan,-1.6900352996355818e-19
1252150104.838623,nan,-1.6527801664457753e-19
1252150104.8388672,nan,-1.6079355781290513e-19
1252150104.8391113,nan,-1.5672955609855557e-19
1252150104.8393555,nan,-1.5364096570516237e-19
1252150104.8395996,nan,-1.495928482463921e-19
1252150104.8398438,nan,-1.442636720944673e-19
1252150104.840088,nan,-1.4111200508293685e-19
1252150104.840332,nan,-1.3751058397152485e-19
1252150104.8405762,nan,-1.3319967287120412e-19
1252150104.8408203,nan,-1.2932246317326831e-19
1252150104.8410645,nan,-1.2397449133256313e-19
1252150104.8413086,nan,-1.206647575037965e-19
1252150104.8415527,nan,-1.1713144884694952e-19
1252150104.8417969,nan,-1.113165738997365e-19
1252150104.842041,nan,-1.0776718501491703e-19
1252150104.8422852,nan,-1.0402120052648157e-19
1252150104.8425293,nan,-9.944802724863136e-20
1252150104.8427734,nan,-9.513845814011472e-20
1252150104.8430176,nan,-9.079383333059543e-20
1252150104.8432617,nan,-8.755181664346811e-20
1252150104.8435059,nan,-8.297293630225806e-20
1252150104.84375,nan,-7.74732041269837e-20
1252150104.8439941,nan,-7.330429107052596e-20
1252150104.8442383,nan,-6.956901145070707e-20
1252150104.8444824,nan,-6.509777518582113e-20
1252150104.8447266,nan,-6.01868064085076e-20
1252150104.8449707,nan,-5.600972276390126e-20
1252150104.8452148,nan,-5.184574208846895e-20
1252150104.845459,nan,-4.739749280184129e-20
1252150104.8457031,nan,-4.249597227157307e-20
1252150104.8459473,nan,-3.812191149387337e-20
1252150104.8461914,nan,-3.4552988362117037e-20
1252150104.8464355,nan,-2.954593149197083e-20
1252150104.8466797,nan,-2.4552580661307572e-20
1252150104.8469238,nan,-2.0349529587021883e-20
1252150104.847168,nan,-1.5864487394676408e-20
1252150104.847412,nan,-1.1615326561817475e-20
1252150104.8476562,nan,-6.98359394805037e-21
1252150104.8479004,nan,-1.7939956521461014e-21
1252150104.8481445,nan,2.1529749597624573e-21
1252150104.8483887,nan,6.462315086367856e-21
1252150104.8486328,nan,1.201694399730269e-20
1252150104.848877,nan,1.590572529468318e-20
1252150104.849121,nan,1.9383435673454947e-20
1252150104.8493652,nan,2.4919983512969654e-20
1252150104.8496094,nan,2.977381004407263e-20
1252150104.8498535,nan,3.3650028508985105e-20
1252150104.8500977,nan,3.8182549256065314e-20
1252150104.8503418,nan,4.2722563598613794e-20
1252150104.850586,nan,4.74481914634675e-20
1252150104.85083,nan,5.2366568906913136e-20
1252150104.8510742,nan,5.635561635867509e-20
1252150104.8513184,nan,6.005532026369164e-20
1252150104.8515625,nan,6.563420987887261e-20
1252150104.8518066,nan,7.049627910164056e-20
1252150104.8520508,nan,7.429619912785548e-20
1252150104.852295,nan,7.858856079630671e-20
1252150104.852539,nan,8.31651669678601e-20
1252150104.8527832,nan,8.809751021083361e-20
1252150104.8530273,nan,9.129030841280568e-20
1252150104.8532715,nan,9.593851541594988e-20
1252150104.8535156,nan,1.0139164609570223e-19
1252150104.8537598,nan,1.0530139850264082e-19
1252150104.854004,nan,1.0941181586970242e-19
1252150104.854248,nan,1.1332109149407225e-19
1252150104.8544922,nan,1.1850761650171001e-19
1252150104.8547363,nan,1.2250494308595695e-19
1252150104.8549805,nan,1.2615925980321345e-19
1252150104.8552246,nan,1.3055396776357023e-19
1252150104.8554688,nan,1.348024544343792e-19
1252150104.855713,nan,1.3967879543082657e-19
1252150104.855957,nan,1.4351757761594516e-19
1252150104.8562012,nan,1.4758975547300052e-19
1252150104.8564453,nan,1.5251780517422804e-19
1252150104.8566895,nan,1.562160760228319e-19
1252150104.8569336,nan,1.59431176217114e-19
1252150104.8571777,nan,1.6380178522930257e-19
1252150104.8574219,nan,1.6828527586775216e-19
1252150104.857666,nan,1.724152006606713e-19
1252150104.8579102,nan,1.7644580444394061e-19
1252150104.8581543,nan,1.797424737435233e-19
1252150104.8583984,nan,1.8352570787942454e-19
1252150104.8586426,nan,1.8805807207738708e-19
1252150104.8588867,nan,1.9182968261445002e-19
1252150104.8591309,nan,1.9498445023109993e-19
1252150104.859375,nan,1.9924872808642175e-19
1252150104.8596191,nan,2.0359440542670853e-19
1252150104.8598633,nan,2.059501861388697e-19
1252150104.8601074,nan,2.1027863785322623e-19
1252150104.8603516,nan,2.154371793931102e-19
1252150104.8605957,nan,2.1788304300544585e-19
1252150104.8608398,nan,2.2104388096622963e-19
1252150104.861084,nan,2.248149221240661e-19
1252150104.8613281,nan,2.284146478496709e-19
1252150104.8615723,nan,2.325247344670952e-19
1252150104.8618164,nan,2.352627288662276e-19
1252150104.8620605,nan,2.383010732238904e-19
1252150104.8623047,nan,2.425577983304897e-19
1252150104.8625488,nan,2.4558904377313247e-19
1252150104.862793,nan,2.481015641536613e-19
1252150104.863037,nan,2.516985442401234e-19
1252150104.8632812,nan,2.551109559973672e-19
1252150104.8635254,nan,2.587298457755279e-19
1252150104.8637695,nan,2.622162827663192e-19
1252150104.8640137,nan,2.6416318601160125e-19
1252150104.8642578,nan,2.673567747821108e-19
1252150104.864502,nan,2.7086123104554265e-19
1252150104.864746,nan,2.731662025910643e-19
1252150104.8649902,nan,2.7588122721807017e-19
1252150104.8652344,nan,2.794534010270357e-19
1252150104.8654785,nan,2.827819893812085e-19
1252150104.8657227,nan,2.8417750721344177e-19
1252150104.8659668,nan,2.8733271796651843e-19
1252150104.866211,nan,2.9133235097895233e-19
1252150104.866455,nan,2.927474113855509e-19
1252150104.8666992,nan,2.9464302294344676e-19
1252150104.8669434,nan,2.97546136062559e-19
1252150104.8671875,nan,3.0090404712010477e-19
1252150104.8674316,nan,3.0310197554560447e-19
1252150104.8676758,nan,3.0490492840832593e-19
1252150104.86792,nan,3.0750158609792817e-19
1252150104.868164,nan,3.0988604225015747e-19
1252150104.8684082,nan,3.1194074019442235e-19
1252150104.8686523,nan,3.13067881154329e-19
1252150104.8688965,nan,3.155782838674544e-19
1252150104.8691406,nan,3.185695240173858e-19
1252150104.8693848,nan,3.2013660298741356e-19
1252150104.869629,nan,3.215611706327369e-19
1252150104.869873,nan,3.2367795078435707e-19
1252150104.8701172,nan,3.261478857807571e-19
1252150104.8703613,nan,3.272185181009712e-19
1252150104.8706055,nan,3.2870235978424616e-19
1252150104.8708496,nan,3.307856087443065e-19
1252150104.8710938,nan,3.325273573491542e-19
1252150104.871338,nan,3.3463390587998855e-19
1252150104.871582,nan,3.3506022702428025e-19
1252150104.8718262,nan,3.361419144794531e-19
1252150104.8720703,nan,3.384918000075049e-19
1252150104.8723145,nan,3.3943981103380968e-19
1252150104.8725586,nan,3.401420907694994e-19
1252150104.8728027,nan,3.4178921216357145e-19
1252150104.8730469,nan,3.4336020934081384e-19
1252150104.873291,nan,3.4464911709274547e-19
1252150104.8735352,nan,3.4542460573923186e-19
1252150104.8737793,nan,3.459999105333812e-19
1252150104.8740234,nan,3.47771567400026e-19
1252150104.8742676,nan,3.484219994244483e-19
1252150104.8745117,nan,3.478760806149362e-19
1252150104.8747559,nan,3.4822660558477727e-19
1252150104.875,nan,3.500146054786614e-19
1252150104.8752441,nan,3.5130637440522717e-19
1252150104.8754883,nan,3.511807492350197e-19
1252150104.8757324,nan,3.51905110323464e-19
1252150104.8759766,nan,3.525147396710676e-19
1252150104.8762207,nan,3.5295963796172475e-19
1252150104.8764648,nan,3.5259874689187777e-19
1252150104.876709,nan,3.5233549364620077e-19
1252150104.8769531,nan,3.534771129532689e-19
1252150104.8771973,nan,3.533571099214659e-19
1252150104.8774414,nan,3.537787145355204e-19
1252150104.8776855,nan,3.5405242609140184e-19
1252150104.8779297,nan,3.5366077024385115e-19
1252150104.8781738,nan,3.538275753470281e-19
1252150104.878418,nan,3.5251253054179805e-19
1252150104.878662,nan,3.520689761223189e-19
1252150104.8789062,nan,3.534127572395482e-19
1252150104.8791504,nan,3.5273199137935257e-19
1252150104.8793945,nan,3.5154298308002743e-19
1252150104.8796387,nan,3.516443229205366e-19
1252150104.8798828,nan,3.5119956134599176e-19
1252150104.880127,nan,3.502140646492305e-19
1252150104.880371,nan,3.4879720312795565e-19
1252150104.8806152,nan,3.482560304821202e-19
1252150104.8808594,nan,3.4895143101088306e-19
1252150104.8811035,nan,3.4759800497465196e-19
1252150104.8813477,nan,3.45284275090587e-19
1252150104.8815918,nan,3.4498680614348024e-19
1252150104.881836,nan,3.454433108255313e-19
1252150104.88208,nan,3.4383268520384366e-19
1252150104.8823242,nan,3.4166169543419302e-19
1252150104.8825684,nan,3.413294667002055e-19
1252150104.8828125,nan,3.400013324423265e-19
1252150104.8830566,nan,3.387652531892511e-19
1252150104.8833008,nan,3.3746104451987537e-19
1252150104.883545,nan,3.359382236916206e-19
1252150104.883789,nan,3.3553123416317607e-19
1252150104.8840332,nan,3.332432612471327e-19
1252150104.8842773,nan,3.308754598181693e-19
1252150104.8845215,nan,3.2971192020973494e-19
1252150104.8847656,nan,3.2803986099208736e-19
1252150104.8850098,nan,3.2676411738521216e-19
1252150104.885254,nan,3.2482740098015474e-19
1252150104.885498,nan,3.226096328868846e-19
1252150104.8857422,nan,3.2132316322248264e-19
1252150104.8859863,nan,3.1912296565403907e-19
1252150104.8862305,nan,3.162094176535087e-19
1252150104.8864746,nan,3.1436353217476134e-19
1252150104.8867188,nan,3.1315399656856134e-19
1252150104.886963,nan,3.1112772534471686e-19
1252150104.887207,nan,3.079468309829811e-19
1252150104.8874512,nan,3.058769579785704e-19
1252150104.8876953,nan,3.043108475973019e-19
1252150104.8879395,nan,3.0114624525999105e-19
1252150104.8881836,nan,2.983451746530046e-19
1252150104.8884277,nan,2.9607863411638717e-19
1252150104.8886719,nan,2.9437578243591874e-19
1252150104.888916,nan,2.9188980197948714e-19
1252150104.8891602,nan,2.883117739599463e-19
1252150104.8894043,nan,2.8636065528245244e-19
1252150104.8896484,nan,2.8382770583145245e-19
1252150104.8898926,nan,2.8101394688246073e-19
1252150104.8901367,nan,2.775309176472885e-19
1252150104.8903809,nan,2.7380250310951426e-19
1252150104.890625,nan,2.726297749855586e-19
1252150104.8908691,nan,2.6921298124330292e-19
1252150104.8911133,nan,2.6531534109972806e-19
1252150104.8913574,nan,2.628654159426291e-19
1252150104.8916016,nan,2.605225826500934e-19
1252150104.8918457,nan,2.574389076048606e-19
1252150104.8920898,nan,2.522879299702275e-19
1252150104.892334,nan,2.499021234730564e-19
1252150104.8925781,nan,2.479934525871012e-19
1252150104.8928223,nan,2.4393881621326543e-19
1252150104.8930664,nan,2.402281265125673e-19
1252150104.8933105,nan,2.367790489449359e-19
1252150104.8935547,nan,2.3404078445788346e-19
1252150104.8937988,nan,2.3062428517577105e-19
1252150104.894043,nan,2.262012942926194e-19
1252150104.894287,nan,2.22297405652953e-19
1252150104.8945312,nan,2.195884923324438e-19
1252150104.8947754,nan,2.1632674632461184e-19
1252150104.8950195,nan,2.1184341511277427e-19
1252150104.8952637,nan,2.0831119032065044e-19
1252150104.8955078,nan,2.0493744368231169e-19
1252150104.895752,nan,2.0110691613762386e-19
1252150104.895996,nan,1.96673211225003e-19
1252150104.8962402,nan,1.929093159842516e-19
1252150104.8964844,nan,1.8952527045515237e-19
1252150104.8967285,nan,1.8529729396850108e-19
1252150104.8969727,nan,1.813114262772517e-19
1252150104.8972168,nan,1.7663198941390154e-19
1252150104.897461,nan,1.7308469540139593e-19
1252150104.897705,nan,1.6997729971255176e-19
1252150104.8979492,nan,1.6535596019420584e-19
1252150104.8981934,nan,1.6101978072055061e-19
1252150104.8984375,nan,1.5692285106804547e-19
1252150104.8986816,nan,1.5345427420329381e-19
1252150104.8989258,nan,1.4898767790639786e-19
1252150104.89917,nan,1.4413753042049782e-19
1252150104.899414,nan,1.407902127011382e-19
1252150104.8996582,nan,1.362923633372913e-19
1252150104.8999023,nan,1.3107554765848158e-19
1252150104.9001465,nan,1.274229335446777e-19
1252150104.9003906,nan,1.2379194475706752e-19
1252150104.9006348,nan,1.1880366595692987e-19
1252150104.900879,nan,1.142557497245437e-19
1252150104.901123,nan,1.102841370126606e-19
1252150104.9013672,nan,1.0615502051839194e-19
1252150104.9016113,nan,1.0172614021322287e-19
1252150104.9018555,nan,9.684822937653049e-20
1252150104.9020996,nan,9.236377137194881e-20
1252150104.9023438,nan,8.841857811328424e-20
1252150104.902588,nan,8.440861621751753e-20
1252150104.902832,nan,7.90509921209445e-20
1252150104.9030762,nan,7.436676824247505e-20
1252150104.9033203,nan,7.050381657813699e-20
1252150104.9035645,nan,6.542364878088244e-20
1252150104.9038086,nan,6.089758706318577e-20
1252150104.9040527,nan,5.59956431911379e-20
1252150104.9042969,nan,5.2170401837895934e-20
1252150104.904541,nan,4.8335530484715374e-20
1252150104.9047852,nan,4.298411254839677e-20
1252150104.9050293,nan,3.884895219734424e-20
1252150104.9052734,nan,3.3610752405620445e-20
1252150104.9055176,nan,2.9341405654740355e-20
1252150104.9057617,nan,2.4837813506844467e-20
1252150104.9060059,nan,1.8997272871300848e-20
1252150104.90625,nan,1.5884766882136847e-20
1252150104.9064941,nan,1.0962735195673787e-20
1252150104.9067383,nan,5.555546686931113e-21
1252150104.9069824,nan,1.6629038059445834e-21
1252150104.9072266,nan,-2.6921420980661707e-21
1252150104.9074707,nan,-6.965069758710673e-21
1252150104.9077148,nan,-1.3098558640934209e-20
1252150104.907959,nan,-1.7438129962693552e-20
1252150104.9082031,nan,-2.0751827601606646e-20
1252150104.9084473,nan,-2.598048417358926e-20
1252150104.9086914,nan,-3.057114157908086e-20
1252150104.9089355,nan,-3.5471101801993e-20
1252150104.9091797,nan,-3.963220149810896e-20
1252150104.9094238,nan,-4.384778564528982e-20
1252150104.909668,nan,-4.9303599344959236e-20
1252150104.909912,nan,-5.3633218251409e-20
1252150104.9101562,nan,-5.791365117012831e-20
1252150104.9104004,nan,-6.257439178529825e-20
1252150104.9106445,nan,-6.693833361760194e-20
1252150104.9108887,nan,-7.146249068456588e-20
1252150104.9111328,nan,-7.58147323857237e-20
1252150104.911377,nan,-8.038178334553884e-20
1252150104.911621,nan,-8.568427036954829e-20
1252150104.9118652,nan,-9.023638795890868e-20
1252150104.9121094,nan,-9.358819492995014e-20
1252150104.9123535,nan,-9.791941657109238e-20
1252150104.9125977,nan,-1.0309470709487518e-19
1252150104.9128418,nan,-1.0710840214877319e-19
1252150104.913086,nan,-1.1105267283304718e-19
1252150104.91333,nan,-1.1600199872327072e-19
1252150104.9135742,nan,-1.2117821611521897e-19
1252150104.9138184,nan,-1.252266500519191e-19
1252150104.9140625,nan,-1.2835871240590015e-19
1252150104.9143066,nan,-1.3319988919574052e-19
1252150104.9145508,nan,-1.3783213301966646e-19
1252150104.914795,nan,-1.4167914930844435e-19
1252150104.915039,nan,-1.4611724633581333e-19
1252150104.9152832,nan,-1.5006673329056007e-19
1252150104.9155273,nan,-1.5494207712071127e-19
1252150104.9157715,nan,-1.588605253578904e-19
1252150104.9160156,nan,-1.6214075925929306e-19
1252150104.9162598,nan,-1.6656157353135413e-19
1252150104.916504,nan,-1.715003240141486e-19
1252150104.916748,nan,-1.7583323721744395e-19
1252150104.9169922,nan,-1.77897737249237e-19
1252150104.9172363,nan,-1.8239268647467688e-19
1252150104.9174805,nan,-1.877459135411184e-19
1252150104.9177246,nan,-1.904015441493121e-19
1252150104.9179688,nan,-1.9500450316819349e-19
1252150104.918213,nan,-1.989037868219941e-19
1252150104.918457,nan,-2.0194131843847416e-19
1252150104.9187012,nan,-2.0639815424189055e-19
1252150104.9189453,nan,-2.0982826281819397e-19
1252150104.9191895,nan,-2.1363285999561896e-19
1252150104.9194336,nan,-2.1788081244178654e-19
1252150104.9196777,nan,-2.211106644191694e-19
1252150104.9199219,nan,-2.2414595740573767e-19
1252150104.920166,nan,-2.2823848455454186e-19
1252150104.9204102,nan,-2.3239575286212484e-19
1252150104.9206543,nan,-2.3571336026503807e-19
1252150104.9208984,nan,-2.3791927071320085e-19
1252150104.9211426,nan,-2.418741131092875e-19
1252150104.9213867,nan,-2.468379642497641e-19
1252150104.9216309,nan,-2.4922601241689686e-19
1252150104.921875,nan,-2.5230102410357995e-19
1252150104.9221191,nan,-2.5527131517051396e-19
1252150104.9223633,nan,-2.5856701965448697e-19
1252150104.9226074,nan,-2.6217039207921084e-19
1252150104.9228516,nan,-2.644525276215606e-19
1252150104.9230957,nan,-2.6858725270058126e-19
1252150104.9233398,nan,-2.7171645001135103e-19
1252150104.923584,nan,-2.7400150061545637e-19
1252150104.9238281,nan,-2.769106761808045e-19
1252150104.9240723,nan,-2.800449750233452e-19
1252150104.9243164,nan,-2.8342208018204697e-19
1252150104.9245605,nan,-2.8553195512954743e-19
1252150104.9248047,nan,-2.8827783729902877e-19
1252150104.9250488,nan,-2.9129023310877027e-19
1252150104.925293,nan,-2.948881738964601e-19
1252150104.925537,nan,-2.9738913172201836e-19
1252150104.9257812,nan,-2.9875968906473275e-19
1252150104.9260254,nan,-3.021453754198729e-19
1252150104.9262695,nan,-3.0491630861737766e-19
1252150104.9265137,nan,-3.065663109892085e-19
1252150104.9267578,nan,-3.083395905796841e-19
1252150104.927002,nan,-3.11640634188477e-19
1252150104.927246,nan,-3.145999417610595e-19
1252150104.9274902,nan,-3.159256022890674e-19
1252150104.9277344,nan,-3.1834404404847764e-19
1252150104.9279785,nan,-3.201704538207894e-19
1252150104.9282227,nan,-3.2286181551426765e-19
1252150104.9284668,nan,-3.2523686508436684e-19
1252150104.928711,nan,-3.2567490839665456e-19
1252150104.928955,nan,-3.2844779997407696e-19
1252150104.9291992,nan,-3.311010993658427e-19
1252150104.9294434,nan,-3.326365900789522e-19
1252150104.9296875,nan,-3.3405165148936814e-19
1252150104.9299316,nan,-3.3521689440379547e-19
1252150104.9301758,nan,-3.375725083898513e-19
1252150104.93042,nan,-3.3886466440969275e-19
1252150104.930664,nan,-3.400513330162901e-19
1252150104.9309082,nan,-3.4204662308992133e-19
1252150104.9311523,nan,-3.435158408870724e-19
1252150104.9313965,nan,-3.445932799486558e-19
1252150104.9316406,nan,-3.4539304140481946e-19
1252150104.9318848,nan,-3.473386574462528e-19
1252150104.932129,nan,-3.4866917383895755e-19
1252150104.932373,nan,-3.4956910168071645e-19
1252150104.9326172,nan,-3.505964495763917e-19
1252150104.9328613,nan,-3.510608029909534e-19
1252150104.9331055,nan,-3.5361967539775794e-19
1252150104.9333496,nan,-3.5444161330676715e-19
1252150104.9335938,nan,-3.5367048036823514e-19
1252150104.933838,nan,-3.5548906464582155e-19
1252150104.934082,nan,-3.5628098074345484e-19
1252150104.9343262,nan,-3.5635278353728277e-19
1252150104.9345703,nan,-3.5709607727736027e-19
1252150104.9348145,nan,-3.575518436591129e-19
1252150104.9350586,nan,-3.584980608729116e-19
1252150104.9353027,nan,-3.5937853430984106e-19
1252150104.9355469,nan,-3.5909921375320232e-19
1252150104.935791,nan,-3.5880918677895726e-19
1252150104.9360352,nan,-3.5991855267057597e-19
1252150104.9362793,nan,-3.5991568423697004e-19
1252150104.9365234,nan,-3.589111746351638e-19
1252150104.9367676,nan,-3.60161048119061e-19
1252150104.9370117,nan,-3.6121146431726104e-19
1252150104.9372559,nan,-3.6019590354399615e-19
1252150104.9375,nan,-3.596406004614814e-19
1252150104.9377441,nan,-3.598278380828005e-19
1252150104.9379883,nan,-3.5999826902912587e-19
1252150104.9382324,nan,-3.5982017307029053e-19
1252150104.9384766,nan,-3.588441640281475e-19
1252150104.9387207,nan,-3.5820676578501795e-19
1252150104.9389648,nan,-3.585930690578663e-19
1252150104.939209,nan,-3.58196376619921e-19
1252150104.9394531,nan,-3.565126606960586e-19
1252150104.9396973,nan,-3.558509499650471e-19
1252150104.9399414,nan,-3.557167708132269e-19
1252150104.9401855,nan,-3.551148541441095e-19
1252150104.9404297,nan,-3.544254647350952e-19
1252150104.9406738,nan,-3.530627449545454e-19
1252150104.940918,nan,-3.5282435388632565e-19
1252150104.941162,nan,-3.5206053349202888e-19
1252150104.9414062,nan,-3.4972858726023995e-19
1252150104.9416504,nan,-3.490038641256658e-19
1252150104.9418945,nan,-3.4794086827215487e-19
1252150104.9421387,nan,-3.472466480491239e-19
1252150104.9423828,nan,-3.454524766105528e-19
1252150104.942627,nan,-3.4333391436647006e-19
1252150104.942871,nan,-3.4358940992764457e-19
1252150104.9431152,nan,-3.413605629710609e-19
1252150104.9433594,nan,-3.3992205378353794e-19
1252150104.9436035,nan,-3.3882493956655763e-19
1252150104.9438477,nan,-3.3679901639161833e-19
1252150104.9440918,nan,-3.3560239219455773e-19
1252150104.944336,nan,-3.3270824017032535e-19
1252150104.94458,nan,-3.3186121661364724e-19
1252150104.9448242,nan,-3.306002334054476e-19
1252150104.9450684,nan,-3.2796736153640962e-19
1252150104.9453125,nan,-3.2625353160303905e-19
1252150104.9455566,nan,-3.2344172721666566e-19
1252150104.9458008,nan,-3.222305492755656e-19
1252150104.946045,nan,-3.203810697957375e-19
1252150104.946289,nan,-3.1682431071287336e-19
1252150104.9465332,nan,-3.150955424637956e-19
1252150104.9467773,nan,-3.1399857605641216e-19
1252150104.9470215,nan,-3.111485427017023e-19
1252150104.9472656,nan,-3.082007866326592e-19
1252150104.9475098,nan,-3.0599303044544853e-19
1252150104.947754,nan,-3.0398839707251246e-19
1252150104.947998,nan,-3.017882383618571e-19
1252150104.9482422,nan,-2.9807277404481015e-19
1252150104.9484863,nan,-2.959443592535284e-19
1252150104.9487305,nan,-2.943147036476745e-19
1252150104.9489746,nan,-2.9051964761688936e-19
1252150104.9492188,nan,-2.874179189594908e-19
1252150104.949463,nan,-2.849754433365858e-19
1252150104.949707,nan,-2.8244829228440705e-19
1252150104.9499512,nan,-2.792317548445778e-19
1252150104.9501953,nan,-2.7594484815782485e-19
1252150104.9504395,nan,-2.7357756900820128e-19
1252150104.9506836,nan,-2.7033535426404884e-19
1252150104.9509277,nan,-2.673530177736713e-19
1252150104.9511719,nan,-2.6399029954979852e-19
1252150104.951416,nan,-2.6026731952528615e-19
1252150104.9516602,nan,-2.5804348805919423e-19
1252150104.9519043,nan,-2.5450762704620413e-19
1252150104.9521484,nan,-2.507911628629247e-19
1252150104.9523926,nan,-2.475654623548783e-19
1252150104.9526367,nan,-2.4443346779234916e-19
1252150104.9528809,nan,-2.411154070035979e-19
1252150104.953125,nan,-2.3652160385404754e-19
1252150104.9533691,nan,-2.344293076837768e-19
1252150104.9536133,nan,-2.310526224367582e-19
1252150104.9538574,nan,-2.2616406081954236e-19
1252150104.9541016,nan,-2.232101758440977e-19
1252150104.9543457,nan,-2.190924353296175e-19
1252150104.9545898,nan,-2.1672359689500112e-19
1252150104.954834,nan,-2.1241203392649496e-19
1252150104.9550781,nan,-2.0742620041124495e-19
1252150104.9553223,nan,-2.0512930610899127e-19
1252150104.9555664,nan,-2.0025112571204315e-19
1252150104.9558105,nan,-1.9689852871910415e-19
1252150104.9560547,nan,-1.931782960405446e-19
1252150104.9562988,nan,-1.8851441094580318e-19
1252150104.956543,nan,-1.8558264576506936e-19
1252150104.956787,nan,-1.812960943493196e-19
1252150104.9570312,nan,-1.7715190653294373e-19
1252150104.9572754,nan,-1.7304177981181283e-19
1252150104.9575195,nan,-1.689537398413894e-19
1252150104.9577637,nan,-1.6518355731155005e-19
1252150104.9580078,nan,-1.6062463205842658e-19
1252150104.958252,nan,-1.562311608675374e-19
1252150104.958496,nan,-1.528818850417009e-19
1252150104.9587402,nan,-1.4839207624195843e-19
1252150104.9589844,nan,-1.4334376666917576e-19
1252150104.9592285,nan,-1.393414246153033e-19
1252150104.9594727,nan,-1.3514795607014581e-19
1252150104.9597168,nan,-1.3107692518990178e-19
1252150104.959961,nan,-1.2648425907073635e-19
1252150104.960205,nan,-1.2239847132610304e-19
1252150104.9604492,nan,-1.1823213076021439e-19
1252150104.9606934,nan,-1.1338227153816843e-19
1252150104.9609375,nan,-1.0919402125856948e-19
1252150104.9611816,nan,-1.0446938327036844e-19
1252150104.9614258,nan,-1.0017019431250812e-19
1252150104.96167,nan,-9.550757007361391e-20
1252150104.961914,nan,-9.099446358952025e-20
1252150104.9621582,nan,-8.691751356477776e-20
1252150104.9624023,nan,-8.193895447890381e-20
1252150104.9626465,nan,-7.784042554240854e-20
1252150104.9628906,nan,-7.310133376752611e-20
1252150104.9631348,nan,-6.825963142911259e-20
1252150104.963379,nan,-6.450230059271169e-20
1252150104.963623,nan,-5.960399117040905e-20
1252150104.9638672,nan,-5.4711215638004e-20
1252150104.9641113,nan,-5.039478274131731e-20
1252150104.9643555,nan,-4.5955374495065065e-20
1252150104.9645996,nan,-4.097240413338229e-20
1252150104.9648438,nan,-3.566072452972226e-20
1252150104.965088,nan,-3.182417428295173e-20
1252150104.965332,nan,-2.750833148111399e-20
1252150104.9655762,nan,-2.2525776397803163e-20
1252150104.9658203,nan,-1.8156661157335156e-20
1252150104.9660645,nan,-1.3572484230679512e-20
1252150104.9663086,nan,-8.764529206557591e-21
1252150104.9665527,nan,-3.852982950953386e-21
1252150104.9667969,nan,6.455300847096239e-22
1252150104.967041,nan,5.632497265724787e-21
1252150104.9672852,nan,9.825361951313241e-21
1252150104.9675293,nan,1.408852569137879e-20
1252150104.9677734,nan,1.962030946983878e-20
1252150104.9680176,nan,2.401518591786979e-20
1252150104.9682617,nan,2.870251628631181e-20
1252150104.9685059,nan,3.3658913747877993e-20
1252150104.96875,nan,3.808920321370881e-20
1252150104.9689941,nan,4.243965787496144e-20
1252150104.9692383,nan,4.714765418646633e-20
1252150104.9694824,nan,5.186688094375156e-20
1252150104.9697266,nan,5.641534559681826e-20
1252150104.9699707,nan,6.133019956547314e-20
1252150104.9702148,nan,6.469577040736187e-20
1252150104.970459,nan,6.989972947085498e-20
1252150104.9707031,nan,7.582181578041691e-20
1252150104.9709473,nan,7.907982179937313e-20
1252150104.9711914,nan,8.388251516342089e-20
1252150104.9714355,nan,8.860385803982501e-20
1252150104.9716797,nan,9.293631705860302e-20
1252150104.9719238,nan,9.764955038053045e-20
1252150104.972168,nan,1.0102752028669171e-19
1252150104.972412,nan,1.0636787007601906e-19
1252150104.9726562,nan,1.1162367764958845e-19
1252150104.9729004,nan,1.1528493953241123e-19
1252150104.9731445,nan,1.1966535724693315e-19
1252150104.9733887,nan,1.2378489018284782e-19
1252150104.9736328,nan,1.29010170661717e-19
1252150104.973877,nan,1.3328084196118744e-19
1252150104.974121,nan,1.3609256578801037e-19
1252150104.9743652,nan,1.4147397442900645e-19
1252150104.9746094,nan,1.4678360758308651e-19
1252150104.9748535,nan,1.5026267105401001e-19
1252150104.9750977,nan,1.5390614459008983e-19
1252150104.9753418,nan,1.585446012273283e-19
1252150104.975586,nan,1.636127862174093e-19
1252150104.97583,nan,1.6716851309658479e-19
1252150104.9760742,nan,1.7020325598757367e-19
1252150104.9763184,nan,1.7497954279239288e-19
1252150104.9765625,nan,1.7975375880824794e-19
1252150104.9768066,nan,1.8314929945041024e-19
1252150104.9770508,nan,1.8707464974465924e-19
1252150104.977295,nan,1.916995684870832e-19
1252150104.977539,nan,1.9582468406707721e-19
1252150104.9777832,nan,1.9948136437525978e-19
1252150104.9780273,nan,2.0322028376537498e-19
1252150104.9782715,nan,2.0702475475793781e-19
1252150104.9785156,nan,2.112139251639703e-19
1252150104.9787598,nan,2.149261632712029e-19
1252150104.979004,nan,2.1799517662140267e-19
1252150104.979248,nan,2.2213079602569857e-19
1252150104.9794922,nan,2.268827283490633e-19
1252150104.9797363,nan,2.2966483169155525e-19
1252150104.9799805,nan,2.3270171175500415e-19
1252150104.9802246,nan,2.3754097610513427e-19
1252150104.9804688,nan,2.4086721810494754e-19
1252150104.980713,nan,2.4393640435285876e-19
1252150104.980957,nan,2.474283484203304e-19
1252150104.9812012,nan,2.5084224385674e-19
1252150104.9814453,nan,2.5461540751506506e-19
1252150104.9816895,nan,2.578647489521396e-19
1252150104.9819336,nan,2.605079972654755e-19
1252150104.9821777,nan,2.6410918656954617e-19
1252150104.9824219,nan,2.6825324193057463e-19
1252150104.982666,nan,2.70924232385405e-19
1252150104.9829102,nan,2.735545613158763e-19
1252150104.9831543,nan,2.770987895245719e-19
1252150104.9833984,nan,2.8092065959415915e-19
1252150104.9836426,nan,2.8340968505893344e-19
1252150104.9838867,nan,2.8543721508275684e-19
1252150104.9841309,nan,2.8922558890608507e-19
1252150104.984375,nan,2.926027152598012e-19
1252150104.9846191,nan,2.950401660191874e-19
1252150104.9848633,nan,2.9725754403870487e-19
1252150104.9851074,nan,3.0000045577520723e-19
1252150104.9853516,nan,3.037495830761899e-19
1252150104.9855957,nan,3.0612448038746794e-19
1252150104.9858398,nan,3.075089173861337e-19
1252150104.986084,nan,3.1048837218589766e-19
1252150104.9863281,nan,3.137351784805599e-19
1252150104.9865723,nan,3.150554131588426e-19
1252150104.9868164,nan,3.174606581428648e-19
1252150104.9870605,nan,3.2066254276302543e-19
1252150104.9873047,nan,3.229280383966067e-19
1252150104.9875488,nan,3.253543057461071e-19
1252150104.987793,nan,3.259683825357175e-19
1252150104.988037,nan,3.2884800158562775e-19
1252150104.9882812,nan,3.3268553159535367e-19
1252150104.9885254,nan,3.3309485037039656e-19
1252150104.9887695,nan,3.3500609930120717e-19
1252150104.9890137,nan,3.370529915209054e-19
1252150104.9892578,nan,3.3898305333057066e-19
1252150104.989502,nan,3.4132665446420977e-19
1252150104.989746,nan,3.420166952190682e-19
1252150104.9899902,nan,3.441287287137839e-19
1252150104.9902344,nan,3.4654010701660753e-19
1252150104.9904785,nan,3.4751244300901006e-19
1252150104.9907227,nan,3.4833570577967235e-19
1252150104.9909668,nan,3.501603248660352e-19
1252150104.991211,nan,3.528228076876682e-19
1252150104.991455,nan,3.5322139683779005e-19
1252150104.9916992,nan,3.536419872839461e-19
1252150104.9919434,nan,3.5607297739744965e-19
1252150104.9921875,nan,3.567711582770551e-19
1252150104.9924316,nan,3.581708612483626e-19
1252150104.9926758,nan,3.593951544221134e-19
1252150104.99292,nan,3.591446558519535e-19
1252150104.993164,nan,3.617637051520479e-19
1252150104.9934082,nan,3.6215000208294676e-19
1252150104.9936523,nan,3.6177247077445756e-19
1252150104.9938965,nan,3.63924864037627e-19
1252150104.9941406,nan,3.645039620310964e-19
1252150104.9943848,nan,3.649611551285787e-19
1252150104.994629,nan,3.6514661535371496e-19
1252150104.994873,nan,3.65712008562917e-19
1252150104.9951172,nan,3.6687724350663054e-19
1252150104.9953613,nan,3.668745166992034e-19
1252150104.9956055,nan,3.667315049684892e-19
1252150104.9958496,nan,3.668912063043265e-19
1252150104.9960938,nan,3.6794250099964733e-19
1252150104.996338,nan,3.681372448479799e-19
1252150104.996582,nan,3.6770721133622004e-19
1252150104.9968262,nan,3.680376992574511e-19
1252150104.9970703,nan,3.6781171785618293e-19
1252150104.9973145,nan,3.6801822904973338e-19
1252150104.9975586,nan,3.676954142363181e-19
1252150104.9978027,nan,3.6726093118090465e-19
1252150104.9980469,nan,3.675757650040916e-19
1252150104.998291,nan,3.6639132614665063e-19
1252150104.9985352,nan,3.663000143319109e-19
1252150104.9987793,nan,3.66415546770706e-19
1252150104.9990234,nan,3.653828750320016e-19
1252150104.9992676,nan,3.656470863391871e-19
1252150104.9995117,nan,3.640687913040197e-19
1252150104.9997559,nan,3.6326748746941705e-19
1252150105.0,nan,3.6379395570988074e-19
1252150105.0002441,nan,3.621130392457565e-19
1252150105.0004883,nan,3.6104134153358203e-19
1252150105.0007324,nan,3.6036079302716186e-19
1252150105.0009766,nan,3.598278741424815e-19
1252150105.0012207,nan,3.587184602223393e-19
1252150105.0014648,nan,3.566590899635398e-19
1252150105.001709,nan,3.55978303541788e-19
1252150105.0019531,nan,3.556863262161433e-19
1252150105.0021973,nan,3.5412142374663107e-19
1252150105.0024414,nan,3.5181254769791163e-19
1252150105.0026855,nan,3.510602617252684e-19
1252150105.0029297,nan,3.5046221811355886e-19
1252150105.0031738,nan,3.481495005089018e-19
1252150105.003418,nan,3.4652427585220875e-19
1252150105.003662,nan,3.4511576923248257e-19
1252150105.0039062,nan,3.4357883104198e-19
1252150105.0041504,nan,3.415952769079673e-19
1252150105.0043945,nan,3.3928146365291845e-19
1252150105.0046387,nan,3.3808627172372284e-19
1252150105.0048828,nan,3.365288572595016e-19
1252150105.005127,nan,3.3412511796143795e-19
1252150105.005371,nan,3.314733873432969e-19
1252150105.0056152,nan,3.299552836864847e-19
1252150105.0058594,nan,3.2833953009405644e-19
1252150105.0061035,nan,3.255602162487545e-19
1252150105.0063477,nan,3.2332055084547074e-19
1252150105.0065918,nan,3.2129976613555846e-19
1252150105.006836,nan,3.192236181656885e-19
1252150105.00708,nan,3.1661965703583994e-19
1252150105.0073242,nan,3.139988018198252e-19
1252150105.0075684,nan,3.1160646413407947e-19
1252150105.0078125,nan,3.0926248678178092e-19
1252150105.0080566,nan,3.067892824074702e-19
1252150105.0083008,nan,3.034681913602077e-19
1252150105.008545,nan,3.0087321292647126e-19
1252150105.008789,nan,2.989101890298805e-19
1252150105.0090332,nan,2.962079335705752e-19
1252150105.0092773,nan,2.9233417388313285e-19
1252150105.0095215,nan,2.89941844534025e-19
1252150105.0097656,nan,2.880039897330638e-19
1252150105.0100098,nan,2.842986770487342e-19
1252150105.010254,nan,2.813848512880524e-19
1252150105.010498,nan,2.778880549547948e-19
1252150105.0107422,nan,2.7491670485625303e-19
1252150105.0109863,nan,2.723945779759882e-19
1252150105.0112305,nan,2.683190121354025e-19
1252150105.0114746,nan,2.652970112991451e-19
1252150105.0117188,nan,2.6242792331020046e-19
1252150105.011963,nan,2.587824990593624e-19
1252150105.012207,nan,2.5482934325247443e-19
1252150105.0124512,nan,2.516298237553102e-19
1252150105.0126953,nan,2.490928731805977e-19
1252150105.0129395,nan,2.451318853288812e-19
1252150105.0131836,nan,2.4156470032514203e-19
1252150105.0134277,nan,2.379182651287872e-19
1252150105.0136719,nan,2.3478673437280313e-19
1252150105.013916,nan,2.3110177170724637e-19
1252150105.0141602,nan,2.2593350210976786e-19
1252150105.0144043,nan,2.2333308580001115e-19
1252150105.0146484,nan,2.1983218083924703e-19
1252150105.0148926,nan,2.1510009442297988e-19
1252150105.0151367,nan,2.1142332876572878e-19
1252150105.0153809,nan,2.0768206255439895e-19
1252150105.015625,nan,2.0467709632994505e-19
1252150105.0158691,nan,2.0001943496329603e-19
1252150105.0161133,nan,1.9535086353297834e-19
1252150105.0163574,nan,1.9231346631039247e-19
1252150105.0166016,nan,1.8797659993988655e-19
1252150105.0168457,nan,1.8393994987873365e-19
1252150105.0170898,nan,1.7970881864631716e-19
1252150105.017334,nan,1.7561784480771606e-19
1252150105.0175781,nan,1.718950145436626e-19
1252150105.0178223,nan,1.6636412058253471e-19
1252150105.0180664,nan,1.630699566659502e-19
1252150105.0183105,nan,1.5913348817069675e-19
1252150105.0185547,nan,1.5376211786705593e-19
1252150105.0187988,nan,1.5057390527459881e-19
1252150105.019043,nan,1.4566482256603565e-19
1252150105.019287,nan,1.4160785326097797e-19
1252150105.0195312,nan,1.3762545579956177e-19
1252150105.0197754,nan,1.3232084225473707e-19
1252150105.0200195,nan,1.2830721860038807e-19
1252150105.0202637,nan,1.2354172787249404e-19
1252150105.0205078,nan,1.197048739405043e-19
1252150105.020752,nan,1.1537771013743176e-19
1252150105.020996,nan,1.097209800470006e-19
1252150105.0212402,nan,1.0576490025276725e-19
1252150105.0214844,nan,1.0169398648559314e-19
1252150105.0217285,nan,9.683246283842387e-20
1252150105.0219727,nan,9.174695761941464e-20
1252150105.0222168,nan,8.785663079407074e-20
1252150105.022461,nan,8.386777453714691e-20
1252150105.022705,nan,7.811121260561618e-20
1252150105.0229492,nan,7.341363627677443e-20
1252150105.0231934,nan,6.925582487561948e-20
1252150105.0234375,nan,6.478509709113677e-20
1252150105.0236816,nan,5.973836299970401e-20
1252150105.0239258,nan,5.465504569767679e-20
1252150105.02417,nan,5.038132721201519e-20
1252150105.024414,nan,4.5832330168893733e-20
1252150105.0246582,nan,4.12083192372641e-20
1252150105.0249023,nan,3.6005052473705493e-20
1252150105.0251465,nan,3.1275682998442834e-20
1252150105.0253906,nan,2.7398849911082007e-20
1252150105.0256348,nan,2.240795629283863e-20
1252150105.025879,nan,1.6905752083326502e-20
1252150105.026123,nan,1.2799261556847382e-20
1252150105.0263672,nan,8.651558192860212e-21
1252150105.0266113,nan,2.762895329122973e-21
1252150105.0268555,nan,-1.8031160068578086e-21
1252150105.0270996,nan,-5.929634379888054e-21
1252150105.0273438,nan,-1.0625450549799115e-20
1252150105.027588,nan,-1.546719011383807e-20
1252150105.027832,nan,-2.1408081416493297e-20
1252150105.0280762,nan,-2.5196274125135952e-20
1252150105.0283203,nan,-2.950319722588508e-20
1252150105.0285645,nan,-3.5213516666909664e-20
1252150105.0288086,nan,-3.9012259202646567e-20
1252150105.0290527,nan,-4.390532465241495e-20
1252150105.0292969,nan,-4.864458115572502e-20
1252150105.029541,nan,-5.330505682442117e-20
1252150105.0297852,nan,-5.896754072253587e-20
1252150105.0300293,nan,-6.3187186493117e-20
1252150105.0302734,nan,-6.69531893613886e-20
1252150105.0305176,nan,-7.267179451780723e-20
1252150105.0307617,nan,-7.75668301939792e-20
1252150105.0310059,nan,-8.059551894631315e-20
1252150105.03125,nan,-8.640882159839941e-20
1252150105.0314941,nan,-9.10468084847146e-20
1252150105.0317383,nan,-9.53830546813505e-20
1252150105.0319824,nan,-1.0036023394260174e-19
1252150105.0322266,nan,-1.0349412405487158e-19
1252150105.0324707,nan,-1.0901876630979053e-19
1252150105.0327148,nan,-1.13977717586974e-19
1252150105.032959,nan,-1.1816020070981924e-19
1252150105.0332031,nan,-1.223529162461035e-19
1252150105.0334473,nan,-1.272321319819104e-19
1252150105.0336914,nan,-1.324873673048862e-19
1252150105.0339355,nan,-1.3560512492220418e-19
1252150105.0341797,nan,-1.4022523667827549e-19
1252150105.0344238,nan,-1.447417463032757e-19
1252150105.034668,nan,-1.4997682738078465e-19
1252150105.034912,nan,-1.540414326633135e-19
1252150105.0351562,nan,-1.5649340046001076e-19
1252150105.0354004,nan,-1.6218579435649638e-19
1252150105.0356445,nan,-1.6684171005629715e-19
1252150105.0358887,nan,-1.7044864886831567e-19
1252150105.0361328,nan,-1.748413239780718e-19
1252150105.036377,nan,-1.7888434780917048e-19
1252150105.036621,nan,-1.832779488304989e-19
1252150105.0368652,nan,-1.8815557330341643e-19
1252150105.0371094,nan,-1.9134090999398208e-19
1252150105.0373535,nan,-1.9504216082243252e-19
1252150105.0375977,nan,-2.0097443357157507e-19
1252150105.0378418,nan,-2.0382920554107064e-19
1252150105.038086,nan,-2.071671622212513e-19
1252150105.03833,nan,-2.1255495547897928e-19
1252150105.0385742,nan,-2.1585806180536173e-19
1252150105.0388184,nan,-2.1953703612456865e-19
1252150105.0390625,nan,-2.231664111277068e-19
1252150105.0393066,nan,-2.2688311611052356e-19
1252150105.0395508,nan,-2.31459724543764e-19
1252150105.039795,nan,-2.349372528794647e-19
1252150105.040039,nan,-2.3790833599281874e-19
1252150105.0402832,nan,-2.418632367066771e-19
1252150105.0405273,nan,-2.461728369583746e-19
1252150105.0407715,nan,-2.491615098376512e-19
1252150105.0410156,nan,-2.5218728078392028e-19
1252150105.0412598,nan,-2.5619088045534256e-19
1252150105.041504,nan,-2.6015203823120744e-19
1252150105.041748,nan,-2.633075519580532e-19
1252150105.0419922,nan,-2.6590641765075167e-19
1252150105.0422363,nan,-2.7012290850874003e-19
1252150105.0424805,nan,-2.737481654980925e-19
1252150105.0427246,nan,-2.7565138741970655e-19
1252150105.0429688,nan,-2.787727615699622e-19
1252150105.043213,nan,-2.828763213319246e-19
1252150105.043457,nan,-2.866513773107316e-19
1252150105.0437012,nan,-2.889302390440131e-19
1252150105.0439453,nan,-2.9140950187347823e-19
1252150105.0441895,nan,-2.9500484912767935e-19
1252150105.0444336,nan,-2.979682734674673e-19
1252150105.0446777,nan,-3.0049192319437326e-19
1252150105.0449219,nan,-3.0299423590129856e-19
1252150105.045166,nan,-3.0637239775996554e-19
1252150105.0454102,nan,-3.094925558849725e-19
1252150105.0456543,nan,-3.112113931876134e-19
1252150105.0458984,nan,-3.1364808130630054e-19
1252150105.0461426,nan,-3.1666202535111647e-19
1252150105.0463867,nan,-3.1982816197071326e-19
1252150105.0466309,nan,-3.220344798970298e-19
1252150105.046875,nan,-3.2329585187288043e-19
1252150105.0471191,nan,-3.2643019565549e-19
1252150105.0473633,nan,-3.2952765374412993e-19
1252150105.0476074,nan,-3.3094461987864556e-19
1252150105.0478516,nan,-3.32893863117203e-19
1252150105.0480957,nan,-3.3547589770147917e-19
1252150105.0483398,nan,-3.3735089222652655e-19
1252150105.048584,nan,-3.3952314958665743e-19
1252150105.0488281,nan,-3.4155163725521965e-19
1252150105.0490723,nan,-3.4292532752186206e-19
1252150105.0493164,nan,-3.456423225856895e-19
1252150105.0495605,nan,-3.476200823190761e-19
1252150105.0498047,nan,-3.481309643776829e-19
1252150105.0500488,nan,-3.5045806532177904e-19
1252150105.050293,nan,-3.525568132810061e-19
1252150105.050537,nan,-3.53606929097847e-19
1252150105.0507812,nan,-3.550910522048528e-19
1252150105.0510254,nan,-3.567730903265524e-19
1252150105.0512695,nan,-3.5861538475993683e-19
1252150105.0515137,nan,-3.594971912330246e-19
1252150105.0517578,nan,-3.5998938300188787e-19
1252150105.052002,nan,-3.619774371342425e-19
1252150105.052246,nan,-3.6372120408938054e-19
1252150105.0524902,nan,-3.6443180217968246e-19
1252150105.0527344,nan,-3.6504580559353636e-19
1252150105.0529785,nan,-3.664533047463161e-19
1252150105.0532227,nan,-3.6827465605808387e-19
1252150105.0534668,nan,-3.6778715294746246e-19
1252150105.053711,nan,-3.68023663951122e-19
1252150105.053955,nan,-3.704618871743029e-19
1252150105.0541992,nan,-3.707979409390524e-19
1252150105.0544434,nan,-3.705834645339544e-19
1252150105.0546875,nan,-3.7136477011977073e-19
1252150105.0549316,nan,-3.717492645290663e-19
1252150105.0551758,nan,-3.728041913651433e-19
1252150105.05542,nan,-3.7319137885547417e-19
1252150105.055664,nan,-3.726170837953237e-19
1252150105.0559082,nan,-3.7336871533438696e-19
1252150105.0561523,nan,-3.7396127594747616e-19
1252150105.0563965,nan,-3.739326527740932e-19
1252150105.0566406,nan,-3.7370286222958516e-19
1252150105.0568848,nan,-3.73520140038961e-19
1252150105.057129,nan,-3.740903700902694e-19
1252150105.057373,nan,-3.737465067104591e-19
1252150105.0576172,nan,-3.7291584391684805e-19
1252150105.0578613,nan,-3.732563213610822e-19
1252150105.0581055,nan,-3.7360015564318103e-19
1252150105.0583496,nan,-3.721810368631166e-19
1252150105.0585938,nan,-3.7178495987363597e-19
1252150105.058838,nan,-3.7163490563061613e-19
1252150105.059082,nan,-3.711310261265308e-19
1252150105.0593262,nan,-3.7152055613574147e-19
1252150105.0595703,nan,-3.691325500618046e-19
1252150105.0598145,nan,-3.678993722509019e-19
1252150105.0600586,nan,-3.6916320435825904e-19
1252150105.0603027,nan,-3.6784747404279076e-19
1252150105.0605469,nan,-3.6531486468099327e-19
1252150105.060791,nan,-3.650518368075169e-19
1252150105.0610352,nan,-3.655219834906628e-19
1252150105.0612793,nan,-3.6275044167772606e-19
1252150105.0615234,nan,-3.6116804504845057e-19
1252150105.0617676,nan,-3.6157143030161775e-19
1252150105.0620117,nan,-3.595734070191434e-19
1252150105.0622559,nan,-3.584653708909613e-19
1252150105.0625,nan,-3.56943998245531e-19
1252150105.0627441,nan,-3.550754812380258e-19
1252150105.0629883,nan,-3.5501639420427995e-19
1252150105.0632324,nan,-3.5241763440375934e-19
1252150105.0634766,nan,-3.496734286201213e-19
1252150105.0637207,nan,-3.493406057054036e-19
1252150105.0639648,nan,-3.473396332046838e-19
1252150105.064209,nan,-3.446504677660369e-19
1252150105.0644531,nan,-3.436650721088385e-19
1252150105.0646973,nan,-3.42246958971539e-19
1252150105.0649414,nan,-3.4002955336676636e-19
1252150105.0651855,nan,-3.379463290304177e-19
1252150105.0654297,nan,-3.3560273337870754e-19
1252150105.0656738,nan,-3.3317627423365546e-19
1252150105.065918,nan,-3.3083709994890997e-19
1252150105.066162,nan,-3.2906616894252145e-19
1252150105.0664062,nan,-3.26118893490949e-19
1252150105.0666504,nan,-3.2351925537049426e-19
1252150105.0668945,nan,-3.226168493204816e-19
1252150105.0671387,nan,-3.1955602977212163e-19
1252150105.0673828,nan,-3.1615798510886956e-19
1252150105.067627,nan,-3.1409592694859914e-19
1252150105.067871,nan,-3.120009706437577e-19
1252150105.0681152,nan,-3.0948949428400574e-19
1252150105.0683594,nan,-3.057997339230533e-19
1252150105.0686035,nan,-3.02922354750859e-19
1252150105.0688477,nan,-3.010819853898944e-19
1252150105.0690918,nan,-2.9784279649600857e-19
1252150105.069336,nan,-2.9435115188230044e-19
1252150105.06958,nan,-2.917466645653362e-19
1252150105.0698242,nan,-2.8913591904281417e-19
1252150105.0700684,nan,-2.858816381388302e-19
1252150105.0703125,nan,-2.820079841737561e-19
1252150105.0705566,nan,-2.7920648071174553e-19
1252150105.0708008,nan,-2.768660544954475e-19
1252150105.071045,nan,-2.7305130921839097e-19
1252150105.071289,nan,-2.6967997970638516e-19
1252150105.0715332,nan,-2.6652171086385814e-19
1252150105.0717773,nan,-2.6336074958262236e-19
1252150105.0720215,nan,-2.594339973879545e-19
1252150105.0722656,nan,-2.5533876681169667e-19
1252150105.0725098,nan,-2.531846709271084e-19
1252150105.072754,nan,-2.492418860948487e-19
1252150105.072998,nan,-2.447195843043704e-19
1252150105.0732422,nan,-2.415085138923147e-19
1252150105.0734863,nan,-2.3806859044588405e-19
1252150105.0737305,nan,-2.3453220537533405e-19
1252150105.0739746,nan,-2.3039893684232283e-19
1252150105.0742188,nan,-2.2672866706138785e-19
1252150105.074463,nan,-2.2317279239251473e-19
1252150105.074707,nan,-2.19486166002898e-19
1252150105.0749512,nan,-2.1549137420950295e-19
1252150105.0751953,nan,-2.1072154984515774e-19
1252150105.0754395,nan,-2.0738995155835604e-19
1252150105.0756836,nan,-2.0415485695364904e-19
1252150105.0759277,nan,-1.9891004043911185e-19
1252150105.0761719,nan,-1.9460222815341558e-19
1252150105.076416,nan,-1.9167163523735146e-19
1252150105.0766602,nan,-1.8688824935252616e-19
1252150105.0769043,nan,-1.8285492721034648e-19
1252150105.0771484,nan,-1.7865487549423487e-19
1252150105.0773926,nan,-1.7419645255679828e-19
1252150105.0776367,nan,-1.7132903749656461e-19
1252150105.0778809,nan,-1.6593007294827036e-19
1252150105.078125,nan,-1.611574716602352e-19
1252150105.0783691,nan,-1.5779780455583786e-19
1252150105.0786133,nan,-1.539322840593738e-19
1252150105.0788574,nan,-1.4876192657162044e-19
1252150105.0791016,nan,-1.4358600004313211e-19
1252150105.0793457,nan,-1.4069947909492057e-19
1252150105.0795898,nan,-1.3541995534695178e-19
1252150105.079834,nan,-1.3069696244785503e-19
1252150105.0800781,nan,-1.2664125925893e-19
1252150105.0803223,nan,-1.2215486589044938e-19
1252150105.0805664,nan,-1.1845770182747815e-19
1252150105.0808105,nan,-1.1275932337340887e-19
1252150105.0810547,nan,-1.0880396226760156e-19
1252150105.0812988,nan,-1.0443194317546066e-19
1252150105.081543,nan,-9.91298782627116e-20
1252150105.081787,nan,-9.505376888794731e-20
1252150105.0820312,nan,-8.942471475177624e-20
1252150105.0822754,nan,-8.554722298177446e-20
1252150105.0825195,nan,-8.1860431694595e-20
1252150105.0827637,nan,-7.59044052023286e-20
1252150105.0830078,nan,-7.112786816397073e-20
1252150105.083252,nan,-6.726492453531591e-20
1252150105.083496,nan,-6.273593575602011e-20
1252150105.0837402,nan,-5.726029329771512e-20
1252150105.0839844,nan,-5.2527471839939183e-20
1252150105.0842285,nan,-4.841125342838173e-20
1252150105.0844727,nan,-4.3658266373258007e-20
1252150105.0847168,nan,-3.8730544545783104e-20
1252150105.084961,nan,-3.3693191497876925e-20
1252150105.085205,nan,-2.919561912107809e-20
1252150105.0854492,nan,-2.5090123494815265e-20
1252150105.0856934,nan,-1.9890859233127293e-20
1252150105.0859375,nan,-1.4518285414777093e-20
1252150105.0861816,nan,-1.0523275292972598e-20
1252150105.0864258,nan,-6.3666366574092316e-21
1252150105.08667,nan,-9.228683779388027e-22
1252150105.086914,nan,4.418721883480924e-21
1252150105.0871582,nan,8.638187356919528e-21
1252150105.0874023,nan,1.2943620230141153e-20
1252150105.0876465,nan,1.8055276277198543e-20
1252150105.0878906,nan,2.3019423087831437e-20
1252150105.0881348,nan,2.738419351217094e-20
1252150105.088379,nan,3.205315339850553e-20
1252150105.088623,nan,3.7176505875453075e-20
1252150105.0888672,nan,4.200114406485567e-20
1252150105.0891113,nan,4.590797044608673e-20
1252150105.0893555,nan,5.0441909136111357e-20
1252150105.0895996,nan,5.603705773616639e-20
1252150105.0898438,nan,6.067235677959531e-20
1252150105.090088,nan,6.44592748494772e-20
1252150105.090332,nan,6.857566960569935e-20
1252150105.0905762,nan,7.361065043252576e-20
1252150105.0908203,nan,7.899698274703769e-20
1252150105.0910645,nan,8.320880252039961e-20
1252150105.0913086,nan,8.671298910796609e-20
1252150105.0915527,nan,9.241989501214689e-20
1252150105.0917969,nan,9.784927576625439e-20
1252150105.092041,nan,1.0127090638838917e-19
1252150105.0922852,nan,1.0552708720711872e-19
1252150105.0925293,nan,1.097945302045257e-19
1252150105.0927734,nan,1.1476853260844456e-19
1252150105.0930176,nan,1.192671391167647e-19
1252150105.0932617,nan,1.226987019496063e-19
1252150105.0935059,nan,1.2789999529199591e-19
1252150105.09375,nan,1.3246478612620287e-19
1252150105.0939941,nan,1.3611515534658062e-19
1252150105.0942383,nan,1.4014522510586245e-19
1252150105.0944824,nan,1.4483510372144244e-19
1252150105.0947266,nan,1.49612954950504e-19
1252150105.0949707,nan,1.531138037513218e-19
1252150105.0952148,nan,1.5719393987301522e-19
1252150105.095459,nan,1.6208284435784028e-19
1252150105.0957031,nan,1.6632932811100524e-19
1252150105.0959473,nan,1.697912567791883e-19
1252150105.0961914,nan,1.735274446133473e-19
1252150105.0964355,nan,1.780471920159923e-19
1252150105.0966797,nan,1.8207143567976548e-19
1252150105.0969238,nan,1.857758195543583e-19
1252150105.097168,nan,1.897272825524081e-19
1252150105.097412,nan,1.941664649232847e-19
1252150105.0976562,nan,1.9779497457405772e-19
1252150105.0979004,nan,2.0086483565230552e-19
1252150105.0981445,nan,2.0539250114217038e-19
1252150105.0983887,nan,2.088822580548697e-19
1252150105.0986328,nan,2.1281377418178968e-19
1252150105.098877,nan,2.169750948898056e-19
1252150105.099121,nan,2.192046140403446e-19
1252150105.0993652,nan,2.232641710762256e-19
1252150105.0996094,nan,2.28237385189636e-19
1252150105.0998535,nan,2.3055801451993203e-19
1252150105.1000977,nan,2.3288147462707386e-19
1252150105.1003418,nan,2.376586061578112e-19
1252150105.100586,nan,2.414406019685278e-19
1252150105.10083,nan,2.4400889795944277e-19
1252150105.1010742,nan,2.4737324836265986e-19
1252150105.1013184,nan,2.508969570639679e-19
1252150105.1015625,nan,2.5441005819042925e-19
1252150105.1018066,nan,2.5715285331144515e-19
1252150105.1020508,nan,2.60113769591317e-19
1252150105.102295,nan,2.632746997501111e-19
1252150105.102539,nan,2.6679929737762075e-19
1252150105.1027832,nan,2.7028547212341497e-19
1252150105.1030273,nan,2.715539039015375e-19
1252150105.1032715,nan,2.7510666220223494e-19
1252150105.1035156,nan,2.7890018993284975e-19
1252150105.1037598,nan,2.807243087505774e-19
1252150105.104004,nan,2.839257198531943e-19
1252150105.104248,nan,2.8622204343567485e-19
1252150105.1044922,nan,2.895665394520207e-19
1252150105.1047363,nan,2.9248078130067095e-19
1252150105.1049805,nan,2.9366235129074577e-19
1252150105.1052246,nan,2.970489514947831e-19
1252150105.1054688,nan,2.9955839677203047e-19
1252150105.105713,nan,3.0160880160640004e-19
1252150105.105957,nan,3.03919296733326e-19
1252150105.1062012,nan,3.0595857714942406e-19
1252150105.1064453,nan,3.0897665520172763e-19
1252150105.1066895,nan,3.105939917991263e-19
1252150105.1069336,nan,3.121951708185647e-19
1252150105.1071777,nan,3.149463665634975e-19
1252150105.1074219,nan,3.175746866335185e-19
1252150105.107666,nan,3.1899758266654306e-19
1252150105.1079102,nan,3.204072220197081e-19
1252150105.1081543,nan,3.2351217300610377e-19
1252150105.1083984,nan,3.2476976516026116e-19
1252150105.1086426,nan,3.2580553633798685e-19
1252150105.1088867,nan,3.282157271231629e-19
1252150105.1091309,nan,3.293883139526546e-19
1252150105.109375,nan,3.312876568283212e-19
1252150105.1096191,nan,3.3306751685183714e-19
1252150105.1098633,nan,3.3391032629415144e-19
1252150105.1101074,nan,3.3573718305652613e-19
1252150105.1103516,nan,3.372727385574091e-19
1252150105.1105957,nan,3.377520996873941e-19
1252150105.1108398,nan,3.3964494791375043e-19
1252150105.111084,nan,3.4127396978983694e-19
1252150105.1113281,nan,3.418116803456655e-19
1252150105.1115723,nan,3.430959157821885e-19
1252150105.1118164,nan,3.436558373149909e-19
1252150105.1120605,nan,3.4496298072578856e-19
1252150105.1123047,nan,3.4626170359029676e-19
1252150105.1125488,nan,3.462063816963753e-19
1252150105.112793,nan,3.4676207435609676e-19
1252150105.113037,nan,3.476162832284508e-19
1252150105.1132812,nan,3.4977697283297445e-19
1252150105.1135254,nan,3.500643529143678e-19
1252150105.1137695,nan,3.4847524068770156e-19
1252150105.1140137,nan,3.5056777572285124e-19
1252150105.1142578,nan,3.5168184424845766e-19
1252150105.114502,nan,3.507508967780333e-19
1252150105.114746,nan,3.512097572976229e-19
1252150105.1149902,nan,3.523245638117288e-19
1252150105.1152344,nan,3.524637739162205e-19
1252150105.1154785,nan,3.518070621573033e-19
1252150105.1157227,nan,3.5214497940902475e-19
1252150105.1159668,nan,3.5234812430113944e-19
1252150105.116211,nan,3.5258486310067402e-19
1252150105.116455,nan,3.521910465361747e-19
1252150105.1166992,nan,3.511943803139188e-19
1252150105.1169434,nan,3.515905096545895e-19
1252150105.1171875,nan,3.5193813224308414e-19
1252150105.1174316,nan,3.5142484616631833e-19
1252150105.1176758,nan,3.5021011401526124e-19
1252150105.11792,nan,3.5018256638004228e-19
1252150105.118164,nan,3.5104149860518295e-19
1252150105.1184082,nan,3.493121377980132e-19
1252150105.1186523,nan,3.4778682318354856e-19
1252150105.1188965,nan,3.481826447980568e-19
1252150105.1191406,nan,3.477157322875432e-19
1252150105.1193848,nan,3.4625354717103307e-19
1252150105.119629,nan,3.4508090888252767e-19
1252150105.119873,nan,3.453023700561893e-19
1252150105.1201172,nan,3.445083478155159e-19
1252150105.1203613,nan,3.4241013253609446e-19
1252150105.1206055,nan,3.419095489542495e-19
1252150105.1208496,nan,3.4128657385302714e-19
1252150105.1210938,nan,3.4014062470243576e-19
1252150105.121338,nan,3.38338498023556e-19
1252150105.121582,nan,3.3646353188579997e-19
1252150105.1218262,nan,3.3600478341775472e-19
1252150105.1220703,nan,3.347587005170385e-19
1252150105.1223145,nan,3.3288987405356183e-19
1252150105.1225586,nan,3.311951781771558e-19
1252150105.1228027,nan,3.2948834239132096e-19
1252150105.1230469,nan,3.2886150691629076e-19
1252150105.123291,nan,3.272385105284292e-19
1252150105.1235352,nan,3.249260953596163e-19
1252150105.1237793,nan,3.23607790747509e-19
1252150105.1240234,nan,3.2158787938737707e-19
1252150105.1242676,nan,3.1952394984892325e-19
1252150105.1245117,nan,3.175158669874329e-19
1252150105.1247559,nan,3.156884592541454e-19
1252150105.125,nan,3.14451162314191e-19
1252150105.1252441,nan,3.118489230078168e-19
1252150105.1254883,nan,3.0980761791988764e-19
1252150105.1257324,nan,3.0820095107633373e-19
1252150105.1259766,nan,3.055608421411926e-19
1252150105.1262207,nan,3.0320254651324096e-19
1252150105.1264648,nan,3.0076792924239276e-19
1252150105.126709,nan,2.99201679048807e-19
1252150105.1269531,nan,2.9729024116658e-19
1252150105.1271973,nan,2.936859447129394e-19
1252150105.1274414,nan,2.913112714251563e-19
1252150105.1276855,nan,2.89909697566049e-19
1252150105.1279297,nan,2.8713318229357087e-19
1252150105.1281738,nan,2.8377488995108003e-19
1252150105.128418,nan,2.8102675658444525e-19
1252150105.128662,nan,2.7903476620288117e-19
1252150105.1289062,nan,2.7658146227283844e-19
1252150105.1291504,nan,2.7400384969850363e-19
1252150105.1293945,nan,2.7053775313322387e-19
1252150105.1296387,nan,2.6744914714964296e-19
1252150105.1298828,nan,2.6594144923075013e-19
1252150105.130127,nan,2.621056369306969e-19
1252150105.130371,nan,2.5919084036598314e-19
1252150105.1306152,nan,2.5689979982162923e-19
1252150105.1308594,nan,2.5347262980511805e-19
1252150105.1311035,nan,2.510132799263069e-19
1252150105.1313477,nan,2.470373276321066e-19
1252150105.1315918,nan,2.4422204433667187e-19
1252150105.131836,nan,2.420208610693253e-19
1252150105.13208,nan,2.3761262849220046e-19
1252150105.1323242,nan,2.3417928247356268e-19
1252150105.1325684,nan,2.324826799624808e-19
1252150105.1328125,nan,2.288150848191437e-19
1252150105.1330566,nan,2.242180805782074e-19
1252150105.1333008,nan,2.219348322353291e-19
1252150105.133545,nan,2.1839790132191885e-19
1252150105.133789,nan,2.154587809784543e-19
1252150105.1340332,nan,2.1232700938687603e-19
1252150105.1342773,nan,2.072841097410539e-19
1252150105.1345215,nan,2.051694354601642e-19
1252150105.1347656,nan,2.0176095798868392e-19
1252150105.1350098,nan,1.9679858119278139e-19
1252150105.135254,nan,1.9367831945600388e-19
1252150105.135498,nan,1.9069741862313855e-19
1252150105.1357422,nan,1.8707407588716574e-19
1252150105.1359863,nan,1.8268642564951113e-19
1252150105.1362305,nan,1.7940584294783573e-19
1252150105.1364746,nan,1.7587723819213203e-19
1252150105.1367188,nan,1.7207851671538382e-19
1252150105.136963,nan,1.6868243020728527e-19
1252150105.137207,nan,1.63876140034979e-19
1252150105.1374512,nan,1.6093213497892093e-19
1252150105.1376953,nan,1.5812360605262874e-19
1252150105.1379395,nan,1.527688119937541e-19
1252150105.1381836,nan,1.4901311493476911e-19
1252150105.1384277,nan,1.4594003249242163e-19
1252150105.1386719,nan,1.4204582116123944e-19
1252150105.138916,nan,1.3771338984568912e-19
1252150105.1391602,nan,1.3352147706555456e-19
1252150105.1394043,nan,1.3064753117746229e-19
1252150105.1396484,nan,1.2734865825699943e-19
1252150105.1398926,nan,1.224193731637284e-19
1252150105.1401367,nan,1.1776079962660725e-19
1252150105.1403809,nan,1.147082684653297e-19
1252150105.140625,nan,1.1087637342580288e-19
1252150105.1408691,nan,1.0645476906186919e-19
1252150105.1411133,nan,1.0185635243632673e-19
1252150105.1413574,nan,9.81857743244964e-20
1252150105.1416016,nan,9.542948898879344e-20
1252150105.1418457,nan,9.06116494172302e-20
1252150105.1420898,nan,8.622133259584921e-20
1252150105.142334,nan,8.239490578739004e-20
1252150105.1425781,nan,7.846583072800301e-20
1252150105.1428223,nan,7.468772185415954e-20
1252150105.1430664,nan,6.990018979686499e-20
1252150105.1433105,nan,6.623978566980823e-20
1252150105.1435547,nan,6.318186299332846e-20
1252150105.1437988,nan,5.814090979076992e-20
1252150105.144043,nan,5.28541034374078e-20
1252150105.144287,nan,5.031476492137851e-20
1252150105.1445312,nan,4.6811151365124717e-20
1252150105.1447754,nan,4.160765399329339e-20
1252150105.1450195,nan,3.8022537802578155e-20
1252150105.1452637,nan,3.382896553331439e-20
1252150105.1455078,nan,3.035181834517296e-20
1252150105.145752,nan,2.607791240987614e-20
1252150105.145996,nan,2.0815880225662233e-20
1252150105.1462402,nan,1.8308603354548447e-20
1252150105.1464844,nan,1.428982159864918e-20
1252150105.1467285,nan,9.687026286708621e-21
1252150105.1469727,nan,5.662193021191177e-21
1252150105.1472168,nan,1.583017191400514e-21
1252150105.147461,nan,-1.1068385889136266e-21
1252150105.147705,nan,-6.2422994418214394e-21
1252150105.1479492,nan,-1.0954876468633611e-20
1252150105.1481934,nan,-1.387494520967559e-20
1252150105.1484375,nan,-1.8122725647331162e-20
1252150105.1486816,nan,-2.209944203415889e-20
1252150105.1489258,nan,-2.613898972130632e-20
1252150105.14917,nan,-2.96683989092831e-20
1252150105.149414,nan,-3.3395595589442224e-20
1252150105.1496582,nan,-3.818983492730521e-20
1252150105.1499023,nan,-4.168495339225594e-20
1252150105.1501465,nan,-4.5286631908988203e-20
1252150105.1503906,nan,-4.9136569655291654e-20
1252150105.1506348,nan,-5.271910634162295e-20
1252150105.150879,nan,-5.734516283092839e-20
1252150105.151123,nan,-6.06075696790883e-20
1252150105.1513672,nan,-6.359367558848546e-20
1252150105.1516113,nan,-6.864520853514951e-20
1252150105.1518555,nan,-7.227996660356229e-20
1252150105.1520996,nan,-7.461488879307516e-20
1252150105.1523438,nan,-7.913239103247944e-20
1252150105.152588,nan,-8.333803178145816e-20
1252150105.152832,nan,-8.634092861176863e-20
1252150105.1530762,nan,-9.021795948888582e-20
1252150105.1533203,nan,-9.356537279752265e-20
1252150105.1535645,nan,-9.741217967316017e-20
1252150105.1538086,nan,-1.0153987611978875e-19
1252150105.1540527,nan,-1.042810181794645e-19
1252150105.1542969,nan,-1.0778408979580996e-19
1252150105.154541,nan,-1.115605255345377e-19
1252150105.1547852,nan,-1.1550569533275927e-19
1252150105.1550293,nan,-1.185079705436695e-19
1252150105.1552734,nan,-1.2095952111831086e-19
1252150105.1555176,nan,-1.2580507341925693e-19
1252150105.1557617,nan,-1.2913644157802767e-19
1252150105.1560059,nan,-1.312733417812081e-19
1252150105.15625,nan,-1.3494847834264445e-19
1252150105.1564941,nan,-1.3830553473741454e-19
1252150105.1567383,nan,-1.4229569077527522e-19
1252150105.1569824,nan,-1.452680598515366e-19
1252150105.1572266,nan,-1.4756507721819572e-19
1252150105.1574707,nan,-1.517706835000205e-19
1252150105.1577148,nan,-1.5504341353038888e-19
1252150105.157959,nan,-1.5783698808591173e-19
1252150105.1582031,nan,-1.6050292841614851e-19
1252150105.1584473,nan,-1.6326393236049793e-19
1252150105.1586914,nan,-1.674002884933822e-19
1252150105.1589355,nan,-1.6928055445173115e-19
1252150105.1591797,nan,-1.7200205866945265e-19
1252150105.1594238,nan,-1.7644958474941534e-19
1252150105.159668,nan,-1.7873025418605233e-19
1252150105.159912,nan,-1.8152187334245595e-19
1252150105.1601562,nan,-1.8390106844679401e-19
1252150105.1604004,nan,-1.872744231665097e-19
1252150105.1606445,nan,-1.9056075846026487e-19
1252150105.1608887,nan,-1.9141169533401873e-19
1252150105.1611328,nan,-1.9467260727320212e-19
1252150105.161377,nan,-1.9820070524760334e-19
1252150105.161621,nan,-2.0026233363224114e-19
1252150105.1618652,nan,-2.0239484066872673e-19
1252150105.1621094,nan,-2.052129943414906e-19
1252150105.1623535,nan,-2.0838995740190753e-19
1252150105.1625977,nan,-2.1064281884214191e-19
1252150105.1628418,nan,-2.126270918359837e-19
1252150105.163086,nan,-2.1473315409000704e-19
1252150105.16333,nan,-2.181396212945549e-19
1252150105.1635742,nan,-2.2060217336787447e-19
1252150105.1638184,nan,-2.2223835026736973e-19
1252150105.1640625,nan,-2.2465093062817225e-19
1252150105.1643066,nan,-2.26365655884749e-19
1252150105.1645508,nan,-2.2930387734280787e-19
1252150105.164795,nan,-2.312193494969709e-19
1252150105.165039,nan,-2.327432600936535e-19
1252150105.1652832,nan,-2.3560176368650033e-19
1252150105.1655273,nan,-2.3715479832160794e-19
1252150105.1657715,nan,-2.390350966036244e-19
1252150105.1660156,nan,-2.4070821283995847e-19
1252150105.1662598,nan,-2.431104086013768e-19
1252150105.166504,nan,-2.4535748446460653e-19
1252150105.166748,nan,-2.4616919130855584e-19
1252150105.1669922,nan,-2.4842030692581025e-19
1252150105.1672363,nan,-2.5050321995225956e-19
1252150105.1674805,nan,-2.5242333914308565e-19
1252150105.1677246,nan,-2.534500507214336e-19
1252150105.1679688,nan,-2.5474032730988204e-19
1252150105.168213,nan,-2.5729931492481794e-19
1252150105.168457,nan,-2.5781167081207286e-19
1252150105.1687012,nan,-2.596363545372485e-19
1252150105.1689453,nan,-2.6091175399578847e-19
1252150105.1691895,nan,-2.6168791482495516e-19
1252150105.1694336,nan,-2.646727394460089e-19
1252150105.1696777,nan,-2.647349682407058e-19
1252150105.1699219,nan,-2.657072790996374e-19
1252150105.170166,nan,-2.684421867469905e-19
1252150105.1704102,nan,-2.692396278444302e-19
1252150105.1706543,nan,-2.6977494130065346e-19
1252150105.1708984,nan,-2.70763612012828e-19
1252150105.1711426,nan,-2.723810387485267e-19
1252150105.1713867,nan,-2.7313332524169937e-19
1252150105.1716309,nan,-2.7369184449632267e-19
1252150105.171875,nan,-2.7492908108256444e-19
1252150105.1721191,nan,-2.7609884975774515e-19
1252150105.1723633,nan,-2.768722737107738e-19
1252150105.1726074,nan,-2.770324726158073e-19
1252150105.1728516,nan,-2.781020372493974e-19
1252150105.1730957,nan,-2.7906001735517016e-19
1252150105.1733398,nan,-2.799789969055612e-19
1252150105.173584,nan,-2.809332591289793e-19
1252150105.1738281,nan,-2.808728565253672e-19
1252150105.1740723,nan,-2.8200852410769626e-19
1252150105.1743164,nan,-2.8239939650460616e-19
1252150105.1745605,nan,-2.8175643872936966e-19
1252150105.1748047,nan,-2.823822703365185e-19
1252150105.1750488,nan,-2.8345351135239897e-19
1252150105.175293,nan,-2.843481411384638e-19
1252150105.175537,nan,-2.840738648876955e-19
1252150105.1757812,nan,-2.8391378719271824e-19
1252150105.1760254,nan,-2.8489426310978836e-19
1252150105.1762695,nan,-2.8490817613817184e-19
1252150105.1765137,nan,-2.8408524672558304e-19
1252150105.1767578,nan,-2.8463445940405982e-19
1252150105.177002,nan,-2.8572610813900354e-19
1252150105.177246,nan,-2.853936011363151e-19
1252150105.1774902,nan,-2.850151347096614e-19
1252150105.1777344,nan,-2.849520621937584e-19
1252150105.1779785,nan,-2.8477448907664694e-19
1252150105.1782227,nan,-2.8504669132125374e-19
1252150105.1784668,nan,-2.848208352963337e-19
1252150105.178711,nan,-2.84183685268683e-19
1252150105.178955,nan,-2.844250220062363e-19
1252150105.1791992,nan,-2.845367724798635e-19
1252150105.1794434,nan,-2.832841536452493e-19
1252150105.1796875,nan,-2.8256919683284934e-19
1252150105.1799316,nan,-2.8315085869197468e-19
1252150105.1801758,nan,-2.825545834492593e-19
1252150105.18042,nan,-2.812650828984109e-19
1252150105.180664,nan,-2.80843769734477e-19
1252150105.1809082,nan,-2.809408305706397e-19
1252150105.1811523,nan,-2.802636961506909e-19
1252150105.1813965,nan,-2.788784463832024e-19
1252150105.1816406,nan,-2.786733496762044e-19
1252150105.1818848,nan,-2.786283689371595e-19
1252150105.182129,nan,-2.7760017295278767e-19
1252150105.182373,nan,-2.761377152762113e-19
1252150105.1826172,nan,-2.7558603106012587e-19
1252150105.1828613,nan,-2.753173844120747e-19
1252150105.1831055,nan,-2.740690014639326e-19
1252150105.1833496,nan,-2.7311807414040037e-19
1252150105.1835938,nan,-2.718785300418346e-19
1252150105.183838,nan,-2.71072315518705e-19
1252150105.184082,nan,-2.705399724285007e-19
1252150105.1843262,nan,-2.6820041052853955e-19
1252150105.1845703,nan,-2.6719363491955783e-19
1252150105.1848145,nan,-2.6734360230362146e-19
1252150105.1850586,nan,-2.656565166813658e-19
1252150105.1853027,nan,-2.640885833989104e-19
1252150105.1855469,nan,-2.6306572412310737e-19
1252150105.185791,nan,-2.615720377483399e-19
1252150105.1860352,nan,-2.6086323420323705e-19
1252150105.1862793,nan,-2.5918749978915687e-19
1252150105.1865234,nan,-2.5665806876059337e-19
1252150105.1867676,nan,-2.5677903771509783e-19
1252150105.1870117,nan,-2.5531068975704254e-19
1252150105.1872559,nan,-2.5248767422080504e-19
1252150105.1875,nan,-2.522628160848485e-19
1252150105.1877441,nan,-2.505474250142019e-19
1252150105.1879883,nan,-2.483458102790436e-19
1252150105.1882324,nan,-2.467967495662717e-19
1252150105.1884766,nan,-2.4468955694556053e-19
1252150105.1887207,nan,-2.434875597117153e-19
1252150105.1889648,nan,-2.4232452863540095e-19
1252150105.189209,nan,-2.40025244093253e-19
1252150105.1894531,nan,-2.379811626510132e-19
1252150105.1896973,nan,-2.371392892877466e-19
1252150105.1899414,nan,-2.3526011314014986e-19
1252150105.1901855,nan,-2.327387552464617e-19
1252150105.1904297,nan,-2.303273594624223e-19
1252150105.1906738,nan,-2.2910709667808576e-19
1252150105.190918,nan,-2.282326635945957e-19
1252150105.191162,nan,-2.248779588918159e-19
1252150105.1914062,nan,-2.2317746415663875e-19
1252150105.1916504,nan,-2.2169808378610014e-19
1252150105.1918945,nan,-2.188172795705876e-19
1252150105.1921387,nan,-2.171983651037471e-19
1252150105.1923828,nan,-2.1457789374891972e-19
1252150105.192627,nan,-2.1295438294204703e-19
1252150105.192871,nan,-2.1156533974420676e-19
1252150105.1931152,nan,-2.0871379856750054e-19
1252150105.1933594,nan,-2.0637014080318326e-19
1252150105.1936035,nan,-2.0422789835952118e-19
1252150105.1938477,nan,-2.023458630734277e-19
1252150105.1940918,nan,-1.991125744244054e-19
1252150105.194336,nan,-1.9690965537459728e-19
1252150105.19458,nan,-1.9652847829368082e-19
1252150105.1948242,nan,-1.933611896072438e-19
1252150105.1950684,nan,-1.9010053063233916e-19
1252150105.1953125,nan,-1.8845528781632438e-19
1252150105.1955566,nan,-1.857163234014294e-19
1252150105.1958008,nan,-1.8404810572937628e-19
1252150105.196045,nan,-1.8139202723068317e-19
1252150105.196289,nan,-1.7717490055339012e-19
1252150105.1965332,nan,-1.7674145942773714e-19
1252150105.1967773,nan,-1.7429950173770574e-19
1252150105.1970215,nan,-1.7048827252093808e-19
1252150105.1972656,nan,-1.6908932263237192e-19
1252150105.1975098,nan,-1.6624531274089104e-19
1252150105.197754,nan,-1.6391428393397102e-19
1252150105.197998,nan,-1.6047769794507786e-19
1252150105.1982422,nan,-1.580638836617481e-19
1252150105.1984863,nan,-1.563718481270652e-19
1252150105.1987305,nan,-1.5267244307067864e-19
1252150105.1989746,nan,-1.5067403722628685e-19
1252150105.1992188,nan,-1.4798570476400098e-19
1252150105.199463,nan,-1.456526189230865e-19
1252150105.199707,nan,-1.4368628634407506e-19
1252150105.1999512,nan,-1.393605176308242e-19
1252150105.2001953,nan,-1.366485055839119e-19
1252150105.2004395,nan,-1.3538207143071408e-19
1252150105.2006836,nan,-1.3194399372500876e-19
1252150105.2009277,nan,-1.2832700467680178e-19
1252150105.2011719,nan,-1.2726435964928508e-19
1252150105.201416,nan,-1.2465231708009262e-19
1252150105.2016602,nan,-1.208489696429907e-19
1252150105.2019043,nan,-1.1841374567966845e-19
1252150105.2021484,nan,-1.1528490761001284e-19
1252150105.2023926,nan,-1.1321815638736144e-19
1252150105.2026367,nan,-1.1038768568659858e-19
1252150105.2028809,nan,-1.0647822178721083e-19
1252150105.203125,nan,-1.0457248189820193e-19
1252150105.2033691,nan,-1.0193542535843709e-19
1252150105.2036133,nan,-9.904615474012938e-20
1252150105.2038574,nan,-9.545379843625313e-20
1252150105.2041016,nan,-9.213252477629367e-20
1252150105.2043457,nan,-9.155085038995662e-20
1252150105.2045898,nan,-8.835119534749352e-20
1252150105.204834,nan,-8.415272344650958e-20
1252150105.2050781,nan,-8.224090372854844e-20
1252150105.2053223,nan,-7.943755292420089e-20
1252150105.2055664,nan,-7.627272902851669e-20
1252150105.2058105,nan,-7.330144900964894e-20
1252150105.2060547,nan,-7.00446302754632e-20
1252150105.2062988,nan,-6.732398763347289e-20
1252150105.206543,nan,-6.51077709836125e-20
1252150105.206787,nan,-6.204874969622623e-20
1252150105.2070312,nan,-5.861401335908881e-20
1252150105.2072754,nan,-5.670557139027596e-20
1252150105.2075195,nan,-5.3918291987133537e-20
1252150105.2077637,nan,-5.040139097663571e-20
1252150105.2080078,nan,-4.731298716712256e-20
1252150105.208252,nan,-4.4594290998090874e-20
1252150105.208496,nan,-4.2853349483406225e-20
1252150105.2087402,nan,-3.900655329818661e-20
1252150105.2089844,nan,-3.504921326139652e-20
1252150105.2092285,nan,-3.385275774686113e-20
1252150105.2094727,nan,-3.1294338405049473e-20
1252150105.2097168,nan,-2.713647968579822e-20
1252150105.209961,nan,-2.4677944673095385e-20
1252150105.210205,nan,-2.2672660506655084e-20
1252150105.2104492,nan,-1.9497508801939983e-20
1252150105.2106934,nan,-1.645557001432902e-20
1252150105.2109375,nan,-1.3433665106902291e-20
1252150105.2111816,nan,-1.1260444226072928e-20
1252150105.2114258,nan,-9.005962876511102e-21
1252150105.21167,nan,-4.694533922063649e-21
1252150105.211914,nan,-1.932171375483113e-21
1252150105.2121582,nan,-3.374303071273977e-22
1252150105.2124023,nan,2.9186227681198978e-21
1252150105.2126465,nan,6.507492054919106e-21
1252150105.2128906,nan,8.983038641074336e-21
1252150105.2131348,nan,1.0855958678886314e-20
1252150105.213379,nan,1.3607419734373575e-20
1252150105.213623,nan,1.7236293316808968e-20
1252150105.2138672,nan,1.9839882433557272e-20
1252150105.2141113,nan,2.150044689269753e-20
1252150105.2143555,nan,2.425451916338533e-20
1252150105.2145996,nan,2.731015997059386e-20
1252150105.2148438,nan,3.003991627375621e-20
1252150105.215088,nan,3.2443754049008135e-20
1252150105.215332,nan,3.468578187992512e-20
1252150105.2155762,nan,3.840238786497988e-20
1252150105.2158203,nan,4.139745372517345e-20
1252150105.2160645,nan,4.284266685782735e-20
1252150105.2163086,nan,4.569107434179553e-20
1252150105.2165527,nan,4.8657065132777714e-20
1252150105.2167969,nan,5.079924031235878e-20
1252150105.217041,nan,5.3490601506752366e-20
1252150105.2172852,nan,5.614418193930296e-20
1252150105.2175293,nan,5.901733777431865e-20
1252150105.2177734,nan,6.147178194847278e-20
1252150105.2180176,nan,6.290850874541142e-20
1252150105.2182617,nan,6.559008071599728e-20
1252150105.2185059,nan,6.941700171938763e-20
1252150105.21875,nan,7.193468436200765e-20
1252150105.2189941,nan,7.336036914404678e-20
1252150105.2192383,nan,7.595797266665866e-20
1252150105.2194824,nan,7.921817687657671e-20
1252150105.2197266,nan,8.14507923553328e-20
1252150105.2199707,nan,8.309887402457327e-20
1252150105.2202148,nan,8.564494917471811e-20
1252150105.220459,nan,8.891324085273278e-20
1252150105.2207031,nan,9.068102129426788e-20
1252150105.2209473,nan,9.231012177495018e-20
1252150105.2211914,nan,9.474368473822843e-20
1252150105.2214355,nan,9.758371322258273e-20
1252150105.2216797,nan,1.009232577353952e-19
1252150105.2219238,nan,1.0192035121802483e-19
1252150105.222168,nan,1.0373033658419788e-19
1252150105.222412,nan,1.0728995836857287e-19
1252150105.2226562,nan,1.091624997936727e-19
1252150105.2229004,nan,1.1120847374113035e-19
1252150105.2231445,nan,1.1234995531574382e-19
1252150105.2233887,nan,1.1502471274284557e-19
1252150105.2236328,nan,1.184198297886964e-19
1252150105.223877,nan,1.1880478760897395e-19
1252150105.224121,nan,1.2114486312777913e-19
1252150105.2243652,nan,1.2410835598985513e-19
1252150105.2246094,nan,1.2545631587843422e-19
1252150105.2248535,nan,1.26963543217107e-19
1252150105.2250977,nan,1.2939980203664355e-19
1252150105.2253418,nan,1.323634030583806e-19
1252150105.225586,nan,1.339829692505358e-19
1252150105.22583,nan,1.3529714627119794e-19
1252150105.2260742,nan,1.3757478828834633e-19
1252150105.2263184,nan,1.395449426227167e-19
1252150105.2265625,nan,1.4126592895775362e-19
1252150105.2268066,nan,1.431181000678905e-19
1252150105.2270508,nan,1.447647645712441e-19
1252150105.227295,nan,1.4744882957072315e-19
1252150105.227539,nan,1.49409041531558e-19
1252150105.2277832,nan,1.5031690335032162e-19
1252150105.2280273,nan,1.518589454851963e-19
1252150105.2282715,nan,1.5398835341481334e-19
1252150105.2285156,nan,1.565926871385307e-19
1252150105.2287598,nan,1.574488022762309e-19
1252150105.229004,nan,1.584516336218082e-19
1252150105.229248,nan,1.6121272731160104e-19
1252150105.2294922,nan,1.630181822738205e-19
1252150105.2297363,nan,1.635574001008304e-19
1252150105.2299805,nan,1.6489262232645402e-19
1252150105.2302246,nan,1.6719793729968632e-19
1252150105.2304688,nan,1.6869779212476431e-19
1252150105.230713,nan,1.7041292114503757e-19
1252150105.230957,nan,1.7150015482565945e-19
1252150105.2312012,nan,1.7300438264569574e-19
1252150105.2314453,nan,1.7547479724008518e-19
1252150105.2316895,nan,1.759453084289214e-19
1252150105.2319336,nan,1.7719805591821277e-19
1252150105.2321777,nan,1.7858327074323417e-19
1252150105.2324219,nan,1.7965547681140346e-19
1252150105.232666,nan,1.816825641213835e-19
1252150105.2329102,nan,1.827706433188411e-19
1252150105.2331543,nan,1.84210204669738e-19
1252150105.2333984,nan,1.8525544972591577e-19
1252150105.2336426,nan,1.864192301837363e-19
1252150105.2338867,nan,1.8774285896370961e-19
1252150105.2341309,nan,1.8881542010161277e-19
1252150105.234375,nan,1.9053142648154287e-19
1252150105.2346191,nan,1.9078381098997765e-19
1252150105.2348633,nan,1.918814084248551e-19
1252150105.2351074,nan,1.9383450961536069e-19
1252150105.2353516,nan,1.9471883731279783e-19
1252150105.2355957,nan,1.9571231060778132e-19
1252150105.2358398,nan,1.96118449577606e-19
1252150105.236084,nan,1.9736138250586474e-19
1252150105.2363281,nan,1.9884249417403648e-19
1252150105.2365723,nan,1.98685822969039e-19
1252150105.2368164,nan,2.0015023751573186e-19
1252150105.2370605,nan,2.0180640255672772e-19
1252150105.2373047,nan,2.0212146181395035e-19
1252150105.2375488,nan,2.028395427424231e-19
1252150105.237793,nan,2.0342607555630162e-19
1252150105.238037,nan,2.0456022630449244e-19
1252150105.2382812,nan,2.053208947229145e-19
1252150105.2385254,nan,2.0594871864968317e-19
1252150105.2387695,nan,2.0687903045259563e-19
1252150105.2390137,nan,2.0810820913259804e-19
1252150105.2392578,nan,2.0853841087252397e-19
1252150105.239502,nan,2.0788693362946746e-19
1252150105.239746,nan,2.0910692425492633e-19
1252150105.2399902,nan,2.101931987465031e-19
1252150105.2402344,nan,2.1024383357385167e-19
1252150105.2404785,nan,2.103232087875098e-19
1252150105.2407227,nan,2.1160187944163885e-19
1252150105.2409668,nan,2.1307927759041966e-19
1252150105.241211,nan,2.1285557394408042e-19
1252150105.241455,nan,2.1325847162504696e-19
1252150105.2416992,nan,2.1311877728915236e-19
1252150105.2419434,nan,2.1385119159416768e-19
1252150105.2421875,nan,2.1483320711677203e-19
1252150105.2424316,nan,2.139386118497838e-19
1252150105.2426758,nan,2.1516292185830793e-19
1252150105.24292,nan,2.1589026034249048e-19
1252150105.243164,nan,2.1565723169842903e-19
1252150105.2434082,nan,2.159468707111558e-19
1252150105.2436523,nan,2.1555290399226223e-19
1252150105.2438965,nan,2.1644007725298935e-19
1252150105.2441406,nan,2.1724678433331732e-19
1252150105.2443848,nan,2.1660823226007055e-19
1252150105.244629,nan,2.16319171711295e-19
1252150105.244873,nan,2.1754119382675215e-19
1252150105.2451172,nan,2.1784148982866627e-19
1252150105.2453613,nan,2.1651996790742372e-19
1252150105.2456055,nan,2.171100040583043e-19
1252150105.2458496,nan,2.173887850890551e-19
1252150105.2460938,nan,2.172838373886169e-19
1252150105.246338,nan,2.1740227073645897e-19
1252150105.246582,nan,2.1665790417859023e-19
1252150105.2468262,nan,2.1736389897844575e-19
1252150105.2470703,nan,2.1773474272458276e-19
1252150105.2473145,nan,2.1708455101825015e-19
1252150105.2475586,nan,2.163448283900502e-19
1252150105.2478027,nan,2.167118602494999e-19
1252150105.2480469,nan,2.173967933213507e-19
1252150105.248291,nan,2.1653247263825222e-19
1252150105.2485352,nan,2.1619643995243295e-19
1252150105.2487793,nan,2.1625248084265942e-19
1252150105.2490234,nan,2.159971148643486e-19
1252150105.2492676,nan,2.150514192684622e-19
1252150105.2495117,nan,2.1466875030957949e-19
1252150105.2497559,nan,2.1575022255577554e-19
1252150105.25,nan,2.1493040978624628e-19
1252150105.2502441,nan,2.1392404290710855e-19
1252150105.2504883,nan,2.1454559879640968e-19
1252150105.2507324,nan,2.1370914386516755e-19
1252150105.2509766,nan,2.1327149160941496e-19
1252150105.2512207,nan,2.1304411291988048e-19
1252150105.2514648,nan,2.117869103110354e-19
1252150105.251709,nan,2.122368114208305e-19
1252150105.2519531,nan,2.1169052694018245e-19
1252150105.2521973,nan,2.1012991706322543e-19
1252150105.2524414,nan,2.1026767649790042e-19
1252150105.2526855,nan,2.1056201742458207e-19
1252150105.2529297,nan,2.0933962682043403e-19
1252150105.2531738,nan,2.079269988930749e-19
1252150105.253418,nan,2.0806634651887593e-19
1252150105.253662,nan,2.081362183173312e-19
1252150105.2539062,nan,2.0724782272553536e-19
1252150105.2541504,nan,2.059364447026113e-19
1252150105.2543945,nan,2.052235776663787e-19
1252150105.2546387,nan,2.0525787942023762e-19
1252150105.2548828,nan,2.044586911177546e-19
1252150105.255127,nan,2.02930036523561e-19
1252150105.255371,nan,2.0263654942824778e-19
1252150105.2556152,nan,2.0268227960642862e-19
1252150105.2558594,nan,2.0109064322960741e-19
1252150105.2561035,nan,1.998033974462772e-19
1252150105.2563477,nan,1.9956060031945757e-19
1252150105.2565918,nan,1.994163068711823e-19
1252150105.256836,nan,1.9821686720755824e-19
1252150105.25708,nan,1.9660575160515378e-19
1252150105.2573242,nan,1.9645808612007506e-19
1252150105.2575684,nan,1.9541645467614226e-19
1252150105.2578125,nan,1.9444059763594203e-19
1252150105.2580566,nan,1.9353129033368644e-19
1252150105.2583008,nan,1.9185788595686883e-19
1252150105.258545,nan,1.9172762052300456e-19
1252150105.258789,nan,1.9073266984390095e-19
1252150105.2590332,nan,1.8933810773872887e-19
1252150105.2592773,nan,1.884610058676009e-19
1252150105.2595215,nan,1.8743223138297394e-19
1252150105.2597656,nan,1.869192333119754e-19
1252150105.2600098,nan,1.8467236579043236e-19
1252150105.260254,nan,1.8405034194168262e-19
1252150105.260498,nan,1.8409190059380541e-19
1252150105.2607422,nan,1.8185036684834602e-19
1252150105.2609863,nan,1.8101272682290068e-19
1252150105.2612305,nan,1.797562634957816e-19
1252150105.2614746,nan,1.7896342792894386e-19
1252150105.2617188,nan,1.7795612829095988e-19
1252150105.261963,nan,1.753065617675623e-19
1252150105.262207,nan,1.751677936386197e-19
1252150105.2624512,nan,1.7418713967168033e-19
1252150105.2626953,nan,1.724201214049916e-19
1252150105.2629395,nan,1.7124443569533472e-19
1252150105.2631836,nan,1.69568104581778e-19
1252150105.2634277,nan,1.6940946567585288e-19
1252150105.2636719,nan,1.6787470937180998e-19
1252150105.263916,nan,1.6586811983300727e-19
1252150105.2641602,nan,1.6472599749116752e-19
1252150105.2644043,nan,1.6367216394340301e-19
1252150105.2646484,nan,1.6261616167733998e-19
1252150105.2648926,nan,1.6050626626447406e-19
1252150105.2651367,nan,1.592415264377777e-19
1252150105.2653809,nan,1.5845533168763992e-19
1252150105.265625,nan,1.5658261278580615e-19
1252150105.2658691,nan,1.5428885199626423e-19
1252150105.2661133,nan,1.5365048560838342e-19
1252150105.2663574,nan,1.530533852307644e-19
1252150105.2666016,nan,1.5072198145092756e-19
1252150105.2668457,nan,1.4891610543384313e-19
1252150105.2670898,nan,1.4754646450435872e-19
1252150105.267334,nan,1.466308522017284e-19
1252150105.2675781,nan,1.4489041972155083e-19
1252150105.2678223,nan,1.430081507714174e-19
1252150105.2680664,nan,1.4182876555173036e-19
1252150105.2683105,nan,1.4038565834799584e-19
1252150105.2685547,nan,1.387020489343395e-19
1252150105.2687988,nan,1.3619343625918224e-19
1252150105.269043,nan,1.3542312242174682e-19
1252150105.269287,nan,1.346241395880312e-19
1252150105.2695312,nan,1.3199488048559465e-19
1252150105.2697754,nan,1.3013082858497823e-19
1252150105.2700195,nan,1.2883666250516073e-19
1252150105.2702637,nan,1.2772340103136696e-19
1252150105.2705078,nan,1.254702520423918e-19
1252150105.270752,nan,1.2338336905552387e-19
1252150105.270996,nan,1.2168981490204694e-19
1252150105.2712402,nan,1.2004337227482622e-19
1252150105.2714844,nan,1.1902852906048807e-19
1252150105.2717285,nan,1.1647291049110682e-19
1252150105.2719727,nan,1.1486239705137482e-19
1252150105.2722168,nan,1.1339254317339728e-19
1252150105.272461,nan,1.1133440361828536e-19
1252150105.272705,nan,1.098856468835576e-19
1252150105.2729492,nan,1.0735015174072475e-19
1252150105.2731934,nan,1.0644336159653302e-19
1252150105.2734375,nan,1.0467681140376091e-19
1252150105.2736816,nan,1.0111759055723704e-19
1252150105.2739258,nan,1.0032853209873409e-19
1252150105.27417,nan,9.934145447092699e-20
1252150105.274414,nan,9.650186335870097e-20
1252150105.2746582,nan,9.368101589232143e-20
1252150105.2749023,nan,9.208962744434368e-20
1252150105.2751465,nan,9.139398929337128e-20
1252150105.2753906,nan,8.902411972790146e-20
1252150105.2756348,nan,8.596663546569924e-20
1252150105.275879,nan,8.445060114984533e-20
1252150105.276123,nan,8.377038145261357e-20
1252150105.2763672,nan,8.1222806255804e-20
1252150105.2766113,nan,7.875331650007529e-20
1252150105.2768555,nan,7.710720692833708e-20
1252150105.2770996,nan,7.452711775437778e-20
1252150105.2773438,nan,7.315333278597682e-20
1252150105.277588,nan,7.031289637479259e-20
1252150105.277832,nan,6.78851940445372e-20
1252150105.2780762,nan,6.717210137340357e-20
1252150105.2783203,nan,6.423152571616025e-20
1252150105.2785645,nan,6.20169416755653e-20
1252150105.2788086,nan,6.037983444280884e-20
1252150105.2790527,nan,5.832176590573153e-20
1252150105.2792969,nan,5.617529592035811e-20
1252150105.279541,nan,5.346498689626486e-20
1252150105.2797852,nan,5.191262804654205e-20
1252150105.2800293,nan,5.007408213157456e-20
1252150105.2802734,nan,4.772438404023905e-20
1252150105.2805176,nan,4.5880175057647625e-20
1252150105.2807617,nan,4.2790575276588843e-20
1252150105.2810059,nan,4.0648562924212075e-20
1252150105.28125,nan,4.016142610058308e-20
1252150105.2814941,nan,3.647247764188157e-20
1252150105.2817383,nan,3.3597492000556924e-20
1252150105.2819824,nan,3.359612880057492e-20
1252150105.2822266,nan,3.006222512411235e-20
1252150105.2824707,nan,2.722518717384811e-20
1252150105.2827148,nan,2.607087134349379e-20
1252150105.282959,nan,2.361930801020502e-20
1252150105.2832031,nan,2.1648001791699802e-20
1252150105.2834473,nan,1.848916713687667e-20
1252150105.2836914,nan,1.6431367106627046e-20
1252150105.2839355,nan,1.532867028807429e-20
1252150105.2841797,nan,1.2466445123249382e-20
1252150105.2844238,nan,9.594828325610656e-21
1252150105.284668,nan,7.402619596541379e-21
1252150105.284912,nan,5.8551328278427745e-21
1252150105.2851562,nan,3.668919969501795e-21
1252150105.2854004,nan,6.881852523114403e-22
1252150105.2856445,nan,-1.562547061116273e-21
1252150105.2858887,nan,-3.3202443150184078e-21
1252150105.2861328,nan,-5.654470260423111e-21
1252150105.286377,nan,-8.68134069807365e-21
1252150105.286621,nan,-1.1029859584306554e-20
1252150105.2868652,nan,-1.2426979197766102e-20
1252150105.2871094,nan,-1.5170191464269363e-20
1252150105.2873535,nan,-1.8263255867339042e-20
1252150105.2875977,nan,-2.0047366816070803e-20
1252150105.2878418,nan,-2.165916878451318e-20
1252150105.288086,nan,-2.4450745271798476e-20
1252150105.28833,nan,-2.770142291675807e-20
1252150105.2885742,nan,-2.9020343139251617e-20
1252150105.2888184,nan,-3.1316759977206235e-20
1252150105.2890625,nan,-3.451528311213337e-20
1252150105.2893066,nan,-3.6000381385562594e-20
1252150105.2895508,nan,-3.914409259219282e-20
1252150105.289795,nan,-4.158669714713225e-20
1252150105.290039,nan,-4.298928173248196e-20
1252150105.2902832,nan,-4.630321804456813e-20
1252150105.2905273,nan,-4.8593655213870235e-20
1252150105.2907715,nan,-5.0032698738579057e-20
1252150105.2910156,nan,-5.264803244877575e-20
1252150105.2912598,nan,-5.620211644328243e-20
1252150105.291504,nan,-5.829501519387307e-20
1252150105.291748,nan,-5.968505689721429e-20
1252150105.2919922,nan,-6.222333235461206e-20
1252150105.2922363,nan,-6.543870529730371e-20
1252150105.2924805,nan,-6.831498057985725e-20
1252150105.2927246,nan,-6.928670918652993e-20
1252150105.2929688,nan,-7.195306363356889e-20
1252150105.293213,nan,-7.554843771227508e-20
1252150105.293457,nan,-7.710474963756763e-20
1252150105.2937012,nan,-7.956492753945596e-20
1252150105.2939453,nan,-8.173123060172351e-20
1252150105.2941895,nan,-8.452781499077461e-20
1252150105.2944336,nan,-8.723976414240244e-20
1252150105.2946777,nan,-8.869078951870277e-20
1252150105.2949219,nan,-9.215211218089898e-20
1252150105.295166,nan,-9.471698986109676e-20
1252150105.2954102,nan,-9.650924173339212e-20
1252150105.2956543,nan,-9.896595852721045e-20
1252150105.2958984,nan,-1.0091603018116301e-19
1252150105.2961426,nan,-1.0437658836959091e-19
1252150105.2963867,nan,-1.072410759474868e-19
1252150105.2966309,nan,-1.0825284385106379e-19
1252150105.296875,nan,-1.111821094381551e-19
1252150105.2971191,nan,-1.1494935831366095e-19
1252150105.2973633,nan,-1.1610224941537533e-19
1252150105.2976074,nan,-1.1779850653096896e-19
1252150105.2978516,nan,-1.2105031220790806e-19
1252150105.2980957,nan,-1.2341510010489084e-19
1252150105.2983398,nan,-1.2589259877228615e-19
1252150105.298584,nan,-1.2763855704228174e-19
1252150105.2988281,nan,-1.3027458922024938e-19
1252150105.2990723,nan,-1.3349207336556144e-19
1252150105.2993164,nan,-1.3533390608194e-19
1252150105.2995605,nan,-1.3723604468996486e-19
1252150105.2998047,nan,-1.3946202841677246e-19
1252150105.3000488,nan,-1.4284635697948293e-19
1252150105.300293,nan,-1.4507522592397528e-19
1252150105.300537,nan,-1.4632078159476561e-19
1252150105.3007812,nan,-1.4949910813952875e-19
1252150105.3010254,nan,-1.5228999905600632e-19
1252150105.3012695,nan,-1.5394734441472288e-19
1252150105.3015137,nan,-1.5566564976391436e-19
1252150105.3017578,nan,-1.5771447951174577e-19
1252150105.302002,nan,-1.6110697926995737e-19
1252150105.302246,nan,-1.6361158532403368e-19
1252150105.3024902,nan,-1.6465419468245355e-19
1252150105.3027344,nan,-1.6722600438654523e-19
1252150105.3029785,nan,-1.697272516431314e-19
1252150105.3032227,nan,-1.7206293766766277e-19
1252150105.3034668,nan,-1.7414978349740833e-19
1252150105.303711,nan,-1.7594283432877217e-19
1252150105.303955,nan,-1.7896896241300134e-19
1252150105.3041992,nan,-1.8033238172609576e-19
1252150105.3044434,nan,-1.8247980655542456e-19
1252150105.3046875,nan,-1.8512674703800477e-19
1252150105.3049316,nan,-1.8661389217868085e-19
1252150105.3051758,nan,-1.8952891752073374e-19
1252150105.30542,nan,-1.9061572763420017e-19
1252150105.305664,nan,-1.926968735033663e-19
1252150105.3059082,nan,-1.95945696337185e-19
1252150105.3061523,nan,-1.9670853368231813e-19
1252150105.3063965,nan,-1.989924287795348e-19
1252150105.3066406,nan,-2.0108930545123418e-19
1252150105.3068848,nan,-2.028780269056192e-19
1252150105.307129,nan,-2.0552390837092743e-19
1252150105.307373,nan,-2.066622227537322e-19
1252150105.3076172,nan,-2.0836066902533196e-19
1252150105.3078613,nan,-2.1079982085151807e-19
1252150105.3081055,nan,-2.1220746684428657e-19
1252150105.3083496,nan,-2.141057207597657e-19
1252150105.3085938,nan,-2.1627958082720089e-19
1252150105.308838,nan,-2.1794706328644897e-19
1252150105.309082,nan,-2.200852145425237e-19
1252150105.3093262,nan,-2.215728976292618e-19
1252150105.3095703,nan,-2.233945883521354e-19
1252150105.3098145,nan,-2.257232455079983e-19
1252150105.3100586,nan,-2.276508966535286e-19
1252150105.3103027,nan,-2.289504842991333e-19
1252150105.3105469,nan,-2.3030873667395367e-19
1252150105.310791,nan,-2.3296036290546407e-19
1252150105.3110352,nan,-2.3403757960435113e-19
1252150105.3112793,nan,-2.3515407058734013e-19
1252150105.3115234,nan,-2.3729187596601565e-19
1252150105.3117676,nan,-2.390065717790774e-19
1252150105.3120117,nan,-2.412582176405827e-19
1252150105.3122559,nan,-2.418802487489395e-19
1252150105.3125,nan,-2.434669075486897e-19
1252150105.3127441,nan,-2.461491580450882e-19
1252150105.3129883,nan,-2.47037789596753e-19
1252150105.3132324,nan,-2.4785660643249776e-19
1252150105.3134766,nan,-2.491442304732663e-19
1252150105.3137207,nan,-2.515842195942993e-19
1252150105.3139648,nan,-2.526762901191058e-19
1252150105.314209,nan,-2.5330632566145413e-19
1252150105.3144531,nan,-2.551658829544207e-19
1252150105.3146973,nan,-2.5645790562047685e-19
1252150105.3149414,nan,-2.5778262947019544e-19
1252150105.3151855,nan,-2.5819933451655064e-19
1252150105.3154297,nan,-2.5959800136627287e-19
1252150105.3156738,nan,-2.6164052576233887e-19
1252150105.315918,nan,-2.622962416953493e-19
1252150105.316162,nan,-2.628179637147546e-19
1252150105.3164062,nan,-2.641468436205318e-19
1252150105.3166504,nan,-2.6568203295439655e-19
1252150105.3168945,nan,-2.65850813619166e-19
1252150105.3171387,nan,-2.6652395327722027e-19
1252150105.3173828,nan,-2.6770987355452484e-19
1252150105.317627,nan,-2.6854525571293112e-19
1252150105.317871,nan,-2.695101378847996e-19
1252150105.3181152,nan,-2.6965950366064916e-19
1252150105.3183594,nan,-2.7062014426382545e-19
1252150105.3186035,nan,-2.7212098134731883e-19
1252150105.3188477,nan,-2.720919471516496e-19
1252150105.3190918,nan,-2.7255146426885536e-19
1252150105.319336,nan,-2.7360883477105383e-19
1252150105.31958,nan,-2.7432902006754493e-19
1252150105.3198242,nan,-2.751792785125236e-19
1252150105.3200684,nan,-2.754134580182723e-19
1252150105.3203125,nan,-2.758299377213211e-19
1252150105.3205566,nan,-2.769732427260182e-19
1252150105.3208008,nan,-2.773420268239455e-19
1252150105.321045,nan,-2.7696494656471363e-19
1252150105.321289,nan,-2.7798923438744133e-19
1252150105.3215332,nan,-2.789339831054927e-19
1252150105.3217773,nan,-2.7865296547431446e-19
1252150105.3220215,nan,-2.7890946708573803e-19
1252150105.3222656,nan,-2.7901607786574127e-19
1252150105.3225098,nan,-2.7955189111166213e-19
1252150105.322754,nan,-2.796588165971079e-19
1252150105.322998,nan,-2.7922306516405934e-19
1252150105.3232422,nan,-2.7935693374113356e-19
1252150105.3234863,nan,-2.79054255433695e-19
1252150105.3237305,nan,-2.794936975569953e-19
1252150105.3239746,nan,-2.7880146194083295e-19
1252150105.3242188,nan,-2.7814887532202455e-19
1252150105.324463,nan,-2.7950781149044705e-19
1252150105.324707,nan,-2.786015023359471e-19
1252150105.3249512,nan,-2.777674234465943e-19
1252150105.3251953,nan,-2.7827599201845213e-19
1252150105.3254395,nan,-2.773503302421759e-19
1252150105.3256836,nan,-2.7699840324436263e-19
1252150105.3259277,nan,-2.7715218121958973e-19
1252150105.3261719,nan,-2.767020905883997e-19
1252150105.326416,nan,-2.7651983171947813e-19
1252150105.3266602,nan,-2.7586923069006776e-19
1252150105.3269043,nan,-2.748039053269876e-19
1252150105.3271484,nan,-2.7432203750756627e-19
1252150105.3273926,nan,-2.738342190900062e-19
1252150105.3276367,nan,-2.733775537144475e-19
1252150105.3278809,nan,-2.723946367760021e-19
1252150105.328125,nan,-2.713361824417222e-19
1252150105.3283691,nan,-2.716826042979709e-19
1252150105.3286133,nan,-2.7075070257138297e-19
1252150105.3288574,nan,-2.683240889152851e-19
1252150105.3291016,nan,-2.6742849202356736e-19
1252150105.3293457,nan,-2.6735766749554754e-19
1252150105.3295898,nan,-2.662213000251638e-19
1252150105.329834,nan,-2.6427449617149296e-19
1252150105.3300781,nan,-2.633562400034684e-19
1252150105.3303223,nan,-2.6303598119633987e-19
1252150105.3305664,nan,-2.6133507006330213e-19
1252150105.3308105,nan,-2.594947360297839e-19
1252150105.3310547,nan,-2.583018943609128e-19
1252150105.3312988,nan,-2.573418960164473e-19
1252150105.331543,nan,-2.5560191709572955e-19
1252150105.331787,nan,-2.539907547378854e-19
1252150105.3320312,nan,-2.5320128582348463e-19
1252150105.3322754,nan,-2.516658509265374e-19
1252150105.3325195,nan,-2.5034813672119306e-19
1252150105.3327637,nan,-2.4794017069818878e-19
1252150105.3330078,nan,-2.461354929819699e-19
1252150105.333252,nan,-2.4584277548564457e-19
1252150105.333496,nan,-2.432956024971427e-19
1252150105.3337402,nan,-2.412895252882422e-19
1252150105.3339844,nan,-2.398572841910012e-19
1252150105.3342285,nan,-2.3887199503697597e-19
1252150105.3344727,nan,-2.370128775293369e-19
1252150105.3347168,nan,-2.3325046052816424e-19
1252150105.334961,nan,-2.3214766814620165e-19
1252150105.335205,nan,-2.3062522742576418e-19
1252150105.3354492,nan,-2.2785064598672513e-19
1252150105.3356934,nan,-2.254128032245774e-19
1252150105.3359375,nan,-2.236027311980665e-19
1252150105.3361816,nan,-2.2223907443717794e-19
1252150105.3364258,nan,-2.190625078048355e-19
1252150105.33667,nan,-2.168995188050237e-19
1252150105.336914,nan,-2.1500291463450184e-19
1252150105.3371582,nan,-2.1234812765574265e-19
1252150105.3374023,nan,-2.1015088075865656e-19
1252150105.3376465,nan,-2.0749111464768852e-19
1252150105.3378906,nan,-2.052998407043311e-19
1252150105.3381348,nan,-2.0301951910083225e-19
1252150105.338379,nan,-2.010019868659473e-19
1252150105.338623,nan,-1.9747840701067748e-19
1252150105.3388672,nan,-1.943737169051298e-19
1252150105.3391113,nan,-1.9277691870091667e-19
1252150105.3393555,nan,-1.8938968329267703e-19
1252150105.3395996,nan,-1.8707590952797188e-19
1252150105.3398438,nan,-1.8420725645351649e-19
1252150105.340088,nan,-1.8141035711834407e-19
1252150105.340332,nan,-1.7907035354432851e-19
1252150105.3405762,nan,-1.7489795705266092e-19
1252150105.3408203,nan,-1.7238489568827746e-19
1252150105.3410645,nan,-1.6990660860189706e-19
1252150105.3413086,nan,-1.668598262633056e-19
1252150105.3415527,nan,-1.6368566506538247e-19
1252150105.3417969,nan,-1.604019283031937e-19
1252150105.342041,nan,-1.581022807503811e-19
1252150105.3422852,nan,-1.5482580960219352e-19
1252150105.3425293,nan,-1.5091136741123603e-19
1252150105.3427734,nan,-1.4760821933532846e-19
1252150105.3430176,nan,-1.4524734185635847e-19
1252150105.3432617,nan,-1.4152538902124075e-19
1252150105.3435059,nan,-1.3743197895348864e-19
1252150105.34375,nan,-1.3521157403170856e-19
1252150105.3439941,nan,-1.3255889169751077e-19
1252150105.3442383,nan,-1.2859623446221494e-19
1252150105.3444824,nan,-1.2439772886852055e-19
1252150105.3447266,nan,-1.2106772820649624e-19
1252150105.3449707,nan,-1.1806207273963103e-19
1252150105.3452148,nan,-1.1433711519628431e-19
1252150105.345459,nan,-1.1076497239883587e-19
1252150105.3457031,nan,-1.0719479259112506e-19
1252150105.3459473,nan,-1.0421233097089719e-19
1252150105.3461914,nan,-1.0146527453378496e-19
1252150105.3464355,nan,-9.623285251575816e-20
1252150105.3466797,nan,-9.187583842902368e-20
1252150105.3469238,nan,-8.979680451386609e-20
1252150105.347168,nan,-8.585275944302543e-20
1252150105.347412,nan,-8.142555934567354e-20
1252150105.3476562,nan,-7.865405428570317e-20
1252150105.3479004,nan,-7.488181502300319e-20
1252150105.3481445,nan,-7.041449714487979e-20
1252150105.3483887,nan,-6.677080289671845e-20
1252150105.3486328,nan,-6.301154315694074e-20
1252150105.348877,nan,-5.9102189967937e-20
1252150105.349121,nan,-5.48880631053874e-20
1252150105.3493652,nan,-5.087130072616003e-20
1252150105.3496094,nan,-4.742253359074756e-20
1252150105.3498535,nan,-4.418694842898734e-20
1252150105.3500977,nan,-4.032457822339187e-20
1252150105.3503418,nan,-3.533301312414722e-20
1252150105.350586,nan,-3.138254135600394e-20
1252150105.35083,nan,-2.7985577529696687e-20
1252150105.3510742,nan,-2.3555554240825727e-20
1252150105.3513184,nan,-1.923020995528021e-20
1252150105.3515625,nan,-1.5678869392607888e-20
1252150105.3518066,nan,-1.200549056263108e-20
1252150105.3520508,nan,-7.4770502071385e-21
1252150105.352295,nan,-3.053820377468854e-21
1252150105.352539,nan,1.1611710731384588e-21
1252150105.3527832,nan,5.080771094831856e-21
1252150105.3530273,nan,9.205587631002663e-21
1252150105.3532715,nan,1.3703957144319033e-20
1252150105.3535156,nan,1.7346651255518134e-20
1252150105.3537598,nan,2.087327584423347e-20
1252150105.354004,nan,2.543994706155493e-20
1252150105.354248,nan,3.0267796106957466e-20
1252150105.3544922,nan,3.4099415378938313e-20
1252150105.3547363,nan,3.87455596297549e-20
1252150105.3549805,nan,4.28745095715469e-20
1252150105.3552246,nan,4.668962740640111e-20
1252150105.3554688,nan,5.1409953897173494e-20
1252150105.355713,nan,5.3953534946056815e-20
1252150105.355957,nan,5.87843239467697e-20
1252150105.3562012,nan,6.47742482695877e-20
1252150105.3564453,nan,6.769052700396294e-20
1252150105.3566895,nan,7.13008238291017e-20
1252150105.3569336,nan,7.597650611630706e-20
1252150105.3571777,nan,8.111829654098589e-20
1252150105.3574219,nan,8.459701210956192e-20
1252150105.357666,nan,8.789076172646907e-20
1252150105.3579102,nan,9.294260311375837e-20
1252150105.3581543,nan,9.712081010730754e-20
1252150105.3583984,nan,1.0184352275629824e-19
1252150105.3586426,nan,1.0557305015289872e-19
1252150105.3588867,nan,1.0921082734645914e-19
1252150105.3591309,nan,1.1443666037436998e-19
1252150105.359375,nan,1.1785852193551734e-19
1252150105.3596191,nan,1.2138976885612703e-19
1252150105.3598633,nan,1.2599633193803425e-19
1252150105.3601074,nan,1.3095606302945368e-19
1252150105.3603516,nan,1.3481742036379672e-19
1252150105.3605957,nan,1.3754983044912636e-19
1252150105.3608398,nan,1.4235813120977492e-19
1252150105.361084,nan,1.469959131231696e-19
1252150105.3613281,nan,1.5094887015373481e-19
1252150105.3615723,nan,1.546396067240929e-19
1252150105.3618164,nan,1.5847311950326947e-19
1252150105.3620605,nan,1.6366450840203262e-19
1252150105.3623047,nan,1.6641828036079508e-19
1252150105.3625488,nan,1.6999691815572401e-19
1252150105.362793,nan,1.7508800835889596e-19
1252150105.363037,nan,1.786592854293867e-19
1252150105.3632812,nan,1.8262703515583462e-19
1252150105.3635254,nan,1.8578269160908151e-19
1252150105.3637695,nan,1.8954212163788424e-19
1252150105.3640137,nan,1.940809468003629e-19
1252150105.3642578,nan,1.979903886999306e-19
1252150105.364502,nan,2.0127677839536332e-19
1252150105.364746,nan,2.0509349747487477e-19
1252150105.3649902,nan,2.098917428484084e-19
1252150105.3652344,nan,2.124156184679027e-19
1252150105.3654785,nan,2.1569461647037676e-19
1252150105.3657227,nan,2.2018574543060344e-19
1252150105.3659668,nan,2.241634441503119e-19
1252150105.366211,nan,2.282959303194087e-19
1252150105.366455,nan,2.308206723605512e-19
1252150105.3666992,nan,2.3436306714286398e-19
1252150105.3669434,nan,2.386659016415395e-19
1252150105.3671875,nan,2.4190922554073184e-19
1252150105.3674316,nan,2.4468483491882414e-19
1252150105.3676758,nan,2.4838442987145957e-19
1252150105.36792,nan,2.528692653037439e-19
1252150105.368164,nan,2.556372150777716e-19
1252150105.3684082,nan,2.5855618805996517e-19
1252150105.3686523,nan,2.6214307378907757e-19
1252150105.3688965,nan,2.6571663112443795e-19
1252150105.3691406,nan,2.687939894756686e-19
1252150105.3693848,nan,2.7083454047686274e-19
1252150105.369629,nan,2.7440133689090275e-19
1252150105.369873,nan,2.7819974760047384e-19
1252150105.3701172,nan,2.8072393226691977e-19
1252150105.3703613,nan,2.834566043264345e-19
1252150105.3706055,nan,2.8678107630472436e-19
1252150105.3708496,nan,2.904275330444778e-19
1252150105.3710938,nan,2.9282850729344965e-19
1252150105.371338,nan,2.9494295210623455e-19
1252150105.371582,nan,2.9859138956503863e-19
1252150105.3718262,nan,3.0243840600081717e-19
1252150105.3720703,nan,3.043715858636925e-19
1252150105.3723145,nan,3.0636704859259377e-19
1252150105.3725586,nan,3.0977557015337334e-19
1252150105.3728027,nan,3.1235861877513504e-19
1252150105.3730469,nan,3.145315868167463e-19
1252150105.373291,nan,3.1621054827960274e-19
1252150105.3735352,nan,3.186038473287138e-19
1252150105.3737793,nan,3.224210466852539e-19
1252150105.3740234,nan,3.242579458400336e-19
1252150105.3742676,nan,3.263562152498049e-19
1252150105.3745117,nan,3.2935362933003913e-19
1252150105.3747559,nan,3.315171379907078e-19
1252150105.375,nan,3.332517415506278e-19
1252150105.3752441,nan,3.3446955423532107e-19
1252150105.3754883,nan,3.3725056980576525e-19
1252150105.3757324,nan,3.3955730063450623e-19
1252150105.3759766,nan,3.4144973194922415e-19
1252150105.3762207,nan,3.432250019416815e-19
1252150105.3764648,nan,3.446459681554629e-19
1252150105.376709,nan,3.476691116982349e-19
1252150105.3769531,nan,3.4842718842196383e-19
1252150105.3771973,nan,3.492035491005285e-19
1252150105.3774414,nan,3.5186196698856923e-19
1252150105.3776855,nan,3.5381129580119997e-19
1252150105.3779297,nan,3.5547030119699117e-19
1252150105.3781738,nan,3.560093920275824e-19
1252150105.378418,nan,3.580963793557718e-19
1252150105.378662,nan,3.601292824006379e-19
1252150105.3789062,nan,3.6029119284639923e-19
1252150105.3791504,nan,3.610122562727895e-19
1252150105.3793945,nan,3.62761183012409e-19
1252150105.3796387,nan,3.6466179709965204e-19
1252150105.3798828,nan,3.6519437790565666e-19
1252150105.380127,nan,3.6614355155134363e-19
1252150105.380371,nan,3.6739566824766525e-19
1252150105.3806152,nan,3.6835304290058734e-19
1252150105.3808594,nan,3.696732521994698e-19
1252150105.3811035,nan,3.6952882775672107e-19
1252150105.3813477,nan,3.698255426676091e-19
1252150105.3815918,nan,3.7178853867023366e-19
1252150105.381836,nan,3.7206361591326287e-19
1252150105.38208,nan,3.717840397356501e-19
1252150105.3823242,nan,3.7270343891108424e-19
1252150105.3825684,nan,3.7380125252008323e-19
1252150105.3828125,nan,3.737586407059057e-19
1252150105.3830566,nan,3.73362825381339e-19
1252150105.3833008,nan,3.741581855851742e-19
1252150105.383545,nan,3.7457114868748554e-19
1252150105.383789,nan,3.7508116616321212e-19
1252150105.3840332,nan,3.7489917585508476e-19
1252150105.3842773,nan,3.744769483994672e-19
1252150105.3845215,nan,3.754074483645292e-19
1252150105.3847656,nan,3.742134348791278e-19
1252150105.3850098,nan,3.731125249418268e-19
1252150105.385254,nan,3.7344942010297e-19
1252150105.385498,nan,3.736764886963039e-19
1252150105.3857422,nan,3.740881599448665e-19
1252150105.3859863,nan,3.7232978642085635e-19
1252150105.3862305,nan,3.716862414125389e-19
1252150105.3864746,nan,3.726856466294168e-19
1252150105.3867188,nan,3.7082138628072567e-19
1252150105.386963,nan,3.6930588153290936e-19
1252150105.387207,nan,3.6965675913571655e-19
1252150105.3874512,nan,3.692975737884752e-19
1252150105.3876953,nan,3.6816572668741883e-19
1252150105.3879395,nan,3.670368234645926e-19
1252150105.3881836,nan,3.6607224338195706e-19
1252150105.3884277,nan,3.654179908662196e-19
1252150105.3886719,nan,3.6422513256618317e-19
1252150105.388916,nan,3.6209079068385396e-19
1252150105.3891602,nan,3.613001654425147e-19
1252150105.3894043,nan,3.6070805770617057e-19
1252150105.3896484,nan,3.589832487221603e-19
1252150105.3898926,nan,3.5736369752993845e-19
1252150105.3901367,nan,3.5595274420689284e-19
1252150105.3903809,nan,3.5526052906480667e-19
1252150105.390625,nan,3.533795128852368e-19
1252150105.3908691,nan,3.5062351640932663e-19
1252150105.3911133,nan,3.493742205836116e-19
1252150105.3913574,nan,3.4823653250628076e-19
1252150105.3916016,nan,3.458028007417639e-19
1252150105.3918457,nan,3.4366555755154455e-19
1252150105.3920898,nan,3.4233101015096837e-19
1252150105.392334,nan,3.404754843947796e-19
1252150105.3925781,nan,3.3815351487433833e-19
1252150105.3928223,nan,3.353378055602091e-19
1252150105.3930664,nan,3.3336456288126514e-19
1252150105.3933105,nan,3.314862745330106e-19
1252150105.3935547,nan,3.2904302419899264e-19
1252150105.3937988,nan,3.2695092933117546e-19
1252150105.394043,nan,3.245186805857337e-19
1252150105.394287,nan,3.2239163611125815e-19
1252150105.3945312,nan,3.1945949008381205e-19
1252150105.3947754,nan,3.1594779963888067e-19
1252150105.3950195,nan,3.1396116330290647e-19
1252150105.3952637,nan,3.117668257674474e-19
1252150105.3955078,nan,3.0883954868223625e-19
1252150105.395752,nan,3.0580402617421187e-19
1252150105.395996,nan,3.0280170024384477e-19
1252150105.3962402,nan,3.0062276330362815e-19
1252150105.3964844,nan,2.970966020961205e-19
1252150105.3967285,nan,2.933268286949969e-19
1252150105.3969727,nan,2.910501578436949e-19
1252150105.3972168,nan,2.884311707333274e-19
1252150105.397461,nan,2.8529145699935763e-19
1252150105.397705,nan,2.812532159544119e-19
1252150105.3979492,nan,2.7832526863375445e-19
1252150105.3981934,nan,2.760421066922415e-19
1252150105.3984375,nan,2.717745353764412e-19
1252150105.3986816,nan,2.6788955289874135e-19
1252150105.3989258,nan,2.644899898729186e-19
1252150105.39917,nan,2.6129649920079967e-19
1252150105.399414,nan,2.580897859742104e-19
1252150105.3996582,nan,2.541298567266228e-19
1252150105.3999023,nan,2.504073111491157e-19
1252150105.4001465,nan,2.471152346141248e-19
1252150105.4003906,nan,2.4364038113819823e-19
1252150105.4006348,nan,2.3866032846144293e-19
1252150105.400879,nan,2.35130536655381e-19
1252150105.401123,nan,2.322917764585748e-19
1252150105.4013672,nan,2.278538159103451e-19
1252150105.4016113,nan,2.240165259581984e-19
1252150105.4018555,nan,2.1943846731779713e-19
1252150105.4020996,nan,2.1595936706322403e-19
1252150105.4023438,nan,2.1197418536833473e-19
1252150105.402588,nan,2.0654033760728007e-19
1252150105.402832,nan,2.0352049391121138e-19
1252150105.4030762,nan,1.995221211042765e-19
1252150105.4033203,nan,1.9497892128264795e-19
1252150105.4035645,nan,1.9119911525297593e-19
1252150105.4038086,nan,1.8657067274198132e-19
1252150105.4040527,nan,1.8265563832213317e-19
1252150105.4042969,nan,1.7808475105669945e-19
1252150105.404541,nan,1.7309173450571836e-19
1252150105.4047852,nan,1.6885713720678e-19
1252150105.4050293,nan,1.6466830307294527e-19
1252150105.4052734,nan,1.604026959229422e-19
1252150105.4055176,nan,1.5561306232806517e-19
1252150105.4057617,nan,1.5156485737892034e-19
1252150105.4060059,nan,1.4729666798756223e-19
1252150105.40625,nan,1.4180469742481114e-19
1252150105.4064941,nan,1.36608803230271e-19
1252150105.4067383,nan,1.3240145917723437e-19
1252150105.4069824,nan,1.2843262647015093e-19
1252150105.4072266,nan,1.2342270068274968e-19
1252150105.4074707,nan,1.1852929108417784e-19
1252150105.4077148,nan,1.1429910583101118e-19
1252150105.407959,nan,1.092087321164622e-19
1252150105.4082031,nan,1.036389969076718e-19
1252150105.4084473,nan,9.876557564526549e-20
1252150105.4086914,nan,9.447652734495941e-20
1252150105.4089355,nan,8.997009688276904e-20
1252150105.4091797,nan,8.456629525833023e-20
1252150105.4094238,nan,7.966361693763082e-20
1252150105.409668,nan,7.538838961442516e-20
1252150105.409912,nan,7.037340939004564e-20
1252150105.4101562,nan,6.499359165427544e-20
1252150105.4104004,nan,6.003803625118032e-20
1252150105.4106445,nan,5.540830900310231e-20
1252150105.4108887,nan,5.0557051898167203e-20
1252150105.4111328,nan,4.5374447407426603e-20
1252150105.411377,nan,3.942237091866576e-20
1252150105.411621,nan,3.5312200348593703e-20
1252150105.4118652,nan,3.0973917360668487e-20
1252150105.4121094,nan,2.3747138533601335e-20
1252150105.4123535,nan,1.9301828101737807e-20
1252150105.4125977,nan,1.456391862625402e-20
1252150105.4128418,nan,9.389436317118118e-21
1252150105.413086,nan,5.851129812080214e-21
1252150105.41333,nan,-9.415112523956179e-22
1252150105.4135742,nan,-5.922322712229282e-21
1252150105.4138184,nan,-1.033699091165041e-20
1252150105.4140625,nan,-1.5887121619717083e-20
1252150105.4143066,nan,-2.0634306729296737e-20
1252150105.4145508,nan,-2.6288897525087484e-20
1252150105.414795,nan,-3.010547961285129e-20
1252150105.415039,nan,-3.548509878743374e-20
1252150105.4152832,nan,-4.115719077201322e-20
1252150105.4155273,nan,-4.5594886428542903e-20
1252150105.4157715,nan,-5.1140291721812763e-20
1252150105.4160156,nan,-5.593586980687125e-20
1252150105.4162598,nan,-6.167726732782838e-20
1252150105.416504,nan,-6.636834509401373e-20
1252150105.416748,nan,-7.059298140798773e-20
1252150105.4169922,nan,-7.658318406658405e-20
1252150105.4172363,nan,-8.15255854726702e-20
1252150105.4174805,nan,-8.5705888409544e-20
1252150105.4177246,nan,-9.081625563880018e-20
1252150105.4179688,nan,-9.682001971164601e-20
1252150105.418213,nan,-1.0206529701176106e-19
1252150105.418457,nan,-1.0650343234528833e-19
1252150105.4187012,nan,-1.1074102188960534e-19
1252150105.4189453,nan,-1.1603747720105443e-19
1252150105.4191895,nan,-1.2212955910980925e-19
1252150105.4194336,nan,-1.2577670334985795e-19
1252150105.4196777,nan,-1.2971714524141212e-19
1252150105.4199219,nan,-1.3611774277428582e-19
1252150105.420166,nan,-1.4147269183044034e-19
1252150105.4204102,nan,-1.4548541834677365e-19
1252150105.4206543,nan,-1.5009431408227556e-19
1252150105.4208984,nan,-1.5525397705870107e-19
1252150105.4211426,nan,-1.603914024744967e-19
1252150105.4213867,nan,-1.6443628163100821e-19
1252150105.4216309,nan,-1.683268737038708e-19
1252150105.421875,nan,-1.7418315039399273e-19
1252150105.4221191,nan,-1.7916402392945984e-19
1252150105.4223633,nan,-1.8307444399485618e-19
1252150105.4226074,nan,-1.8771819896942042e-19
1252150105.4228516,nan,-1.9231935818819535e-19
1252150105.4230957,nan,-1.970314908941911e-19
1252150105.4233398,nan,-2.0123159059749084e-19
1252150105.423584,nan,-2.0529313813595687e-19
1252150105.4238281,nan,-2.1050076022985638e-19
1252150105.4240723,nan,-2.1530070824426904e-19
1252150105.4243164,nan,-2.18904031346594e-19
1252150105.4245605,nan,-2.2257332451823157e-19
1252150105.4248047,nan,-2.2765681400447773e-19
1252150105.4250488,nan,-2.322060099693524e-19
1252150105.425293,nan,-2.354084608418209e-19
1252150105.425537,nan,-2.4025107284930016e-19
1252150105.4257812,nan,-2.44790128353193e-19
1252150105.4260254,nan,-2.4881942207731307e-19
1252150105.4262695,nan,-2.533258521572303e-19
1252150105.4265137,nan,-2.567017688333625e-19
1252150105.4267578,nan,-2.6093018206973343e-19
1252150105.427002,nan,-2.6521812502652e-19
1252150105.427246,nan,-2.6888874837036087e-19
1252150105.4274902,nan,-2.724318801775304e-19
1252150105.4277344,nan,-2.7640701332609403e-19
1252150105.4279785,nan,-2.8138025040891216e-19
1252150105.4282227,nan,-2.8387262288025796e-19
1252150105.4284668,nan,-2.8706122761335215e-19
1252150105.428711,nan,-2.9226456826383237e-19
1252150105.428955,nan,-2.950371406944359e-19
1252150105.4291992,nan,-2.9830003386092816e-19
1252150105.4294434,nan,-3.0222093915355834e-19
1252150105.4296875,nan,-3.0548367574914206e-19
1252150105.4299316,nan,-3.099209831115025e-19
1252150105.4301758,nan,-3.1282219079995566e-19
1252150105.43042,nan,-3.152780095286548e-19
1252150105.430664,nan,-3.191990380891031e-19
1252150105.4309082,nan,-3.2287372821752196e-19
1252150105.4311523,nan,-3.2562891944282087e-19
1252150105.4313965,nan,-3.282827062285351e-19
1252150105.4316406,nan,-3.3149384251215928e-19
1252150105.4318848,nan,-3.3514526845958536e-19
1252150105.432129,nan,-3.385899322483459e-19
1252150105.432373,nan,-3.4012137626357845e-19
1252150105.4326172,nan,-3.4382970863595587e-19
1252150105.4328613,nan,-3.473547233028513e-19
1252150105.4331055,nan,-3.478212382236301e-19
1252150105.4333496,nan,-3.513876806523106e-19
1252150105.4335938,nan,-3.5461571098837267e-19
1252150105.433838,nan,-3.576256606403565e-19
1252150105.434082,nan,-3.6004224649255175e-19
1252150105.4343262,nan,-3.6064881286003015e-19
1252150105.4345703,nan,-3.6469553430380165e-19
1252150105.4348145,nan,-3.6663771871582935e-19
1252150105.4350586,nan,-3.682528740700284e-19
1252150105.4353027,nan,-3.712088939677875e-19
1252150105.4355469,nan,-3.7277743952171163e-19
1252150105.435791,nan,-3.7619249059272217e-19
1252150105.4360352,nan,-3.7737703823659457e-19
1252150105.4362793,nan,-3.787558880443356e-19
1252150105.4365234,nan,-3.8164245611802765e-19
1252150105.4367676,nan,-3.8323638151218796e-19
1252150105.4370117,nan,-3.855914420465029e-19
1252150105.4372559,nan,-3.864541110008707e-19
1252150105.4375,nan,-3.8795538609538886e-19
1252150105.4377441,nan,-3.9052165560229024e-19
1252150105.4379883,nan,-3.9127944904429253e-19
1252150105.4382324,nan,-3.9236091990791184e-19
1252150105.4384766,nan,-3.9472224164384196e-19
1252150105.4387207,nan,-3.9631926102183645e-19
1252150105.4389648,nan,-3.966822843100559e-19
1252150105.439209,nan,-3.9795119711353543e-19
1252150105.4394531,nan,-3.9923448176191756e-19
1252150105.4396973,nan,-4.0077063112519713e-19
1252150105.4399414,nan,-4.021053505272701e-19
1252150105.4401855,nan,-4.019051431193849e-19
1252150105.4404297,nan,-4.0280032566928125e-19
1252150105.4406738,nan,-4.040402716546209e-19
1252150105.440918,nan,-4.044394223918397e-19
1252150105.441162,nan,-4.0524458779958503e-19
1252150105.4414062,nan,-4.0602870334756202e-19
1252150105.4416504,nan,-4.074244689019265e-19
1252150105.4418945,nan,-4.0713604099122305e-19
1252150105.4421387,nan,-4.0656588806891924e-19
1252150105.4423828,nan,-4.0844703206791836e-19
1252150105.442627,nan,-4.090332948467302e-19
1252150105.442871,nan,-4.086092488139497e-19
1252150105.4431152,nan,-4.0792996090570777e-19
1252150105.4433594,nan,-4.0855887042144084e-19
1252150105.4436035,nan,-4.097796346388893e-19
1252150105.4438477,nan,-4.0877901304945765e-19
1252150105.4440918,nan,-4.083440763469483e-19
1252150105.444336,nan,-4.083190724029361e-19
1252150105.44458,nan,-4.08494548044824e-19
1252150105.4448242,nan,-4.0820583941481057e-19
1252150105.4450684,nan,-4.0657183081733737e-19
1252150105.4453125,nan,-4.0743387526571277e-19
1252150105.4455566,nan,-4.0800988440206153e-19
1252150105.4458008,nan,-4.059194233707886e-19
1252150105.446045,nan,-4.050280482703202e-19
1252150105.446289,nan,-4.0479528519836944e-19
1252150105.4465332,nan,-4.043254861980979e-19
1252150105.4467773,nan,-4.0374196493290824e-19
1252150105.4470215,nan,-4.019431658440571e-19
1252150105.4472656,nan,-4.0137610184814716e-19
1252150105.4475098,nan,-4.008789121498544e-19
1252150105.447754,nan,-3.9909273388599066e-19
1252150105.447998,nan,-3.981298458559833e-19
1252150105.4482422,nan,-3.967444251139526e-19
1252150105.4484863,nan,-3.958577119905543e-19
1252150105.4487305,nan,-3.945114260338348e-19
1252150105.4489746,nan,-3.923979464734414e-19
1252150105.4492188,nan,-3.915047913726287e-19
1252150105.449463,nan,-3.9039308424935346e-19
1252150105.449707,nan,-3.8825868588518794e-19
1252150105.4499512,nan,-3.860496378390333e-19
1252150105.4501953,nan,-3.8484788335622325e-19
1252150105.4504395,nan,-3.8292269563631393e-19
1252150105.4506836,nan,-3.8053262363151977e-19
1252150105.4509277,nan,-3.7898649431582693e-19
1252150105.4511719,nan,-3.7747916725949834e-19
1252150105.451416,nan,-3.758745450378881e-19
1252150105.4516602,nan,-3.7323435032838413e-19
1252150105.4519043,nan,-3.705487049010412e-19
1252150105.4521484,nan,-3.684732563546318e-19
1252150105.4523926,nan,-3.669425557365852e-19
1252150105.4526367,nan,-3.640147568549087e-19
1252150105.4528809,nan,-3.606123212484699e-19
1252150105.453125,nan,-3.5977002654447185e-19
1252150105.4533691,nan,-3.566653841706527e-19
1252150105.4536133,nan,-3.535165649770367e-19
1252150105.4538574,nan,-3.514226563556325e-19
1252150105.4541016,nan,-3.4851742273474043e-19
1252150105.4543457,nan,-3.467149570760201e-19
1252150105.4545898,nan,-3.4268366798892357e-19
1252150105.454834,nan,-3.3973605311614013e-19
1252150105.4550781,nan,-3.378067342939735e-19
1252150105.4553223,nan,-3.346517057833274e-19
1252150105.4555664,nan,-3.31824624464437e-19
1252150105.4558105,nan,-3.2734748815696845e-19
1252150105.4560547,nan,-3.2556436007588305e-19
1252150105.4562988,nan,-3.2304152975239613e-19
1252150105.456543,nan,-3.179596819794267e-19
1252150105.456787,nan,-3.1552796660369123e-19
1252150105.4570312,nan,-3.122416141993126e-19
1252150105.4572754,nan,-3.094580394032364e-19
1252150105.4575195,nan,-3.056713806557406e-19
1252150105.4577637,nan,-3.00940103153265e-19
1252150105.4580078,nan,-2.9867497665427797e-19
1252150105.458252,nan,-2.9512599206653714e-19
1252150105.458496,nan,-2.916599194452022e-19
1252150105.4587402,nan,-2.8744749173840517e-19
1252150105.4589844,nan,-2.8304741228007647e-19
1252150105.4592285,nan,-2.808482905465437e-19
1252150105.4594727,nan,-2.761650160758576e-19
1252150105.4597168,nan,-2.7121547793331773e-19
1252150105.459961,nan,-2.6809075969899093e-19
1252150105.460205,nan,-2.644933443838026e-19
1252150105.4604492,nan,-2.6091102628226877e-19
1252150105.4606934,nan,-2.560090340456202e-19
1252150105.4609375,nan,-2.51930414191777e-19
1252150105.4611816,nan,-2.490337369112325e-19
1252150105.4614258,nan,-2.4389840309728467e-19
1252150105.46167,nan,-2.399585305575487e-19
1252150105.461914,nan,-2.363652184852899e-19
1252150105.4621582,nan,-2.3153725154298973e-19
1252150105.4624023,nan,-2.275520699081668e-19
1252150105.4626465,nan,-2.225058295473011e-19
1252150105.4628906,nan,-2.185629511655983e-19
1252150105.4631348,nan,-2.1504916302604568e-19
1252150105.463379,nan,-2.0955210203625385e-19
1252150105.463623,nan,-2.0516121234396665e-19
1252150105.4638672,nan,-2.0083280720454017e-19
1252150105.4641113,nan,-1.964643700005917e-19
1252150105.4643555,nan,-1.9232212847506191e-19
1252150105.4645996,nan,-1.8734359917965361e-19
1252150105.4648438,nan,-1.8303512485419572e-19
1252150105.465088,nan,-1.7873568342641788e-19
1252150105.465332,nan,-1.735327769811069e-19
1252150105.4655762,nan,-1.6823763557204446e-19
1252150105.4658203,nan,-1.6386988125392762e-19
1252150105.4660645,nan,-1.5945424066548493e-19
1252150105.4663086,nan,-1.5453594601176182e-19
1252150105.4665527,nan,-1.4944318297440334e-19
1252150105.4667969,nan,-1.4485384628764643e-19
1252150105.467041,nan,-1.4133260417587832e-19
1252150105.4672852,nan,-1.3575082429215459e-19
1252150105.4675293,nan,-1.3001565286873047e-19
1252150105.4677734,nan,-1.2618213669946198e-19
1252150105.4680176,nan,-1.2078483311919187e-19
1252150105.4682617,nan,-1.1576786438618828e-19
1252150105.4685059,nan,-1.1123485278055148e-19
1252150105.46875,nan,-1.0570575548408482e-19
1252150105.4689941,nan,-1.0159061523764289e-19
1252150105.4692383,nan,-9.660386491159371e-20
1252150105.4694824,nan,-9.051864596887613e-20
1252150105.4697266,nan,-8.645650895733927e-20
1252150105.4699707,nan,-8.16676222353275e-20
1252150105.4702148,nan,-7.60613839647541e-20
1252150105.470459,nan,-7.106928878249619e-20
1252150105.4707031,nan,-6.621426182616804e-20
1252150105.4709473,nan,-6.194622669627807e-20
1252150105.4711914,nan,-5.630647724127405e-20
1252150105.4714355,nan,-5.088048687857631e-20
1252150105.4716797,nan,-4.6232012986428164e-20
1252150105.4719238,nan,-4.083977548583819e-20
1252150105.472168,nan,-3.62730450282688e-20
1252150105.472412,nan,-3.042199253042921e-20
1252150105.4726562,nan,-2.5358578132267e-20
1252150105.4729004,nan,-2.16149347955803e-20
1252150105.4731445,nan,-1.5308647684203798e-20
1252150105.4733887,nan,-9.572031299259151e-21
1252150105.4736328,nan,-5.39213050369114e-21
1252150105.473877,nan,-1.0890777034150818e-21
1252150105.474121,nan,4.419081748775974e-21
1252150105.4743652,nan,1.0677994655097273e-20
1252150105.4746094,nan,1.4505902258331042e-20
1252150105.4748535,nan,1.8710806560051145e-20
1252150105.4750977,nan,2.5638191747145202e-20
1252150105.4753418,nan,3.042240072734392e-20
1252150105.475586,nan,3.453749680561713e-20
1252150105.47583,nan,4.0503249593460087e-20
1252150105.4760742,nan,4.528324142284364e-20
1252150105.4763184,nan,5.039655896568105e-20
1252150105.4765625,nan,5.548934524490444e-20
1252150105.4768066,nan,5.959961800091381e-20
1252150105.4770508,nan,6.546794059882737e-20
1252150105.477295,nan,7.077876035153136e-20
1252150105.477539,nan,7.450216610466376e-20
1252150105.4777832,nan,7.938995555166897e-20
1252150105.4780273,nan,8.531266835028455e-20
1252150105.4782715,nan,9.000135439448305e-20
1252150105.4785156,nan,9.461038710615002e-20
1252150105.4787598,nan,9.961861327356274e-20
1252150105.479004,nan,1.0449568632112983e-19
1252150105.479248,nan,1.0984108838434736e-19
1252150105.4794922,nan,1.1397898692675384e-19
1252150105.4797363,nan,1.1888160672072095e-19
1252150105.4799805,nan,1.240624941838587e-19
1252150105.4802246,nan,1.2864314150908325e-19
1252150105.4804688,nan,1.3352833263151125e-19
1252150105.480713,nan,1.3793368673856713e-19
1252150105.480957,nan,1.4310325507150578e-19
1252150105.4812012,nan,1.4726696449132431e-19
1252150105.4814453,nan,1.5114476061124017e-19
1252150105.4816895,nan,1.562591094406046e-19
1252150105.4819336,nan,1.6172692560646086e-19
1252150105.4821777,nan,1.6614260391207699e-19
1252150105.4824219,nan,1.6998893758810554e-19
1252150105.482666,nan,1.7470023203790554e-19
1252150105.4829102,nan,1.793970639491392e-19
1252150105.4831543,nan,1.8440044896113708e-19
1252150105.4833984,nan,1.8809892930271457e-19
1252150105.4836426,nan,1.925133705474459e-19
1252150105.4838867,nan,1.9729524955039248e-19
1252150105.4841309,nan,2.0106161834073128e-19
1252150105.484375,nan,2.0573495350125812e-19
1252150105.4846191,nan,2.0901085155042453e-19
1252150105.4848633,nan,2.1393275433760915e-19
1252150105.4851074,nan,2.1902881576171417e-19
1252150105.4853516,nan,2.2145011586302566e-19
1252150105.4855957,nan,2.260185315989283e-19
1252150105.4858398,nan,2.3092118201161424e-19
1252150105.486084,nan,2.3445855352878994e-19
1252150105.4863281,nan,2.3836233845827565e-19
1252150105.4865723,nan,2.4205524301552385e-19
1252150105.4868164,nan,2.460871999034718e-19
1252150105.4870605,nan,2.508119658864716e-19
1252150105.4873047,nan,2.541331031877817e-19
1252150105.4875488,nan,2.568381494228903e-19
1252150105.487793,nan,2.6115800181270144e-19
1252150105.488037,nan,2.657251803825923e-19
1252150105.4882812,nan,2.6877725956781755e-19
1252150105.4885254,nan,2.718434055099194e-19
1252150105.4887695,nan,2.771002938983879e-19
1252150105.4890137,nan,2.8067500101268233e-19
1252150105.4892578,nan,2.8258995141262166e-19
1252150105.489502,nan,2.8665083892038044e-19
1252150105.489746,nan,2.903185530918751e-19
1252150105.4899902,nan,2.9418918199844613e-19
1252150105.4902344,nan,2.9710279324800144e-19
1252150105.4904785,nan,2.994347988721757e-19
1252150105.4907227,nan,3.0382801490353884e-19
1252150105.4909668,nan,3.0641706167115064e-19
1252150105.491211,nan,3.091420069081924e-19
1252150105.491455,nan,3.1258602231700306e-19
1252150105.4916992,nan,3.158363834094873e-19
1252150105.4919434,nan,3.192434264969242e-19
1252150105.4921875,nan,3.212494650375075e-19
1252150105.4924316,nan,3.2388075768606456e-19
1252150105.4926758,nan,3.2722795241302283e-19
1252150105.49292,nan,3.305002370584536e-19
1252150105.493164,nan,3.324653529157482e-19
1252150105.4934082,nan,3.3480667334157893e-19
1252150105.4936523,nan,3.3800767465304444e-19
1252150105.4938965,nan,3.4053229480217393e-19
1252150105.4941406,nan,3.4331337864862474e-19
1252150105.4943848,nan,3.4514261006091183e-19
1252150105.494629,nan,3.4799758618868196e-19
1252150105.494873,nan,3.50002972918551e-19
1252150105.4951172,nan,3.5192444502364132e-19
1252150105.4953613,nan,3.5497152716342137e-19
1252150105.4956055,nan,3.5697344247929834e-19
1252150105.4958496,nan,3.5920292740562636e-19
1252150105.4960938,nan,3.604613218511651e-19
1252150105.496338,nan,3.6308080734134016e-19
1252150105.496582,nan,3.653175903786555e-19
1252150105.4968262,nan,3.669500586866938e-19
1252150105.4970703,nan,3.6912133270112682e-19
1252150105.4973145,nan,3.700671550971212e-19
1252150105.4975586,nan,3.7214376074225377e-19
1252150105.4978027,nan,3.741348858784264e-19
1252150105.4980469,nan,3.756595824577123e-19
1252150105.498291,nan,3.766281325258443e-19
1252150105.4985352,nan,3.7913772909803175e-19
1252150105.4987793,nan,3.811297752371057e-19
1252150105.4990234,nan,3.8082864814158254e-19
1252150105.4992676,nan,3.826921182329304e-19
1252150105.4995117,nan,3.8428259871888517e-19
1252150105.4997559,nan,3.856953926581005e-19
1252150105.5,nan,3.862514266354702e-19
1252150105.5002441,nan,3.8682957626245416e-19
1252150105.5004883,nan,3.890091860673914e-19
1252150105.5007324,nan,3.8993734968662673e-19
1252150105.5009766,nan,3.9069320223686207e-19
1252150105.5012207,nan,3.912682518808498e-19
1252150105.5014648,nan,3.9213230598182563e-19
1252150105.501709,nan,3.9306151971562954e-19
1252150105.5019531,nan,3.9342096751843095e-19
1252150105.5021973,nan,3.9397260137486443e-19
1252150105.5024414,nan,3.9527784075128005e-19
1252150105.5026855,nan,3.9580133324176893e-19
1252150105.5029297,nan,3.95447717634474e-19
1252150105.5031738,nan,3.960225194558006e-19
1252150105.503418,nan,3.9632966333581137e-19
1252150105.503662,nan,3.970517441678928e-19
1252150105.5039062,nan,3.9668723445409214e-19
1252150105.5041504,nan,3.9647479475020693e-19
1252150105.5043945,nan,3.9776763584161584e-19
1252150105.5046387,nan,3.976412218985092e-19
1252150105.5048828,nan,3.970777198835478e-19
1252150105.505127,nan,3.9671470010933676e-19
1252150105.505371,nan,3.9693696253787694e-19
1252150105.5056152,nan,3.9659536712610752e-19
1252150105.5058594,nan,3.9634565843156663e-19
1252150105.5061035,nan,3.9650781996480216e-19
1252150105.5063477,nan,3.954878796098331e-19
1252150105.5065918,nan,3.9533308214308294e-19
1252150105.506836,nan,3.9438229153602136e-19
1252150105.50708,nan,3.936763028993889e-19
1252150105.5073242,nan,3.9441296024076635e-19
1252150105.5075684,nan,3.9331964276002173e-19
1252150105.5078125,nan,3.9192184462751515e-19
1252150105.5080566,nan,3.9132221986309205e-19
1252150105.5083008,nan,3.905046065950086e-19
1252150105.508545,nan,3.894396896865115e-19
1252150105.508789,nan,3.8833363173752564e-19
1252150105.5090332,nan,3.874223291408325e-19
1252150105.5092773,nan,3.861085217782671e-19
1252150105.5095215,nan,3.8532197932638993e-19
1252150105.5097656,nan,3.842073620290613e-19
1252150105.5100098,nan,3.8195142824358663e-19
1252150105.510254,nan,3.8152515272632093e-19
1252150105.510498,nan,3.800882732231534e-19
1252150105.5107422,nan,3.776533386745716e-19
1252150105.5109863,nan,3.7700447861459255e-19
1252150105.5112305,nan,3.758525105756646e-19
1252150105.5114746,nan,3.744825649303764e-19
1252150105.5117188,nan,3.722474912722972e-19
1252150105.511963,nan,3.698442989918123e-19
1252150105.512207,nan,3.687967490552319e-19
1252150105.5124512,nan,3.670431074792136e-19
1252150105.5126953,nan,3.6474359899771837e-19
1252150105.5129395,nan,3.624354433766686e-19
1252150105.5131836,nan,3.6095291588229525e-19
1252150105.5134277,nan,3.5931784644243156e-19
1252150105.5136719,nan,3.564059258712632e-19
1252150105.513916,nan,3.542648445684734e-19
1252150105.5141602,nan,3.52473599956875e-19
1252150105.5144043,nan,3.506451653403117e-19
1252150105.5146484,nan,3.477805664108536e-19
1252150105.5148926,nan,3.449597537741729e-19
1252150105.5151367,nan,3.4360521420580296e-19
1252150105.5153809,nan,3.406181128338522e-19
1252150105.515625,nan,3.378783328896269e-19
1252150105.5158691,nan,3.3536714845344463e-19
1252150105.5161133,nan,3.325880294830881e-19
1252150105.5163574,nan,3.3070002062622355e-19
1252150105.5166016,nan,3.269192836537984e-19
1252150105.5168457,nan,3.2420946760900267e-19
1252150105.5170898,nan,3.2209657791632175e-19
1252150105.517334,nan,3.190798187371807e-19
1252150105.5175781,nan,3.1669761699354986e-19
1252150105.5178223,nan,3.125120929111908e-19
1252150105.5180664,nan,3.1006378802872428e-19
1252150105.5183105,nan,3.079496837256195e-19
1252150105.5185547,nan,3.02963693452274e-19
1252150105.5187988,nan,3.0053407595489455e-19
1252150105.519043,nan,2.9780946304230474e-19
1252150105.519287,nan,2.9425754532490897e-19
1252150105.5195312,nan,2.914421451861949e-19
1252150105.5197754,nan,2.8755870908784626e-19
1252150105.5200195,nan,2.8498453007304896e-19
1252150105.5202637,nan,2.8145844670906685e-19
1252150105.5205078,nan,2.77388427700089e-19
1252150105.520752,nan,2.7424661641347926e-19
1252150105.520996,nan,2.7056659113923485e-19
1252150105.5212402,nan,2.673561539333415e-19
1252150105.5214844,nan,2.631936999120858e-19
1252150105.5217285,nan,2.5929016449716663e-19
1252150105.5219727,nan,2.5652749484644504e-19
1252150105.5222168,nan,2.528077637036053e-19
1252150105.522461,nan,2.48483553859136e-19
1252150105.522705,nan,2.4412096835599863e-19
1252150105.5229492,nan,2.408335770393375e-19
1252150105.5231934,nan,2.3719118259030917e-19
1252150105.5234375,nan,2.321644488287009e-19
1252150105.5236816,nan,2.2862601533917945e-19
1252150105.5239258,nan,2.2602530711377316e-19
1252150105.52417,nan,2.2130445675084445e-19
1252150105.524414,nan,2.1624818469240769e-19
1252150105.5246582,nan,2.128806696636166e-19
1252150105.5249023,nan,2.087402265224473e-19
1252150105.5251465,nan,2.0507533822232021e-19
1252150105.5253906,nan,2.0052233777197892e-19
1252150105.5256348,nan,1.9541474309199516e-19
1252150105.525879,nan,1.9281155557328596e-19
1252150105.526123,nan,1.8822553418337084e-19
1252150105.5263672,nan,1.8312721525238138e-19
1252150105.5266113,nan,1.7889689295431267e-19
1252150105.5268555,nan,1.74864651547603e-19
1252150105.5270996,nan,1.7149558557870333e-19
1252150105.5273438,nan,1.6587866334947352e-19
1252150105.527588,nan,1.6104384346495548e-19
1252150105.527832,nan,1.5770000078004955e-19
1252150105.5280762,nan,1.5304896808972044e-19
1252150105.5283203,nan,1.4834579958126056e-19
1252150105.5285645,nan,1.430262631054166e-19
1252150105.5288086,nan,1.387394575943798e-19
1252150105.5290527,nan,1.3566155514159822e-19
1252150105.5292969,nan,1.2983965280360648e-19
1252150105.529541,nan,1.2470698785183068e-19
1252150105.5297852,nan,1.2145728747946763e-19
1252150105.5300293,nan,1.1654650668298366e-19
1252150105.5302734,nan,1.1116299639427494e-19
1252150105.5305176,nan,1.0655616605551555e-19
1252150105.5307617,nan,1.023557794765039e-19
1252150105.5310059,nan,9.821066442945561e-20
1252150105.53125,nan,9.283120947443333e-20
1252150105.5314941,nan,8.698301855493072e-20
1252150105.5317383,nan,8.362324698804314e-20
1252150105.5319824,nan,7.953325986224341e-20
1252150105.5322266,nan,7.32225876274544e-20
1252150105.5324707,nan,6.880307259897938e-20
1252150105.5327148,nan,6.466763490426424e-20
1252150105.532959,nan,5.96419548245877e-20
1252150105.5332031,nan,5.496682092423493e-20
1252150105.5334473,nan,4.9561165580745355e-20
1252150105.5336914,nan,4.45947190074869e-20
1252150105.5339355,nan,4.053076164340126e-20
1252150105.5341797,nan,3.5088377866556684e-20
1252150105.5344238,nan,2.970625262333922e-20
1252150105.534668,nan,2.5647351801113116e-20
1252150105.534912,nan,2.1128824380422134e-20
1252150105.5351562,nan,1.5717522424918087e-20
1252150105.5354004,nan,1.0553859060082515e-20
1252150105.5356445,nan,6.3482658201174896e-21
1252150105.5358887,nan,1.815424068697576e-21
1252150105.5361328,nan,-3.3511129115547584e-21
1252150105.536377,nan,-8.766607343326341e-21
1252150105.536621,nan,-1.3289893757484754e-20
1252150105.5368652,nan,-1.7583347895702256e-20
1252150105.5371094,nan,-2.307085931080585e-20
1252150105.5373535,nan,-2.810787023701252e-20
1252150105.5375977,nan,-3.256512545601775e-20
1252150105.5378418,nan,-3.704267741222255e-20
1252150105.538086,nan,-4.296325649885075e-20
1252150105.53833,nan,-4.832201039883238e-20
1252150105.5385742,nan,-5.186442914742571e-20
1252150105.5388184,nan,-5.699870880331183e-20
1252150105.5390625,nan,-6.209088022014138e-20
1252150105.5393066,nan,-6.668705057718227e-20
1252150105.5395508,nan,-7.168999756456386e-20
1252150105.539795,nan,-7.574744371113831e-20
1252150105.540039,nan,-8.118659807470826e-20
1252150105.5402832,nan,-8.659071094165376e-20
1252150105.5405273,nan,-8.987807753115286e-20
1252150105.5407715,nan,-9.525208399651362e-20
1252150105.5410156,nan,-1.0107446049460423e-19
1252150105.5412598,nan,-1.0474458455918561e-19
1252150105.541504,nan,-1.0928743256348115e-19
1252150105.541748,nan,-1.1408548213998054e-19
1252150105.5419922,nan,-1.188263453381645e-19
1252150105.5422363,nan,-1.244764399537347e-19
1252150105.5424805,nan,-1.280384979084045e-19
1252150105.5427246,nan,-1.3179712840972979e-19
1252150105.5429688,nan,-1.3765144927195512e-19
1252150105.543213,nan,-1.4219904356844193e-19
1252150105.543457,nan,-1.4651607179406087e-19
1252150105.5437012,nan,-1.506456953231824e-19
1252150105.5439453,nan,-1.5578378628050332e-19
1252150105.5441895,nan,-1.6112071106559184e-19
1252150105.5444336,nan,-1.6448389280993304e-19
1252150105.5446777,nan,-1.6931223667738166e-19
1252150105.5449219,nan,-1.7364679134727384e-19
1252150105.545166,nan,-1.7822672270795106e-19
1252150105.5454102,nan,-1.8277445727257493e-19
1252150105.5456543,nan,-1.8597820165503962e-19
1252150105.5458984,nan,-1.914272580130549e-19
1252150105.5461426,nan,-1.9568613612477399e-19
1252150105.5463867,nan,-1.994655097133255e-19
1252150105.5466309,nan,-2.0340517045306458e-19
1252150105.546875,nan,-2.0791580896455451e-19
1252150105.5471191,nan,-2.1357907784859142e-19
1252150105.5473633,nan,-2.1601135509699206e-19
1252150105.5476074,nan,-2.2038696314336212e-19
1252150105.5478516,nan,-2.2554166502425574e-19
1252150105.5480957,nan,-2.2862982284057693e-19
1252150105.5483398,nan,-2.3276278490876913e-19
1252150105.548584,nan,-2.3619208225878925e-19
1252150105.5488281,nan,-2.407787637601968e-19
1252150105.5490723,nan,-2.4477478060006097e-19
1252150105.5493164,nan,-2.4781320335174476e-19
1252150105.5495605,nan,-2.5211657390710905e-19
1252150105.5498047,nan,-2.5631942912356563e-19
1252150105.5500488,nan,-2.602699926633828e-19
1252150105.550293,nan,-2.6308553087820953e-19
1252150105.550537,nan,-2.671403203788857e-19
1252150105.5507812,nan,-2.713836812773137e-19
1252150105.5510254,nan,-2.7459319399087e-19
1252150105.5512695,nan,-2.7814883168399533e-19
1252150105.5515137,nan,-2.810055034729513e-19
1252150105.5517578,nan,-2.8563361006095263e-19
1252150105.552002,nan,-2.891402427645515e-19
1252150105.552246,nan,-2.912999235188061e-19
1252150105.5524902,nan,-2.9512393655405157e-19
1252150105.5527344,nan,-2.985260332431551e-19
1252150105.5529785,nan,-3.0222244163750433e-19
1252150105.5532227,nan,-3.048010333029132e-19
1252150105.5534668,nan,-3.0749169123619457e-19
1252150105.553711,nan,-3.117840163820194e-19
1252150105.553955,nan,-3.14836696298776e-19
1252150105.5541992,nan,-3.171613330508566e-19
1252150105.5544434,nan,-3.197177171817159e-19
1252150105.5546875,nan,-3.237674079787317e-19
1252150105.5549316,nan,-3.266956422322067e-19
1252150105.5551758,nan,-3.2797493104788577e-19
1252150105.55542,nan,-3.3138961848457816e-19
1252150105.555664,nan,-3.3469883558943483e-19
1252150105.5559082,nan,-3.372889528258509e-19
1252150105.5561523,nan,-3.3990070468461074e-19
1252150105.5563965,nan,-3.4183717898069437e-19
1252150105.5566406,nan,-3.445325002115541e-19
1252150105.5568848,nan,-3.475059713889996e-19
1252150105.557129,nan,-3.491956656310892e-19
1252150105.557373,nan,-3.517121302772945e-19
1252150105.5576172,nan,-3.5504045753059215e-19
1252150105.5578613,nan,-3.5689506912012385e-19
1252150105.5581055,nan,-3.578551113785776e-19
1252150105.5583496,nan,-3.5989048140939024e-19
1252150105.5585938,nan,-3.6342065363791573e-19
1252150105.558838,nan,-3.6523847711135406e-19
1252150105.559082,nan,-3.6640309778297493e-19
1252150105.5593262,nan,-3.685183320495451e-19
1252150105.5595703,nan,-3.710215736442449e-19
1252150105.5598145,nan,-3.7305572199960485e-19
1252150105.5600586,nan,-3.7346195760824134e-19
1252150105.5603027,nan,-3.7558473495145906e-19
1252150105.5605469,nan,-3.7798329310508744e-19
1252150105.560791,nan,-3.7945948566815227e-19
1252150105.5610352,nan,-3.8044490591709627e-19
1252150105.5612793,nan,-3.8147005202853427e-19
1252150105.5615234,nan,-3.8370469549658e-19
1252150105.5617676,nan,-3.8477554608054243e-19
1252150105.5620117,nan,-3.861488143697403e-19
1252150105.5622559,nan,-3.8650180214107317e-19
1252150105.5625,nan,-3.8768949741026295e-19
1252150105.5627441,nan,-3.902082665603471e-19
1252150105.5629883,nan,-3.9000910561365574e-19
1252150105.5632324,nan,-3.913324562253228e-19
1252150105.5634766,nan,-3.9297358398983043e-19
1252150105.5637207,nan,-3.9338172247444304e-19
1252150105.5639648,nan,-3.937586726772201e-19
1252150105.564209,nan,-3.9415907773728643e-19
1252150105.5644531,nan,-3.9544372976880206e-19
1252150105.5646973,nan,-3.9600826572046583e-19
1252150105.5649414,nan,-3.963406899204392e-19
1252150105.5651855,nan,-3.971135197519346e-19
1252150105.5654297,nan,-3.9802047672169988e-19
1252150105.5656738,nan,-3.9796252999037303e-19
1252150105.565918,nan,-3.9764820719989634e-19
1252150105.566162,nan,-3.9790022721566486e-19
1252150105.5664062,nan,-3.98496361987819e-19
1252150105.5666504,nan,-3.993564997660482e-19
1252150105.5668945,nan,-3.979952977939948e-19
1252150105.5671387,nan,-3.9817720317543934e-19
1252150105.5673828,nan,-3.9977655495548155e-19
1252150105.567627,nan,-3.984878513917438e-19
1252150105.567871,nan,-3.975460817062998e-19
1252150105.5681152,nan,-3.9760307120988943e-19
1252150105.5683594,nan,-3.977633943763069e-19
1252150105.5686035,nan,-3.972884150095648e-19
1252150105.5688477,nan,-3.9673930473728634e-19
1252150105.5690918,nan,-3.9669250831941496e-19
1252150105.569336,nan,-3.9597192075472807e-19
1252150105.56958,nan,-3.958184385678058e-19
1252150105.5698242,nan,-3.9475079326213235e-19
1252150105.5700684,nan,-3.934032246428233e-19
1252150105.5703125,nan,-3.934711269463205e-19
1252150105.5705566,nan,-3.922304708634963e-19
1252150105.5708008,nan,-3.9069420542915984e-19
1252150105.571045,nan,-3.8981717183812196e-19
1252150105.571289,nan,-3.8929770689474147e-19
1252150105.5715332,nan,-3.8858773685027767e-19
1252150105.5717773,nan,-3.86488189230388e-19
1252150105.5720215,nan,-3.8485054305520787e-19
1252150105.5722656,nan,-3.843696860144774e-19
1252150105.5725098,nan,-3.8316724809996916e-19
1252150105.572754,nan,-3.809897787951179e-19
1252150105.572998,nan,-3.7985753212123657e-19
1252150105.5732422,nan,-3.788937761348598e-19
1252150105.5734863,nan,-3.7694989150616194e-19
1252150105.5737305,nan,-3.747498254893033e-19
1252150105.5739746,nan,-3.7299549051896643e-19
1252150105.5742188,nan,-3.719486938360128e-19
1252150105.574463,nan,-3.694821123285604e-19
1252150105.574707,nan,-3.6689238612818304e-19
1252150105.5749512,nan,-3.655634028187656e-19
1252150105.5751953,nan,-3.6381668910034535e-19
1252150105.5754395,nan,-3.617579210498576e-19
1252150105.5756836,nan,-3.5883791742862303e-19
1252150105.5759277,nan,-3.5677092003957814e-19
1252150105.5761719,nan,-3.554396491614935e-19
1252150105.576416,nan,-3.529092545220118e-19
1252150105.5766602,nan,-3.5032664186306365e-19
1252150105.5769043,nan,-3.479642783613196e-19
1252150105.5771484,nan,-3.456525953295005e-19
1252150105.5773926,nan,-3.432337786555635e-19
1252150105.5776367,nan,-3.399244014490835e-19
1252150105.5778809,nan,-3.3699798493309e-19
1252150105.578125,nan,-3.3533156389170756e-19
1252150105.5783691,nan,-3.3220982995707923e-19
1252150105.5786133,nan,-3.2877065153452218e-19
1252150105.5788574,nan,-3.264270881403713e-19
1252150105.5791016,nan,-3.235902693233619e-19
1252150105.5793457,nan,-3.210175300098699e-19
1252150105.5795898,nan,-3.173178531891752e-19
1252150105.579834,nan,-3.1343640042402995e-19
1252150105.5800781,nan,-3.1157817792941123e-19
1252150105.5803223,nan,-3.0819771467128765e-19
1252150105.5805664,nan,-3.0398317740733703e-19
1252150105.5808105,nan,-3.011893580075724e-19
1252150105.5810547,nan,-2.984668727813357e-19
1252150105.5812988,nan,-2.9490568234194836e-19
1252150105.581543,nan,-2.9097521861568583e-19
1252150105.581787,nan,-2.871467335766145e-19
1252150105.5820312,nan,-2.8377989501517965e-19
1252150105.5822754,nan,-2.813979701542075e-19
1252150105.5825195,nan,-2.768687012247128e-19
1252150105.5827637,nan,-2.7289169678929074e-19
1252150105.5830078,nan,-2.7053912587147963e-19
1252150105.583252,nan,-2.657700886825686e-19
1252150105.583496,nan,-2.6187504796396774e-19
1252150105.5837402,nan,-2.5803302685020375e-19
1252150105.5839844,nan,-2.543320871938113e-19
1252150105.5842285,nan,-2.5095401435299077e-19
1252150105.5844727,nan,-2.46017216058401e-19
1252150105.5847168,nan,-2.425927571373716e-19
1252150105.584961,nan,-2.388388076553014e-19
1252150105.585205,nan,-2.3459906603707354e-19
1252150105.5854492,nan,-2.3035514053897223e-19
1252150105.5856934,nan,-2.2553195102254404e-19
1252150105.5859375,nan,-2.219347711245693e-19
1252150105.5861816,nan,-2.174099164597218e-19
1252150105.5864258,nan,-2.1276044863983925e-19
1252150105.58667,nan,-2.086840761098031e-19
1252150105.586914,nan,-2.0453856531856407e-19
1252150105.5871582,nan,-2.0045708571643673e-19
1252150105.5874023,nan,-1.9503977323808659e-19
1252150105.5876465,nan,-1.9099792585545203e-19
1252150105.5878906,nan,-1.8688310994830212e-19
1252150105.5881348,nan,-1.8217823015122098e-19
1252150105.588379,nan,-1.7825799214793125e-19
1252150105.588623,nan,-1.7303290700884647e-19
1252150105.5888672,nan,-1.6919786187599391e-19
1252150105.5891113,nan,-1.646043875434319e-19
1252150105.5893555,nan,-1.5864649289671208e-19
1252150105.5895996,nan,-1.543954386244336e-19
1252150105.5898438,nan,-1.4974497125056173e-19
1252150105.590088,nan,-1.4537036382843288e-19
1252150105.590332,nan,-1.404083746773096e-19
1252150105.5905762,nan,-1.353130529755963e-19
1252150105.5908203,nan,-1.313943065718096e-19
1252150105.5910645,nan,-1.2624859010039922e-19
1252150105.5913086,nan,-1.2042912742943603e-19
1252150105.5915527,nan,-1.1550895887721617e-19
1252150105.5917969,nan,-1.1177052831027902e-19
1252150105.592041,nan,-1.0668270239403929e-19
1252150105.5922852,nan,-1.0091776182241316e-19
1252150105.5925293,nan,-9.598159684972627e-20
1252150105.5927734,nan,-9.160093442797291e-20
1252150105.5930176,nan,-8.748591129917114e-20
1252150105.5932617,nan,-8.075256018309621e-20
1252150105.5935059,nan,-7.557495293811861e-20
1252150105.59375,nan,-7.179016407126719e-20
1252150105.5939941,nan,-6.596473788339418e-20
1252150105.5942383,nan,-6.115122229187003e-20
1252150105.5944824,nan,-5.612087047899323e-20
1252150105.5947266,nan,-5.1135800384589404e-20
1252150105.5949707,nan,-4.666594471501997e-20
1252150105.5952148,nan,-4.063172454313021e-20
1252150105.595459,nan,-3.512955268504267e-20
1252150105.5957031,nan,-3.129366145544457e-20
1252150105.5959473,nan,-2.5494655244019868e-20
1252150105.5961914,nan,-1.9687936429632626e-20
1252150105.5964355,nan,-1.5109919246235262e-20
1252150105.5966797,nan,-9.61470482263199e-21
1252150105.5969238,nan,-5.421473212474185e-21
1252150105.597168,nan,5.587865784403364e-22
1252150105.597412,nan,6.353142170959473e-21
1252150105.5976562,nan,9.657586621326913e-21
1252150105.5979004,nan,1.5447367377129923e-20
1252150105.5981445,nan,2.1412842705905188e-20
1252150105.5983887,nan,2.6144902824360336e-20
1252150105.5986328,nan,3.05174738129385e-20
1252150105.598877,nan,3.612881353708101e-20
1252150105.599121,nan,4.2389039927424515e-20
1252150105.5993652,nan,4.636741703280981e-20
1252150105.5996094,nan,5.161452219547295e-20
1252150105.5998535,nan,5.731715059506656e-20
1252150105.6000977,nan,6.222559111751725e-20
1252150105.6003418,nan,6.727708242771201e-20
1252150105.600586,nan,7.193597459413939e-20
1252150105.60083,nan,7.761277983993478e-20
1252150105.6010742,nan,8.242956642646228e-20
1252150105.6013184,nan,8.752031175203746e-20
1252150105.6015625,nan,9.286477143698186e-20
1252150105.6018066,nan,9.684199649883805e-20
1252150105.6020508,nan,1.0221395954070282e-19
1252150105.602295,nan,1.083010661150085e-19
1252150105.602539,nan,1.1243174189009048e-19
1252150105.6027832,nan,1.169297718125264e-19
1252150105.6030273,nan,1.2295624232703973e-19
1252150105.6032715,nan,1.2786231069648986e-19
1252150105.6035156,nan,1.3224710640777116e-19
1252150105.6037598,nan,1.366940104818049e-19
1252150105.604004,nan,1.4206084038612003e-19
1252150105.604248,nan,1.4716707374227323e-19
1252150105.6044922,nan,1.507740147437857e-19
1252150105.6047363,nan,1.558422773794531e-19
1252150105.6049805,nan,1.6118599293954507e-19
1252150105.6052246,nan,1.656639953918612e-19
1252150105.6054688,nan,1.7010490083226694e-19
1252150105.605713,nan,1.7465207556710902e-19
1252150105.605957,nan,1.802164828035503e-19
1252150105.6062012,nan,1.8483351949621744e-19
1252150105.6064453,nan,1.8851475403921736e-19
1252150105.6066895,nan,1.9321470947382215e-19
1252150105.6069336,nan,1.9859156815165295e-19
1252150105.6071777,nan,2.0284274591013833e-19
1252150105.6074219,nan,2.0619667775942294e-19
1252150105.607666,nan,2.111555388606769e-19
1252150105.6079102,nan,2.1603987141093492e-19
1252150105.6081543,nan,2.2007151211729224e-19
1252150105.6083984,nan,2.241444938080867e-19
1252150105.6086426,nan,2.2819556865759975e-19
1252150105.6088867,nan,2.3295533732599795e-19
1252150105.6091309,nan,2.371737855872314e-19
1252150105.609375,nan,2.4058750116331767e-19
1252150105.6096191,nan,2.4490900843693737e-19
1252150105.6098633,nan,2.49445761437628e-19
1252150105.6101074,nan,2.532719767572966e-19
1252150105.6103516,nan,2.570938605842319e-19
1252150105.6105957,nan,2.606866055217283e-19
1252150105.6108398,nan,2.6496488565491727e-19
1252150105.611084,nan,2.6934401929455973e-19
1252150105.6113281,nan,2.7253755591716327e-19
1252150105.6115723,nan,2.763146776313705e-19
1252150105.6118164,nan,2.803833561436628e-19
1252150105.6120605,nan,2.8373951164537514e-19
1252150105.6123047,nan,2.8721659845614525e-19
1252150105.6125488,nan,2.907457584553831e-19
1252150105.612793,nan,2.9463965186396014e-19
1252150105.613037,nan,2.9901183640154603e-19
1252150105.6132812,nan,3.0104358197793943e-19
1252150105.6135254,nan,3.0374399574879927e-19
1252150105.6137695,nan,3.0920574251441634e-19
1252150105.6140137,nan,3.1167837719243918e-19
1252150105.6142578,nan,3.1354624580621355e-19
1252150105.614502,nan,3.175148876964304e-19
1252150105.614746,nan,3.2135291891526e-19
1252150105.6149902,nan,3.2469474412484507e-19
1252150105.6152344,nan,3.2695638040718206e-19
1252150105.6154785,nan,3.2955065488731807e-19
1252150105.6157227,nan,3.3315133290397824e-19
1252150105.6159668,nan,3.3596514474931656e-19
1252150105.616211,nan,3.378032109182411e-19
1252150105.616455,nan,3.4077313750296153e-19
1252150105.6166992,nan,3.442302375844555e-19
1252150105.6169434,nan,3.4653165075080286e-19
1252150105.6171875,nan,3.4870892972265037e-19
1252150105.6174316,nan,3.51006001994274e-19
1252150105.6176758,nan,3.539410809483438e-19
1252150105.61792,nan,3.564626081031174e-19
1252150105.618164,nan,3.582516551537607e-19
1252150105.6184082,nan,3.6063051804612937e-19
1252150105.6186523,nan,3.631423243926927e-19
1252150105.6188965,nan,3.6553641094626596e-19
1252150105.6191406,nan,3.663525586887201e-19
1252150105.6193848,nan,3.682865585584773e-19
1252150105.619629,nan,3.7198823746735696e-19
1252150105.619873,nan,3.7286983008891297e-19
1252150105.6201172,nan,3.739995954024468e-19
1252150105.6203613,nan,3.764454434161562e-19
1252150105.6206055,nan,3.7799950941346884e-19
1252150105.6208496,nan,3.801722175581786e-19
1252150105.6210938,nan,3.8100153396468585e-19
1252150105.621338,nan,3.8209324604931443e-19
1252150105.621582,nan,3.846366941052244e-19
1252150105.6218262,nan,3.8586438812231825e-19
1252150105.6220703,nan,3.8657962993029684e-19
1252150105.6223145,nan,3.8788756580939917e-19
1252150105.6225586,nan,3.89726868707374e-19
1252150105.6228027,nan,3.9035347469732285e-19
1252150105.6230469,nan,3.906057522973185e-19
1252150105.623291,nan,3.919890073442212e-19
1252150105.6235352,nan,3.9322613140009113e-19
1252150105.6237793,nan,3.942863986717897e-19
1252150105.6240234,nan,3.943590034683118e-19
1252150105.6242676,nan,3.953216012496837e-19
1252150105.6245117,nan,3.96564892073666e-19
1252150105.6247559,nan,3.9654640578570913e-19
1252150105.625,nan,3.9689381167323778e-19
1252150105.6252441,nan,3.9713305097646446e-19
1252150105.6254883,nan,3.9801191857597556e-19
1252150105.6257324,nan,3.9790945175800126e-19
1252150105.6259766,nan,3.977574280040423e-19
1252150105.6262207,nan,3.986955169294168e-19
1252150105.6264648,nan,3.9923361821678052e-19
1252150105.626709,nan,3.9862206939800165e-19
1252150105.6269531,nan,3.9744602998612447e-19
1252150105.6271973,nan,3.9830486108380305e-19
1252150105.6274414,nan,3.9822659320919304e-19
1252150105.6276855,nan,3.977402057032873e-19
1252150105.6279297,nan,3.9789566923723276e-19
1252150105.6281738,nan,3.967680864315066e-19
1252150105.628418,nan,3.972597533054359e-19
1252150105.628662,nan,3.9680923484487897e-19
1252150105.6289062,nan,3.9558050197933196e-19
1252150105.6291504,nan,3.94919690964811e-19
1252150105.6293945,nan,3.9389371418908716e-19
1252150105.6296387,nan,3.939174357149571e-19
1252150105.6298828,nan,3.921307710146288e-19
1252150105.630127,nan,3.911634842945055e-19
1252150105.630371,nan,3.912262182922759e-19
1252150105.6306152,nan,3.894321910769625e-19
1252150105.6308594,nan,3.883545523225602e-19
1252150105.6311035,nan,3.8672758835038374e-19
1252150105.6313477,nan,3.856557600981182e-19
1252150105.6315918,nan,3.848105821328672e-19
1252150105.631836,nan,3.829676868757877e-19
1252150105.63208,nan,3.817469890572106e-19
1252150105.6323242,nan,3.805575759721824e-19
1252150105.6325684,nan,3.7906884876039878e-19
1252150105.6328125,nan,3.761750172181148e-19
1252150105.6330566,nan,3.746932476056208e-19
1252150105.6333008,nan,3.737801365081545e-19
1252150105.633545,nan,3.718458783527952e-19
1252150105.633789,nan,3.6941325138417386e-19
1252150105.6340332,nan,3.6697673540343294e-19
1252150105.6342773,nan,3.663604478957748e-19
1252150105.6345215,nan,3.6397210733005626e-19
1252150105.6347656,nan,3.6127133962054045e-19
1252150105.6350098,nan,3.5948298231468786e-19
1252150105.635254,nan,3.5709689606140615e-19
1252150105.635498,nan,3.54689546917586e-19
1252150105.6357422,nan,3.517514192874307e-19
1252150105.6359863,nan,3.49846311014656e-19
1252150105.6362305,nan,3.474494533862595e-19
1252150105.6364746,nan,3.4459424926260947e-19
1252150105.6367188,nan,3.4178583483308867e-19
1252150105.636963,nan,3.3856569434204367e-19
1252150105.637207,nan,3.369078433498972e-19
1252150105.6374512,nan,3.343568021575526e-19
1252150105.6376953,nan,3.3068869626257515e-19
1252150105.6379395,nan,3.279565671086424e-19
1252150105.6381836,nan,3.2560735260106067e-19
1252150105.6384277,nan,3.2254753807748037e-19
1252150105.6386719,nan,3.1909723324940467e-19
1252150105.638916,nan,3.158727027922016e-19
1252150105.6391602,nan,3.126902305351031e-19
1252150105.6394043,nan,3.0980374807116063e-19
1252150105.6396484,nan,3.0618255166093247e-19
1252150105.6398926,nan,3.026183273124318e-19
1252150105.6401367,nan,2.99529136630073e-19
1252150105.6403809,nan,2.961495015531841e-19
1252150105.640625,nan,2.923633128938365e-19
1252150105.6408691,nan,2.8858376581053663e-19
1252150105.6411133,nan,2.860196045066413e-19
1252150105.6413574,nan,2.8223127869929595e-19
1252150105.6416016,nan,2.7773332339174006e-19
1252150105.6418457,nan,2.7481652109271417e-19
1252150105.6420898,nan,2.7092789352007876e-19
1252150105.642334,nan,2.6720333394794523e-19
1252150105.6425781,nan,2.632934943480503e-19
1252150105.6428223,nan,2.588755520605276e-19
1252150105.6430664,nan,2.5563679782299123e-19
1252150105.6433105,nan,2.509491070880262e-19
1252150105.6435547,nan,2.472302384161187e-19
1252150105.6437988,nan,2.434697071287284e-19
1252150105.644043,nan,2.3862682504596394e-19
1252150105.644287,nan,2.3610339775650894e-19
1252150105.6445312,nan,2.307719391538408e-19
1252150105.6447754,nan,2.255843245177925e-19
1252150105.6450195,nan,2.2323400685180417e-19
1252150105.6452637,nan,2.1845253852052565e-19
1252150105.6455078,nan,2.1372060831364386e-19
1252150105.645752,nan,2.0950977102038823e-19
1252150105.645996,nan,2.0515266233947526e-19
1252150105.6462402,nan,2.012137093238956e-19
1252150105.6464844,nan,1.9587609629052346e-19
1252150105.6467285,nan,1.9124642847812971e-19
1252150105.6469727,nan,1.875450810678221e-19
1252150105.6472168,nan,1.8256346227924094e-19
1252150105.647461,nan,1.7768531732414354e-19
1252150105.647705,nan,1.7381111354421755e-19
1252150105.6479492,nan,1.6976332670845293e-19
1252150105.6481934,nan,1.646038968654175e-19
1252150105.6484375,nan,1.5946634381559355e-19
1252150105.6486816,nan,1.5495795844806883e-19
1252150105.6489258,nan,1.5052562377154842e-19
1252150105.64917,nan,1.454122849158987e-19
1252150105.649414,nan,1.4009179289292677e-19
1252150105.6496582,nan,1.3610663263490306e-19
1252150105.6499023,nan,1.3177268290471273e-19
1252150105.6501465,nan,1.2642532485794493e-19
1252150105.6503906,nan,1.2133604019086167e-19
1252150105.6506348,nan,1.1668270702328026e-19
1252150105.650879,nan,1.1232494210445835e-19
1252150105.651123,nan,1.0680748889256924e-19
1252150105.6513672,nan,1.0125499788933368e-19
1252150105.6516113,nan,9.675420938878197e-20
1252150105.6518555,nan,9.275863573011879e-20
1252150105.6520996,nan,8.793594840002111e-20
1252150105.6523438,nan,8.14077532394788e-20
1252150105.652588,nan,7.700570626316893e-20
1252150105.652832,nan,7.325840242831952e-20
1252150105.6530762,nan,6.729254645745586e-20
1252150105.6533203,nan,6.194287499651234e-20
1252150105.6535645,nan,5.713239435877746e-20
1252150105.6538086,nan,5.3260444222029495e-20
1252150105.6540527,nan,4.8133503006527516e-20
1252150105.6542969,nan,4.1568004191188957e-20
1252150105.654541,nan,3.7401732202465924e-20
1252150105.6547852,nan,3.300947893873322e-20
1252150105.6550293,nan,2.753515220637995e-20
1252150105.6552734,nan,2.2073970526106244e-20
1252150105.6555176,nan,1.7728774297215267e-20
1252150105.6557617,nan,1.3115836380400058e-20
1252150105.6560059,nan,7.028159345221245e-21
1252150105.65625,nan,1.958414329983658e-21
1252150105.6564941,nan,-3.003469223371392e-21
1252150105.6567383,nan,-7.502692658922649e-21
1252150105.6569824,nan,-1.2081473901405653e-20
1252150105.6572266,nan,-1.7736472218130526e-20
1252150105.6574707,nan,-2.2510772355853078e-20
1252150105.6577148,nan,-2.668147148625812e-20
1252150105.657959,nan,-3.1778163850598334e-20
1252150105.6582031,nan,-3.791294886676865e-20
1252150105.6584473,nan,-4.2646808192637065e-20
1252150105.6586914,nan,-4.675462966547384e-20
1252150105.6589355,nan,-5.186910207551568e-20
1252150105.6591797,nan,-5.679089243258803e-20
1252150105.6594238,nan,-6.176020833957049e-20
1252150105.659668,nan,-6.614514532524164e-20
1252150105.659912,nan,-7.12562017357251e-20
1252150105.6601562,nan,-7.644966491869555e-20
1252150105.6604004,nan,-8.068026965607983e-20
1252150105.6606445,nan,-8.561538346177e-20
1252150105.6608887,nan,-8.993585129611762e-20
1252150105.6611328,nan,-9.540781984708095e-20
1252150105.661377,nan,-1.0058921224656389e-19
1252150105.661621,nan,-1.0384473116443006e-19
1252150105.6618652,nan,-1.0963329650420422e-19
1252150105.6621094,nan,-1.146410261001491e-19
1252150105.6623535,nan,-1.1818563829632741e-19
1252150105.6625977,nan,-1.2284373342314383e-19
1252150105.6628418,nan,-1.276934402336243e-19
1252150105.663086,nan,-1.3250508466908868e-19
1252150105.66333,nan,-1.3642614493776177e-19
1252150105.6635742,nan,-1.4053259766972503e-19
1252150105.6638184,nan,-1.4545294941760702e-19
1252150105.6640625,nan,-1.5081420104120158e-19
1252150105.6643066,nan,-1.5454884486232497e-19
1252150105.6645508,nan,-1.5813588390918727e-19
1252150105.664795,nan,-1.6326037662650397e-19
1252150105.665039,nan,-1.675468356157718e-19
1252150105.6652832,nan,-1.7143674726629864e-19
1252150105.6655273,nan,-1.7561580096175704e-19
1252150105.6657715,nan,-1.7993983889248341e-19
1252150105.6660156,nan,-1.8444793870970253e-19
1252150105.6662598,nan,-1.8871148514023917e-19
1252150105.666504,nan,-1.9206898056602195e-19
1252150105.666748,nan,-1.9545558496238122e-19
1252150105.6669922,nan,-2.0033211038712215e-19
1252150105.6672363,nan,-2.0446800478428575e-19
1252150105.6674805,nan,-2.0791461808407725e-19
1252150105.6677246,nan,-2.1149834393421944e-19
1252150105.6679688,nan,-2.1581302966503254e-19
1252150105.668213,nan,-2.2052996220931644e-19
1252150105.668457,nan,-2.2307126001237054e-19
1252150105.6687012,nan,-2.267839558636189e-19
1252150105.6689453,nan,-2.313770329816569e-19
1252150105.6691895,nan,-2.341077157701948e-19
1252150105.6694336,nan,-2.3777640859615973e-19
1252150105.6696777,nan,-2.414247145780918e-19
1252150105.6699219,nan,-2.446163291339143e-19
1252150105.670166,nan,-2.4818487631757454e-19
1252150105.6704102,nan,-2.5145162357330403e-19
1252150105.6706543,nan,-2.5499934591882753e-19
1252150105.6708984,nan,-2.583123673341341e-19
1252150105.6711426,nan,-2.6139320470195277e-19
1252150105.6713867,nan,-2.6431079193243154e-19
1252150105.6716309,nan,-2.6770127698376817e-19
1252150105.671875,nan,-2.710829136855366e-19
1252150105.6721191,nan,-2.738263472543266e-19
1252150105.6723633,nan,-2.769001094029564e-19
1252150105.6726074,nan,-2.795686161302908e-19
1252150105.6728516,nan,-2.826293439394471e-19
1252150105.6730957,nan,-2.859014381253242e-19
1252150105.6733398,nan,-2.874022227290812e-19
1252150105.673584,nan,-2.902048974534332e-19
1252150105.6738281,nan,-2.94250782058796e-19
1252150105.6740723,nan,-2.9623950465776184e-19
1252150105.6743164,nan,-2.9813119739855125e-19
1252150105.6745605,nan,-3.0069668750618993e-19
1252150105.6748047,nan,-3.039098959599947e-19
1252150105.6750488,nan,-3.0611943531148462e-19
1252150105.675293,nan,-3.0733636500467e-19
1252150105.675537,nan,-3.103468059863635e-19
1252150105.6757812,nan,-3.1277806713912285e-19
1252150105.6760254,nan,-3.1442015463958555e-19
1252150105.6762695,nan,-3.1649185069473683e-19
1252150105.6765137,nan,-3.184073088287235e-19
1252150105.6767578,nan,-3.207405981567283e-19
1252150105.677002,nan,-3.2282297509357136e-19
1252150105.677246,nan,-3.2376808376736636e-19
1252150105.6774902,nan,-3.256100198161594e-19
1252150105.6777344,nan,-3.285872161750069e-19
1252150105.6779785,nan,-3.2960686043232876e-19
1252150105.6782227,nan,-3.3090894765617453e-19
1252150105.6784668,nan,-3.3271813664247973e-19
1252150105.678711,nan,-3.3403937165675934e-19
1252150105.678955,nan,-3.356142259496421e-19
1252150105.6791992,nan,-3.363500565998354e-19
1252150105.6794434,nan,-3.3785458976465927e-19
1252150105.6796875,nan,-3.3989120948462796e-19
1252150105.6799316,nan,-3.407564357430715e-19
1252150105.6801758,nan,-3.410748901753275e-19
1252150105.68042,nan,-3.427609776368611e-19
1252150105.680664,nan,-3.4422955275647166e-19
1252150105.6809082,nan,-3.445868100649568e-19
1252150105.6811523,nan,-3.454147075634866e-19
1252150105.6813965,nan,-3.4661997143126303e-19
1252150105.6816406,nan,-3.479479382576814e-19
1252150105.6818848,nan,-3.481130317709972e-19
1252150105.682129,nan,-3.4786590882567884e-19
1252150105.682373,nan,-3.4893665817215646e-19
1252150105.6826172,nan,-3.5008185285907016e-19
1252150105.6828613,nan,-3.4997805548828374e-19
1252150105.6831055,nan,-3.496682529711968e-19
1252150105.6833496,nan,-3.5033945588843637e-19
1252150105.6835938,nan,-3.5153885280863983e-19
1252150105.683838,nan,-3.5165617892456835e-19
1252150105.684082,nan,-3.5111258689708435e-19
1252150105.6843262,nan,-3.509676956380452e-19
1252150105.6845703,nan,-3.512565989906391e-19
1252150105.6848145,nan,-3.516728535136314e-19
1252150105.6850586,nan,-3.5008489108638026e-19
1252150105.6853027,nan,-3.503190997426455e-19
1252150105.6855469,nan,-3.514228962343159e-19
1252150105.685791,nan,-3.498449315747484e-19
1252150105.6860352,nan,-3.4995677044930016e-19
1252150105.6862793,nan,-3.4930274557236506e-19
1252150105.6865234,nan,-3.4856844631788986e-19
1252150105.6867676,nan,-3.4864251384095157e-19
1252150105.6870117,nan,-3.473153588766769e-19
1252150105.6872559,nan,-3.4710840628566943e-19
1252150105.6875,nan,-3.4659016477053853e-19
1252150105.6877441,nan,-3.460241468836457e-19
1252150105.6879883,nan,-3.448162647701059e-19
1252150105.6882324,nan,-3.4343569169011717e-19
1252150105.6884766,nan,-3.433014146852667e-19
1252150105.6887207,nan,-3.4164016316152987e-19
1252150105.6889648,nan,-3.401332793502793e-19
1252150105.689209,nan,-3.392303986947114e-19
1252150105.6894531,nan,-3.3878805264318003e-19
1252150105.6896973,nan,-3.373867842763122e-19
1252150105.6899414,nan,-3.3509522559449437e-19
1252150105.6901855,nan,-3.348678137050207e-19
1252150105.6904297,nan,-3.3353272665000513e-19
1252150105.6906738,nan,-3.312604997420775e-19
1252150105.690918,nan,-3.2978437416140676e-19
1252150105.691162,nan,-3.2829710169771386e-19
1252150105.6914062,nan,-3.273192131025381e-19
1252150105.6916504,nan,-3.253671334265805e-19
1252150105.6918945,nan,-3.2261383113097257e-19
1252150105.6921387,nan,-3.2145801866787084e-19
1252150105.6923828,nan,-3.2018518428126276e-19
1252150105.692627,nan,-3.1797504463022165e-19
1252150105.692871,nan,-3.1603455959033405e-19
1252150105.6931152,nan,-3.1323882895027017e-19
1252150105.6933594,nan,-3.1165092023151794e-19
1252150105.6936035,nan,-3.1011456582716233e-19
1252150105.6938477,nan,-3.0693268083386204e-19
1252150105.6940918,nan,-3.0527454210892775e-19
1252150105.694336,nan,-3.033658363930702e-19
1252150105.69458,nan,-3.002666504237281e-19
1252150105.6948242,nan,-2.978454230742299e-19
1252150105.6950684,nan,-2.959092810108784e-19
1252150105.6953125,nan,-2.938940537802845e-19
1252150105.6955566,nan,-2.9121136018772097e-19
1252150105.6958008,nan,-2.882375456520729e-19
1252150105.696045,nan,-2.8600676045848714e-19
1252150105.696289,nan,-2.836205782386459e-19
1252150105.6965332,nan,-2.804569524115883e-19
1252150105.6967773,nan,-2.773093745129596e-19
1252150105.6970215,nan,-2.749410839624579e-19
1252150105.6972656,nan,-2.727824127115784e-19
1252150105.6975098,nan,-2.69722883018145e-19
1252150105.697754,nan,-2.665626953689639e-19
1252150105.697998,nan,-2.6361465159305816e-19
1252150105.6982422,nan,-2.6049085859139124e-19
1252150105.6984863,nan,-2.576994757974628e-19
1252150105.6987305,nan,-2.5452799982554053e-19
1252150105.6989746,nan,-2.5153182375470925e-19
1252150105.6992188,nan,-2.4870606614148156e-19
1252150105.699463,nan,-2.458636178408317e-19
1252150105.699707,nan,-2.425003629766728e-19
1252150105.6999512,nan,-2.3875836459368454e-19
1252150105.7001953,nan,-2.3601311125882133e-19
1252150105.7004395,nan,-2.326967606539932e-19
1252150105.7006836,nan,-2.294927123188068e-19
1252150105.7009277,nan,-2.261070571268384e-19
1252150105.7011719,nan,-2.2278584730047353e-19
1252150105.701416,nan,-2.19593760659743e-19
1252150105.7016602,nan,-2.1541559151453762e-19
1252150105.7019043,nan,-2.1221443482214116e-19
1252150105.7021484,nan,-2.0895310707960765e-19
1252150105.7023926,nan,-2.0518979463826006e-19
1252150105.7026367,nan,-2.012685279358403e-19
1252150105.7028809,nan,-1.9771711572799018e-19
1252150105.703125,nan,-1.9564336526359192e-19
1252150105.7033691,nan,-1.9121013285352126e-19
1252150105.7036133,nan,-1.8621748354997052e-19
1252150105.7038574,nan,-1.843181109608017e-19
1252150105.7041016,nan,-1.80860098485621e-19
1252150105.7043457,nan,-1.7606987643370878e-19
1252150105.7045898,nan,-1.7202687522953318e-19
1252150105.704834,nan,-1.6875169199069695e-19
1252150105.7050781,nan,-1.659415967620444e-19
1252150105.7053223,nan,-1.6112028622979125e-19
1252150105.7055664,nan,-1.5733334766955938e-19
1252150105.7058105,nan,-1.5409891836221328e-19
1252150105.7060547,nan,-1.497402841908061e-19
1252150105.7062988,nan,-1.4606486607925143e-19
1252150105.706543,nan,-1.4108044663978533e-19
1252150105.706787,nan,-1.3808868880185473e-19
1252150105.7070312,nan,-1.352582768254974e-19
1252150105.7072754,nan,-1.2966833828809366e-19
1252150105.7075195,nan,-1.2641411614292207e-19
1252150105.7077637,nan,-1.2266203659317204e-19
1252150105.7080078,nan,-1.1821247012707947e-19
1252150105.708252,nan,-1.1540407681957682e-19
1252150105.708496,nan,-1.1010302029124119e-19
1252150105.7087402,nan,-1.0582686223061354e-19
1252150105.7089844,nan,-1.0360028498096919e-19
1252150105.7092285,nan,-9.844138242956695e-20
1252150105.7094727,nan,-9.385051759198682e-20
1252150105.7097168,nan,-9.087322499913756e-20
1252150105.709961,nan,-8.6814399267729e-20
1252150105.710205,nan,-8.228625679758062e-20
1252150105.7104492,nan,-7.796146943242733e-20
1252150105.7106934,nan,-7.418655091777393e-20
1252150105.7109375,nan,-7.035044898382336e-20
1252150105.7111816,nan,-6.639615268363725e-20
1252150105.7114258,nan,-6.201332274584043e-20
1252150105.71167,nan,-5.785758558365587e-20
1252150105.711914,nan,-5.471381758513771e-20
1252150105.7121582,nan,-5.017536234690627e-20
1252150105.7124023,nan,-4.540543291775889e-20
1252150105.7126465,nan,-4.2128095579757e-20
1252150105.7128906,nan,-3.8485046217957674e-20
1252150105.7131348,nan,-3.4386377851012326e-20
1252150105.713379,nan,-2.981560869055509e-20
1252150105.713623,nan,-2.595588261863489e-20
1252150105.7138672,nan,-2.242572982514789e-20
1252150105.7141113,nan,-1.8076458070917458e-20
1252150105.7143555,nan,-1.3776442348921644e-20
1252150105.7145996,nan,-9.38096094327448e-21
1252150105.7148438,nan,-6.488335302509444e-21
1252150105.715088,nan,-2.5336077520823917e-21
1252150105.715332,nan,2.3661810488850823e-21
1252150105.7155762,nan,5.759230907540379e-21
1252150105.7158203,nan,9.359181757614474e-21
1252150105.7160645,nan,1.3153145627030115e-20
1252150105.7163086,nan,1.7990080653073973e-20
1252150105.7165527,nan,2.1478249348511846e-20
1252150105.7167969,nan,2.4812651951385074e-20
1252150105.717041,nan,2.917381255783449e-20
1252150105.7172852,nan,3.307401178683962e-20
1252150105.7175293,nan,3.732694528719553e-20
1252150105.7177734,nan,4.0126864715803373e-20
1252150105.7180176,nan,4.3981670316613794e-20
1252150105.7182617,nan,4.844038942732988e-20
1252150105.7185059,nan,5.1696233834936314e-20
1252150105.71875,nan,5.517834659012633e-20
1252150105.7189941,nan,5.872241000272342e-20
1252150105.7192383,nan,6.298412445508881e-20
1252150105.7194824,nan,6.646276433005491e-20
1252150105.7197266,nan,6.970146113469419e-20
1252150105.7199707,nan,7.354469486810885e-20
1252150105.7202148,nan,7.78272687459025e-20
1252150105.720459,nan,8.131920900223884e-20
1252150105.7207031,nan,8.400266587547079e-20
1252150105.7209473,nan,8.796043327112609e-20
1252150105.7211914,nan,9.161746417963074e-20
1252150105.7214355,nan,9.518518885516665e-20
1252150105.7216797,nan,9.797646992612907e-20
1252150105.7219238,nan,1.0169966733256667e-19
1252150105.722168,nan,1.0601601054732204e-19
1252150105.722412,nan,1.0802704710669439e-19
1252150105.7226562,nan,1.1139154251416197e-19
1252150105.7229004,nan,1.1464758694876524e-19
1252150105.7231445,nan,1.1820247489116685e-19
1252150105.7233887,nan,1.219499550275653e-19
1252150105.7236328,nan,1.2374841568189194e-19
1252150105.723877,nan,1.2808666861474135e-19
1252150105.724121,nan,1.3186731345603244e-19
1252150105.7243652,nan,1.341315615396563e-19
1252150105.7246094,nan,1.3718941764224374e-19
1252150105.7248535,nan,1.3974946838261267e-19
1252150105.7250977,nan,1.432929784086765e-19
1252150105.7253418,nan,1.4648537484430062e-19
1252150105.725586,nan,1.4903419471249334e-19
1252150105.72583,nan,1.5205666746611838e-19
1252150105.7260742,nan,1.5536890292815114e-19
1252150105.7263184,nan,1.5782933539724384e-19
1252150105.7265625,nan,1.6007786965895073e-19
1252150105.7268066,nan,1.6339267573724506e-19
1252150105.7270508,nan,1.662211391417212e-19
1252150105.727295,nan,1.6897946731163632e-19
1252150105.727539,nan,1.7104275094972456e-19
1252150105.7277832,nan,1.7359203291414173e-19
1252150105.7280273,nan,1.7743859637934136e-19
1252150105.7282715,nan,1.7934590272157518e-19
1252150105.7285156,nan,1.8091349472615566e-19
1252150105.7287598,nan,1.8416057348446384e-19
1252150105.729004,nan,1.868889521854425e-19
1252150105.729248,nan,1.8852965796394579e-19
1252150105.7294922,nan,1.909380615976918e-19
1252150105.7297363,nan,1.9363951965790473e-19
1252150105.7299805,nan,1.9613049660913243e-19
1252150105.7302246,nan,1.984569741701097e-19
1252150105.7304688,nan,2.0015238379262569e-19
1252150105.730713,nan,2.0242261921573426e-19
1252150105.730957,nan,2.0510725878220742e-19
1252150105.7312012,nan,2.064193972225677e-19
1252150105.7314453,nan,2.0798661407678612e-19
1252150105.7316895,nan,2.1142631236928754e-19
1252150105.7319336,nan,2.1358381462496312e-19
1252150105.7321777,nan,2.1463582063027888e-19
1252150105.7324219,nan,2.1644989795018777e-19
1252150105.732666,nan,2.181366540477182e-19
1252150105.7329102,nan,2.2050480858756674e-19
1252150105.7331543,nan,2.222779309585767e-19
1252150105.7333984,nan,2.233621288548997e-19
1252150105.7336426,nan,2.2602049052069265e-19
1252150105.7338867,nan,2.2773921105010725e-19
1252150105.7341309,nan,2.2860023457326716e-19
1252150105.734375,nan,2.299342055896654e-19
1252150105.7346191,nan,2.3126726028130013e-19
1252150105.7348633,nan,2.3381633586026194e-19
1252150105.7351074,nan,2.3460529932900157e-19
1252150105.7353516,nan,2.3498517361345997e-19
1252150105.7355957,nan,2.373336705114613e-19
1252150105.7358398,nan,2.3858816116104093e-19
1252150105.736084,nan,2.4016714357555907e-19
1252150105.7363281,nan,2.40650920028661e-19
1252150105.7365723,nan,2.416849977535972e-19
1252150105.7368164,nan,2.4444368965316727e-19
1252150105.7370605,nan,2.4384503926282443e-19
1252150105.7373047,nan,2.445181571441782e-19
1252150105.7375488,nan,2.4647738035341374e-19
1252150105.737793,nan,2.4711554763478443e-19
1252150105.738037,nan,2.486571908027321e-19
1252150105.7382812,nan,2.484791978085623e-19
1252150105.7385254,nan,2.4929497601474574e-19
1252150105.7387695,nan,2.5122845546583954e-19
1252150105.7390137,nan,2.512639199701119e-19
1252150105.7392578,nan,2.515767494331229e-19
1252150105.739502,nan,2.5230788414538316e-19
1252150105.739746,nan,2.534669002162215e-19
1252150105.7399902,nan,2.541472116701186e-19
1252150105.7402344,nan,2.540096784389248e-19
1252150105.7404785,nan,2.545633239121148e-19
1252150105.7407227,nan,2.5551209841523974e-19
1252150105.7409668,nan,2.5551686599835227e-19
1252150105.741211,nan,2.551900497629737e-19
1252150105.741455,nan,2.5606775347553383e-19
1252150105.7416992,nan,2.5684902804180145e-19
1252150105.7419434,nan,2.5688933949630374e-19
1252150105.7421875,nan,2.5614299445089324e-19
1252150105.7424316,nan,2.5658045264283076e-19
1252150105.7426758,nan,2.576931785208909e-19
1252150105.74292,nan,2.569295416758697e-19
1252150105.743164,nan,2.5681832618006333e-19
1252150105.7434082,nan,2.5690306427117045e-19
1252150105.7436523,nan,2.571733618336302e-19
1252150105.7438965,nan,2.568800425072776e-19
1252150105.7441406,nan,2.5592406659134e-19
1252150105.7443848,nan,2.563516810321052e-19
1252150105.744629,nan,2.564670988905576e-19
1252150105.744873,nan,2.5609395323105087e-19
1252150105.7451172,nan,2.5496991706740437e-19
1252150105.7453613,nan,2.552851518916721e-19
1252150105.7456055,nan,2.55766833671689e-19
1252150105.7458496,nan,2.5442401736433277e-19
1252150105.7460938,nan,2.5382033732712343e-19
1252150105.746338,nan,2.5351849335601264e-19
1252150105.746582,nan,2.5383225434123094e-19
1252150105.7468262,nan,2.529074276470958e-19
1252150105.7470703,nan,2.510855994748244e-19
1252150105.7473145,nan,2.5098181722085635e-19
1252150105.7475586,nan,2.5079301167492145e-19
1252150105.7478027,nan,2.5003451889710287e-19
1252150105.7480469,nan,2.4850155836102226e-19
1252150105.748291,nan,2.4819459541090927e-19
1252150105.7485352,nan,2.479137260501241e-19
1252150105.7487793,nan,2.464323125700721e-19
1252150105.7490234,nan,2.45731884983116e-19
1252150105.7492676,nan,2.4425823026214976e-19
1252150105.7495117,nan,2.4409260112960274e-19
1252150105.7497559,nan,2.427964538879404e-19
1252150105.75,nan,2.4101606234452354e-19
1252150105.7502441,nan,2.410969429563771e-19
1252150105.7504883,nan,2.393682667048812e-19
1252150105.7507324,nan,2.383876257526957e-19
1252150105.7509766,nan,2.367085308191769e-19
1252150105.7512207,nan,2.35195665417865e-19
1252150105.7514648,nan,2.3532100368474104e-19
1252150105.751709,nan,2.3352996809272427e-19
1252150105.7519531,nan,2.3168833144089615e-19
1252150105.7521973,nan,2.3050557260552946e-19
1252150105.7524414,nan,2.3006904603762935e-19
1252150105.7526855,nan,2.2805768191865345e-19
1252150105.7529297,nan,2.255385194472337e-19
1252150105.7531738,nan,2.251909554916833e-19
1252150105.753418,nan,2.236216110660077e-19
1252150105.753662,nan,2.219894219102402e-19
1252150105.7539062,nan,2.200306400262509e-19
1252150105.7541504,nan,2.18345562249529e-19
1252150105.7543945,nan,2.180195391434173e-19
1252150105.7546387,nan,2.1545554844880956e-19
1252150105.7548828,nan,2.1346134572168858e-19
1252150105.755127,nan,2.123900952429794e-19
1252150105.755371,nan,2.1050125019292856e-19
1252150105.7556152,nan,2.0924388834480168e-19
1252150105.7558594,nan,2.0701574655619613e-19
1252150105.7561035,nan,2.0487545449660085e-19
1252150105.7563477,nan,2.0392992015098716e-19
1252150105.7565918,nan,2.0161386628029709e-19
1252150105.756836,nan,1.9857498262921194e-19
1252150105.75708,nan,1.9763944377967338e-19
1252150105.7573242,nan,1.9656059010186007e-19
1252150105.7575684,nan,1.9330577210779256e-19
1252150105.7578125,nan,1.9197528287214998e-19
1252150105.7580566,nan,1.9087231107241961e-19
1252150105.7583008,nan,1.8767806018205348e-19
1252150105.758545,nan,1.8611040394596308e-19
1252150105.758789,nan,1.8380625835020809e-19
1252150105.7590332,nan,1.8124905199574832e-19
1252150105.7592773,nan,1.8034966413803244e-19
1252150105.7595215,nan,1.7793214250000476e-19
1252150105.7597656,nan,1.75338504039896e-19
1252150105.7600098,nan,1.7359023931380972e-19
1252150105.760254,nan,1.7152805303728075e-19
1252150105.760498,nan,1.6854398957073335e-19
1252150105.7607422,nan,1.6603707077524612e-19
1252150105.7609863,nan,1.6442212503666034e-19
1252150105.7612305,nan,1.6260975802994355e-19
1252150105.7614746,nan,1.6045731351577626e-19
1252150105.7617188,nan,1.5636172282986888e-19
1252150105.761963,nan,1.5537471606615198e-19
1252150105.762207,nan,1.543133256406205e-19
1252150105.7624512,nan,1.4941634641609522e-19
1252150105.7626953,nan,1.4856723526541953e-19
1252150105.7629395,nan,1.464807629468778e-19
1252150105.7631836,nan,1.4364133623253594e-19
1252150105.7634277,nan,1.4147937487023347e-19
1252150105.7636719,nan,1.3785496688767351e-19
1252150105.763916,nan,1.3700142107233897e-19
1252150105.7641602,nan,1.3413581451157351e-19
1252150105.7644043,nan,1.3167819998484272e-19
1252150105.7646484,nan,1.297164786752232e-19
1252150105.7648926,nan,1.2603872727419573e-19
1252150105.7651367,nan,1.247313720529645e-19
1252150105.7653809,nan,1.2182916625232973e-19
1252150105.765625,nan,1.1879753232521924e-19
1252150105.7658691,nan,1.1719605574006773e-19
1252150105.7661133,nan,1.1453362989473916e-19
1252150105.7663574,nan,1.1181546756716861e-19
1252150105.7666016,nan,1.092364690461599e-19
1252150105.7668457,nan,1.0658842435960617e-19
1252150105.7670898,nan,1.043111762586125e-19
1252150105.767334,nan,1.0202369040477646e-19
1252150105.7675781,nan,9.871235376427829e-20
1252150105.7678223,nan,9.660576383836462e-20
1252150105.7680664,nan,9.448825761148814e-20
1252150105.7683105,nan,9.200906662670628e-20
1252150105.7685547,nan,8.88708733656289e-20
1252150105.7687988,nan,8.538882742952482e-20
1252150105.769043,nan,8.476590936808183e-20
1252150105.769287,nan,8.187935350068315e-20
1252150105.7695312,nan,7.786167862463887e-20
1252150105.7697754,nan,7.583312429465561e-20
1252150105.7700195,nan,7.365043654825932e-20
1252150105.7702637,nan,7.10926889683488e-20
1252150105.7705078,nan,6.741566593816066e-20
1252150105.770752,nan,6.543462621708078e-20
1252150105.770996,nan,6.450777024820198e-20
1252150105.7712402,nan,6.080694216712843e-20
1252150105.7714844,nan,5.736202252098056e-20
1252150105.7717285,nan,5.573478599938785e-20
1252150105.7719727,nan,5.322665870911742e-20
1252150105.7722168,nan,5.021402735846649e-20
1252150105.772461,nan,4.703161312650877e-20
1252150105.772705,nan,4.4722371972929893e-20
1252150105.7729492,nan,4.36493060716358e-20
1252150105.7731934,nan,4.0162853947777014e-20
1252150105.7734375,nan,3.629896197070452e-20
1252150105.7736816,nan,3.4771317710556483e-20
1252150105.7739258,nan,3.274769402525069e-20
1252150105.77417,nan,2.945639686819829e-20
1252150105.774414,nan,2.6289045515802823e-20
1252150105.7746582,nan,2.445174013355526e-20
1252150105.7749023,nan,2.2464617468581938e-20
1252150105.7751465,nan,1.9446416217174417e-20
1252150105.7753906,nan,1.632862931798014e-20
1252150105.7756348,nan,1.432067474869384e-20
1252150105.775879,nan,1.2133855894108645e-20
1252150105.776123,nan,8.51950936803243e-21
1252150105.7763672,nan,6.000735013468408e-21
1252150105.7766113,nan,3.6777349003500084e-21
1252150105.7768555,nan,1.7320473367559412e-21
1252150105.7770996,nan,-5.167739067663355e-22
1252150105.7773438,nan,-4.482526144936529e-21
1252150105.777588,nan,-5.773731935932215e-21
1252150105.777832,nan,-7.507642755185413e-21
1252150105.7780762,nan,-1.1512219708388301e-20
1252150105.7783203,nan,-1.3812301264005847e-20
1252150105.7785645,nan,-1.6302354425328428e-20
1252150105.7788086,nan,-1.8019084870475628e-20
1252150105.7790527,nan,-2.0358949953671405e-20
1252150105.7792969,nan,-2.4058536775099108e-20
1252150105.779541,nan,-2.6055356055264438e-20
1252150105.7797852,nan,-2.7845793166527176e-20
1252150105.7800293,nan,-3.0101207904914964e-20
1252150105.7802734,nan,-3.387497435682411e-20
1252150105.7805176,nan,-3.6101172491547285e-20
1252150105.7807617,nan,-3.706856308317287e-20
1252150105.7810059,nan,-3.995959220950833e-20
1252150105.78125,nan,-4.2497839225539516e-20
1252150105.7814941,nan,-4.539444118622753e-20
1252150105.7817383,nan,-4.68622241804273e-20
1252150105.7819824,nan,-4.963089653964178e-20
1252150105.7822266,nan,-5.3191055888117307e-20
1252150105.7824707,nan,-5.3876650453775285e-20
1252150105.7827148,nan,-5.635249225220565e-20
1252150105.782959,nan,-5.878173027657971e-20
1252150105.7832031,nan,-6.07646105963352e-20
1252150105.7834473,nan,-6.337617470947484e-20
1252150105.7836914,nan,-6.507413274140574e-20
1252150105.7839355,nan,-6.76785351013843e-20
1252150105.7841797,nan,-6.998892598991659e-20
1252150105.7844238,nan,-7.202644489068424e-20
1252150105.784668,nan,-7.424600786769422e-20
1252150105.784912,nan,-7.631076280735232e-20
1252150105.7851562,nan,-7.882518158194418e-20
1252150105.7854004,nan,-8.062122020645781e-20
1252150105.7856445,nan,-8.208248383549214e-20
1252150105.7858887,nan,-8.439335809768497e-20
1252150105.7861328,nan,-8.773205586430553e-20
1252150105.786377,nan,-8.890265081466014e-20
1252150105.786621,nan,-8.988071576382899e-20
1252150105.7868652,nan,-9.329900857833733e-20
1252150105.7871094,nan,-9.512655550949038e-20
1252150105.7873535,nan,-9.649269295270931e-20
1252150105.7875977,nan,-9.795847782225118e-20
1252150105.7878418,nan,-1.0038423144450212e-19
1252150105.788086,nan,-1.0376224311056256e-19
1252150105.78833,nan,-1.0483963412755155e-19
1252150105.7885742,nan,-1.0606173103292223e-19
1252150105.7888184,nan,-1.0827727062825375e-19
1252150105.7890625,nan,-1.1041578936077656e-19
1252150105.7893066,nan,-1.1239578779530398e-19
1252150105.7895508,nan,-1.1375201015944318e-19
1252150105.789795,nan,-1.1523238943471472e-19
1252150105.790039,nan,-1.1750820851662717e-19
1252150105.7902832,nan,-1.195866251998227e-19
1252150105.7905273,nan,-1.202076306285911e-19
1252150105.7907715,nan,-1.219564992727126e-19
1252150105.7910156,nan,-1.2479379872621708e-19
1252150105.7912598,nan,-1.2576448211582247e-19
1252150105.791504,nan,-1.2717587447850424e-19
1252150105.791748,nan,-1.2948410597943774e-19
1252150105.7919922,nan,-1.3114007352266352e-19
1252150105.7922363,nan,-1.326684437151155e-19
1252150105.7924805,nan,-1.3315392622463986e-19
1252150105.7927246,nan,-1.3452133176687134e-19
1252150105.7929688,nan,-1.372254723702767e-19
1252150105.793213,nan,-1.380267564844907e-19
1252150105.793457,nan,-1.3894876868787184e-19
1252150105.7937012,nan,-1.4135941732294312e-19
1252150105.7939453,nan,-1.4282652989972315e-19
1252150105.7941895,nan,-1.4374818372117109e-19
1252150105.7944336,nan,-1.44889148585339e-19
1252150105.7946777,nan,-1.4680864539028672e-19
1252150105.7949219,nan,-1.4875609346511265e-19
1252150105.795166,nan,-1.4936016571040545e-19
1252150105.7954102,nan,-1.5050697733352823e-19
1252150105.7956543,nan,-1.5188982701544115e-19
1252150105.7958984,nan,-1.535551618848098e-19
1252150105.7961426,nan,-1.5500121111308801e-19
1252150105.7963867,nan,-1.5461685236748065e-19
1252150105.7966309,nan,-1.5646208020158807e-19
1252150105.796875,nan,-1.5842707098215116e-19
1252150105.7971191,nan,-1.5857005659669252e-19
1252150105.7973633,nan,-1.596609281077676e-19
1252150105.7976074,nan,-1.6126022537676997e-19
1252150105.7978516,nan,-1.631830589195341e-19
1252150105.7980957,nan,-1.6323736953926164e-19
1252150105.7983398,nan,-1.6343288583841034e-19
1252150105.798584,nan,-1.6556284196078698e-19
1252150105.7988281,nan,-1.6598192265357874e-19
1252150105.7990723,nan,-1.6618527830559705e-19
1252150105.7993164,nan,-1.6780938976831788e-19
1252150105.7995605,nan,-1.6880665909246943e-19
1252150105.7998047,nan,-1.6945667659556726e-19
1252150105.8000488,nan,-1.7018103079643267e-19
1252150105.800293,nan,-1.709441616822498e-19
1252150105.800537,nan,-1.7192828374742042e-19
1252150105.8007812,nan,-1.7275431827314073e-19
1252150105.8010254,nan,-1.7371617011400332e-19
1252150105.8012695,nan,-1.7338889846357586e-19
1252150105.8015137,nan,-1.7433164264697768e-19
1252150105.8017578,nan,-1.7652686586106573e-19
1252150105.802002,nan,-1.7557586576010687e-19
1252150105.802246,nan,-1.761571108298569e-19
1252150105.8024902,nan,-1.7757150894557866e-19
1252150105.8027344,nan,-1.7753084705608741e-19
1252150105.8029785,nan,-1.7813082135011643e-19
1252150105.8032227,nan,-1.775803671188053e-19
1252150105.8034668,nan,-1.788651452663948e-19
1252150105.803711,nan,-1.8040617456875906e-19
1252150105.803955,nan,-1.7955388400901042e-19
1252150105.8041992,nan,-1.798450213760204e-19
1252150105.8044434,nan,-1.806539319458931e-19
1252150105.8046875,nan,-1.8094532125273486e-19
1252150105.8049316,nan,-1.8075743453474992e-19
1252150105.8051758,nan,-1.8056660577493687e-19
1252150105.80542,nan,-1.815033258003143e-19
1252150105.805664,nan,-1.8241784909198493e-19
1252150105.8059082,nan,-1.8231879405589812e-19
1252150105.8061523,nan,-1.8107842054631006e-19
1252150105.8063965,nan,-1.814010267929374e-19
1252150105.8066406,nan,-1.8308336116831443e-19
1252150105.8068848,nan,-1.8213270032357396e-19
1252150105.807129,nan,-1.8176280921189923e-19
1252150105.807373,nan,-1.8264378896870185e-19
1252150105.8076172,nan,-1.8277205160843535e-19
1252150105.8078613,nan,-1.8211443574561678e-19
1252150105.8081055,nan,-1.8158297671981839e-19
1252150105.8083496,nan,-1.8283407024645485e-19
1252150105.8085938,nan,-1.8185887746884757e-19
1252150105.808838,nan,-1.8109350536749505e-19
1252150105.809082,nan,-1.821487792274976e-19
1252150105.8093262,nan,-1.8096184520226568e-19
1252150105.8095703,nan,-1.814002372117982e-19
1252150105.8098145,nan,-1.8163024656416026e-19
1252150105.8100586,nan,-1.7981516803592928e-19
1252150105.8103027,nan,-1.8052171468657414e-19
1252150105.8105469,nan,-1.8048018943752038e-19
1252150105.810791,nan,-1.7897086743456208e-19
1252150105.8110352,nan,-1.7910140744204092e-19
1252150105.8112793,nan,-1.7927357202826312e-19
1252150105.8115234,nan,-1.7894744623051904e-19
1252150105.8117676,nan,-1.7777855933281425e-19
1252150105.8120117,nan,-1.7717235197373367e-19
1252150105.8122559,nan,-1.772748394431919e-19
1252150105.8125,nan,-1.7638356457416303e-19
1252150105.8127441,nan,-1.7571078198040464e-19
1252150105.8129883,nan,-1.7451854896829707e-19
1252150105.8132324,nan,-1.7456641727055991e-19
1252150105.8134766,nan,-1.7432588470511047e-19
1252150105.8137207,nan,-1.732209242505673e-19
1252150105.8139648,nan,-1.728904929008733e-19
1252150105.814209,nan,-1.7125543823837963e-19
1252150105.8144531,nan,-1.712193994715012e-19
1252150105.8146973,nan,-1.7046916211924733e-19
1252150105.8149414,nan,-1.6895081236845353e-19
1252150105.8151855,nan,-1.6927958804393091e-19
1252150105.8154297,nan,-1.6812785487715468e-19
1252150105.8156738,nan,-1.669879542600398e-19
1252150105.815918,nan,-1.6569796884217406e-19
1252150105.816162,nan,-1.6467870323104344e-19
1252150105.8164062,nan,-1.6431108954393956e-19
1252150105.8166504,nan,-1.6282975543857748e-19
1252150105.8168945,nan,-1.6207730170973356e-19
1252150105.8171387,nan,-1.6183298936152337e-19
1252150105.8173828,nan,-1.6035376542142027e-19
1252150105.817627,nan,-1.5851501154494693e-19
1252150105.817871,nan,-1.5785923546500382e-19
1252150105.8181152,nan,-1.5694029164347348e-19
1252150105.8183594,nan,-1.5596740698082797e-19
1252150105.8186035,nan,-1.546472254346612e-19
1252150105.8188477,nan,-1.526950899766449e-19
1252150105.8190918,nan,-1.5216669143763405e-19
1252150105.819336,nan,-1.51316987388661e-19
1252150105.81958,nan,-1.4992189104247223e-19
1252150105.8198242,nan,-1.4856080047401856e-19
1252150105.8200684,nan,-1.4756072357129163e-19
1252150105.8203125,nan,-1.4575984788518752e-19
1252150105.8205566,nan,-1.4387584129073834e-19
1252150105.8208008,nan,-1.4392901777115888e-19
1252150105.821045,nan,-1.422887471906145e-19
1252150105.821289,nan,-1.409029182635537e-19
1252150105.8215332,nan,-1.3953740237425675e-19
1252150105.8217773,nan,-1.3709528694690505e-19
1252150105.8220215,nan,-1.3650933324007024e-19
1252150105.8222656,nan,-1.3554921455127136e-19
1252150105.8225098,nan,-1.3272521246123737e-19
1252150105.822754,nan,-1.3097759730565153e-19
1252150105.822998,nan,-1.313131470552329e-19
1252150105.8232422,nan,-1.2967388422234148e-19
1252150105.8234863,nan,-1.2697768979652645e-19
1252150105.8237305,nan,-1.2560125467726952e-19
1252150105.8239746,nan,-1.2410687906103027e-19
1252150105.8242188,nan,-1.2259939450599378e-19
1252150105.824463,nan,-1.209943336443651e-19
1252150105.824707,nan,-1.1860463603020882e-19
1252150105.8249512,nan,-1.174918635402179e-19
1252150105.8251953,nan,-1.1691766566997217e-19
1252150105.8254395,nan,-1.1421178544266204e-19
1252150105.8256836,nan,-1.1229622259649493e-19
1252150105.8259277,nan,-1.1149498242463124e-19
1252150105.8261719,nan,-1.095355250139299e-19
1252150105.826416,nan,-1.070428990279328e-19
1252150105.8266602,nan,-1.0568247930273122e-19
1252150105.8269043,nan,-1.0440423418085904e-19
1252150105.8271484,nan,-1.0231171480228057e-19
1252150105.8273926,nan,-1.009955223374026e-19
1252150105.8276367,nan,-9.802253309070355e-20
1252150105.8278809,nan,-9.640556014616374e-20
1252150105.828125,nan,-9.613859589050916e-20
1252150105.8283691,nan,-9.259720873176732e-20
1252150105.8286133,nan,-9.044701576506703e-20
1252150105.8288574,nan,-8.983104440059033e-20
1252150105.8291016,nan,-8.731956989090919e-20
1252150105.8293457,nan,-8.537185412317292e-20
1252150105.8295898,nan,-8.352820362612736e-20
1252150105.829834,nan,-8.130199369545996e-20
1252150105.8300781,nan,-8.031472870742283e-20
1252150105.8303223,nan,-7.8129140746958e-20
1252150105.8305664,nan,-7.56282772913413e-20
1252150105.8308105,nan,-7.437510381534443e-20
1252150105.8310547,nan,-7.24873273349723e-20
1252150105.8312988,nan,-6.991581725704609e-20
1252150105.831543,nan,-6.793798501194381e-20
1252150105.831787,nan,-6.622467366803738e-20
1252150105.8320312,nan,-6.412860728331378e-20
1252150105.8322754,nan,-6.182072889617538e-20
1252150105.8325195,nan,-5.951700666501575e-20
1252150105.8327637,nan,-5.836654144896857e-20
1252150105.8330078,nan,-5.691970753538496e-20
1252150105.833252,nan,-5.3941587742755544e-20
1252150105.833496,nan,-5.1470199365702495e-20
1252150105.8337402,nan,-4.9884737070425164e-20
1252150105.8339844,nan,-4.8680659568664033e-20
1252150105.8342285,nan,-4.5898289792861656e-20
1252150105.8344727,nan,-4.3091137441857145e-20
1252150105.8347168,nan,-4.251323725736231e-20
1252150105.834961,nan,-4.051632678329651e-20
1252150105.835205,nan,-3.757128974826808e-20
1252150105.8354492,nan,-3.521709547434839e-20
1252150105.8356934,nan,-3.355358784657213e-20
1252150105.8359375,nan,-3.223009962239621e-20
1252150105.8361816,nan,-2.9007276945104606e-20
1252150105.8364258,nan,-2.711123633911474e-20
1252150105.83667,nan,-2.613738017716532e-20
1252150105.836914,nan,-2.3435547684031848e-20
1252150105.8371582,nan,-2.1255147758360128e-20
1252150105.8374023,nan,-1.8938948579012643e-20
1252150105.8376465,nan,-1.6717495420810285e-20
1252150105.8378906,nan,-1.5114197135953892e-20
1252150105.8381348,nan,-1.2982070107801062e-20
1252150105.838379,nan,-1.0311651133596267e-20
1252150105.838623,nan,-8.670446753304928e-21
1252150105.8388672,nan,-7.502246167842062e-21
1252150105.8391113,nan,-4.12770258209248e-21
1252150105.8393555,nan,-1.5306538382708374e-21
1252150105.8395996,nan,-1.6225020512839136e-21
1252150105.8398438,nan,7.511046991692241e-22
1252150105.840088,nan,4.318141714511029e-21
1252150105.840332,nan,5.1538013046441725e-21
1252150105.8405762,nan,7.158014807868593e-21
1252150105.8408203,nan,9.351391658546184e-21
1252150105.8410645,nan,1.115891487497688e-20
1252150105.8413086,nan,1.485005229052166e-20
1252150105.8415527,nan,1.5578234968182376e-20
1252150105.8417969,nan,1.643374382336641e-20
1252150105.842041,nan,2.0163634402356637e-20
1252150105.8422852,nan,2.2017695766709016e-20
1252150105.8425293,nan,2.3380969833488812e-20
1252150105.8427734,nan,2.476441405804586e-20
1252150105.8430176,nan,2.7337105216658125e-20
1252150105.8432617,nan,3.000793604598265e-20
1252150105.8435059,nan,3.115451446477627e-20
1252150105.84375,nan,3.3025248048360726e-20
1252150105.8439941,nan,3.498821010140569e-20
1252150105.8442383,nan,3.7892352719944333e-20
1252150105.8444824,nan,3.910259675765284e-20
1252150105.8447266,nan,4.00892921667384e-20
1252150105.8449707,nan,4.375279432696083e-20
1252150105.8452148,nan,4.488173072438286e-20
1252150105.845459,nan,4.6118553035762326e-20
1252150105.8457031,nan,4.7878180659545065e-20
1252150105.8459473,nan,4.9555225062066585e-20
1252150105.8461914,nan,5.2668537944802546e-20
1252150105.8464355,nan,5.34807127381712e-20
1252150105.8466797,nan,5.491176969927331e-20
1252150105.8469238,nan,5.741403394585731e-20
1252150105.847168,nan,5.953929682950347e-20
1252150105.847412,nan,6.114313995365918e-20
1252150105.8476562,nan,6.20175796194503e-20
1252150105.8479004,nan,6.486456411180207e-20
1252150105.8481445,nan,6.672296755698008e-20
1252150105.8483887,nan,6.722035816350763e-20
1252150105.8486328,nan,6.861403574017835e-20
1252150105.848877,nan,7.120964321179392e-20
1252150105.849121,nan,7.377753643172815e-20
1252150105.8493652,nan,7.436407901980158e-20
1252150105.8496094,nan,7.557546023384326e-20
1252150105.8498535,nan,7.796241661896775e-20
1252150105.8500977,nan,7.96526010596352e-20
1252150105.8503418,nan,8.053402421164379e-20
1252150105.850586,nan,8.197251094416887e-20
1252150105.85083,nan,8.411391224640858e-20
1252150105.8510742,nan,8.621070696984718e-20
1252150105.8513184,nan,8.709110784583419e-20
1252150105.8515625,nan,8.79792738452339e-20
1252150105.8518066,nan,9.016679686207478e-20
1252150105.8520508,nan,9.185730818942225e-20
1252150105.852295,nan,9.285111971382576e-20
1252150105.852539,nan,9.330886094145746e-20
1252150105.8527832,nan,9.570765574084361e-20
1252150105.8530273,nan,9.761634870972394e-20
1252150105.8532715,nan,9.76105502581831e-20
1252150105.8535156,nan,9.974505509416274e-20
1252150105.8537598,nan,1.0138999546631905e-19
1252150105.854004,nan,1.0217913062101146e-19
1252150105.854248,nan,1.0331045797918556e-19
1252150105.8544922,nan,1.0419903514246771e-19
1252150105.8547363,nan,1.0611957391714257e-19
1252150105.8549805,nan,1.0761794334051806e-19
1252150105.8552246,nan,1.0824328598398315e-19
1252150105.8554688,nan,1.092754030533286e-19
1252150105.855713,nan,1.1104075750058984e-19
1252150105.855957,nan,1.122314312015965e-19
1252150105.8562012,nan,1.1271981950722307e-19
1252150105.8564453,nan,1.1376671435095536e-19
1252150105.8566895,nan,1.149202066487443e-19
1252150105.8569336,nan,1.162939117684482e-19
1252150105.8571777,nan,1.1706247166308974e-19
1252150105.8574219,nan,1.176907160066031e-19
1252150105.857666,nan,1.1923936987311095e-19
1252150105.8579102,nan,1.2058143054252523e-19
1252150105.8581543,nan,1.211509296920235e-19
1252150105.8583984,nan,1.2110914004464763e-19
1252150105.8586426,nan,1.2282749356971044e-19
1252150105.8588867,nan,1.244374162835255e-19
1252150105.8591309,nan,1.240830790927024e-19
1252150105.859375,nan,1.2494464196337696e-19
1252150105.8596191,nan,1.2644917131632304e-19
1252150105.8598633,nan,1.2768934897225027e-19
1252150105.8601074,nan,1.2772533049349002e-19
1252150105.8603516,nan,1.2781178044773526e-19
1252150105.8605957,nan,1.2914303941757713e-19
1252150105.8608398,nan,1.2984141127685004e-19
1252150105.861084,nan,1.3049827643194222e-19
1252150105.8613281,nan,1.305599453717235e-19
1252150105.8615723,nan,1.3141538193409697e-19
1252150105.8618164,nan,1.3268855687855249e-19
1252150105.8620605,nan,1.3222860532929729e-19
1252150105.8623047,nan,1.3262654945629874e-19
1252150105.8625488,nan,1.3394315665317332e-19
1252150105.862793,nan,1.3474849769311861e-19
1252150105.863037,nan,1.3429495431550388e-19
1252150105.8632812,nan,1.3469951690135517e-19
1252150105.8635254,nan,1.3555431942451634e-19
1252150105.8637695,nan,1.3554609031020291e-19
1252150105.8640137,nan,1.3627774682306317e-19
1252150105.8642578,nan,1.3548138884034136e-19
1252150105.864502,nan,1.363077357071832e-19
1252150105.864746,nan,1.3809833895676544e-19
1252150105.8649902,nan,1.370495845296184e-19
1252150105.8652344,nan,1.3718672660628081e-19
1252150105.8654785,nan,1.3789691506179832e-19
1252150105.8657227,nan,1.379933379000789e-19
1252150105.8659668,nan,1.3760199577638265e-19
1252150105.866211,nan,1.3747948445290085e-19
1252150105.866455,nan,1.3864127911838914e-19
1252150105.8666992,nan,1.3882271599847311e-19
1252150105.8669434,nan,1.3862436639667697e-19
1252150105.8671875,nan,1.382818968761604e-19
1252150105.8674316,nan,1.3838147884935415e-19
1252150105.8676758,nan,1.390359953053863e-19
1252150105.86792,nan,1.3793363779004294e-19
1252150105.868164,nan,1.3744686679335527e-19
1252150105.8684082,nan,1.3843957105270888e-19
1252150105.8686523,nan,1.3812356784031785e-19
1252150105.8688965,nan,1.3770213626339623e-19
1252150105.8691406,nan,1.376348570130529e-19
1252150105.8693848,nan,1.381120874146563e-19
1252150105.869629,nan,1.380643410200538e-19
1252150105.869873,nan,1.3618318976389583e-19
1252150105.8701172,nan,1.3653068139829244e-19
1252150105.8703613,nan,1.3701624463843655e-19
1252150105.8706055,nan,1.3613459560437804e-19
1252150105.8708496,nan,1.359749585649636e-19
1252150105.8710938,nan,1.353123909230518e-19
1252150105.871338,nan,1.35425328172309e-19
1252150105.871582,nan,1.3551788655798304e-19
1252150105.8718262,nan,1.3425188403751994e-19
1252150105.8720703,nan,1.3304338975065018e-19
1252150105.8723145,nan,1.340302593645886e-19
1252150105.8725586,nan,1.3423511044730796e-19
1252150105.8728027,nan,1.3240640180903405e-19
1252150105.8730469,nan,1.321424828957929e-19
1252150105.873291,nan,1.3173628744649636e-19
1252150105.8735352,nan,1.3119786546219439e-19
1252150105.8737793,nan,1.3057198727125744e-19
1252150105.8740234,nan,1.294083449862054e-19
1252150105.8742676,nan,1.291286468350879e-19
1252150105.8745117,nan,1.291890864526201e-19
1252150105.8747559,nan,1.2814444030360986e-19
1252150105.875,nan,1.269153921119353e-19
1252150105.8752441,nan,1.2726173364486278e-19
1252150105.8754883,nan,1.2659535544605695e-19
1252150105.8757324,nan,1.2533365832930673e-19
1252150105.8759766,nan,1.2427363473886276e-19
1252150105.8762207,nan,1.2361263082860023e-19
1252150105.8764648,nan,1.2372581180269162e-19
1252150105.876709,nan,1.226413752189903e-19
1252150105.8769531,nan,1.2134416276779755e-19
1252150105.8771973,nan,1.2052427178752114e-19
1252150105.8774414,nan,1.1990396057973159e-19
1252150105.8776855,nan,1.186359314397098e-19
1252150105.8779297,nan,1.1728924692720826e-19
1252150105.8781738,nan,1.1725599164776383e-19
1252150105.878418,nan,1.1612068161720326e-19
1252150105.878662,nan,1.1502379330252605e-19
1252150105.8789062,nan,1.1459827244791525e-19
1252150105.8791504,nan,1.1345191448827552e-19
1252150105.8793945,nan,1.1258155322285702e-19
1252150105.8796387,nan,1.106732554906138e-19
1252150105.8798828,nan,1.0922061659427101e-19
1252150105.880127,nan,1.0911174681657122e-19
1252150105.880371,nan,1.0815690206488762e-19
1252150105.8806152,nan,1.0700201692545458e-19
1252150105.8808594,nan,1.0566561039003686e-19
1252150105.8811035,nan,1.0495950130831317e-19
1252150105.8813477,nan,1.040709022530015e-19
1252150105.8815918,nan,1.0169046211240837e-19
1252150105.881836,nan,1.003104761445282e-19
1252150105.88208,nan,1.0056001791726596e-19
1252150105.8823242,nan,9.973539920551735e-20
1252150105.8825684,nan,9.717081384475317e-20
1252150105.8828125,nan,9.63097616801032e-20
1252150105.8830566,nan,9.609611567483256e-20
1252150105.8833008,nan,9.426628715558668e-20
1252150105.883545,nan,9.235853986100025e-20
1252150105.883789,nan,9.149200709177351e-20
1252150105.8840332,nan,9.012979082044751e-20
1252150105.8842773,nan,8.866387486297907e-20
1252150105.8845215,nan,8.782775055283864e-20
1252150105.8847656,nan,8.59452189601845e-20
1252150105.8850098,nan,8.531114192145082e-20
1252150105.885254,nan,8.435378895673486e-20
1252150105.885498,nan,8.157229749924538e-20
1252150105.8857422,nan,8.053573275665179e-20
1252150105.8859863,nan,7.994340202872217e-20
1252150105.8862305,nan,7.892972191680767e-20
1252150105.8864746,nan,7.699825564746582e-20
1252150105.8867188,nan,7.490954528984357e-20
1252150105.886963,nan,7.472856657045658e-20
1252150105.887207,nan,7.314023212700397e-20
1252150105.8874512,nan,7.096393628495003e-20
1252150105.8876953,nan,6.949322134109701e-20
1252150105.8879395,nan,6.801638796584251e-20
1252150105.8881836,nan,6.792032909772082e-20
1252150105.8884277,nan,6.568044631387909e-20
1252150105.8886719,nan,6.342417240033572e-20
1252150105.888916,nan,6.361508126579035e-20
1252150105.8891602,nan,6.159387621144232e-20
1252150105.8894043,nan,5.970804391634006e-20
1252150105.8896484,nan,5.827772387730571e-20
1252150105.8898926,nan,5.691566156905932e-20
1252150105.8901367,nan,5.613535794582785e-20
1252150105.8903809,nan,5.409918446339721e-20
1252150105.890625,nan,5.244631535999192e-20
1252150105.8908691,nan,5.116729593265652e-20
1252150105.8911133,nan,5.032827359633622e-20
1252150105.8913574,nan,4.885637926855852e-20
1252150105.8916016,nan,4.5737486095719494e-20
1252150105.8918457,nan,4.476898155526766e-20
1252150105.8920898,nan,4.4394069862349186e-20
1252150105.892334,nan,4.204935394244453e-20
1252150105.8925781,nan,3.9687269822036265e-20
1252150105.8928223,nan,3.928056255429497e-20
1252150105.8930664,nan,3.8512006566105616e-20
1252150105.8933105,nan,3.5499643471224675e-20
1252150105.8935547,nan,3.455226825414346e-20
1252150105.8937988,nan,3.3215837907250897e-20
1252150105.894043,nan,3.1183421508763494e-20
1252150105.894287,nan,3.051958779855005e-20
1252150105.8945312,nan,2.8222932114263667e-20
1252150105.8947754,nan,2.717527125665485e-20
1252150105.8950195,nan,2.626042695870826e-20
1252150105.8952637,nan,2.333919378018717e-20
1252150105.8955078,nan,2.2091259808331274e-20
1252150105.895752,nan,2.1344807410865846e-20
1252150105.895996,nan,2.0011341746984605e-20
1252150105.8962402,nan,1.7969975215368943e-20
1252150105.8964844,nan,1.5968254835979683e-20
1252150105.8967285,nan,1.5014693691552923e-20
1252150105.8969727,nan,1.3581721742770417e-20
1252150105.8972168,nan,1.1675255815694955e-20
1252150105.897461,nan,1.0475689707014959e-20
1252150105.897705,nan,9.731396369415088e-21
1252150105.8979492,nan,7.556041711740458e-21
1252150105.8981934,nan,5.897038176863112e-21
1252150105.8984375,nan,5.296936935601062e-21
1252150105.8986816,nan,3.3107386390509182e-21
1252150105.8989258,nan,2.267785716759369e-21
1252150105.89917,nan,2.741003358103907e-22
1252150105.899414,nan,-2.6434635059272176e-21
1252150105.8996582,nan,-2.6778022872995704e-21
1252150105.8999023,nan,-3.79549230043121e-21
1252150105.9001465,nan,-5.750161475894619e-21
1252150105.9003906,nan,-7.000007994608689e-21
1252150105.9006348,nan,-8.527304073838828e-21
1252150105.900879,nan,-9.539891777079313e-21
1252150105.901123,nan,-1.1256023457764403e-20
1252150105.9013672,nan,-1.3407996723538537e-20
1252150105.9016113,nan,-1.4020429562861262e-20
1252150105.9018555,nan,-1.4766247151273748e-20
1252150105.9020996,nan,-1.716611108893401e-20
1252150105.9023438,nan,-1.8330469239540487e-20
1252150105.902588,nan,-1.9286072931983353e-20
1252150105.902832,nan,-2.071797415512969e-20
1252150105.9030762,nan,-2.239990054833538e-20
1252150105.9033203,nan,-2.505303940158509e-20
1252150105.9035645,nan,-2.517638590543773e-20
1252150105.9038086,nan,-2.5857810636882045e-20
1252150105.9040527,nan,-2.8278441841427315e-20
1252150105.9042969,nan,-2.894746701853102e-20
1252150105.904541,nan,-2.9880949625022907e-20
1252150105.9047852,nan,-3.1048596132150256e-20
1252150105.9050293,nan,-3.3138716041941425e-20
1252150105.9052734,nan,-3.4667829784289084e-20
1252150105.9055176,nan,-3.51342026188732e-20
1252150105.9057617,nan,-3.6744587027185095e-20
1252150105.9060059,nan,-3.813802743494861e-20
1252150105.90625,nan,-4.0056847985974975e-20
1252150105.9064941,nan,-4.0618504139491636e-20
1252150105.9067383,nan,-4.1340736648791174e-20
1252150105.9069824,nan,-4.331845937926227e-20
1252150105.9072266,nan,-4.410851540151496e-20
1252150105.9074707,nan,-4.579840026471801e-20
1252150105.9077148,nan,-4.594042220790491e-20
1252150105.907959,nan,-4.700553619434094e-20
1252150105.9082031,nan,-4.917199072524651e-20
1252150105.9084473,nan,-4.954920471083614e-20
1252150105.9086914,nan,-5.128177124478446e-20
1252150105.9089355,nan,-5.184003614211783e-20
1252150105.9091797,nan,-5.357145103368776e-20
1252150105.9094238,nan,-5.512578746332285e-20
1252150105.909668,nan,-5.454308081053793e-20
1252150105.909912,nan,-5.672885670673408e-20
1252150105.9101562,nan,-5.742719716444013e-20
1252150105.9104004,nan,-5.810380613514404e-20
1252150105.9106445,nan,-5.96841614269745e-20
1252150105.9108887,nan,-6.018052075411064e-20
1252150105.9111328,nan,-6.193049073191466e-20
1252150105.911377,nan,-6.208271039875948e-20
1252150105.911621,nan,-6.309609397646388e-20
1252150105.9118652,nan,-6.448311388388209e-20
1252150105.9121094,nan,-6.506219530964274e-20
1252150105.9123535,nan,-6.628332397817412e-20
1252150105.9125977,nan,-6.67913077827108e-20
1252150105.9128418,nan,-6.870881496857779e-20
1252150105.913086,nan,-6.927643524958342e-20
1252150105.91333,nan,-6.95194511393925e-20
1252150105.9135742,nan,-7.076293482448145e-20
1252150105.9138184,nan,-7.106542176458503e-20
1252150105.9140625,nan,-7.237373275381027e-20
1252150105.9143066,nan,-7.278078794971964e-20
1252150105.9145508,nan,-7.326897265906813e-20
1252150105.914795,nan,-7.510768708719998e-20
1252150105.915039,nan,-7.589331775282581e-20
1252150105.9152832,nan,-7.625494088007899e-20
1252150105.9155273,nan,-7.64975637713439e-20
1252150105.9157715,nan,-7.800192193899917e-20
1252150105.9160156,nan,-7.911594615721719e-20
1252150105.9162598,nan,-7.888302098785175e-20
1252150105.916504,nan,-7.975356971866678e-20
1252150105.916748,nan,-8.011348084162869e-20
1252150105.9169922,nan,-8.117776822426103e-20
1252150105.9172363,nan,-8.13846154920105e-20
1252150105.9174805,nan,-8.127514260117715e-20
1252150105.9177246,nan,-8.352836712817021e-20
1252150105.9179688,nan,-8.351838741620879e-20
1252150105.918213,nan,-8.31331404739619e-20
1252150105.918457,nan,-8.436146370747116e-20
1252150105.9187012,nan,-8.529363751590787e-20
1252150105.9189453,nan,-8.589583979227411e-20
1252150105.9191895,nan,-8.614225870870152e-20
1252150105.9194336,nan,-8.627155944863544e-20
1252150105.9196777,nan,-8.684971088168571e-20
1252150105.9199219,nan,-8.813921492129585e-20
1252150105.920166,nan,-8.752571465098973e-20
1252150105.9204102,nan,-8.736647036198967e-20
1252150105.9206543,nan,-8.870446053386099e-20
1252150105.9208984,nan,-8.914620010507811e-20
1252150105.9211426,nan,-8.965120923044271e-20
1252150105.9213867,nan,-8.939437894758038e-20
1252150105.9216309,nan,-8.967060902569667e-20
1252150105.921875,nan,-9.102232158076352e-20
1252150105.9221191,nan,-9.05529721604365e-20
1252150105.9223633,nan,-9.012953046582056e-20
1252150105.9226074,nan,-9.162169774316134e-20
1252150105.9228516,nan,-9.166731008717222e-20
1252150105.9230957,nan,-9.099023301358205e-20
1252150105.9233398,nan,-9.155950421326747e-20
1252150105.923584,nan,-9.213301726091594e-20
1252150105.9238281,nan,-9.225375006926819e-20
1252150105.9240723,nan,-9.147337649094678e-20
1252150105.9243164,nan,-9.193941208644932e-20
1252150105.9245605,nan,-9.331390103571822e-20
1252150105.9248047,nan,-9.289186932739927e-20
1252150105.9250488,nan,-9.224171388606038e-20
1252150105.925293,nan,-9.265179029668664e-20
1252150105.925537,nan,-9.302902132726656e-20
1252150105.9257812,nan,-9.29023264924254e-20
1252150105.9260254,nan,-9.279318071056912e-20
1252150105.9262695,nan,-9.294211099126005e-20
1252150105.9265137,nan,-9.287061923205544e-20
1252150105.9267578,nan,-9.288819071541874e-20
1252150105.927002,nan,-9.274279876462199e-20
1252150105.927246,nan,-9.211083832954294e-20
1252150105.9274902,nan,-9.314523991763084e-20
1252150105.9277344,nan,-9.275061059811237e-20
1252150105.9279785,nan,-9.100479822080311e-20
1252150105.9282227,nan,-9.22463581479657e-20
1252150105.9284668,nan,-9.212599908079552e-20
1252150105.928711,nan,-9.156347999132578e-20
1252150105.928955,nan,-9.206707156915384e-20
1252150105.9291992,nan,-9.16611487896754e-20
1252150105.9294434,nan,-9.158801032131369e-20
1252150105.9296875,nan,-9.091572122568336e-20
1252150105.9299316,nan,-9.100711338484417e-20
1252150105.9301758,nan,-9.04905179908367e-20
1252150105.93042,nan,-9.03107239444329e-20
1252150105.930664,nan,-9.090362680399219e-20
1252150105.9309082,nan,-8.969751456936254e-20
1252150105.9311523,nan,-9.015004901210326e-20
1252150105.9313965,nan,-8.981725473630243e-20
1252150105.9316406,nan,-8.900752609982531e-20
1252150105.9318848,nan,-8.899300420717312e-20
1252150105.932129,nan,-8.80970335704202e-20
1252150105.932373,nan,-8.844821978720028e-20
1252150105.9326172,nan,-8.797194545494576e-20
1252150105.9328613,nan,-8.665923353049843e-20
1252150105.9331055,nan,-8.627439212553512e-20
1252150105.9333496,nan,-8.648658235899197e-20
1252150105.9335938,nan,-8.62035400923755e-20
1252150105.933838,nan,-8.500592708583424e-20
1252150105.934082,nan,-8.477434695315612e-20
1252150105.9343262,nan,-8.403562810991318e-20
1252150105.9345703,nan,-8.388055462498061e-20
1252150105.9348145,nan,-8.388049925823085e-20
1252150105.9350586,nan,-8.204748605852622e-20
1252150105.9353027,nan,-8.242821066562568e-20
1252150105.9355469,nan,-8.219114765151668e-20
1252150105.935791,nan,-8.063356231390066e-20
1252150105.9360352,nan,-8.063335193029197e-20
1252150105.9362793,nan,-7.975199429481378e-20
1252150105.9365234,nan,-7.993841373857312e-20
1252150105.9367676,nan,-7.885726173579255e-20
1252150105.9370117,nan,-7.700299861176754e-20
1252150105.9372559,nan,-7.840304306913176e-20
1252150105.9375,nan,-7.701761156283462e-20
1252150105.9377441,nan,-7.540880829191419e-20
1252150105.9379883,nan,-7.619751835840172e-20
1252150105.9382324,nan,-7.495374565147476e-20
1252150105.9384766,nan,-7.423414975965307e-20
1252150105.9387207,nan,-7.372839063993182e-20
1252150105.9389648,nan,-7.242632768341622e-20
1252150105.939209,nan,-7.181996942497602e-20
1252150105.9394531,nan,-7.110041253683352e-20
1252150105.9396973,nan,-7.003224481384758e-20
1252150105.9399414,nan,-6.953189363853593e-20
1252150105.9401855,nan,-6.908287870241602e-20
1252150105.9404297,nan,-6.827797312365824e-20
1252150105.9406738,nan,-6.736181766619367e-20
1252150105.940918,nan,-6.58983794975672e-20
1252150105.941162,nan,-6.625379901107105e-20
1252150105.9414062,nan,-6.557096321771907e-20
1252150105.9416504,nan,-6.383033931397985e-20
1252150105.9418945,nan,-6.341353402240341e-20
1252150105.9421387,nan,-6.218374219146941e-20
1252150105.9423828,nan,-6.184980690543526e-20
1252150105.942627,nan,-6.066395101708051e-20
1252150105.942871,nan,-5.916215427640382e-20
1252150105.9431152,nan,-5.89414065172058e-20
1252150105.9433594,nan,-5.833274883172462e-20
1252150105.9436035,nan,-5.694503435964507e-20
1252150105.9438477,nan,-5.52328178560888e-20
1252150105.9440918,nan,-5.515814758371759e-20
1252150105.944336,nan,-5.473044408891188e-20
1252150105.94458,nan,-5.3061660593949326e-20
1252150105.9448242,nan,-5.228969589435783e-20
1252150105.9450684,nan,-5.221819677444395e-20
1252150105.9453125,nan,-5.110329132880007e-20
1252150105.9455566,nan,-4.9007708759000935e-20
1252150105.9458008,nan,-4.825460515570249e-20
1252150105.946045,nan,-4.7997723992767095e-20
1252150105.946289,nan,-4.705848166704454e-20
1252150105.9465332,nan,-4.513584592526332e-20
1252150105.9467773,nan,-4.3874153425932394e-20
1252150105.9470215,nan,-4.4607023268574255e-20
1252150105.9472656,nan,-4.344562742258068e-20
1252150105.9475098,nan,-4.126914908461683e-20
1252150105.947754,nan,-4.052478237020209e-20
1252150105.947998,nan,-3.9944448545914714e-20
1252150105.9482422,nan,-3.8884442437199845e-20
1252150105.9484863,nan,-3.739104675817774e-20
1252150105.9487305,nan,-3.66909740329869e-20
1252150105.9489746,nan,-3.612139345081172e-20
1252150105.9492188,nan,-3.477258371505254e-20
1252150105.949463,nan,-3.3397034790637765e-20
1252150105.949707,nan,-3.2161215028338316e-20
1252150105.9499512,nan,-3.119160863867657e-20
1252150105.9501953,nan,-3.08558043486467e-20
1252150105.9504395,nan,-2.9346908633461396e-20
1252150105.9506836,nan,-2.789312127675818e-20
1252150105.9509277,nan,-2.801364037145111e-20
1252150105.9511719,nan,-2.6805387710084542e-20
1252150105.951416,nan,-2.502778685439428e-20
1252150105.9516602,nan,-2.341086917215535e-20
1252150105.9519043,nan,-2.2971670040215092e-20
1252150105.9521484,nan,-2.2801938530557227e-20
1252150105.9523926,nan,-2.043785411489183e-20
1252150105.9526367,nan,-1.943624433024855e-20
1252150105.9528809,nan,-1.9516119265754393e-20
1252150105.953125,nan,-1.8043883121897186e-20
1252150105.9533691,nan,-1.633529560423281e-20
1252150105.9536133,nan,-1.5850616528961375e-20
1252150105.9538574,nan,-1.5436846547644942e-20
1252150105.9541016,nan,-1.3225842740670535e-20
1252150105.9543457,nan,-1.2377687511774629e-20
1252150105.9545898,nan,-1.2210653688125072e-20
1252150105.954834,nan,-1.0429895559776978e-20
1252150105.9550781,nan,-9.811011574873198e-21
1252150105.9553223,nan,-8.52907288895057e-21
1252150105.9555664,nan,-6.523866614210386e-21
1252150105.9558105,nan,-6.111629687983954e-21
1252150105.9560547,nan,-5.716346336255824e-21
1252150105.9562988,nan,-4.1104727891572e-21
1252150105.956543,nan,-2.512513475314447e-21
1252150105.956787,nan,-2.2144914341529288e-21
1252150105.9570312,nan,-1.1098129649869281e-21
1252150105.9572754,nan,5.571762241071981e-22
1252150105.9575195,nan,1.2401818140224805e-21
1252150105.9577637,nan,2.1616678946042925e-21
1252150105.9580078,nan,2.916460421946609e-21
1252150105.958252,nan,4.591170063297496e-21
1252150105.958496,nan,5.93941795606514e-21
1252150105.9587402,nan,5.9643689199749996e-21
1252150105.9589844,nan,7.263464536076581e-21
1252150105.9592285,nan,9.033298462706024e-21
1252150105.9594727,nan,9.726555828853936e-21
1252150105.9597168,nan,1.0246339283531832e-20
1252150105.959961,nan,1.1711855804115598e-20
1252150105.960205,nan,1.2879078472920829e-20
1252150105.9604492,nan,1.3739166407734717e-20
1252150105.9606934,nan,1.480767695148624e-20
1252150105.9609375,nan,1.5466867870247227e-20
1252150105.9611816,nan,1.675395731375932e-20
1252150105.9614258,nan,1.8129543834002357e-20
1252150105.96167,nan,1.863344441582763e-20
1252150105.961914,nan,1.951542408965191e-20
1252150105.9621582,nan,2.0951066067242915e-20
1252150105.9624023,nan,2.21459354476625e-20
1252150105.9626465,nan,2.2407540537617514e-20
1252150105.9628906,nan,2.2750450296747407e-20
1252150105.9631348,nan,2.4820637472616763e-20
1252150105.963379,nan,2.610066069634102e-20
1252150105.963623,nan,2.591595828899938e-20
1252150105.9638672,nan,2.724091712566022e-20
1252150105.9641113,nan,2.8949269607906357e-20
1252150105.9643555,nan,2.9873884389746596e-20
1252150105.9645996,nan,3.007626733557485e-20
1252150105.9648438,nan,3.043180665108857e-20
1252150105.965088,nan,3.249707449228005e-20
1252150105.965332,nan,3.3853628015665744e-20
1252150105.9655762,nan,3.3568415148528714e-20
1252150105.9658203,nan,3.4654933424307857e-20
1252150105.9660645,nan,3.6497911699613514e-20
1252150105.9663086,nan,3.653526029541485e-20
1252150105.9665527,nan,3.7303261556210867e-20
1252150105.9667969,nan,3.845711018387983e-20
1252150105.967041,nan,3.9196897154498824e-20
1252150105.9672852,nan,4.038018126437581e-20
1252150105.9675293,nan,4.028079723182784e-20
1252150105.9677734,nan,4.1488914249772596e-20
1252150105.9680176,nan,4.275480609471397e-20
1252150105.9682617,nan,4.2969920909670016e-20
1252150105.9685059,nan,4.408099221466774e-20
1252150105.96875,nan,4.4847383462523846e-20
1252150105.9689941,nan,4.571180805926527e-20
1252150105.9692383,nan,4.630876832348642e-20
1252150105.9694824,nan,4.697829401684509e-20
1252150105.9697266,nan,4.7221944768593877e-20
1252150105.9699707,nan,4.8573170794848174e-20
1252150105.9702148,nan,4.99887344955885e-20
1252150105.970459,nan,4.923096589378277e-20
1252150105.9707031,nan,5.049347953643111e-20
1252150105.9709473,nan,5.209751410474589e-20
1252150105.9711914,nan,5.232810570387867e-20
1252150105.9714355,nan,5.2402077537952295e-20
1252150105.9716797,nan,5.2607852517349695e-20
1252150105.9719238,nan,5.418743993251566e-20
1252150105.972168,nan,5.535250894657217e-20
1252150105.972412,nan,5.531031071895598e-20
1252150105.9726562,nan,5.579923307656787e-20
1252150105.9729004,nan,5.66883363054162e-20
1252150105.9731445,nan,5.745418233115116e-20
1252150105.9733887,nan,5.763539853733891e-20
1252150105.9736328,nan,5.810120304964523e-20
1252150105.973877,nan,5.960046411471796e-20
1252150105.974121,nan,5.967646479717278e-20
1252150105.9743652,nan,5.953190997021638e-20
1252150105.9746094,nan,6.068999226048226e-20
1252150105.9748535,nan,6.121749651769468e-20
1252150105.9750977,nan,6.17005698969121e-20
1252150105.9753418,nan,6.220771617617438e-20
1252150105.975586,nan,6.25064367856923e-20
1252150105.97583,nan,6.301121864723966e-20
1252150105.9760742,nan,6.367784431939722e-20
1252150105.9763184,nan,6.413344323148126e-20
1252150105.9765625,nan,6.396405241636378e-20
1252150105.9768066,nan,6.4463377163219e-20
1252150105.9770508,nan,6.548971793523897e-20
1252150105.977295,nan,6.511709443563715e-20
1252150105.977539,nan,6.536830361396172e-20
1252150105.9777832,nan,6.748047412419672e-20
1252150105.9780273,nan,6.690277634486797e-20
1252150105.9782715,nan,6.55952031830736e-20
1252150105.9785156,nan,6.705822161669838e-20
1252150105.9787598,nan,6.782296132001093e-20
1252150105.979004,nan,6.805744271278044e-20
1252150105.979248,nan,6.802019207650281e-20
1252150105.9794922,nan,6.789223295727859e-20
1252150105.9797363,nan,6.927469383544708e-20
1252150105.9799805,nan,6.916907220594597e-20
1252150105.9802246,nan,6.851292411288899e-20
1252150105.9804688,nan,6.89993751340178e-20
1252150105.980713,nan,7.010794110754107e-20
1252150105.980957,nan,7.074626540763223e-20
1252150105.9812012,nan,6.953819124960023e-20
1252150105.9814453,nan,7.016051909518724e-20
1252150105.9816895,nan,7.089793994323089e-20
1252150105.9819336,nan,7.043850173325937e-20
1252150105.9821777,nan,7.011326881501645e-20
1252150105.9824219,nan,6.988193843935002e-20
1252150105.982666,nan,7.153125405369436e-20
1252150105.9829102,nan,7.109918610456119e-20
1252150105.9831543,nan,7.066479182783698e-20
1252150105.9833984,nan,7.152959008007805e-20
1252150105.9836426,nan,7.113892972746412e-20
1252150105.9838867,nan,7.166087360057667e-20
1252150105.9841309,nan,7.142714514309224e-20
1252150105.984375,nan,7.046118514183642e-20
1252150105.9846191,nan,7.123454024896435e-20
1252150105.9848633,nan,7.217462481639653e-20
1252150105.9851074,nan,7.085937527028218e-20
1252150105.9853516,nan,7.08015160710246e-20
1252150105.9855957,nan,7.213921781929596e-20
1252150105.9858398,nan,7.100003227655751e-20
1252150105.986084,nan,7.026527063764923e-20
1252150105.9863281,nan,7.070165590996981e-20
1252150105.9865723,nan,7.064502080946238e-20
1252150105.9868164,nan,7.128148787261018e-20
1252150105.9870605,nan,7.097603317520241e-20
1252150105.9873047,nan,7.041813669147828e-20
1252150105.9875488,nan,7.065160177634795e-20
1252150105.987793,nan,7.023728481939832e-20
1252150105.988037,nan,6.96458688833803e-20
1252150105.9882812,nan,6.902809388344629e-20
1252150105.9885254,nan,6.972240027463859e-20
1252150105.9887695,nan,6.954742367207526e-20
1252150105.9890137,nan,6.841761562295424e-20
1252150105.9892578,nan,6.894426421620396e-20
1252150105.989502,nan,6.888535351902139e-20
1252150105.989746,nan,6.830470189940672e-20
1252150105.9899902,nan,6.770649240505723e-20
1252150105.9902344,nan,6.740426279904386e-20
1252150105.9904785,nan,6.797868853694358e-20
1252150105.9907227,nan,6.750174193973083e-20
1252150105.9909668,nan,6.635239118333289e-20
1252150105.991211,nan,6.652669601768171e-20
1252150105.991455,nan,6.663814144653876e-20
1252150105.9916992,nan,6.556706656993153e-20
1252150105.9919434,nan,6.512102427436692e-20
1252150105.9921875,nan,6.444387454220625e-20
1252150105.9924316,nan,6.41375576146914e-20
1252150105.9926758,nan,6.485328496682185e-20
1252150105.99292,nan,6.297666105680528e-20
1252150105.993164,nan,6.217894695152768e-20
1252150105.9934082,nan,6.327372382223868e-20
1252150105.9936523,nan,6.188097093233006e-20
1252150105.9938965,nan,6.186296977172223e-20
1252150105.9941406,nan,6.131589719827753e-20
1252150105.9943848,nan,5.99485217860784e-20
1252150105.994629,nan,6.038161463714228e-20
1252150105.994873,nan,5.881327863836235e-20
1252150105.9951172,nan,5.853039172060939e-20
1252150105.9953613,nan,5.844110880170014e-20
1252150105.9956055,nan,5.729821072285651e-20
1252150105.9958496,nan,5.683475417369224e-20
1252150105.9960938,nan,5.568378078016149e-20
1252150105.996338,nan,5.653351887018664e-20
1252150105.996582,nan,5.561694143708079e-20
1252150105.9968262,nan,5.377031194773134e-20
1252150105.9970703,nan,5.3956791552681905e-20
1252150105.9973145,nan,5.3184629938207436e-20
1252150105.9975586,nan,5.272534390556554e-20
1252150105.9978027,nan,5.1230663932521854e-20
1252150105.9980469,nan,5.0538135941679193e-20
1252150105.998291,nan,5.0918485530604823e-20
1252150105.9985352,nan,4.9299313626268254e-20
1252150105.9987793,nan,4.8122470146559534e-20
1252150105.9990234,nan,4.799292569251935e-20
1252150105.9992676,nan,4.7431127020163944e-20
1252150105.9995117,nan,4.698395364979384e-20
1252150105.9997559,nan,4.5525927824347714e-20
1252150106.0,nan,4.349220843846665e-20
1252150106.0002441,nan,4.4671140253744374e-20
1252150106.0004883,nan,4.4165683939131274e-20
1252150106.0007324,nan,4.135492044983181e-20
1252150106.0009766,nan,4.158049062616417e-20
1252150106.0012207,nan,4.133193521739668e-20
1252150106.0014648,nan,3.984208856355821e-20
1252150106.001709,nan,3.858384716067093e-20
1252150106.0019531,nan,3.764494313087412e-20
1252150106.0021973,nan,3.7253934431538544e-20
1252150106.0024414,nan,3.633835300648108e-20
1252150106.0026855,nan,3.5376778755061526e-20
1252150106.0029297,nan,3.457252397221261e-20
1252150106.0031738,nan,3.397306186069515e-20
1252150106.003418,nan,3.335000603354546e-20
1252150106.003662,nan,3.1423707421472044e-20
1252150106.0039062,nan,2.991297863497342e-20
1252150106.0041504,nan,3.031914198735676e-20
1252150106.0043945,nan,2.923405068066896e-20
1252150106.0046387,nan,2.7014815684943607e-20
1252150106.0048828,nan,2.6394442285036495e-20
1252150106.005127,nan,2.6125560070057896e-20
1252150106.005371,nan,2.5351573657383783e-20
1252150106.0056152,nan,2.3488889376627246e-20
1252150106.0058594,nan,2.2269752176332535e-20
1252150106.0061035,nan,2.246873211129187e-20
1252150106.0063477,nan,2.1263568046193373e-20
1252150106.0065918,nan,1.9568295717988692e-20
1252150106.006836,nan,1.9182116306387824e-20
1252150106.00708,nan,1.8218402084602257e-20
1252150106.0073242,nan,1.6776196550257533e-20
1252150106.0075684,nan,1.5457838426777138e-20
1252150106.0078125,nan,1.3983898676009908e-20
1252150106.0080566,nan,1.384883032583641e-20
1252150106.0083008,nan,1.2405551371817046e-20
1252150106.008545,nan,1.0524031223186303e-20
1252150106.008789,nan,1.0880244773980541e-20
1252150106.0090332,nan,9.868184035820383e-21
1252150106.0092773,nan,8.634776023735184e-21
1252150106.0095215,nan,6.4504002074012506e-21
1252150106.0097656,nan,4.705691373962387e-21
1252150106.0100098,nan,6.039252901843837e-21
1252150106.010254,nan,3.920652789950819e-21
1252150106.010498,nan,1.4704916733083264e-21
1252150106.0107422,nan,1.5582580239336253e-21
1252150106.0109863,nan,7.952863830494115e-22
1252150106.0112305,nan,-3.754440401339874e-22
1252150106.0114746,nan,-2.728834299703283e-21
1252150106.0117188,nan,-3.5752761946487096e-21
1252150106.011963,nan,-3.1857267690916877e-21
1252150106.012207,nan,-4.478850493118628e-21
1252150106.0124512,nan,-6.443747483468518e-21
1252150106.0126953,nan,-7.37151353522483e-21
1252150106.0129395,nan,-7.765522571114946e-21
1252150106.0131836,nan,-9.636951054228919e-21
1252150106.0134277,nan,-1.1444110967602001e-20
1252150106.0136719,nan,-1.2066526837649232e-20
1252150106.013916,nan,-1.299138229102715e-20
1252150106.0141602,nan,-1.413324730467767e-20
1252150106.0144043,nan,-1.530816389402761e-20
1252150106.0146484,nan,-1.667782795481151e-20
1252150106.0148926,nan,-1.7631252513675903e-20
1252150106.0151367,nan,-1.7887275051895185e-20
1252150106.0153809,nan,-1.9999533844150777e-20
1252150106.015625,nan,-2.2064726005132742e-20
1252150106.0158691,nan,-2.1268383128190243e-20
1252150106.0161133,nan,-2.2807482271265827e-20
1252150106.0163574,nan,-2.5582600410057177e-20
1252150106.0166016,nan,-2.5683029493742493e-20
1252150106.0168457,nan,-2.6334418954347615e-20
1252150106.0170898,nan,-2.7979694392944974e-20
1252150106.017334,nan,-2.946315984369715e-20
1252150106.0175781,nan,-3.067722181075925e-20
1252150106.0178223,nan,-3.0817726537655426e-20
1252150106.0180664,nan,-3.230465300249191e-20
1252150106.0183105,nan,-3.334782571681669e-20
1252150106.0185547,nan,-3.4349818698673136e-20
1252150106.0187988,nan,-3.5655675785209876e-20
1252150106.019043,nan,-3.5630408147282796e-20
1252150106.019287,nan,-3.8605770638493985e-20
1252150106.0195312,nan,-3.9657419933547943e-20
1252150106.0197754,nan,-3.8764635579043505e-20
1252150106.0200195,nan,-4.098465657426436e-20
1252150106.0202637,nan,-4.2698835515104966e-20
1252150106.0205078,nan,-4.3569511991898996e-20
1252150106.020752,nan,-4.397250717328033e-20
1252150106.020996,nan,-4.4402358181280096e-20
1252150106.0212402,nan,-4.653314253222456e-20
1252150106.0214844,nan,-4.786838519003083e-20
1252150106.0217285,nan,-4.811736713444814e-20
1252150106.0219727,nan,-4.925422735975222e-20
1252150106.0222168,nan,-5.0458087743426444e-20
1252150106.022461,nan,-5.1655285692957445e-20
1252150106.022705,nan,-5.1709019722249586e-20
1252150106.0229492,nan,-5.2320490020156195e-20
1252150106.0231934,nan,-5.513595001510102e-20
1252150106.0234375,nan,-5.530899391042236e-20
1252150106.0236816,nan,-5.529759067675942e-20
1252150106.0239258,nan,-5.7262027636375e-20
1252150106.02417,nan,-5.833724787033299e-20
1252150106.024414,nan,-5.887645741245355e-20
1252150106.0246582,nan,-5.895954339019458e-20
1252150106.0249023,nan,-6.02033861101983e-20
1252150106.0251465,nan,-6.207573452623643e-20
1252150106.0253906,nan,-6.278531013846146e-20
1252150106.0256348,nan,-6.265746404627004e-20
1252150106.025879,nan,-6.316805950943262e-20
1252150106.026123,nan,-6.510032773272872e-20
1252150106.0263672,nan,-6.563126000761513e-20
1252150106.0266113,nan,-6.57977949625903e-20
1252150106.0268555,nan,-6.765911308121741e-20
1252150106.0270996,nan,-6.881190402926561e-20
1252150106.0273438,nan,-6.942787445847624e-20
1252150106.027588,nan,-6.945638862239405e-20
1252150106.027832,nan,-7.017402601127035e-20
1252150106.0280762,nan,-7.183316799616033e-20
1252150106.0283203,nan,-7.181364418200123e-20
1252150106.0285645,nan,-7.232641143468576e-20
1252150106.0288086,nan,-7.351448848543343e-20
1252150106.0290527,nan,-7.39213851354084e-20
1252150106.0292969,nan,-7.510618666887803e-20
1252150106.029541,nan,-7.520677095828743e-20
1252150106.0297852,nan,-7.535566799658139e-20
1252150106.0300293,nan,-7.765990576897785e-20
1252150106.0302734,nan,-7.793778234271341e-20
1252150106.0305176,nan,-7.740904263489584e-20
1252150106.0307617,nan,-7.846998907956395e-20
1252150106.0310059,nan,-7.938149929591261e-20
1252150106.03125,nan,-8.036468610657402e-20
1252150106.0314941,nan,-7.977795941824624e-20
1252150106.0317383,nan,-7.98279181291891e-20
1252150106.0319824,nan,-8.153557065847986e-20
1252150106.0322266,nan,-8.198860036229761e-20
1252150106.0324707,nan,-8.213481566014465e-20
1252150106.0327148,nan,-8.224965461850779e-20
1252150106.032959,nan,-8.344330023412593e-20
1252150106.0332031,nan,-8.420055059099334e-20
1252150106.0334473,nan,-8.332649010029477e-20
1252150106.0336914,nan,-8.403287619263336e-20
1252150106.0339355,nan,-8.513862636542609e-20
1252150106.0341797,nan,-8.514639843541931e-20
1252150106.0344238,nan,-8.524166655059085e-20
1252150106.034668,nan,-8.524999717673939e-20
1252150106.034912,nan,-8.641474314515613e-20
1252150106.0351562,nan,-8.678781794458558e-20
1252150106.0354004,nan,-8.61291429727795e-20
1252150106.0356445,nan,-8.664647630486092e-20
1252150106.0358887,nan,-8.678638071424066e-20
1252150106.0361328,nan,-8.756243722408148e-20
1252150106.036377,nan,-8.686093829619489e-20
1252150106.036621,nan,-8.653573649688116e-20
1252150106.0368652,nan,-8.852369623631066e-20
1252150106.0371094,nan,-8.785837152144688e-20
1252150106.0373535,nan,-8.773619827573314e-20
1252150106.0375977,nan,-8.786858922306701e-20
1252150106.0378418,nan,-8.752145957629321e-20
1252150106.038086,nan,-8.86795245466382e-20
1252150106.03833,nan,-8.743383037656559e-20
1252150106.0385742,nan,-8.690633612662249e-20
1252150106.0388184,nan,-8.866011391291553e-20
1252150106.0390625,nan,-8.828559880793681e-20
1252150106.0393066,nan,-8.704815483995121e-20
1252150106.0395508,nan,-8.741589748486951e-20
1252150106.039795,nan,-8.870129857350741e-20
1252150106.040039,nan,-8.795724858766561e-20
1252150106.0402832,nan,-8.635971055790108e-20
1252150106.0405273,nan,-8.728559071072266e-20
1252150106.0407715,nan,-8.77992320211843e-20
1252150106.0410156,nan,-8.660178432007357e-20
1252150106.0412598,nan,-8.610020816891155e-20
1252150106.041504,nan,-8.631117191630984e-20
1252150106.041748,nan,-8.610141902114526e-20
1252150106.0419922,nan,-8.556326957351233e-20
1252150106.0422363,nan,-8.512563081662671e-20
1252150106.0424805,nan,-8.525913632187582e-20
1252150106.0427246,nan,-8.537436431243193e-20
1252150106.0429688,nan,-8.437687490347322e-20
1252150106.043213,nan,-8.333680278738251e-20
1252150106.043457,nan,-8.347983432761249e-20
1252150106.0437012,nan,-8.32100741667366e-20
1252150106.0439453,nan,-8.202253438982306e-20
1252150106.0441895,nan,-8.14604488053127e-20
1252150106.0444336,nan,-8.09158748688129e-20
1252150106.0446777,nan,-8.119645625922818e-20
1252150106.0449219,nan,-8.116211358937184e-20
1252150106.045166,nan,-7.893364172181471e-20
1252150106.0454102,nan,-7.898790909506663e-20
1252150106.0456543,nan,-7.893358852755092e-20
1252150106.0458984,nan,-7.763391040542277e-20
1252150106.0461426,nan,-7.742315373882982e-20
1252150106.0463867,nan,-7.592280274203629e-20
1252150106.0466309,nan,-7.645141816972666e-20
1252150106.046875,nan,-7.592461221316112e-20
1252150106.0471191,nan,-7.374027719275161e-20
1252150106.0473633,nan,-7.363182567447187e-20
1252150106.0476074,nan,-7.303374406061744e-20
1252150106.0478516,nan,-7.223809627936895e-20
1252150106.0480957,nan,-7.099336903007717e-20
1252150106.0483398,nan,-7.008314439251733e-20
1252150106.048584,nan,-6.991632911325111e-20
1252150106.0488281,nan,-6.913980502442073e-20
1252150106.0490723,nan,-6.768634856742402e-20
1252150106.0493164,nan,-6.657032454526913e-20
1252150106.0495605,nan,-6.63175834957011e-20
1252150106.0498047,nan,-6.512126402318241e-20
1252150106.0500488,nan,-6.334981502113942e-20
1252150106.050293,nan,-6.25437052983689e-20
1252150106.050537,nan,-6.242007613971637e-20
1252150106.0507812,nan,-6.065078163560155e-20
1252150106.0510254,nan,-5.925721054229478e-20
1252150106.0512695,nan,-5.883665601772392e-20
1252150106.0515137,nan,-5.736953984933929e-20
1252150106.0517578,nan,-5.672904646699307e-20
1252150106.052002,nan,-5.512761116943116e-20
1252150106.052246,nan,-5.3605836947605e-20
1252150106.0524902,nan,-5.3445901397768246e-20
1252150106.0527344,nan,-5.186204064840798e-20
1252150106.0529785,nan,-4.973398577751155e-20
1252150106.0532227,nan,-4.920545025019096e-20
1252150106.0534668,nan,-4.8508317770261096e-20
1252150106.053711,nan,-4.630646273742483e-20
1252150106.053955,nan,-4.519594289506285e-20
1252150106.0541992,nan,-4.443403535430032e-20
1252150106.0544434,nan,-4.2654615395856374e-20
1252150106.0546875,nan,-4.1919905462102785e-20
1252150106.0549316,nan,-4.074931161613738e-20
1252150106.0551758,nan,-3.8373013999714585e-20
1252150106.05542,nan,-3.75117047737562e-20
1252150106.055664,nan,-3.657843007343867e-20
1252150106.0559082,nan,-3.447009998143044e-20
1252150106.0561523,nan,-3.318659693732874e-20
1252150106.0563965,nan,-3.22690748398913e-20
1252150106.0566406,nan,-3.090318948398676e-20
1252150106.0568848,nan,-2.854592097838299e-20
1252150106.057129,nan,-2.710456973596817e-20
1252150106.057373,nan,-2.687350584794533e-20
1252150106.0576172,nan,-2.4795505978861652e-20
1252150106.0578613,nan,-2.2516270479006417e-20
1252150106.0581055,nan,-2.176219407994916e-20
1252150106.0583496,nan,-2.1180694222437e-20
1252150106.0585938,nan,-1.8939350913337192e-20
1252150106.058838,nan,-1.6613900829082317e-20
1252150106.059082,nan,-1.5900706568786514e-20
1252150106.0593262,nan,-1.4525787325244403e-20
1252150106.0595703,nan,-1.2744069863715828e-20
1252150106.0598145,nan,-1.098101135950407e-20
1252150106.0600586,nan,-9.192988818274613e-21
1252150106.0603027,nan,-8.357046295410845e-21
1252150106.0605469,nan,-6.606718368287469e-21
1252150106.060791,nan,-4.097627196844188e-21
1252150106.0610352,nan,-2.7485328092234722e-21
1252150106.0612793,nan,-1.781012965289954e-21
1252150106.0615234,nan,-3.4044588489674706e-22
1252150106.0617676,nan,1.73613590131754e-21
1252150106.0620117,nan,3.743838746307264e-21
1252150106.0622559,nan,4.7682785333747816e-21
1252150106.0625,nan,6.064433462794864e-21
1252150106.0627441,nan,8.695455691374812e-21
1252150106.0629883,nan,1.0142597960173997e-20
1252150106.0632324,nan,1.0989566425062142e-20
1252150106.0634766,nan,1.289102629793559e-20
1252150106.0637207,nan,1.5013693411565093e-20
1252150106.0639648,nan,1.7501907526401142e-20
1252150106.064209,nan,1.7856060216682197e-20
1252150106.0644531,nan,1.9273036591008193e-20
1252150106.0646973,nan,2.2070667899723706e-20
1252150106.0649414,nan,2.2987733426045622e-20
1252150106.0651855,nan,2.5155691859570287e-20
1252150106.0654297,nan,2.6498032145581e-20
1252150106.0656738,nan,2.836924322478612e-20
1252150106.065918,nan,3.0179469735550563e-20
1252150106.066162,nan,3.08605263092067e-20
1252150106.0664062,nan,3.3657272183331144e-20
1252150106.0666504,nan,3.524849912684613e-20
1252150106.0668945,nan,3.7050074496858066e-20
1252150106.0671387,nan,3.8232524174976333e-20
1252150106.0673828,nan,3.895139250322682e-20
1252150106.067627,nan,4.222748842863731e-20
1252150106.067871,nan,4.332779356627614e-20
1252150106.0681152,nan,4.4280111990385045e-20
1252150106.0683594,nan,4.655422744819057e-20
1252150106.0686035,nan,4.8603797390917326e-20
1252150106.0688477,nan,5.043459012595046e-20
1252150106.0690918,nan,5.0535448009905585e-20
1252150106.069336,nan,5.306273718723359e-20
1252150106.06958,nan,5.581010616223253e-20
1252150106.0698242,nan,5.598879197324631e-20
1252150106.0700684,nan,5.764919110388852e-20
1252150106.0703125,nan,5.9718574463733e-20
1252150106.0705566,nan,6.199519485952768e-20
1252150106.0708008,nan,6.32332782186588e-20
1252150106.071045,nan,6.40373551791017e-20
1252150106.071289,nan,6.630311251715931e-20
1252150106.0715332,nan,6.732241365555845e-20
1252150106.0717773,nan,6.926241393567627e-20
1252150106.0720215,nan,7.085743110038762e-20
1252150106.0722656,nan,7.175386693963534e-20
1252150106.0725098,nan,7.426020444289287e-20
1252150106.072754,nan,7.552455433759023e-20
1252150106.072998,nan,7.682391598950762e-20
1252150106.0732422,nan,7.839068112997124e-20
1252150106.0734863,nan,8.007303521000309e-20
1252150106.0737305,nan,8.106978088499605e-20
1252150106.0739746,nan,8.190632748450228e-20
1252150106.0742188,nan,8.445712381600235e-20
1252150106.074463,nan,8.533603646083762e-20
1252150106.074707,nan,8.693899187961137e-20
1252150106.0749512,nan,8.844912928158754e-20
1252150106.0751953,nan,8.883006412203741e-20
1252150106.0754395,nan,9.128797731197531e-20
1252150106.0756836,nan,9.25326178523193e-20
1252150106.0759277,nan,9.326362174293989e-20
1252150106.0761719,nan,9.466103146132738e-20
1252150106.076416,nan,9.659613825880926e-20
1252150106.0766602,nan,9.816442136346856e-20
1252150106.0769043,nan,9.814924791364669e-20
1252150106.0771484,nan,9.933981564375914e-20
1252150106.0773926,nan,1.0124434247286274e-19
1252150106.0776367,nan,1.0252878637592411e-19
1252150106.0778809,nan,1.0299756648813354e-19
1252150106.078125,nan,1.0381435478485727e-19
1252150106.0783691,nan,1.0586103146051926e-19
1252150106.0786133,nan,1.0668951102379713e-19
1252150106.0788574,nan,1.0734429554761608e-19
1252150106.0791016,nan,1.0869539314784442e-19
1252150106.0793457,nan,1.0980412901450113e-19
1252150106.0795898,nan,1.1088983889032304e-19
1252150106.079834,nan,1.1113039794066266e-19
1252150106.0800781,nan,1.125747931674916e-19
1252150106.0803223,nan,1.1441351293912912e-19
1252150106.0805664,nan,1.1409014586058986e-19
1252150106.0808105,nan,1.1485546008341303e-19
1252150106.0810547,nan,1.1685755606436131e-19
1252150106.0812988,nan,1.1721974878510613e-19
1252150106.081543,nan,1.1786236152721585e-19
1252150106.081787,nan,1.1839579279988067e-19
1252150106.0820312,nan,1.1883562654228902e-19
1252150106.0822754,nan,1.2100221172320935e-19
1252150106.0825195,nan,1.2138970325296426e-19
1252150106.0827637,nan,1.21007145558051e-19
1252150106.0830078,nan,1.2226730141408013e-19
1252150106.083252,nan,1.2325239206450878e-19
1252150106.083496,nan,1.2360155801158954e-19
1252150106.0837402,nan,1.2356792094894393e-19
1252150106.0839844,nan,1.2495524166331013e-19
1252150106.0842285,nan,1.256926475683086e-19
1252150106.0844727,nan,1.2525691398569721e-19
1252150106.0847168,nan,1.2565141466603488e-19
1252150106.084961,nan,1.2624387783841546e-19
1252150106.085205,nan,1.2755816452847612e-19
1252150106.0854492,nan,1.273961942970377e-19
1252150106.0856934,nan,1.2717022744122592e-19
1252150106.0859375,nan,1.2795988469200886e-19
1252150106.0861816,nan,1.2844897393642633e-19
1252150106.0864258,nan,1.291730438949811e-19
1252150106.08667,nan,1.2789980945706403e-19
1252150106.086914,nan,1.2822555903433792e-19
1252150106.0871582,nan,1.2992558243305955e-19
1252150106.0874023,nan,1.2918677937980166e-19
1252150106.0876465,nan,1.288937379512036e-19
1252150106.0878906,nan,1.2898762156410515e-19
1252150106.0881348,nan,1.3002565622643264e-19
1252150106.088379,nan,1.2964425635737872e-19
1252150106.088623,nan,1.2892690717221567e-19
1252150106.0888672,nan,1.2974119737888934e-19
1252150106.0891113,nan,1.2938588551634986e-19
1252150106.0893555,nan,1.29709183132261e-19
1252150106.0895996,nan,1.2876613365930352e-19
1252150106.0898438,nan,1.284296597864265e-19
1252150106.090088,nan,1.2946036788343052e-19
1252150106.090332,nan,1.2843368670088323e-19
1252150106.0905762,nan,1.2763514180898843e-19
1252150106.0908203,nan,1.2737324177533377e-19
1252150106.0910645,nan,1.285152567364286e-19
1252150106.0913086,nan,1.2826422145325902e-19
1252150106.0915527,nan,1.257919620531165e-19
1252150106.0917969,nan,1.2631870262778112e-19
1252150106.092041,nan,1.26619991946606e-19
1252150106.0922852,nan,1.2532105830711766e-19
1252150106.0925293,nan,1.2479081158193102e-19
1252150106.0927734,nan,1.241725835762844e-19
1252150106.0930176,nan,1.2432921387066503e-19
1252150106.0932617,nan,1.2344334646676284e-19
1252150106.0935059,nan,1.2166684621824308e-19
1252150106.09375,nan,1.217459302425956e-19
1252150106.0939941,nan,1.2167169169914463e-19
1252150106.0942383,nan,1.2067173749275978e-19
1252150106.0944824,nan,1.1917655875506268e-19
1252150106.0947266,nan,1.1885547404079806e-19
1252150106.0949707,nan,1.191655079244233e-19
1252150106.0952148,nan,1.1712568934409842e-19
1252150106.095459,nan,1.1549594909279274e-19
1252150106.0957031,nan,1.1540061459364607e-19
1252150106.0959473,nan,1.1499725623738202e-19
1252150106.0961914,nan,1.1414322234419728e-19
1252150106.0964355,nan,1.1249076482693935e-19
1252150106.0966797,nan,1.1135404067642732e-19
1252150106.0969238,nan,1.1122937350213566e-19
1252150106.097168,nan,1.1005480847035415e-19
1252150106.097412,nan,1.0773579324906677e-19
1252150106.0976562,nan,1.0749599174339473e-19
1252150106.0979004,nan,1.0742746251726797e-19
1252150106.0981445,nan,1.0480341382783814e-19
1252150106.0983887,nan,1.0362183974534162e-19
1252150106.0986328,nan,1.028138813007731e-19
1252150106.098877,nan,1.0147065010448312e-19
1252150106.099121,nan,1.0047652589738975e-19
1252150106.0993652,nan,9.828210124212686e-20
1252150106.0996094,nan,9.76338092746814e-20
1252150106.0998535,nan,9.689403662886014e-20
1252150106.1000977,nan,9.453362471994492e-20
1252150106.1003418,nan,9.304948381926807e-20
1252150106.100586,nan,9.199877584866702e-20
1252150106.10083,nan,9.080134594661048e-20
1252150106.1010742,nan,8.941937168859164e-20
1252150106.1013184,nan,8.755567780944449e-20
1252150106.1015625,nan,8.546763331560712e-20
1252150106.1018066,nan,8.491413721416249e-20
1252150106.1020508,nan,8.335992419961849e-20
1252150106.102295,nan,8.081205622760928e-20
1252150106.102539,nan,7.972837457811245e-20
1252150106.1027832,nan,7.88621505770188e-20
1252150106.1030273,nan,7.700361139162475e-20
1252150106.1032715,nan,7.436842869418131e-20
1252150106.1035156,nan,7.337426043493716e-20
1252150106.1037598,nan,7.162348172854867e-20
1252150106.104004,nan,6.935399821950574e-20
1252150106.104248,nan,6.803364794512492e-20
1252150106.1044922,nan,6.622412988588595e-20
1252150106.1047363,nan,6.534645664498454e-20
1252150106.1049805,nan,6.321688535638003e-20
1252150106.1052246,nan,6.049303794476174e-20
1252150106.1054688,nan,5.879747906301572e-20
1252150106.105713,nan,5.74011645666237e-20
1252150106.105957,nan,5.560194818935457e-20
1252150106.1062012,nan,5.2811780234588414e-20
1252150106.1064453,nan,5.125942287123865e-20
1252150106.1066895,nan,4.957656787421202e-20
1252150106.1069336,nan,4.769673816079405e-20
1252150106.1071777,nan,4.5645910404081606e-20
1252150106.1074219,nan,4.379922447170029e-20
1252150106.107666,nan,4.256737370170343e-20
1252150106.1079102,nan,3.954160699514986e-20
1252150106.1081543,nan,3.7150409017768313e-20
1252150106.1083984,nan,3.5649112430264526e-20
1252150106.1086426,nan,3.435944822843328e-20
1252150106.1088867,nan,3.2074351271739254e-20
1252150106.1091309,nan,2.887646566529467e-20
1252150106.109375,nan,2.7999229657548686e-20
1252150106.1096191,nan,2.611625919910216e-20
1252150106.1098633,nan,2.3018243950891202e-20
1252150106.1101074,nan,2.0874539991763537e-20
1252150106.1103516,nan,1.9184008318536008e-20
1252150106.1105957,nan,1.7936405929353905e-20
1252150106.1108398,nan,1.5127146953306464e-20
1252150106.111084,nan,1.2092170710359894e-20
1252150106.1113281,nan,1.0388655294286736e-20
1252150106.1115723,nan,9.332459733951127e-21
1252150106.1118164,nan,6.7382412334901895e-21
1252150106.1120605,nan,3.3505787229433304e-21
1252150106.1123047,nan,1.86069634914073e-21
1252150106.1125488,nan,2.505138086738299e-22
1252150106.112793,nan,-2.150022510552452e-21
1252150106.113037,nan,-4.92878724148537e-21
1252150106.1132812,nan,-7.115789424299432e-21
1252150106.1135254,nan,-8.386756544734922e-21
1252150106.1137695,nan,-1.0666678076997815e-20
1252150106.1140137,nan,-1.3301839985924847e-20
1252150106.1142578,nan,-1.576836322935761e-20
1252150106.114502,nan,-1.729959799542888e-20
1252150106.114746,nan,-1.9153297455114638e-20
1252150106.1149902,nan,-2.2502389426756136e-20
1252150106.1152344,nan,-2.4740727687815006e-20
1252150106.1154785,nan,-2.6139595700903955e-20
1252150106.1157227,nan,-2.800836973055273e-20
1252150106.1159668,nan,-3.120973309317135e-20
1252150106.116211,nan,-3.3275222772867005e-20
1252150106.116455,nan,-3.4468556070749307e-20
1252150106.1166992,nan,-3.7465639209799214e-20
1252150106.1169434,nan,-3.927437233991643e-20
1252150106.1171875,nan,-4.143629799978059e-20
1252150106.1174316,nan,-4.4218127497647145e-20
1252150106.1176758,nan,-4.555077866075819e-20
1252150106.11792,nan,-4.871854935513772e-20
1252150106.118164,nan,-5.080484118892059e-20
1252150106.1184082,nan,-5.1251017958897116e-20
1252150106.1186523,nan,-5.441405719793024e-20
1252150106.1188965,nan,-5.753937003723894e-20
1252150106.1191406,nan,-5.858470436802341e-20
1252150106.1193848,nan,-6.006625807190022e-20
1252150106.119629,nan,-6.304945926311989e-20
1252150106.119873,nan,-6.56134646925559e-20
1252150106.1201172,nan,-6.731713227928253e-20
1252150106.1203613,nan,-6.868048538188335e-20
1252150106.1206055,nan,-7.074765139196305e-20
1252150106.1208496,nan,-7.373715782100359e-20
1252150106.1210938,nan,-7.487832894272291e-20
1252150106.121338,nan,-7.657434908741912e-20
1252150106.121582,nan,-7.930052287040678e-20
1252150106.1218262,nan,-8.112980897481602e-20
1252150106.1220703,nan,-8.389434867546943e-20
1252150106.1223145,nan,-8.460020181632339e-20
1252150106.1225586,nan,-8.595967039628492e-20
1252150106.1228027,nan,-9.006580189963403e-20
1252150106.1230469,nan,-9.084478501838811e-20
1252150106.123291,nan,-9.18547309853116e-20
1252150106.1235352,nan,-9.466591713998799e-20
1252150106.1237793,nan,-9.64861299573638e-20
1252150106.1240234,nan,-9.859663095949584e-20
1252150106.1242676,nan,-9.94789947547281e-20
1252150106.1245117,nan,-1.0127683244662948e-19
1252150106.1247559,nan,-1.0373832968774636e-19
1252150106.125,nan,-1.0486052066876613e-19
1252150106.1252441,nan,-1.0702868959483232e-19
1252150106.1254883,nan,-1.087011759534862e-19
1252150106.1257324,nan,-1.1047052017953962e-19
1252150106.1259766,nan,-1.128262726212399e-19
1252150106.1262207,nan,-1.1331622676396274e-19
1252150106.1264648,nan,-1.1510104686832893e-19
1252150106.126709,nan,-1.1767051431056264e-19
1252150106.1269531,nan,-1.1808789178098987e-19
1252150106.1271973,nan,-1.194089371359709e-19
1252150106.1274414,nan,-1.2198891003623698e-19
1252150106.1276855,nan,-1.2334269140685983e-19
1252150106.1279297,nan,-1.2460547437315578e-19
1252150106.1281738,nan,-1.260814041179422e-19
1252150106.128418,nan,-1.268767373245062e-19
1252150106.128662,nan,-1.2931045835435982e-19
1252150106.1289062,nan,-1.310454265958388e-19
1252150106.1291504,nan,-1.309651304658974e-19
1252150106.1293945,nan,-1.3309763786154832e-19
1252150106.1296387,nan,-1.3521426709999654e-19
1252150106.1298828,nan,-1.3554776686077165e-19
1252150106.130127,nan,-1.3630395545671158e-19
1252150106.130371,nan,-1.3790711631781293e-19
1252150106.1306152,nan,-1.3947176163173065e-19
1252150106.1308594,nan,-1.4073910799621652e-19
1252150106.1311035,nan,-1.4152701377226452e-19
1252150106.1313477,nan,-1.4276780888023086e-19
1252150106.1315918,nan,-1.442462172587806e-19
1252150106.131836,nan,-1.447314895710908e-19
1252150106.13208,nan,-1.460305684582283e-19
1252150106.1323242,nan,-1.4667796220798725e-19
1252150106.1325684,nan,-1.477556735025152e-19
1252150106.1328125,nan,-1.4966273327352104e-19
1252150106.1330566,nan,-1.4888147639613166e-19
1252150106.1333008,nan,-1.5013629478246727e-19
1252150106.133545,nan,-1.5216140659224763e-19
1252150106.133789,nan,-1.5224431484275943e-19
1252150106.1340332,nan,-1.5298241356138199e-19
1252150106.1342773,nan,-1.536350805050536e-19
1252150106.1345215,nan,-1.5513224312562285e-19
1252150106.1347656,nan,-1.5542112094464991e-19
1252150106.1350098,nan,-1.5501629204678772e-19
1252150106.135254,nan,-1.5676065891492458e-19
1252150106.135498,nan,-1.5766618500294437e-19
1252150106.1357422,nan,-1.5819707810988847e-19
1252150106.1359863,nan,-1.5807867334558626e-19
1252150106.1362305,nan,-1.5842045606113915e-19
1252150106.1364746,nan,-1.601480055604146e-19
1252150106.1367188,nan,-1.5952230991192247e-19
1252150106.136963,nan,-1.5950229006852978e-19
1252150106.137207,nan,-1.5998660425151468e-19
1252150106.1374512,nan,-1.6097210520126362e-19
1252150106.1376953,nan,-1.6196595609905224e-19
1252150106.1379395,nan,-1.608147862584966e-19
1252150106.1381836,nan,-1.6164348811481887e-19
1252150106.1384277,nan,-1.625259915351706e-19
1252150106.1386719,nan,-1.6177698974855204e-19
1252150106.138916,nan,-1.6150506345691418e-19
1252150106.1391602,nan,-1.6205264026005168e-19
1252150106.1394043,nan,-1.6249103714993029e-19
1252150106.1396484,nan,-1.623665295473021e-19
1252150106.1398926,nan,-1.6220248417703562e-19
1252150106.1401367,nan,-1.6200552528608286e-19
1252150106.1403809,nan,-1.628536816159486e-19
1252150106.140625,nan,-1.6244143003542404e-19
1252150106.1408691,nan,-1.6145730698582672e-19
1252150106.1411133,nan,-1.6236202533738387e-19
1252150106.1413574,nan,-1.61964833296654e-19
1252150106.1416016,nan,-1.6124295911885084e-19
1252150106.1418457,nan,-1.6142719668827716e-19
1252150106.1420898,nan,-1.6096545207231357e-19
1252150106.142334,nan,-1.6103478734310674e-19
1252150106.1425781,nan,-1.5983392964218294e-19
1252150106.1428223,nan,-1.5863371465027213e-19
1252150106.1430664,nan,-1.5957639342329423e-19
1252150106.1433105,nan,-1.591871196745967e-19
1252150106.1435547,nan,-1.5851395745069476e-19
1252150106.1437988,nan,-1.5766351819848104e-19
1252150106.144043,nan,-1.5709648693166056e-19
1252150106.144287,nan,-1.5710920684389568e-19
1252150106.1445312,nan,-1.557531715424572e-19
1252150106.1447754,nan,-1.5526080990841806e-19
1252150106.1450195,nan,-1.5458381878525758e-19
1252150106.1452637,nan,-1.5416504084981408e-19
1252150106.1455078,nan,-1.5379897834323164e-19
1252150106.145752,nan,-1.514196106275792e-19
1252150106.145996,nan,-1.5114830144560414e-19
1252150106.1462402,nan,-1.5157239096001084e-19
1252150106.1464844,nan,-1.4968914301212653e-19
1252150106.1467285,nan,-1.4839085998656247e-19
1252150106.1469727,nan,-1.484725853531888e-19
1252150106.1472168,nan,-1.4693077565992623e-19
1252150106.147461,nan,-1.45571392532804e-19
1252150106.147705,nan,-1.4551840863466097e-19
1252150106.1479492,nan,-1.4358357967213431e-19
1252150106.1481934,nan,-1.4271869325452356e-19
1252150106.1484375,nan,-1.4160736428233707e-19
1252150106.1486816,nan,-1.3998775589840597e-19
1252150106.1489258,nan,-1.3966709843052943e-19
1252150106.14917,nan,-1.3796758043288513e-19
1252150106.149414,nan,-1.3686172302506208e-19
1252150106.1496582,nan,-1.3548877968705771e-19
1252150106.1499023,nan,-1.3382875956648335e-19
1252150106.1501465,nan,-1.332630941308194e-19
1252150106.1503906,nan,-1.3110990414511445e-19
1252150106.1506348,nan,-1.2983451003120473e-19
1252150106.150879,nan,-1.2883114096987753e-19
1252150106.151123,nan,-1.2699927223218295e-19
1252150106.1513672,nan,-1.2616111814775004e-19
1252150106.1516113,nan,-1.240017889067326e-19
1252150106.1518555,nan,-1.2232465330457234e-19
1252150106.1520996,nan,-1.2163266143094172e-19
1252150106.1523438,nan,-1.1971669334197609e-19
1252150106.152588,nan,-1.1720440852808338e-19
1252150106.152832,nan,-1.159036709456397e-19
1252150106.1530762,nan,-1.1527075327292003e-19
1252150106.1533203,nan,-1.1297673989678532e-19
1252150106.1535645,nan,-1.1089566632882683e-19
1252150106.1538086,nan,-1.0928707477564412e-19
1252150106.1540527,nan,-1.076164502764432e-19
1252150106.1542969,nan,-1.0598213743250389e-19
1252150106.154541,nan,-1.0370199434657087e-19
1252150106.1547852,nan,-1.0259091407535118e-19
1252150106.1550293,nan,-1.011512651843593e-19
1252150106.1552734,nan,-9.807359568430103e-20
1252150106.1555176,nan,-9.64512749194913e-20
1252150106.1557617,nan,-9.536284998324861e-20
1252150106.1560059,nan,-9.28170373120354e-20
1252150106.15625,nan,-9.05249578335691e-20
1252150106.1564941,nan,-8.85692289356503e-20
1252150106.1567383,nan,-8.75176400468044e-20
1252150106.1569824,nan,-8.546758971381983e-20
1252150106.1572266,nan,-8.271037637539327e-20
1252150106.1574707,nan,-8.103595192350606e-20
1252150106.1577148,nan,-7.853705220723562e-20
1252150106.157959,nan,-7.684343358903138e-20
1252150106.1582031,nan,-7.443936661250579e-20
1252150106.1584473,nan,-7.170646668122766e-20
1252150106.1586914,nan,-7.09602107341907e-20
1252150106.1589355,nan,-6.868970307600954e-20
1252150106.1591797,nan,-6.596579942544938e-20
1252150106.1594238,nan,-6.381347100263382e-20
1252150106.159668,nan,-6.154340799413947e-20
1252150106.159912,nan,-6.001498547593707e-20
1252150106.1601562,nan,-5.759134356591208e-20
1252150106.1604004,nan,-5.482254393588664e-20
1252150106.1606445,nan,-5.308057960450102e-20
1252150106.1608887,nan,-5.163837006008733e-20
1252150106.1611328,nan,-4.840129638292251e-20
1252150106.161377,nan,-4.5354626339001145e-20
1252150106.161621,nan,-4.4587289272639655e-20
1252150106.1618652,nan,-4.1856537278108245e-20
1252150106.1621094,nan,-3.849440025718833e-20
1252150106.1623535,nan,-3.691572859425171e-20
1252150106.1625977,nan,-3.481885611459127e-20
1252150106.1628418,nan,-3.299186386621598e-20
1252150106.163086,nan,-3.066450252085357e-20
1252150106.16333,nan,-2.809174487350473e-20
1252150106.1635742,nan,-2.6059051592414348e-20
1252150106.1638184,nan,-2.3270623491847313e-20
1252150106.1640625,nan,-2.102282468095579e-20
1252150106.1643066,nan,-1.8480844800154212e-20
1252150106.1645508,nan,-1.6264309287372673e-20
1252150106.164795,nan,-1.4762605019371384e-20
1252150106.165039,nan,-1.1669068248531986e-20
1252150106.1652832,nan,-8.405796368453259e-21
1252150106.1655273,nan,-6.711693528051354e-21
1252150106.1657715,nan,-5.269516705581859e-21
1252150106.1660156,nan,-2.022540982587725e-21
1252150106.1662598,nan,5.96163033558519e-22
1252150106.166504,nan,1.7915406866800385e-21
1252150106.166748,nan,4.1376803996155934e-21
1252150106.1669922,nan,6.788113979680531e-21
1252150106.1672363,nan,1.0047843991987194e-20
1252150106.1674805,nan,1.2013859390258612e-20
1252150106.1677246,nan,1.343674415662951e-20
1252150106.1679688,nan,1.7449535039430977e-20
1252150106.168213,nan,1.9417284128875785e-20
1252150106.168457,nan,2.0773376652377327e-20
1252150106.1687012,nan,2.3529540497478967e-20
1252150106.1689453,nan,2.5309226881902124e-20
1252150106.1691895,nan,2.8144246056592576e-20
1252150106.1694336,nan,3.041463833446031e-20
1252150106.1696777,nan,3.2169262386848435e-20
1252150106.1699219,nan,3.5461378072274213e-20
1252150106.170166,nan,3.778085212843059e-20
1252150106.1704102,nan,3.933164221244767e-20
1252150106.1706543,nan,4.157395353419101e-20
1252150106.1708984,nan,4.406465430108167e-20
1252150106.1711426,nan,4.7059070561157055e-20
1252150106.1713867,nan,4.8865559798637324e-20
1252150106.1716309,nan,5.0561741554804583e-20
1252150106.171875,nan,5.3741615183614565e-20
1252150106.1721191,nan,5.592034575679185e-20
1252150106.1723633,nan,5.754550945084831e-20
1252150106.1726074,nan,5.92490394783695e-20
1252150106.1728516,nan,6.215847432595491e-20
1252150106.1730957,nan,6.490500065047161e-20
1252150106.1733398,nan,6.574460584865197e-20
1252150106.173584,nan,6.842942431875083e-20
1252150106.1738281,nan,7.135050774407904e-20
1252150106.1740723,nan,7.319087530302812e-20
1252150106.1743164,nan,7.51861510298551e-20
1252150106.1745605,nan,7.629353595172372e-20
1252150106.1748047,nan,7.926609562092609e-20
1252150106.1750488,nan,8.196550835962387e-20
1252150106.175293,nan,8.330561217788064e-20
1252150106.175537,nan,8.547602018386713e-20
1252150106.1757812,nan,8.709753319454767e-20
1252150106.1760254,nan,8.993763892040197e-20
1252150106.1762695,nan,9.155132598556649e-20
1252150106.1765137,nan,9.217013484378289e-20
1252150106.1767578,nan,9.507577474582923e-20
1252150106.177002,nan,9.766550761747661e-20
1252150106.177246,nan,9.917907491336356e-20
1252150106.1774902,nan,1.0041630238205246e-19
1252150106.1777344,nan,1.0295535589524865e-19
1252150106.1779785,nan,1.0533239402348135e-19
1252150106.1782227,nan,1.0589043905231737e-19
1252150106.1784668,nan,1.0736047146595058e-19
1252150106.178711,nan,1.1000338315012964e-19
1252150106.178955,nan,1.1238613099990438e-19
1252150106.1791992,nan,1.1338645844997966e-19
1252150106.1794434,nan,1.14355186973308e-19
1252150106.1796875,nan,1.1710761864981926e-19
1252150106.1799316,nan,1.194261488760946e-19
1252150106.1801758,nan,1.1986670665267247e-19
1252150106.18042,nan,1.211944161419895e-19
1252150106.180664,nan,1.2367166964073753e-19
1252150106.1809082,nan,1.2540510811353917e-19
1252150106.1811523,nan,1.2662846801768753e-19
1252150106.1813965,nan,1.2756266599933296e-19
1252150106.1816406,nan,1.2988003621627284e-19
1252150106.1818848,nan,1.3157964267358112e-19
1252150106.182129,nan,1.3225614046221854e-19
1252150106.182373,nan,1.3338712539851318e-19
1252150106.1826172,nan,1.3460025193770846e-19
1252150106.1828613,nan,1.3735173747074916e-19
1252150106.1831055,nan,1.3836081965661273e-19
1252150106.1833496,nan,1.3874010219131742e-19
1252150106.1835938,nan,1.4132606141050637e-19
1252150106.183838,nan,1.4241654743439222e-19
1252150106.184082,nan,1.4321495227046438e-19
1252150106.1843262,nan,1.439286354653342e-19
1252150106.1845703,nan,1.4478235290058543e-19
1252150106.1848145,nan,1.473233141682665e-19
1252150106.1850586,nan,1.480211248761644e-19
1252150106.1853027,nan,1.4847807261870787e-19
1252150106.1855469,nan,1.504179615830164e-19
1252150106.185791,nan,1.515526091609692e-19
1252150106.1860352,nan,1.5152875487849853e-19
1252150106.1862793,nan,1.5197708114051105e-19
1252150106.1865234,nan,1.5428324011992415e-19
1252150106.1867676,nan,1.5554178678629642e-19
1252150106.1870117,nan,1.5542871012731425e-19
1252150106.1872559,nan,1.5604048761412697e-19
1252150106.1875,nan,1.5765776334815373e-19
1252150106.1877441,nan,1.5893987260814782e-19
1252150106.1879883,nan,1.5845870723742295e-19
1252150106.1882324,nan,1.5895110478506173e-19
1252150106.1884766,nan,1.6052520902106327e-19
1252150106.1887207,nan,1.6145877591332732e-19
1252150106.1889648,nan,1.6146619804362319e-19
1252150106.189209,nan,1.6206783017259156e-19
1252150106.1894531,nan,1.6334566744485593e-19
1252150106.1896973,nan,1.6328376618449814e-19
1252150106.1899414,nan,1.6378201449273687e-19
1252150106.1901855,nan,1.644179352012689e-19
1252150106.1904297,nan,1.6460957458134145e-19
1252150106.1906738,nan,1.6582134001840069e-19
1252150106.190918,nan,1.6586272845719009e-19
1252150106.191162,nan,1.654402900131555e-19
1252150106.1914062,nan,1.6639666302515442e-19
1252150106.1916504,nan,1.669800957845385e-19
1252150106.1918945,nan,1.6703233745301177e-19
1252150106.1921387,nan,1.6655869007962684e-19
1252150106.1923828,nan,1.6667570188828273e-19
1252150106.192627,nan,1.6815631207475298e-19
1252150106.192871,nan,1.675323119464061e-19
1252150106.1931152,nan,1.6651055959584217e-19
1252150106.1933594,nan,1.679525119010326e-19
1252150106.1936035,nan,1.6852821930542845e-19
1252150106.1938477,nan,1.6747767219955585e-19
1252150106.1940918,nan,1.669280078531255e-19
1252150106.194336,nan,1.6788654256253235e-19
1252150106.19458,nan,1.6841020542501387e-19
1252150106.1948242,nan,1.6734464153553977e-19
1252150106.1950684,nan,1.6695722958933193e-19
1252150106.1953125,nan,1.6745317892995118e-19
1252150106.1955566,nan,1.6760248387527257e-19
1252150106.1958008,nan,1.6645044752141646e-19
1252150106.196045,nan,1.6553609297955643e-19
1252150106.196289,nan,1.6638717186023564e-19
1252150106.1965332,nan,1.6628673475264848e-19
1252150106.1967773,nan,1.6508751279114508e-19
1252150106.1970215,nan,1.6452734365325946e-19
1252150106.1972656,nan,1.6470852453255858e-19
1252150106.1975098,nan,1.6468611555639594e-19
1252150106.197754,nan,1.6353706275748838e-19
1252150106.197998,nan,1.625961519904477e-19
1252150106.1982422,nan,1.6258999771971536e-19
1252150106.1984863,nan,1.620394419756704e-19
1252150106.1987305,nan,1.6144623643924161e-19
1252150106.1989746,nan,1.60813049688879e-19
1252150106.1992188,nan,1.6009280564694134e-19
1252150106.199463,nan,1.6033299160288518e-19
1252150106.199707,nan,1.5886687081224194e-19
1252150106.1999512,nan,1.5698527573113597e-19
1252150106.2001953,nan,1.5690824904586284e-19
1252150106.2004395,nan,1.5634126271907906e-19
1252150106.2006836,nan,1.5546983895802105e-19
1252150106.2009277,nan,1.5424693220930442e-19
1252150106.2011719,nan,1.538218993967892e-19
1252150106.201416,nan,1.5371172123390118e-19
1252150106.2016602,nan,1.5173901514603196e-19
1252150106.2019043,nan,1.5050085528441855e-19
1252150106.2021484,nan,1.4965279864350067e-19
1252150106.2023926,nan,1.4888701550102232e-19
1252150106.2026367,nan,1.4836855339050397e-19
1252150106.2028809,nan,1.4630385139092343e-19
1252150106.203125,nan,1.4584628937269143e-19
1252150106.2033691,nan,1.4597740327094642e-19
1252150106.2036133,nan,1.433697952249018e-19
1252150106.2038574,nan,1.4129972990383086e-19
1252150106.2041016,nan,1.4127430982135529e-19
1252150106.2043457,nan,1.4061542696988652e-19
1252150106.2045898,nan,1.381280815277354e-19
1252150106.204834,nan,1.3674141212026863e-19
1252150106.2050781,nan,1.3684424961168556e-19
1252150106.2053223,nan,1.3564615361582579e-19
1252150106.2055664,nan,1.3314541982243762e-19
1252150106.2058105,nan,1.3133807073655514e-19
1252150106.2060547,nan,1.3071806366391542e-19
1252150106.2062988,nan,1.2966811029020313e-19
1252150106.206543,nan,1.2827039236712808e-19
1252150106.206787,nan,1.2659229560076757e-19
1252150106.2070312,nan,1.253635148839459e-19
1252150106.2072754,nan,1.2439549461411904e-19
1252150106.2075195,nan,1.2196947484599377e-19
1252150106.2077637,nan,1.2017487539307398e-19
1252150106.2080078,nan,1.1917089179686233e-19
1252150106.208252,nan,1.177747866842614e-19
1252150106.208496,nan,1.1630865650372868e-19
1252150106.2087402,nan,1.142247275622054e-19
1252150106.2089844,nan,1.1270829892357131e-19
1252150106.2092285,nan,1.11385891364968e-19
1252150106.2094727,nan,1.09486379837656e-19
1252150106.2097168,nan,1.0775766214482669e-19
1252150106.209961,nan,1.058008229557074e-19
1252150106.210205,nan,1.04475244907364e-19
1252150106.2104492,nan,1.0288866312536003e-19
1252150106.2106934,nan,1.0048713866051567e-19
1252150106.2109375,nan,9.924521677032604e-20
1252150106.2111816,nan,9.814858166486787e-20
1252150106.2114258,nan,9.586632516223739e-20
1252150106.21167,nan,9.327572760948097e-20
1252150106.211914,nan,9.206784575549563e-20
1252150106.2121582,nan,9.101637025945112e-20
1252150106.2124023,nan,8.793529681609234e-20
1252150106.2126465,nan,8.614610736532829e-20
1252150106.2128906,nan,8.540912912890873e-20
1252150106.2131348,nan,8.32842368233234e-20
1252150106.213379,nan,8.13272500341233e-20
1252150106.213623,nan,7.828791017468177e-20
1252150106.2138672,nan,7.696367916655932e-20
1252150106.2141113,nan,7.625118018632644e-20
1252150106.2143555,nan,7.271798745640188e-20
1252150106.2145996,nan,7.130339214162035e-20
1252150106.2148438,nan,6.949483606344441e-20
1252150106.215088,nan,6.744516249000561e-20
1252150106.215332,nan,6.575251809194357e-20
1252150106.2155762,nan,6.254909998706623e-20
1252150106.2158203,nan,6.170214590193004e-20
1252150106.2160645,nan,5.990261957687078e-20
1252150106.2163086,nan,5.714801194383924e-20
1252150106.2165527,nan,5.545927214703187e-20
1252150106.2167969,nan,5.3554000666736917e-20
1252150106.217041,nan,5.1947308434178963e-20
1252150106.2172852,nan,4.892654090617536e-20
1252150106.2175293,nan,4.6930866922454947e-20
1252150106.2177734,nan,4.5809979840003556e-20
1252150106.2180176,nan,4.363188674974757e-20
1252150106.2182617,nan,4.1510450857090156e-20
1252150106.2185059,nan,3.8564576559675714e-20
1252150106.21875,nan,3.7277170096355773e-20
1252150106.2189941,nan,3.5951912725105105e-20
1252150106.2192383,nan,3.2420927495095476e-20
1252150106.2194824,nan,2.994349037055523e-20
1252150106.2197266,nan,2.931935946877637e-20
1252150106.2199707,nan,2.7394367944149733e-20
1252150106.2202148,nan,2.456398497097218e-20
1252150106.220459,nan,2.272566735504508e-20
1252150106.2207031,nan,2.04633763860304e-20
1252150106.2209473,nan,1.908215129837474e-20
1252150106.2211914,nan,1.667351173717093e-20
1252150106.2214355,nan,1.3863498253891663e-20
1252150106.2216797,nan,1.267751154991188e-20
1252150106.2219238,nan,1.0312987073713899e-20
1252150106.222168,nan,7.782804221174803e-21
1252150106.222412,nan,6.201616630695786e-21
1252150106.2226562,nan,4.340768080807296e-21
1252150106.2229004,nan,1.8249817052377443e-21
1252150106.2231445,nan,5.376490093095902e-23
1252150106.2233887,nan,-2.3163582040301274e-21
1252150106.2236328,nan,-5.025987617734903e-21
1252150106.223877,nan,-5.577315590233077e-21
1252150106.224121,nan,-8.289475672336408e-21
1252150106.2243652,nan,-1.0962591381464714e-20
1252150106.2246094,nan,-1.1488229855034042e-20
1252150106.2248535,nan,-1.4132489798126014e-20
1252150106.2250977,nan,-1.6314295060647912e-20
1252150106.2253418,nan,-1.8372141801124734e-20
1252150106.225586,nan,-2.0757705485399846e-20
1252150106.22583,nan,-2.1797373289410405e-20
1252150106.2260742,nan,-2.4069233368155967e-20
1252150106.2263184,nan,-2.6942137743009564e-20
1252150106.2265625,nan,-2.843784438848551e-20
1252150106.2268066,nan,-2.9795776257692495e-20
1252150106.2270508,nan,-3.2647966967526774e-20
1252150106.227295,nan,-3.473494084116133e-20
1252150106.227539,nan,-3.5866176929900153e-20
1252150106.2277832,nan,-3.7831634403095524e-20
1252150106.2280273,nan,-3.9913537214493897e-20
1252150106.2282715,nan,-4.2188092961384323e-20
1252150106.2285156,nan,-4.3380640740550914e-20
1252150106.2287598,nan,-4.486143314103181e-20
1252150106.229004,nan,-4.830320845719712e-20
1252150106.229248,nan,-4.9968406664991924e-20
1252150106.2294922,nan,-5.1111776117904104e-20
1252150106.2297363,nan,-5.301756148106911e-20
1252150106.2299805,nan,-5.454130526211544e-20
1252150106.2302246,nan,-5.720150918999835e-20
1252150106.2304688,nan,-5.878449127130883e-20
1252150106.230713,nan,-5.941438952458125e-20
1252150106.230957,nan,-6.182219032483416e-20
1252150106.2312012,nan,-6.433998528586576e-20
1252150106.2314453,nan,-6.562817633542074e-20
1252150106.2316895,nan,-6.681565324711643e-20
1252150106.2319336,nan,-6.852608611318202e-20
1252150106.2321777,nan,-7.106140086823322e-20
1252150106.2324219,nan,-7.224834737531889e-20
1252150106.232666,nan,-7.346120669297605e-20
1252150106.2329102,nan,-7.6056381500577e-20
1252150106.2331543,nan,-7.716314480067017e-20
1252150106.2333984,nan,-7.922559608128583e-20
1252150106.2336426,nan,-8.093616181901458e-20
1252150106.2338867,nan,-8.173269482237381e-20
1252150106.2341309,nan,-8.424265666420555e-20
1252150106.234375,nan,-8.533987000090453e-20
1252150106.2346191,nan,-8.647011311636441e-20
1252150106.2348633,nan,-8.88628377193129e-20
1252150106.2351074,nan,-9.078448290274306e-20
1252150106.2353516,nan,-9.12550268912605e-20
1252150106.2355957,nan,-9.261020869872754e-20
1252150106.2358398,nan,-9.510760381731362e-20
1252150106.236084,nan,-9.586475248902547e-20
1252150106.2363281,nan,-9.706879572505327e-20
1252150106.2365723,nan,-9.782860380984661e-20
1252150106.2368164,nan,-9.971416134869533e-20
1252150106.2370605,nan,-1.0191768484825132e-19
1252150106.2373047,nan,-1.0228327793163107e-19
1252150106.2375488,nan,-1.0378656549483691e-19
1252150106.237793,nan,-1.0476194177568635e-19
1252150106.238037,nan,-1.0626094582204982e-19
1252150106.2382812,nan,-1.0787056752689059e-19
1252150106.2385254,nan,-1.082326810741635e-19
1252150106.2387695,nan,-1.106101165578489e-19
1252150106.2390137,nan,-1.119614432865757e-19
1252150106.2392578,nan,-1.1195855288315188e-19
1252150106.239502,nan,-1.1367012875024654e-19
1252150106.239746,nan,-1.1499693517254851e-19
1252150106.2399902,nan,-1.1612663657195607e-19
1252150106.2402344,nan,-1.1692433829905826e-19
1252150106.2404785,nan,-1.1708450800889565e-19
1252150106.2407227,nan,-1.1916949059014012e-19
1252150106.2409668,nan,-1.2053962431727694e-19
1252150106.241211,nan,-1.204553428878044e-19
1252150106.241455,nan,-1.2193224427277173e-19
1252150106.2416992,nan,-1.2359956529048385e-19
1252150106.2419434,nan,-1.2431007402672987e-19
1252150106.2421875,nan,-1.248255073354074e-19
1252150106.2424316,nan,-1.2547021805589918e-19
1252150106.2426758,nan,-1.2674000142562834e-19
1252150106.24292,nan,-1.2818951554054875e-19
1252150106.243164,nan,-1.2813366990418033e-19
1252150106.2434082,nan,-1.286520523558942e-19
1252150106.2436523,nan,-1.3028857472889206e-19
1252150106.2438965,nan,-1.3098894542343901e-19
1252150106.2441406,nan,-1.3115306558652676e-19
1252150106.2443848,nan,-1.3137668862669937e-19
1252150106.244629,nan,-1.3276895232605403e-19
1252150106.244873,nan,-1.338022402356714e-19
1252150106.2451172,nan,-1.3383018525574784e-19
1252150106.2453613,nan,-1.345272987789567e-19
1252150106.2456055,nan,-1.3538074019407386e-19
1252150106.2458496,nan,-1.3608343024780613e-19
1252150106.2460938,nan,-1.361587899377384e-19
1252150106.246338,nan,-1.3625130324584974e-19
1252150106.246582,nan,-1.372162770500748e-19
1252150106.2468262,nan,-1.3834131715600745e-19
1252150106.2470703,nan,-1.3824019540777758e-19
1252150106.2473145,nan,-1.3839844744768984e-19
1252150106.2475586,nan,-1.3921045533163902e-19
1252150106.2478027,nan,-1.3927016286510522e-19
1252150106.2480469,nan,-1.397679079125542e-19
1252150106.248291,nan,-1.3970129886920898e-19
1252150106.2485352,nan,-1.4008341765918029e-19
1252150106.2487793,nan,-1.415352814340337e-19
1252150106.2490234,nan,-1.4130111790429708e-19
1252150106.2492676,nan,-1.4053462549380792e-19
1252150106.2495117,nan,-1.4171848582009617e-19
1252150106.2497559,nan,-1.4237125660788443e-19
1252150106.25,nan,-1.4110991096407756e-19
1252150106.2502441,nan,-1.410266348518892e-19
1252150106.2504883,nan,-1.4204451391419713e-19
1252150106.2507324,nan,-1.421850896400896e-19
1252150106.2509766,nan,-1.419396088488529e-19
1252150106.2512207,nan,-1.4236366428856293e-19
1252150106.2514648,nan,-1.4226735607729735e-19
1252150106.251709,nan,-1.4220292307031036e-19
1252150106.2519531,nan,-1.4241061562419328e-19
1252150106.2521973,nan,-1.4112766554741002e-19
1252150106.2524414,nan,-1.4199764727204172e-19
1252150106.2526855,nan,-1.4275198456171175e-19
1252150106.2529297,nan,-1.4124878867530086e-19
1252150106.2531738,nan,-1.4134760216983233e-19
1252150106.253418,nan,-1.4156412605114978e-19
1252150106.253662,nan,-1.4159306848862865e-19
1252150106.2539062,nan,-1.4054472332883038e-19
1252150106.2541504,nan,-1.400276355052683e-19
1252150106.2543945,nan,-1.4117874721938719e-19
1252150106.2546387,nan,-1.404528269568055e-19
1252150106.2548828,nan,-1.4004641997743043e-19
1252150106.255127,nan,-1.3979044275140597e-19
1252150106.255371,nan,-1.3923468616771125e-19
1252150106.2556152,nan,-1.4016364271123982e-19
1252150106.2558594,nan,-1.3844269606197271e-19
1252150106.2561035,nan,-1.3751495063423795e-19
1252150106.2563477,nan,-1.385740349366897e-19
1252150106.2565918,nan,-1.3721530206871645e-19
1252150106.256836,nan,-1.3663377235617378e-19
1252150106.25708,nan,-1.362883658858696e-19
1252150106.2573242,nan,-1.3660193479590365e-19
1252150106.2575684,nan,-1.3637376850636576e-19
1252150106.2578125,nan,-1.3441792093140418e-19
1252150106.2580566,nan,-1.3436480710882305e-19
1252150106.2583008,nan,-1.3339000368824968e-19
1252150106.258545,nan,-1.332957701918496e-19
1252150106.258789,nan,-1.3324812465260215e-19
1252150106.2590332,nan,-1.314737901509292e-19
1252150106.2592773,nan,-1.3213691293811735e-19
1252150106.2595215,nan,-1.3116725173592547e-19
1252150106.2597656,nan,-1.294820193529449e-19
1252150106.2600098,nan,-1.292367428092075e-19
1252150106.260254,nan,-1.2844910236921656e-19
1252150106.260498,nan,-1.2822746925966733e-19
1252150106.2607422,nan,-1.2717965677623804e-19
1252150106.2609863,nan,-1.2638930935577822e-19
1252150106.2612305,nan,-1.259574639586454e-19
1252150106.2614746,nan,-1.2513810993127684e-19
1252150106.2617188,nan,-1.244573044196443e-19
1252150106.261963,nan,-1.2258314086889093e-19
1252150106.262207,nan,-1.2277424670462388e-19
1252150106.2624512,nan,-1.2179710443219482e-19
1252150106.2626953,nan,-1.1957649821291093e-19
1252150106.2629395,nan,-1.2021474413685162e-19
1252150106.2631836,nan,-1.1860974185124937e-19
1252150106.2634277,nan,-1.1770563206395422e-19
1252150106.2636719,nan,-1.1751130948185507e-19
1252150106.263916,nan,-1.1543092481415558e-19
1252150106.2641602,nan,-1.147337631603872e-19
1252150106.2644043,nan,-1.1424690102212796e-19
1252150106.2646484,nan,-1.1296402130432745e-19
1252150106.2648926,nan,-1.1161560202143815e-19
1252150106.2651367,nan,-1.1146491791907766e-19
1252150106.2653809,nan,-1.1016461133204237e-19
1252150106.265625,nan,-1.07898587253784e-19
1252150106.2658691,nan,-1.0742142550071577e-19
1252150106.2661133,nan,-1.0652610670607564e-19
1252150106.2663574,nan,-1.0568264193908668e-19
1252150106.2666016,nan,-1.039783860434347e-19
1252150106.2668457,nan,-1.0240368565237353e-19
1252150106.2670898,nan,-1.0268538283843113e-19
1252150106.267334,nan,-1.0171803280169838e-19
1252150106.2675781,nan,-9.953001407584892e-20
1252150106.2678223,nan,-9.784163442656545e-20
1252150106.2680664,nan,-9.758424405700131e-20
1252150106.2683105,nan,-9.680126760104435e-20
1252150106.2685547,nan,-9.449999402959134e-20
1252150106.2687988,nan,-9.387593179640997e-20
1252150106.269043,nan,-9.336088624312685e-20
1252150106.269287,nan,-9.136344580086808e-20
1252150106.2695312,nan,-9.019480905200865e-20
1252150106.2697754,nan,-8.854980088382131e-20
1252150106.2700195,nan,-8.72390426290356e-20
1252150106.2702637,nan,-8.664420729270919e-20
1252150106.2705078,nan,-8.47097160845799e-20
1252150106.270752,nan,-8.379232523244645e-20
1252150106.270996,nan,-8.277834226635787e-20
1252150106.2712402,nan,-8.129578573165994e-20
1252150106.2714844,nan,-7.975610756676248e-20
1252150106.2717285,nan,-7.788063903473673e-20
1252150106.2719727,nan,-7.763521412402788e-20
1252150106.2722168,nan,-7.630074774817785e-20
1252150106.272461,nan,-7.405878418718201e-20
1252150106.272705,nan,-7.272834179436278e-20
1252150106.2729492,nan,-7.250701351737134e-20
1252150106.2731934,nan,-7.103107284702146e-20
1252150106.2734375,nan,-6.797420263930856e-20
1252150106.2736816,nan,-6.762046435374817e-20
1252150106.2739258,nan,-6.678829003649906e-20
1252150106.27417,nan,-6.489849938309427e-20
1252150106.274414,nan,-6.362713809917424e-20
1252150106.2746582,nan,-6.180110060976737e-20
1252150106.2749023,nan,-6.141045916867207e-20
1252150106.2751465,nan,-6.06876296088341e-20
1252150106.2753906,nan,-5.76048495310645e-20
1252150106.2756348,nan,-5.567311798623458e-20
1252150106.275879,nan,-5.571096761364344e-20
1252150106.276123,nan,-5.3893005393809934e-20
1252150106.2763672,nan,-5.166755456359539e-20
1252150106.2766113,nan,-5.1076345151733695e-20
1252150106.2768555,nan,-4.993886360516113e-20
1252150106.2770996,nan,-4.866995433212393e-20
1252150106.2773438,nan,-4.665659163485864e-20
1252150106.277588,nan,-4.460573563161588e-20
1252150106.277832,nan,-4.439328206393187e-20
1252150106.2780762,nan,-4.300443541607334e-20
1252150106.2783203,nan,-4.088954492236489e-20
1252150106.2785645,nan,-3.976032807166544e-20
1252150106.2788086,nan,-3.853083334756664e-20
1252150106.2790527,nan,-3.743886049101869e-20
1252150106.2792969,nan,-3.519778546340248e-20
1252150106.279541,nan,-3.2881842122447107e-20
1252150106.2797852,nan,-3.3135831386173674e-20
1252150106.2800293,nan,-3.2116191746934475e-20
1252150106.2802734,nan,-2.913599456627259e-20
1252150106.2805176,nan,-2.8155949787761956e-20
1252150106.2807617,nan,-2.7253800128907423e-20
1252150106.2810059,nan,-2.617260137477717e-20
1252150106.28125,nan,-2.477658224952189e-20
1252150106.2814941,nan,-2.2071574214649702e-20
1252150106.2817383,nan,-2.0894421194386386e-20
1252150106.2819824,nan,-1.9979588530336107e-20
1252150106.2822266,nan,-1.8392322843413618e-20
1252150106.2824707,nan,-1.7000286523099355e-20
1252150106.2827148,nan,-1.5703334265553948e-20
1252150106.282959,nan,-1.5012735042566495e-20
1252150106.2832031,nan,-1.2814573971790066e-20
1252150106.2834473,nan,-1.1022088173229964e-20
1252150106.2836914,nan,-1.0310299852997649e-20
1252150106.2839355,nan,-8.739773543048945e-21
1252150106.2841797,nan,-7.21465438571254e-21
1252150106.2844238,nan,-5.7347549129352785e-21
1252150106.284668,nan,-5.5658486006768546e-21
1252150106.284912,nan,-3.6940792387991095e-21
1252150106.2851562,nan,-9.233766214268885e-22
1252150106.2854004,nan,-4.744364454846595e-22
1252150106.2856445,nan,1.0974778821790841e-21
1252150106.2858887,nan,2.5543076815119647e-21
1252150106.2861328,nan,3.507253404898258e-21
1252150106.286377,nan,5.694324148553844e-21
1252150106.286621,nan,6.288067209415307e-21
1252150106.2868652,nan,6.983596092778552e-21
1252150106.2871094,nan,9.423989910219887e-21
1252150106.2873535,nan,1.0473395139251025e-20
1252150106.2875977,nan,1.1121732932256016e-20
1252150106.2878418,nan,1.3352926018093894e-20
1252150106.288086,nan,1.4534257667506155e-20
1252150106.28833,nan,1.506659125948197e-20
1252150106.2885742,nan,1.6882521874547062e-20
1252150106.2888184,nan,1.8125807619326957e-20
1252150106.2890625,nan,1.967760250237573e-20
1252150106.2893066,nan,2.1653000522482372e-20
1252150106.2895508,nan,2.2029076165928576e-20
1252150106.289795,nan,2.283206022410644e-20
1252150106.290039,nan,2.517692679289979e-20
1252150106.2902832,nan,2.6353000315778074e-20
1252150106.2905273,nan,2.657858135668619e-20
1252150106.2907715,nan,2.7721191151538584e-20
1252150106.2910156,nan,2.9521281407788007e-20
1252150106.2912598,nan,3.123818459166415e-20
1252150106.291504,nan,3.271861709910201e-20
1252150106.291748,nan,3.3252121364653487e-20
1252150106.2919922,nan,3.430031342190154e-20
1252150106.2922363,nan,3.633524529246268e-20
1252150106.2924805,nan,3.6443924073184247e-20
1252150106.2927246,nan,3.706878019387126e-20
1252150106.2929688,nan,3.935696777715239e-20
1252150106.293213,nan,4.0960736118236014e-20
1252150106.293457,nan,4.2239443906548494e-20
1252150106.2937012,nan,4.201673921915511e-20
1252150106.2939453,nan,4.346066263338348e-20
1252150106.2941895,nan,4.552861948591495e-20
1252150106.2944336,nan,4.5149644768486236e-20
1252150106.2946777,nan,4.699485641261226e-20
1252150106.2949219,nan,4.8692624024369425e-20
1252150106.295166,nan,4.936062157104765e-20
1252150106.2954102,nan,5.055238936851516e-20
1252150106.2956543,nan,5.155357534502595e-20
1252150106.2958984,nan,5.291050930001796e-20
1252150106.2961426,nan,5.367704683025467e-20
1252150106.2963867,nan,5.458106679119069e-20
1252150106.2966309,nan,5.522337532604472e-20
1252150106.296875,nan,5.683167636930431e-20
1252150106.2971191,nan,5.849714800694504e-20
1252150106.2973633,nan,5.841974730701167e-20
1252150106.2976074,nan,5.939690951038546e-20
1252150106.2978516,nan,6.099501291786204e-20
1252150106.2980957,nan,6.255616070539824e-20
1252150106.2983398,nan,6.242678807586975e-20
1252150106.298584,nan,6.29950474967306e-20
1252150106.2988281,nan,6.544329911495948e-20
1252150106.2990723,nan,6.566607190064917e-20
1252150106.2993164,nan,6.639551812971146e-20
1252150106.2995605,nan,6.744546410802668e-20
1252150106.2998047,nan,6.841896048722155e-20
1252150106.3000488,nan,6.950655040402319e-20
1252150106.300293,nan,6.958349366316219e-20
1252150106.300537,nan,7.050234725679259e-20
1252150106.3007812,nan,7.171953157754805e-20
1252150106.3010254,nan,7.357537373852193e-20
1252150106.3012695,nan,7.345245295813346e-20
1252150106.3015137,nan,7.359580210147763e-20
1252150106.3017578,nan,7.606390906232714e-20
1252150106.302002,nan,7.627418450466852e-20
1252150106.302246,nan,7.651353097743477e-20
1252150106.3024902,nan,7.6920791225898e-20
1252150106.3027344,nan,7.833971201794185e-20
1252150106.3029785,nan,8.02509957642767e-20
1252150106.3032227,nan,7.999353462114509e-20
1252150106.3034668,nan,8.072286855282093e-20
1252150106.303711,nan,8.15820267569054e-20
1252150106.303955,nan,8.239373752074627e-20
1252150106.3041992,nan,8.299473860028496e-20
1252150106.3044434,nan,8.263338252765811e-20
1252150106.3046875,nan,8.445898240793183e-20
1252150106.3049316,nan,8.587031095866761e-20
1252150106.3051758,nan,8.565509388957057e-20
1252150106.30542,nan,8.638853993937582e-20
1252150106.305664,nan,8.718168884732941e-20
1252150106.3059082,nan,8.785125754151552e-20
1252150106.3061523,nan,8.808640857096367e-20
1252150106.3063965,nan,8.834983600081207e-20
1252150106.3066406,nan,8.977886075734771e-20
1252150106.3068848,nan,9.034767129870055e-20
1252150106.307129,nan,9.058154535550581e-20
1252150106.307373,nan,9.144643338047393e-20
1252150106.3076172,nan,9.210165546742091e-20
1252150106.3078613,nan,9.249145638779819e-20
1252150106.3081055,nan,9.302859571183971e-20
1252150106.3083496,nan,9.387090020309393e-20
1252150106.3085938,nan,9.380435942209166e-20
1252150106.308838,nan,9.46338189588356e-20
1252150106.309082,nan,9.558918213970722e-20
1252150106.3093262,nan,9.480134424130296e-20
1252150106.3095703,nan,9.579924723549094e-20
1252150106.3098145,nan,9.72829759234896e-20
1252150106.3100586,nan,9.613382166095727e-20
1252150106.3103027,nan,9.674593909584902e-20
1252150106.3105469,nan,9.836400242863144e-20
1252150106.310791,nan,9.813503960420495e-20
1252150106.3110352,nan,9.85812869188124e-20
1252150106.3112793,nan,9.859190917242815e-20
1252150106.3115234,nan,9.928915173914654e-20
1252150106.3117676,nan,1.0010235410244232e-19
1252150106.3120117,nan,9.916491139517606e-20
1252150106.3122559,nan,9.977906111346976e-20
1252150106.3125,nan,1.0091213464740313e-19
1252150106.3127441,nan,1.0154260005177022e-19
1252150106.3129883,nan,1.0119828228689331e-19
1252150106.3132324,nan,1.0112695738327553e-19
1252150106.3134766,nan,1.0253979888638922e-19
1252150106.3137207,nan,1.0177465111579026e-19
1252150106.3139648,nan,1.0159289683330325e-19
1252150106.314209,nan,1.0234229075084098e-19
1252150106.3144531,nan,1.0259135615165863e-19
1252150106.3146973,nan,1.0351456511326192e-19
1252150106.3149414,nan,1.032219180223231e-19
1252150106.3151855,nan,1.0324782376076619e-19
1252150106.3154297,nan,1.0391395912799487e-19
1252150106.3156738,nan,1.0398491720822039e-19
1252150106.315918,nan,1.0306367212358324e-19
1252150106.316162,nan,1.0312959389524383e-19
1252150106.3164062,nan,1.0443840262742436e-19
1252150106.3166504,nan,1.0441533436317792e-19
1252150106.3168945,nan,1.0473428313721819e-19
1252150106.3171387,nan,1.0424567274814e-19
1252150106.3173828,nan,1.046614941290016e-19
1252150106.317627,nan,1.0504014722315957e-19
1252150106.317871,nan,1.0375567267790431e-19
1252150106.3181152,nan,1.0515790945458961e-19
1252150106.3183594,nan,1.0550598287584193e-19
1252150106.3186035,nan,1.0504718675136262e-19
1252150106.3188477,nan,1.0484171181998667e-19
1252150106.3190918,nan,1.0424605133234775e-19
1252150106.319336,nan,1.0531055876133002e-19
1252150106.31958,nan,1.0506986795098167e-19
1252150106.3198242,nan,1.0433845258071501e-19
1252150106.3200684,nan,1.042016984762676e-19
1252150106.3203125,nan,1.0516193269129165e-19
1252150106.3205566,nan,1.0571747087619696e-19
1252150106.3208008,nan,1.045276371366584e-19
1252150106.321045,nan,1.0500214893533684e-19
1252150106.321289,nan,1.0520347402175114e-19
1252150106.3215332,nan,1.0456060098752149e-19
1252150106.3217773,nan,1.0390080812388432e-19
1252150106.3220215,nan,1.033622570204696e-19
1252150106.3222656,nan,1.0446452898499967e-19
1252150106.3225098,nan,1.0473807807492058e-19
1252150106.322754,nan,1.0358382621812421e-19
1252150106.322998,nan,1.0372554373910783e-19
1252150106.3232422,nan,1.0422368317007423e-19
1252150106.3234863,nan,1.0374480151679929e-19
1252150106.3237305,nan,1.029054828500163e-19
1252150106.3239746,nan,1.0227765530920247e-19
1252150106.3242188,nan,1.0275454258742308e-19
1252150106.324463,nan,1.0268030958385931e-19
1252150106.324707,nan,1.0176752253108093e-19
1252150106.3249512,nan,1.0194321181906679e-19
1252150106.3251953,nan,1.019081988778516e-19
1252150106.3254395,nan,1.0129752771548267e-19
1252150106.3256836,nan,1.0080358075366327e-19
1252150106.3259277,nan,1.0012309079770817e-19
1252150106.3261719,nan,1.008525593701837e-19
1252150106.326416,nan,1.0132026604963105e-19
1252150106.3266602,nan,9.982652717103055e-20
1252150106.3269043,nan,9.95550356886639e-20
1252150106.3271484,nan,9.989090815300956e-20
1252150106.3273926,nan,9.942198783819993e-20
1252150106.3276367,nan,9.844842205437681e-20
1252150106.3278809,nan,9.759401767329889e-20
1252150106.328125,nan,9.859392001154146e-20
1252150106.3283691,nan,9.841400220211314e-20
1252150106.3286133,nan,9.688699036696942e-20
1252150106.3288574,nan,9.69364056325686e-20
1252150106.3291016,nan,9.678505381947936e-20
1252150106.3293457,nan,9.627013688262566e-20
1252150106.3295898,nan,9.4961543776104e-20
1252150106.329834,nan,9.455353322391228e-20
1252150106.3300781,nan,9.556697372362755e-20
1252150106.3303223,nan,9.464607913700188e-20
1252150106.3305664,nan,9.393053086864349e-20
1252150106.3308105,nan,9.40579072028178e-20
1252150106.3310547,nan,9.369970391251414e-20
1252150106.3312988,nan,9.289826167588862e-20
1252150106.331543,nan,9.171754854847176e-20
1252150106.331787,nan,9.15383214130662e-20
1252150106.3320312,nan,9.18380852806151e-20
1252150106.3322754,nan,9.118060340731272e-20
1252150106.3325195,nan,8.994822330764337e-20
1252150106.3327637,nan,8.991339001270798e-20
1252150106.3330078,nan,8.993645163283964e-20
1252150106.333252,nan,8.8729617428084e-20
1252150106.333496,nan,8.762412420570604e-20
1252150106.3337402,nan,8.728806493788538e-20
1252150106.3339844,nan,8.745745851422109e-20
1252150106.3342285,nan,8.6969301374915e-20
1252150106.3344727,nan,8.570685977466144e-20
1252150106.3347168,nan,8.50325395649223e-20
1252150106.334961,nan,8.532123946658272e-20
1252150106.335205,nan,8.46540339176717e-20
1252150106.3354492,nan,8.314263102447124e-20
1252150106.3356934,nan,8.280976896091768e-20
1252150106.3359375,nan,8.284899652771405e-20
1252150106.3361816,nan,8.22978494771669e-20
1252150106.3364258,nan,8.158900468453835e-20
1252150106.33667,nan,8.042150879104769e-20
1252150106.336914,nan,8.009328639917409e-20
1252150106.3371582,nan,8.003291942194976e-20
1252150106.3374023,nan,7.829133799924401e-20
1252150106.3376465,nan,7.740324012604436e-20
1252150106.3378906,nan,7.776187070332443e-20
1252150106.3381348,nan,7.76258270202653e-20
1252150106.338379,nan,7.62594085719346e-20
1252150106.338623,nan,7.46986946332838e-20
1252150106.3388672,nan,7.504620839421902e-20
1252150106.3391113,nan,7.464698937823096e-20
1252150106.3393555,nan,7.317167012804388e-20
1252150106.3395996,nan,7.283838807065146e-20
1252150106.3398438,nan,7.230091046353797e-20
1252150106.340088,nan,7.177113041794565e-20
1252150106.340332,nan,7.090894242815203e-20
1252150106.3405762,nan,6.929687986546982e-20
1252150106.3408203,nan,6.948128601184455e-20
1252150106.3410645,nan,6.93031259247847e-20
1252150106.3413086,nan,6.715607723516763e-20
1252150106.3415527,nan,6.691822281949098e-20
1252150106.3417969,nan,6.689513391643306e-20
1252150106.342041,nan,6.58239450855997e-20
1252150106.3422852,nan,6.496463506948236e-20
1252150106.3425293,nan,6.393314643643977e-20
1252150106.3427734,nan,6.437489933374066e-20
1252150106.3430176,nan,6.338409218176097e-20
1252150106.3432617,nan,6.097413583631254e-20
1252150106.3435059,nan,6.055447555177313e-20
1252150106.34375,nan,6.082590108805021e-20
1252150106.3439941,nan,6.051920455014107e-20
1252150106.3442383,nan,5.860889134136418e-20
1252150106.3444824,nan,5.795930495351107e-20
1252150106.3447266,nan,5.83425255315271e-20
1252150106.3449707,nan,5.665868787774905e-20
1252150106.3452148,nan,5.561349492291903e-20
1252150106.345459,nan,5.451900368839415e-20
1252150106.3457031,nan,5.426722489950573e-20
1252150106.3459473,nan,5.434035224619786e-20
1252150106.3461914,nan,5.241780785203391e-20
1252150106.3464355,nan,5.154541417237274e-20
1252150106.3466797,nan,5.0861681928598534e-20
1252150106.3469238,nan,5.036436703277937e-20
1252150106.347168,nan,4.9166614196041304e-20
1252150106.347412,nan,4.753352824354983e-20
1252150106.3476562,nan,4.799022538349368e-20
1252150106.3479004,nan,4.742817942428756e-20
1252150106.3481445,nan,4.559483069953998e-20
1252150106.3483887,nan,4.490420080913148e-20
1252150106.3486328,nan,4.442210459404287e-20
1252150106.348877,nan,4.373018074083267e-20
1252150106.349121,nan,4.2969262684127245e-20
1252150106.3493652,nan,4.105885157819357e-20
1252150106.3496094,nan,4.074140326725904e-20
1252150106.3498535,nan,4.112521822872814e-20
1252150106.3500977,nan,3.841703029098314e-20
1252150106.3503418,nan,3.771478322189262e-20
1252150106.350586,nan,3.7965072704817214e-20
1252150106.35083,nan,3.654027155525702e-20
1252150106.3510742,nan,3.5584385026613325e-20
1252150106.3513184,nan,3.380661178796765e-20
1252150106.3515625,nan,3.3869430187554275e-20
1252150106.3518066,nan,3.369786698566109e-20
1252150106.3520508,nan,3.1823893786484845e-20
1252150106.352295,nan,3.117724825668306e-20
1252150106.352539,nan,3.0493834653344725e-20
1252150106.3527832,nan,2.97293930193988e-20
1252150106.3530273,nan,2.807970142873079e-20
1252150106.3532715,nan,2.693064068818087e-20
1252150106.3535156,nan,2.723736769755917e-20
1252150106.3537598,nan,2.5792001354266085e-20
1252150106.354004,nan,2.3931585679601256e-20
1252150106.354248,nan,2.3391415719358437e-20
1252150106.3544922,nan,2.33227654571496e-20
1252150106.3547363,nan,2.193983827280872e-20
1252150106.3549805,nan,2.0114001723848647e-20
1252150106.3552246,nan,1.987119310363258e-20
1252150106.3554688,nan,1.9046625811445256e-20
1252150106.355713,nan,1.8348418233098248e-20
1252150106.355957,nan,1.735339564786293e-20
1252150106.3562012,nan,1.610726266861219e-20
1252150106.3564453,nan,1.5881947624257287e-20
1252150106.3566895,nan,1.4309005443328917e-20
1252150106.3569336,nan,1.2832283784387777e-20
1252150106.3571777,nan,1.2079584647874575e-20
1252150106.3574219,nan,1.1384441363124173e-20
1252150106.357666,nan,1.0864593324134295e-20
1252150106.3579102,nan,9.228216754705956e-21
1252150106.3581543,nan,8.622522234811927e-21
1252150106.3583984,nan,7.94584667059777e-21
1252150106.3586426,nan,5.987106822922462e-21
1252150106.3588867,nan,4.8237128804432e-21
1252150106.3591309,nan,3.800037480481216e-21
1252150106.359375,nan,3.733231681958314e-21
1252150106.3596191,nan,2.920704182736231e-21
1252150106.3598633,nan,1.0209257910117624e-21
1252150106.3601074,nan,4.882993242908584e-22
1252150106.3603516,nan,1.6308982727207616e-22
1252150106.3605957,nan,-1.2469704097897025e-21
1252150106.3608398,nan,-2.9987061415485347e-21
1252150106.361084,nan,-3.4552409010505136e-21
1252150106.3613281,nan,-3.9727172536367835e-21
1252150106.3615723,nan,-5.369707878521882e-21
1252150106.3618164,nan,-6.1771047524383704e-21
1252150106.3620605,nan,-7.687076320007019e-21
1252150106.3623047,nan,-8.62628413431826e-21
1252150106.3625488,nan,-8.562039758046303e-21
1252150106.362793,nan,-1.0681313924822883e-20
1252150106.363037,nan,-1.2138566030495088e-20
1252150106.3632812,nan,-1.2216733731519123e-20
1252150106.3635254,nan,-1.3518183434532714e-20
1252150106.3637695,nan,-1.477641072130134e-20
1252150106.3640137,nan,-1.5905730007940605e-20
1252150106.3642578,nan,-1.6213616924043095e-20
1252150106.364502,nan,-1.7105397179717698e-20
1252150106.364746,nan,-1.955742139568012e-20
1252150106.3649902,nan,-1.9991577708013218e-20
1252150106.3652344,nan,-1.9989437475897363e-20
1252150106.3654785,nan,-2.1676404626691277e-20
1252150106.3657227,nan,-2.284067017682183e-20
1252150106.3659668,nan,-2.4150563578108632e-20
1252150106.366211,nan,-2.483528741426068e-20
1252150106.366455,nan,-2.4953089769075365e-20
1252150106.3666992,nan,-2.720992246384431e-20
1252150106.3669434,nan,-2.872547641417228e-20
1252150106.3671875,nan,-2.839402023416759e-20
1252150106.3674316,nan,-2.96646540204392e-20
1252150106.3676758,nan,-3.1300633852010596e-20
1252150106.36792,nan,-3.167512077903153e-20
1252150106.368164,nan,-3.238436776877305e-20
1252150106.3684082,nan,-3.374476415986884e-20
1252150106.3686523,nan,-3.579134251345278e-20
1252150106.3688965,nan,-3.653612901455912e-20
1252150106.3691406,nan,-3.6098872302195313e-20
1252150106.3693848,nan,-3.759502093599878e-20
1252150106.369629,nan,-3.922895937882352e-20
1252150106.369873,nan,-4.004884804006981e-20
1252150106.3701172,nan,-4.081477440586899e-20
1252150106.3703613,nan,-4.1681071219789163e-20
1252150106.3706055,nan,-4.3507625588538645e-20
1252150106.3708496,nan,-4.472025684867767e-20
1252150106.3710938,nan,-4.508511950600179e-20
1252150106.371338,nan,-4.54436622255518e-20
1252150106.371582,nan,-4.752630789852472e-20
1252150106.3718262,nan,-4.895267444668161e-20
1252150106.3720703,nan,-4.809640710904045e-20
1252150106.3723145,nan,-4.9987109967461854e-20
1252150106.3725586,nan,-5.197524492684101e-20
1252150106.3728027,nan,-5.305397322537245e-20
1252150106.3730469,nan,-5.32519549230933e-20
1252150106.373291,nan,-5.3240482979731756e-20
1252150106.3735352,nan,-5.62037679614442e-20
1252150106.3737793,nan,-5.638652375904312e-20
1252150106.3740234,nan,-5.660092276051884e-20
1252150106.3742676,nan,-5.855107757663596e-20
1252150106.3745117,nan,-5.907357930290278e-20
1252150106.3747559,nan,-6.124416723551273e-20
1252150106.375,nan,-6.111281546053894e-20
1252150106.3752441,nan,-6.146852431844264e-20
1252150106.3754883,nan,-6.443981477447915e-20
1252150106.3757324,nan,-6.465997922105724e-20
1252150106.3759766,nan,-6.470657666759622e-20
1252150106.3762207,nan,-6.620630558701803e-20
1252150106.3764648,nan,-6.798987936141941e-20
1252150106.376709,nan,-6.897773759774334e-20
1252150106.3769531,nan,-6.986706554875463e-20
1252150106.3771973,nan,-7.038976038576956e-20
1252150106.3774414,nan,-7.113456854634498e-20
1252150106.3776855,nan,-7.313189925700358e-20
1252150106.3779297,nan,-7.310670770365822e-20
1252150106.3781738,nan,-7.41171329640782e-20
1252150106.378418,nan,-7.654745473887655e-20
1252150106.378662,nan,-7.699747645047676e-20
1252150106.3789062,nan,-7.744694858406704e-20
1252150106.3791504,nan,-7.826207163078849e-20
1252150106.3793945,nan,-8.002492223330602e-20
1252150106.3796387,nan,-8.118833568084459e-20
1252150106.3798828,nan,-8.089361165450086e-20
1252150106.380127,nan,-8.169068299880076e-20
1252150106.380371,nan,-8.379120912129537e-20
1252150106.3806152,nan,-8.550779283437024e-20
1252150106.3808594,nan,-8.496091184820079e-20
1252150106.3811035,nan,-8.547601022738746e-20
1252150106.3813477,nan,-8.797250371138511e-20
1252150106.3815918,nan,-8.878712414033817e-20
1252150106.381836,nan,-8.85733178904912e-20
1252150106.38208,nan,-9.000804570166288e-20
1252150106.3823242,nan,-9.198818787898039e-20
1252150106.3825684,nan,-9.238451746315103e-20
1252150106.3828125,nan,-9.293886632477542e-20
1252150106.3830566,nan,-9.390444132822807e-20
1252150106.3833008,nan,-9.519128329207027e-20
1252150106.383545,nan,-9.575609488523303e-20
1252150106.383789,nan,-9.610226010458877e-20
1252150106.3840332,nan,-9.759858287587813e-20
1252150106.3842773,nan,-9.842518905459929e-20
1252150106.3845215,nan,-1.0004846929673316e-19
1252150106.3847656,nan,-1.0042861403646243e-19
1252150106.3850098,nan,-1.0020849730733987e-19
1252150106.385254,nan,-1.0239817350014046e-19
1252150106.385498,nan,-1.0330986731124078e-19
1252150106.3857422,nan,-1.0307008163786791e-19
1252150106.3859863,nan,-1.0429298208326291e-19
1252150106.3862305,nan,-1.0607459078160865e-19
1252150106.3864746,nan,-1.067555898958139e-19
1252150106.3867188,nan,-1.0710922601179358e-19
1252150106.386963,nan,-1.0767887470749705e-19
1252150106.387207,nan,-1.0914221805221992e-19
1252150106.3874512,nan,-1.1028862442684023e-19
1252150106.3876953,nan,-1.096131561610617e-19
1252150106.3879395,nan,-1.1120874670325956e-19
1252150106.3881836,nan,-1.131671353952747e-19
1252150106.3884277,nan,-1.1309175587229228e-19
1252150106.3886719,nan,-1.1327419511397745e-19
1252150106.388916,nan,-1.139075590971551e-19
1252150106.3891602,nan,-1.1614312523804736e-19
1252150106.3894043,nan,-1.1665154505560938e-19
1252150106.3896484,nan,-1.1606843388375167e-19
1252150106.3898926,nan,-1.1740019102439624e-19
1252150106.3901367,nan,-1.1887494290111966e-19
1252150106.3903809,nan,-1.1967200877829306e-19
1252150106.390625,nan,-1.1922074808335245e-19
1252150106.3908691,nan,-1.2052400580674748e-19
1252150106.3911133,nan,-1.217540632467493e-19
1252150106.3913574,nan,-1.2249003692150123e-19
1252150106.3916016,nan,-1.2311316562270577e-19
1252150106.3918457,nan,-1.2271109270896893e-19
1252150106.3920898,nan,-1.2449554571360712e-19
1252150106.392334,nan,-1.2511873644528587e-19
1252150106.3925781,nan,-1.251511424141333e-19
1252150106.3928223,nan,-1.2605075835637132e-19
1252150106.3930664,nan,-1.2643183858282165e-19
1252150106.3933105,nan,-1.2753891094578922e-19
1252150106.3935547,nan,-1.2749143370593663e-19
1252150106.3937988,nan,-1.2804822641846584e-19
1252150106.394043,nan,-1.295168940957804e-19
1252150106.394287,nan,-1.2976982485836688e-19
1252150106.3945312,nan,-1.2987565844276602e-19
1252150106.3947754,nan,-1.3014596850445003e-19
1252150106.3950195,nan,-1.3142650206268717e-19
1252150106.3952637,nan,-1.317581039448196e-19
1252150106.3955078,nan,-1.317807019154436e-19
1252150106.395752,nan,-1.3297521247195769e-19
1252150106.395996,nan,-1.333176564466069e-19
1252150106.3962402,nan,-1.3437282176937125e-19
1252150106.3964844,nan,-1.3450142003241337e-19
1252150106.3967285,nan,-1.3419616488101455e-19
1252150106.3969727,nan,-1.356278108673682e-19
1252150106.3972168,nan,-1.357538520937179e-19
1252150106.397461,nan,-1.3580766326818694e-19
1252150106.397705,nan,-1.3624073571761374e-19
1252150106.3979492,nan,-1.3685375329785308e-19
1252150106.3981934,nan,-1.3797590116607946e-19
1252150106.3984375,nan,-1.375540841767136e-19
1252150106.3986816,nan,-1.3762202342019515e-19
1252150106.3989258,nan,-1.3914135628662302e-19
1252150106.39917,nan,-1.3915898558348064e-19
1252150106.399414,nan,-1.3836408963623665e-19
1252150106.3996582,nan,-1.3886560467130982e-19
1252150106.3999023,nan,-1.40105440461127e-19
1252150106.4001465,nan,-1.4017568587606226e-19
1252150106.4003906,nan,-1.397310082466305e-19
1252150106.4006348,nan,-1.4007319590172337e-19
1252150106.400879,nan,-1.407900771949674e-19
1252150106.401123,nan,-1.4111502804543047e-19
1252150106.4013672,nan,-1.3991539497295414e-19
1252150106.4016113,nan,-1.4050079356607051e-19
1252150106.4018555,nan,-1.4234395179369141e-19
1252150106.4020996,nan,-1.4122939317605305e-19
1252150106.4023438,nan,-1.4089880564373522e-19
1252150106.402588,nan,-1.4155596217436603e-19
1252150106.402832,nan,-1.4161554455499978e-19
1252150106.4030762,nan,-1.420461287759993e-19
1252150106.4033203,nan,-1.4112117556294785e-19
1252150106.4035645,nan,-1.4133924998333919e-19
1252150106.4038086,nan,-1.4238112894558802e-19
1252150106.4040527,nan,-1.4214436601988157e-19
1252150106.4042969,nan,-1.416698915370127e-19
1252150106.404541,nan,-1.411756444556124e-19
1252150106.4047852,nan,-1.422283060528544e-19
1252150106.4050293,nan,-1.4239761189976126e-19
1252150106.4052734,nan,-1.4099622967671953e-19
1252150106.4055176,nan,-1.411020632510212e-19
1252150106.4057617,nan,-1.4102783410819602e-19
1252150106.4060059,nan,-1.4135778390432838e-19
1252150106.40625,nan,-1.407812060243781e-19
1252150106.4064941,nan,-1.4008415748682197e-19
1252150106.4067383,nan,-1.4124109165956014e-19
1252150106.4069824,nan,-1.4072434102278734e-19
1252150106.4072266,nan,-1.3976539418594096e-19
1252150106.4074707,nan,-1.3924906632584549e-19
1252150106.4077148,nan,-1.4001823963645293e-19
1252150106.407959,nan,-1.399172626926877e-19
1252150106.4082031,nan,-1.376517881980281e-19
1252150106.4084473,nan,-1.3810263269903094e-19
1252150106.4086914,nan,-1.3814184622001885e-19
1252150106.4089355,nan,-1.3719353028985912e-19
1252150106.4091797,nan,-1.3691970857364598e-19
1252150106.4094238,nan,-1.3607017056687782e-19
1252150106.409668,nan,-1.3648610520639052e-19
1252150106.409912,nan,-1.3558977147985535e-19
1252150106.4101562,nan,-1.348452936945331e-19
1252150106.4104004,nan,-1.3520886596299702e-19
1252150106.4106445,nan,-1.342226425617858e-19
1252150106.4108887,nan,-1.339016227234421e-19
1252150106.4111328,nan,-1.3233908652710955e-19
1252150106.411377,nan,-1.3120940513904672e-19
1252150106.411621,nan,-1.3234613134340108e-19
1252150106.4118652,nan,-1.316135586855723e-19
1252150106.4121094,nan,-1.3013644839456446e-19
1252150106.4123535,nan,-1.2940757302667608e-19
1252150106.4125977,nan,-1.2914390922724076e-19
1252150106.4128418,nan,-1.2827357145248134e-19
1252150106.413086,nan,-1.2669975891465054e-19
1252150106.41333,nan,-1.2617207707312614e-19
1252150106.4135742,nan,-1.2656840267550612e-19
1252150106.4138184,nan,-1.2545231899182323e-19
1252150106.4140625,nan,-1.238448171963094e-19
1252150106.4143066,nan,-1.2383904498335729e-19
1252150106.4145508,nan,-1.223567992368259e-19
1252150106.414795,nan,-1.215234734041601e-19
1252150106.415039,nan,-1.2084389268846784e-19
1252150106.4152832,nan,-1.190672785463583e-19
1252150106.4155273,nan,-1.193900489576066e-19
1252150106.4157715,nan,-1.1780528128353885e-19
1252150106.4160156,nan,-1.1551360906775178e-19
1252150106.4162598,nan,-1.1577011631043784e-19
1252150106.416504,nan,-1.1514778869546764e-19
1252150106.416748,nan,-1.1350576116563593e-19
1252150106.4169922,nan,-1.1162991260457437e-19
1252150106.4172363,nan,-1.111264453684738e-19
1252150106.4174805,nan,-1.1083537406006945e-19
1252150106.4177246,nan,-1.0844241015702677e-19
1252150106.4179688,nan,-1.0746239589979681e-19
1252150106.418213,nan,-1.0680240251471552e-19
1252150106.418457,nan,-1.0526185605431265e-19
1252150106.4187012,nan,-1.0415761855462644e-19
1252150106.4189453,nan,-1.0218275330042881e-19
1252150106.4191895,nan,-1.0117207911803423e-19
1252150106.4194336,nan,-1.0013855197330168e-19
1252150106.4196777,nan,-9.848897770755501e-20
1252150106.4199219,nan,-9.693955916999484e-20
1252150106.420166,nan,-9.527008962201847e-20
1252150106.4204102,nan,-9.512119804814348e-20
1252150106.4206543,nan,-9.346579175280734e-20
1252150106.4208984,nan,-9.074426372948269e-20
1252150106.4211426,nan,-8.970259050481502e-20
1252150106.4213867,nan,-8.845249857459011e-20
1252150106.4216309,nan,-8.723738810230582e-20
1252150106.421875,nan,-8.570466980275379e-20
1252150106.4221191,nan,-8.389250495323413e-20
1252150106.4223633,nan,-8.30131088090995e-20
1252150106.4226074,nan,-8.085697532860192e-20
1252150106.4228516,nan,-7.834704022308043e-20
1252150106.4230957,nan,-7.739406214261155e-20
1252150106.4233398,nan,-7.636389516057707e-20
1252150106.423584,nan,-7.444734001001867e-20
1252150106.4238281,nan,-7.224662297560672e-20
1252150106.4240723,nan,-7.034320620173173e-20
1252150106.4243164,nan,-6.960424920940589e-20
1252150106.4245605,nan,-6.754264960096012e-20
1252150106.4248047,nan,-6.446014823457314e-20
1252150106.4250488,nan,-6.343955752049949e-20
1252150106.425293,nan,-6.149024477272682e-20
1252150106.425537,nan,-5.987880502883509e-20
1252150106.4257812,nan,-5.822824281332134e-20
1252150106.4260254,nan,-5.58324990067402e-20
1252150106.4262695,nan,-5.53674425000554e-20
1252150106.4265137,nan,-5.3017499364458645e-20
1252150106.4267578,nan,-4.985652432932157e-20
1252150106.427002,nan,-4.8455576210674083e-20
1252150106.427246,nan,-4.7183648386784696e-20
1252150106.4274902,nan,-4.507357648217608e-20
1252150106.4277344,nan,-4.190447572605069e-20
1252150106.4279785,nan,-4.042384090241181e-20
1252150106.4282227,nan,-3.9112161352055974e-20
1252150106.4284668,nan,-3.6727257137672976e-20
1252150106.428711,nan,-3.4257702657720255e-20
1252150106.428955,nan,-3.1930487904094055e-20
1252150106.4291992,nan,-3.095454064199952e-20
1252150106.4294434,nan,-2.871904551159499e-20
1252150106.4296875,nan,-2.5760479051518877e-20
1252150106.4299316,nan,-2.3981981558701247e-20
1252150106.4301758,nan,-2.2696447400224897e-20
1252150106.43042,nan,-2.0105936242910174e-20
1252150106.430664,nan,-1.696822766333583e-20
1252150106.4309082,nan,-1.4959961040986598e-20
1252150106.4311523,nan,-1.2714713392802969e-20
1252150106.4313965,nan,-1.1210012965765516e-20
1252150106.4316406,nan,-8.798459226129695e-21
1252150106.4318848,nan,-6.375008488032559e-21
1252150106.432129,nan,-5.383599945492167e-21
1252150106.432373,nan,-2.0216415299634616e-21
1252150106.4326172,nan,8.834283167470125e-22
1252150106.4328613,nan,2.4737811829206053e-21
1252150106.4331055,nan,4.7671854948611216e-21
1252150106.4333496,nan,6.362573772877338e-21
1252150106.4335938,nan,9.662316850132437e-21
1252150106.433838,nan,1.2551666881354464e-20
1252150106.434082,nan,1.3423523394163792e-20
1252150106.4343262,nan,1.620553094594818e-20
1252150106.4345703,nan,1.9695476114191733e-20
1252150106.4348145,nan,2.1405324848363367e-20
1252150106.4350586,nan,2.2733449849170857e-20
1252150106.4353027,nan,2.5786741707322017e-20
1252150106.4355469,nan,2.8870360383811636e-20
1252150106.435791,nan,3.086294671263348e-20
1252150106.4360352,nan,3.2504825667603414e-20
1252150106.4362793,nan,3.516069969881317e-20
1252150106.4365234,nan,3.8706611674767935e-20
1252150106.4367676,nan,4.0536460050867395e-20
1252150106.4370117,nan,4.2064390454251786e-20
1252150106.4372559,nan,4.478005632269296e-20
1252150106.4375,nan,4.7971483439285924e-20
1252150106.4377441,nan,5.059283890800686e-20
1252150106.4379883,nan,5.2195138857188267e-20
1252150106.4382324,nan,5.462808845297795e-20
1252150106.4384766,nan,5.754666044679974e-20
1252150106.4387207,nan,5.995412441554666e-20
1252150106.4389648,nan,6.191397434134847e-20
1252150106.439209,nan,6.386116637714567e-20
1252150106.4394531,nan,6.737137471698123e-20
1252150106.4396973,nan,6.999655798634227e-20
1252150106.4399414,nan,7.099501151419278e-20
1252150106.4401855,nan,7.407997597901255e-20
1252150106.4404297,nan,7.743144885850115e-20
1252150106.4406738,nan,7.954024566012365e-20
1252150106.440918,nan,8.208762293724628e-20
1252150106.441162,nan,8.455910485987727e-20
1252150106.4414062,nan,8.725922173093808e-20
1252150106.4416504,nan,8.921000718824196e-20
1252150106.4418945,nan,9.098837216558842e-20
1252150106.4421387,nan,9.421494986227538e-20
1252150106.4423828,nan,9.721397909716132e-20
1252150106.442627,nan,9.973351684905449e-20
1252150106.442871,nan,1.0106211738635163e-19
1252150106.4431152,nan,1.0338899785788489e-19
1252150106.4433594,nan,1.0698743325679935e-19
1252150106.4436035,nan,1.0852887123040416e-19
1252150106.4438477,nan,1.1040926576980442e-19
1252150106.4440918,nan,1.13077903743282e-19
1252150106.444336,nan,1.1635310383034448e-19
1252150106.44458,nan,1.1897870204275465e-19
1252150106.4448242,nan,1.199292292747969e-19
1252150106.4450684,nan,1.2288051675863423e-19
1252150106.4453125,nan,1.2598530317959985e-19
1252150106.4455566,nan,1.2792948201172768e-19
1252150106.4458008,nan,1.294458484286348e-19
1252150106.446045,nan,1.3199039423069876e-19
1252150106.446289,nan,1.3540828523935624e-19
1252150106.4465332,nan,1.3649126003139148e-19
1252150106.4467773,nan,1.38563930721729e-19
1252150106.4470215,nan,1.4172846767623002e-19
1252150106.4472656,nan,1.440546953808427e-19
1252150106.4475098,nan,1.4631005723187865e-19
1252150106.447754,nan,1.4778986321066618e-19
1252150106.447998,nan,1.49970513123453e-19
1252150106.4482422,nan,1.530488125221366e-19
1252150106.4484863,nan,1.5535874544965065e-19
1252150106.4487305,nan,1.567160793256072e-19
1252150106.4489746,nan,1.588800339758119e-19
1252150106.4492188,nan,1.6163019380893523e-19
1252150106.449463,nan,1.6328299089334772e-19
1252150106.449707,nan,1.6487761462625714e-19
1252150106.4499512,nan,1.673643826232719e-19
1252150106.4501953,nan,1.705501217363432e-19
1252150106.4504395,nan,1.7227614692808459e-19
1252150106.4506836,nan,1.7338492672514454e-19
1252150106.4509277,nan,1.759707784281161e-19
1252150106.4511719,nan,1.782866283520082e-19
1252150106.451416,nan,1.7999296640433716e-19
1252150106.4516602,nan,1.8144227370017037e-19
1252150106.4519043,nan,1.8360210067808435e-19
1252150106.4521484,nan,1.8587391139742823e-19
1252150106.4523926,nan,1.8727371373233755e-19
1252150106.4526367,nan,1.8919355629672786e-19
1252150106.4528809,nan,1.9099162665731756e-19
1252150106.453125,nan,1.9313906888304784e-19
1252150106.4533691,nan,1.952571410964571e-19
1252150106.4536133,nan,1.9629433183527013e-19
1252150106.4538574,nan,1.983912788809373e-19
1252150106.4541016,nan,2.008813200200083e-19
1252150106.4543457,nan,2.0182567607131043e-19
1252150106.4545898,nan,2.0306410260789544e-19
1252150106.454834,nan,2.052001402676362e-19
1252150106.4550781,nan,2.0732147697100654e-19
1252150106.4553223,nan,2.0887122639013204e-19
1252150106.4555664,nan,2.0920293620524436e-19
1252150106.4558105,nan,2.115287510818914e-19
1252150106.4560547,nan,2.1430973289492626e-19
1252150106.4562988,nan,2.1435340827859697e-19
1252150106.456543,nan,2.1575776081012222e-19
1252150106.456787,nan,2.180746288617573e-19
1252150106.4570312,nan,2.194238295765347e-19
1252150106.4572754,nan,2.2057050398986005e-19
1252150106.4575195,nan,2.211005766768125e-19
1252150106.4577637,nan,2.223166974981567e-19
1252150106.4580078,nan,2.2435415041379876e-19
1252150106.458252,nan,2.2584740317453534e-19
1252150106.458496,nan,2.264872548632566e-19
1252150106.4587402,nan,2.2813525250745904e-19
1252150106.4589844,nan,2.2956712532093387e-19
1252150106.4592285,nan,2.297281168912327e-19
1252150106.4594727,nan,2.3117978346831954e-19
1252150106.4597168,nan,2.322445506841048e-19
1252150106.459961,nan,2.3346078317121694e-19
1252150106.460205,nan,2.3492922440077065e-19
1252150106.4604492,nan,2.3503889807750606e-19
1252150106.4606934,nan,2.362503621053905e-19
1252150106.4609375,nan,2.3771617167530516e-19
1252150106.4611816,nan,2.382528425040566e-19
1252150106.4614258,nan,2.3872656614183897e-19
1252150106.46167,nan,2.39137141596571e-19
1252150106.461914,nan,2.401609095014777e-19
1252150106.4621582,nan,2.4157141656652597e-19
1252150106.4624023,nan,2.418655290578131e-19
1252150106.4626465,nan,2.422223535274647e-19
1252150106.4628906,nan,2.433987960340615e-19
1252150106.4631348,nan,2.4396871016003093e-19
1252150106.463379,nan,2.4387688035265465e-19
1252150106.463623,nan,2.4443516779034186e-19
1252150106.4638672,nan,2.45667134598757e-19
1252150106.4641113,nan,2.4567982496518724e-19
1252150106.4643555,nan,2.455696735827072e-19
1252150106.4645996,nan,2.4646524310224123e-19
1252150106.4648438,nan,2.4676420009240195e-19
1252150106.465088,nan,2.4671511879138256e-19
1252150106.465332,nan,2.467026025941466e-19
1252150106.4655762,nan,2.4769211786082304e-19
1252150106.4658203,nan,2.482342621427004e-19
1252150106.4660645,nan,2.472941189776313e-19
1252150106.4663086,nan,2.4776497267095455e-19
1252150106.4665527,nan,2.4791727525383603e-19
1252150106.4667969,nan,2.4787510822929913e-19
1252150106.467041,nan,2.473572641908055e-19
1252150106.4672852,nan,2.4658651153784214e-19
1252150106.4675293,nan,2.4709262351946857e-19
1252150106.4677734,nan,2.470491021127235e-19
1252150106.4680176,nan,2.470475467062454e-19
1252150106.4682617,nan,2.4669202429199644e-19
1252150106.4685059,nan,2.4632488784100235e-19
1252150106.46875,nan,2.463758333911744e-19
1252150106.4689941,nan,2.458375332576973e-19
1252150106.4692383,nan,2.446997343450136e-19
1252150106.4694824,nan,2.4434591842104996e-19
1252150106.4697266,nan,2.446912540085937e-19
1252150106.4699707,nan,2.434846690153273e-19
1252150106.4702148,nan,2.427777693379034e-19
1252150106.470459,nan,2.4279377688022835e-19
1252150106.4707031,nan,2.4191442795316365e-19
1252150106.4709473,nan,2.4140848279029717e-19
1252150106.4711914,nan,2.3975586273793264e-19
1252150106.4714355,nan,2.389359172997892e-19
1252150106.4716797,nan,2.393892154621705e-19
1252150106.4719238,nan,2.3757566149642237e-19
1252150106.472168,nan,2.3654915888264785e-19
1252150106.472412,nan,2.362436393854013e-19
1252150106.4726562,nan,2.354754084519331e-19
1252150106.4729004,nan,2.346564401366857e-19
1252150106.4731445,nan,2.3216016115092746e-19
1252150106.4733887,nan,2.3167584383375304e-19
1252150106.4736328,nan,2.314761416237422e-19
1252150106.473877,nan,2.296217299656075e-19
1252150106.474121,nan,2.2848149695411797e-19
1252150106.4743652,nan,2.267722365562572e-19
1252150106.4746094,nan,2.2632125359818548e-19
1252150106.4748535,nan,2.247899140269578e-19
1252150106.4750977,nan,2.2202625692844106e-19
1252150106.4753418,nan,2.212572538040119e-19
1252150106.475586,nan,2.202036702350283e-19
1252150106.47583,nan,2.1898719033076433e-19
1252150106.4760742,nan,2.1699402198907516e-19
1252150106.4763184,nan,2.1522640401110645e-19
1252150106.4765625,nan,2.1457616072982183e-19
1252150106.4768066,nan,2.1226158335462448e-19
1252150106.4770508,nan,2.1000272684452612e-19
1252150106.477295,nan,2.083173846816998e-19
1252150106.477539,nan,2.0644744389396164e-19
1252150106.4777832,nan,2.0451374999820884e-19
1252150106.4780273,nan,2.0249237250298108e-19
1252150106.4782715,nan,2.0129499036248454e-19
1252150106.4785156,nan,1.995958617681709e-19
1252150106.4787598,nan,1.9694174858651612e-19
1252150106.479004,nan,1.9460400946994057e-19
1252150106.479248,nan,1.9271859805997807e-19
1252150106.4794922,nan,1.9148627151672796e-19
1252150106.4797363,nan,1.8947033928283606e-19
1252150106.4799805,nan,1.858503631386431e-19
1252150106.4802246,nan,1.839200555922167e-19
1252150106.4804688,nan,1.8275901035712747e-19
1252150106.480713,nan,1.7994919788284191e-19
1252150106.480957,nan,1.7695260145573202e-19
1252150106.4812012,nan,1.7440597233787485e-19
1252150106.4814453,nan,1.726678017037998e-19
1252150106.4816895,nan,1.7035786046661542e-19
1252150106.4819336,nan,1.6724286327770344e-19
1252150106.4821777,nan,1.6554269123123583e-19
1252150106.4824219,nan,1.633329009041845e-19
1252150106.482666,nan,1.6005689112907552e-19
1252150106.4829102,nan,1.565315595730051e-19
1252150106.4831543,nan,1.5405204237956546e-19
1252150106.4833984,nan,1.526102975319447e-19
1252150106.4836426,nan,1.493197476890499e-19
1252150106.4838867,nan,1.4633077177918217e-19
1252150106.4841309,nan,1.4421388562766646e-19
1252150106.484375,nan,1.4115896073921173e-19
1252150106.4846191,nan,1.384449868126385e-19
1252150106.4848633,nan,1.3489897414717107e-19
1252150106.4851074,nan,1.3215133887118703e-19
1252150106.4853516,nan,1.3032398983374428e-19
1252150106.4855957,nan,1.26643193884839e-19
1252150106.4858398,nan,1.2362584675291193e-19
1252150106.486084,nan,1.2080555764186253e-19
1252150106.4863281,nan,1.1802892552423733e-19
1252150106.4865723,nan,1.152209308378279e-19
1252150106.4868164,nan,1.106604848276115e-19
1252150106.4870605,nan,1.0766062415679757e-19
1252150106.4873047,nan,1.0612113921059779e-19
1252150106.4875488,nan,1.0203996182152804e-19
1252150106.487793,nan,9.810658693412707e-20
1252150106.488037,nan,9.618525112108155e-20
1252150106.4882812,nan,9.283815421998037e-20
1252150106.4885254,nan,8.896716652078816e-20
1252150106.4887695,nan,8.541147041410105e-20
1252150106.4890137,nan,8.2095377481095e-20
1252150106.4892578,nan,8.006063499995961e-20
1252150106.489502,nan,7.592957049868987e-20
1252150106.489746,nan,7.181876451364702e-20
1252150106.4899902,nan,6.969471817275838e-20
1252150106.4902344,nan,6.617664005569628e-20
1252150106.4904785,nan,6.182773787525659e-20
1252150106.4907227,nan,5.766833286020085e-20
1252150106.4909668,nan,5.468397761936273e-20
1252150106.491211,nan,5.211842257641062e-20
1252150106.491455,nan,4.818033208215507e-20
1252150106.4916992,nan,4.436232489269856e-20
1252150106.4919434,nan,4.133881951567108e-20
1252150106.4921875,nan,3.7784690188155176e-20
1252150106.4924316,nan,3.3628818505815113e-20
1252150106.4926758,nan,2.9820008260700686e-20
1252150106.49292,nan,2.6277040698811497e-20
1252150106.493164,nan,2.3019645757037275e-20
1252150106.4934082,nan,1.9743293639499144e-20
1252150106.4936523,nan,1.535665938209692e-20
1252150106.4938965,nan,1.181219679092904e-20
1252150106.4941406,nan,8.978955437317127e-21
1252150106.4943848,nan,4.4901900933964865e-21
1252150106.494629,nan,-2.179811962728039e-22
1252150106.494873,nan,-2.8707098682325843e-21
1252150106.4951172,nan,-5.947322143300696e-21
1252150106.4953613,nan,-1.0212466085558381e-20
1252150106.4956055,nan,-1.4032351591618764e-20
1252150106.4958496,nan,-1.7713954248833936e-20
1252150106.4960938,nan,-2.0951735954053046e-20
1252150106.496338,nan,-2.489893867367177e-20
1252150106.496582,nan,-2.974344906698859e-20
1252150106.4968262,nan,-3.3604461708417193e-20
1252150106.4970703,nan,-3.6157638669380573e-20
1252150106.4973145,nan,-4.024907995434398e-20
1252150106.4975586,nan,-4.470965233090165e-20
1252150106.4978027,nan,-4.7378014614787703e-20
1252150106.4980469,nan,-5.1334093745400665e-20
1252150106.498291,nan,-5.564770257978573e-20
1252150106.4985352,nan,-5.949972605865836e-20
1252150106.4987793,nan,-6.354186030704499e-20
1252150106.4990234,nan,-6.614476081351295e-20
1252150106.4992676,nan,-6.997922328545106e-20
1252150106.4995117,nan,-7.53543891514177e-20
1252150106.4997559,nan,-7.843920371904136e-20
1252150106.5,nan,-8.090469640838954e-20
1252150106.5002441,nan,-8.592909581337776e-20
1252150106.5004883,nan,-9.054049356446928e-20
1252150106.5007324,nan,-9.347026978845973e-20
1252150106.5009766,nan,-9.640372462443069e-20
1252150106.5012207,nan,-1.0036503266994219e-19
1252150106.5014648,nan,-1.0488245975327749e-19
1252150106.501709,nan,-1.0789485453842204e-19
1252150106.5019531,nan,-1.1102862150746658e-19
1252150106.5021973,nan,-1.1550888978558846e-19
1252150106.5024414,nan,-1.2010525969629723e-19
1252150106.5026855,nan,-1.2327319057546268e-19
1252150106.5029297,nan,-1.2607978812990192e-19
1252150106.5031738,nan,-1.3074955362525866e-19
1252150106.503418,nan,-1.3439139477026475e-19
1252150106.503662,nan,-1.369995831995463e-19
1252150106.5039062,nan,-1.4117044151225353e-19
1252150106.5041504,nan,-1.4492718374823954e-19
1252150106.5043945,nan,-1.4870172950913674e-19
1252150106.5046387,nan,-1.5207876864309394e-19
1252150106.5048828,nan,-1.5438066057764155e-19
1252150106.505127,nan,-1.589176927531344e-19
1252150106.505371,nan,-1.6301954017775877e-19
1252150106.5056152,nan,-1.6553802699311399e-19
1252150106.5058594,nan,-1.688632735698831e-19
1252150106.5061035,nan,-1.7249470001906174e-19
1252150106.5063477,nan,-1.7687899260004834e-19
1252150106.5065918,nan,-1.7988277741755448e-19
1252150106.506836,nan,-1.8229024789490017e-19
1252150106.50708,nan,-1.8635189493326912e-19
1252150106.5073242,nan,-1.8998597427979644e-19
1252150106.5075684,nan,-1.9301119546838555e-19
1252150106.5078125,nan,-1.959618501756929e-19
1252150106.5080566,nan,-1.9941807609226942e-19
1252150106.5083008,nan,-2.0334004930395784e-19
1252150106.508545,nan,-2.0595669609151682e-19
1252150106.508789,nan,-2.08411908072186e-19
1252150106.5090332,nan,-2.118982371291187e-19
1252150106.5092773,nan,-2.155731231352297e-19
1252150106.5095215,nan,-2.181690352943928e-19
1252150106.5097656,nan,-2.2078123662007064e-19
1252150106.5100098,nan,-2.249484554772042e-19
1252150106.510254,nan,-2.279309865802548e-19
1252150106.510498,nan,-2.3048586313910315e-19
1252150106.5107422,nan,-2.332638235828142e-19
1252150106.5109863,nan,-2.3547468588640914e-19
1252150106.5112305,nan,-2.38965920206498e-19
1252150106.5114746,nan,-2.41710313458667e-19
1252150106.5117188,nan,-2.44248636758634e-19
1252150106.511963,nan,-2.474812380710334e-19
1252150106.512207,nan,-2.500225997925034e-19
1252150106.5124512,nan,-2.52682373178802e-19
1252150106.5126953,nan,-2.5495237767157846e-19
1252150106.5129395,nan,-2.579532865089611e-19
1252150106.5131836,nan,-2.6092136704064514e-19
1252150106.5134277,nan,-2.62894675147359e-19
1252150106.5136719,nan,-2.650649160722198e-19
1252150106.513916,nan,-2.677254132139415e-19
1252150106.5141602,nan,-2.709485877899516e-19
1252150106.5144043,nan,-2.7324331802306726e-19
1252150106.5146484,nan,-2.747309705056102e-19
1252150106.5148926,nan,-2.7690868832288303e-19
1252150106.5151367,nan,-2.8043729433203887e-19
1252150106.5153809,nan,-2.821427786704378e-19
1252150106.515625,nan,-2.829999316713369e-19
1252150106.5158691,nan,-2.8679339946849293e-19
1252150106.5161133,nan,-2.8906745996854274e-19
1252150106.5163574,nan,-2.9017313871623076e-19
1252150106.5166016,nan,-2.9220177119926555e-19
1252150106.5168457,nan,-2.942296256768417e-19
1252150106.5170898,nan,-2.967817166636096e-19
1252150106.517334,nan,-2.978723585600603e-19
1252150106.5175781,nan,-2.9909185056734855e-19
1252150106.5178223,nan,-3.019269810052549e-19
1252150106.5180664,nan,-3.042110224187444e-19
1252150106.5183105,nan,-3.051467688618058e-19
1252150106.5185547,nan,-3.063581906538881e-19
1252150106.5187988,nan,-3.08067851047804e-19
1252150106.519043,nan,-3.0981686839438166e-19
1252150106.519287,nan,-3.1176513079756565e-19
1252150106.5195312,nan,-3.1225485106534985e-19
1252150106.5197754,nan,-3.1384099956980723e-19
1252150106.5200195,nan,-3.1615487045762983e-19
1252150106.5202637,nan,-3.163911373398839e-19
1252150106.5205078,nan,-3.1752941972316926e-19
1252150106.520752,nan,-3.1861314890728853e-19
1252150106.520996,nan,-3.201536852687131e-19
1252150106.5212402,nan,-3.2195093286836923e-19
1252150106.5214844,nan,-3.2147174463476815e-19
1252150106.5217285,nan,-3.232972055158318e-19
1252150106.5219727,nan,-3.2492178641620833e-19
1252150106.5222168,nan,-3.2454605819838586e-19
1252150106.522461,nan,-3.256874665976101e-19
1252150106.522705,nan,-3.2703465040833935e-19
1252150106.5229492,nan,-3.275607981790957e-19
1252150106.5231934,nan,-3.276716738262892e-19
1252150106.5234375,nan,-3.285095939255422e-19
1252150106.5236816,nan,-3.2891255943427695e-19
1252150106.5239258,nan,-3.2959381437011153e-19
1252150106.52417,nan,-3.307738980903352e-19
1252150106.524414,nan,-3.3051372849765934e-19
1252150106.5246582,nan,-3.3064287640517227e-19
1252150106.5249023,nan,-3.315954965542086e-19
1252150106.5251465,nan,-3.3214599280595695e-19
1252150106.5253906,nan,-3.317161011034257e-19
1252150106.5256348,nan,-3.312354828869131e-19
1252150106.525879,nan,-3.323610402434988e-19
1252150106.526123,nan,-3.3271341764779537e-19
1252150106.5263672,nan,-3.3130097495704257e-19
1252150106.5266113,nan,-3.314837216209845e-19
1252150106.5268555,nan,-3.3235773234784853e-19
1252150106.5270996,nan,-3.313536392052573e-19
1252150106.5273438,nan,-3.3053484070301265e-19
1252150106.527588,nan,-3.311733882169168e-19
1252150106.527832,nan,-3.3115138521184503e-19
1252150106.5280762,nan,-3.30286294264706e-19
1252150106.5283203,nan,-3.2990744695726388e-19
1252150106.5285645,nan,-3.2908757698635176e-19
1252150106.5288086,nan,-3.291647092901034e-19
1252150106.5290527,nan,-3.2833335244906263e-19
1252150106.5292969,nan,-3.2672009541788506e-19
1252150106.529541,nan,-3.273183654403664e-19
1252150106.5297852,nan,-3.26255178959963e-19
1252150106.5300293,nan,-3.2508688590006217e-19
1252150106.5302734,nan,-3.2430073973010795e-19
1252150106.5305176,nan,-3.2277732498625973e-19
1252150106.5307617,nan,-3.2260603715626266e-19
1252150106.5310059,nan,-3.2145090494485204e-19
1252150106.53125,nan,-3.1975529844360717e-19
1252150106.5314941,nan,-3.1912034180310143e-19
1252150106.5317383,nan,-3.180283207550092e-19
1252150106.5319824,nan,-3.16695110993657e-19
1252150106.5322266,nan,-3.148230791825534e-19
1252150106.5324707,nan,-3.1342062298183987e-19
1252150106.5327148,nan,-3.1318091015742126e-19
1252150106.532959,nan,-3.110089670139031e-19
1252150106.5332031,nan,-3.091134065886655e-19
1252150106.5334473,nan,-3.0830609434752727e-19
1252150106.5336914,nan,-3.0642873790979917e-19
1252150106.5339355,nan,-3.052201548935196e-19
1252150106.5341797,nan,-3.030906691780143e-19
1252150106.5344238,nan,-3.0089776594763263e-19
1252150106.534668,nan,-2.9945911381030277e-19
1252150106.534912,nan,-2.971014299913859e-19
1252150106.5351562,nan,-2.9519375032345743e-19
1252150106.5354004,nan,-2.936036247664593e-19
1252150106.5356445,nan,-2.917586849278219e-19
1252150106.5358887,nan,-2.892990600840285e-19
1252150106.5361328,nan,-2.869468962080299e-19
1252150106.536377,nan,-2.852526048724578e-19
1252150106.536621,nan,-2.8269751382987174e-19
1252150106.5368652,nan,-2.7990254076090556e-19
1252150106.5371094,nan,-2.777576108638294e-19
1252150106.5373535,nan,-2.753145239907004e-19
1252150106.5375977,nan,-2.736672251093475e-19
1252150106.5378418,nan,-2.714506978972821e-19
1252150106.538086,nan,-2.6780152737625053e-19
1252150106.53833,nan,-2.6587457708798353e-19
1252150106.5385742,nan,-2.63492824170043e-19
1252150106.5388184,nan,-2.5969229022163146e-19
1252150106.5390625,nan,-2.569114336263358e-19
1252150106.5393066,nan,-2.551099454684531e-19
1252150106.5395508,nan,-2.5298791352522223e-19
1252150106.539795,nan,-2.4884450980055277e-19
1252150106.540039,nan,-2.4551519858005265e-19
1252150106.5402832,nan,-2.436207222813832e-19
1252150106.5405273,nan,-2.4041978925359368e-19
1252150106.5407715,nan,-2.3749662489067073e-19
1252150106.5410156,nan,-2.3418013237035e-19
1252150106.5412598,nan,-2.3100232389785784e-19
1252150106.541504,nan,-2.2888632144191423e-19
1252150106.541748,nan,-2.2501079053932956e-19
1252150106.5419922,nan,-2.212391952569356e-19
1252150106.5422363,nan,-2.186030197707116e-19
1252150106.5424805,nan,-2.1527430813294398e-19
1252150106.5427246,nan,-2.1171104756269072e-19
1252150106.5429688,nan,-2.083140088637261e-19
1252150106.543213,nan,-2.047069742970734e-19
1252150106.543457,nan,-2.016294583287291e-19
1252150106.5437012,nan,-1.982194953972597e-19
1252150106.5439453,nan,-1.9414201661811094e-19
1252150106.5441895,nan,-1.9143811132542414e-19
1252150106.5444336,nan,-1.8780497445568302e-19
1252150106.5446777,nan,-1.8328961842555488e-19
1252150106.5449219,nan,-1.7947285399432365e-19
1252150106.545166,nan,-1.7584409864415652e-19
1252150106.5454102,nan,-1.7299783591717804e-19
1252150106.5456543,nan,-1.6865383965799226e-19
1252150106.5458984,nan,-1.6489867660938583e-19
1252150106.5461426,nan,-1.62042951014512e-19
1252150106.5463867,nan,-1.5730988687470416e-19
1252150106.5466309,nan,-1.5326788920768896e-19
1252150106.546875,nan,-1.4904452429684758e-19
1252150106.5471191,nan,-1.452517600154427e-19
1252150106.5473633,nan,-1.4239398098183084e-19
1252150106.5476074,nan,-1.3744568888614472e-19
1252150106.5478516,nan,-1.3322641582304287e-19
1252150106.5480957,nan,-1.2989335654432493e-19
1252150106.5483398,nan,-1.2530183117772087e-19
1252150106.548584,nan,-1.2162646247378963e-19
1252150106.5488281,nan,-1.1698743409916358e-19
1252150106.5490723,nan,-1.123001072817513e-19
1252150106.5493164,nan,-1.0931160263173052e-19
1252150106.5495605,nan,-1.0471561681216498e-19
1252150106.5498047,nan,-1.0017270336095148e-19
1252150106.5500488,nan,-9.648047551176829e-20
1252150106.550293,nan,-9.240501352612743e-20
1252150106.550537,nan,-8.80343860586703e-20
1252150106.5507812,nan,-8.310163664965128e-20
1252150106.5510254,nan,-7.91589966261584e-20
1252150106.5512695,nan,-7.501941018197834e-20
1252150106.5515137,nan,-7.02471606152222e-20
1252150106.5517578,nan,-6.600917346389206e-20
1252150106.552002,nan,-6.182782181603967e-20
1252150106.552246,nan,-5.781113699242229e-20
1252150106.5524902,nan,-5.2683520945891745e-20
1252150106.5527344,nan,-4.806696246384006e-20
1252150106.5529785,nan,-4.449636519880903e-20
1252150106.5532227,nan,-3.959080023056575e-20
1252150106.5534668,nan,-3.5513910869060033e-20
1252150106.553711,nan,-3.066733576989524e-20
1252150106.553955,nan,-2.6087092334596196e-20
1252150106.5541992,nan,-2.276579876070289e-20
1252150106.5544434,nan,-1.640137771237999e-20
1252150106.5546875,nan,-1.2188216157276993e-20
1252150106.5549316,nan,-8.674971931921952e-21
1252150106.5551758,nan,-3.687124590555735e-21
1252150106.55542,nan,1.7331025871687392e-22
1252150106.555664,nan,5.286514633167859e-21
1252150106.5559082,nan,9.27632323533567e-21
1252150106.5561523,nan,1.376689372694192e-20
1252150106.5563965,nan,1.8740298970236875e-20
1252150106.5566406,nan,2.3380992149814013e-20
1252150106.5568848,nan,2.816625226765541e-20
1252150106.557129,nan,3.1241880536209555e-20
1252150106.557373,nan,3.638302668046589e-20
1252150106.5576172,nan,4.191265417160465e-20
1252150106.5578613,nan,4.585988632420875e-20
1252150106.5581055,nan,4.9602826066939755e-20
1252150106.5583496,nan,5.3961953619723814e-20
1252150106.5585938,nan,5.980974263258498e-20
1252150106.558838,nan,6.369594106407562e-20
1252150106.559082,nan,6.722071370710447e-20
1252150106.5593262,nan,7.26232629134765e-20
1252150106.5595703,nan,7.7332690789417e-20
1252150106.5598145,nan,8.08836953119888e-20
1252150106.5600586,nan,8.517202042797213e-20
1252150106.5603027,nan,9.072577940894966e-20
1252150106.5605469,nan,9.538410150358406e-20
1252150106.560791,nan,9.865301945472145e-20
1252150106.5610352,nan,1.0303968562945852e-19
1252150106.5612793,nan,1.081799809930314e-19
1252150106.5615234,nan,1.1250196533369892e-19
1252150106.5617676,nan,1.1654159585564996e-19
1252150106.5620117,nan,1.2006916596455918e-19
1252150106.5622559,nan,1.2492996339993921e-19
1252150106.5625,nan,1.302580412668107e-19
1252150106.5627441,nan,1.336944223388983e-19
1252150106.5629883,nan,1.3750253906059257e-19
1252150106.5632324,nan,1.4238024737695689e-19
1252150106.5634766,nan,1.470351475875845e-19
1252150106.5637207,nan,1.504303913778186e-19
1252150106.5639648,nan,1.5434745608483771e-19
1252150106.564209,nan,1.5933623484089316e-19
1252150106.5644531,nan,1.6332269552775566e-19
1252150106.5646973,nan,1.6704936251505003e-19
1252150106.5649414,nan,1.70877822538997e-19
1252150106.5651855,nan,1.7574018555734033e-19
1252150106.5654297,nan,1.801556142686798e-19
1252150106.5656738,nan,1.8278534856079103e-19
1252150106.565918,nan,1.8692863115104354e-19
1252150106.566162,nan,1.9134262297417567e-19
1252150106.5664062,nan,1.9522903141895905e-19
1252150106.5666504,nan,1.992054286408111e-19
1252150106.5668945,nan,2.0213068273663455e-19
1252150106.5671387,nan,2.0670427111005105e-19
1252150106.5673828,nan,2.1133188850250658e-19
1252150106.567627,nan,2.1435849734138641e-19
1252150106.567871,nan,2.1806628618041283e-19
1252150106.5681152,nan,2.21298608457164e-19
1252150106.5683594,nan,2.2566513354904337e-19
1252150106.5686035,nan,2.2946252001868705e-19
1252150106.5688477,nan,2.318737185119349e-19
1252150106.5690918,nan,2.3646744797827793e-19
1252150106.569336,nan,2.396485108863759e-19
1252150106.56958,nan,2.4221628436990833e-19
1252150106.5698242,nan,2.465733390291027e-19
1252150106.5700684,nan,2.5000094283785596e-19
1252150106.5703125,nan,2.538082049672649e-19
1252150106.5705566,nan,2.572079208719814e-19
1252150106.5708008,nan,2.5966453909205156e-19
1252150106.571045,nan,2.6328893364628605e-19
1252150106.571289,nan,2.6676408147392917e-19
1252150106.5715332,nan,2.6961205208826863e-19
1252150106.5717773,nan,2.722037179594031e-19
1252150106.5720215,nan,2.7557257737169617e-19
1252150106.5722656,nan,2.7991367705694865e-19
1252150106.5725098,nan,2.8227767567471055e-19
1252150106.572754,nan,2.8450954302875973e-19
1252150106.572998,nan,2.884500607298602e-19
1252150106.5732422,nan,2.9110563046393286e-19
1252150106.5734863,nan,2.932064019642e-19
1252150106.5737305,nan,2.9619628901610036e-19
1252150106.5739746,nan,2.993859129810897e-19
1252150106.5742188,nan,3.02492322856397e-19
1252150106.574463,nan,3.0485334518301053e-19
1252150106.574707,nan,3.069700473188019e-19
1252150106.5749512,nan,3.1010246360457048e-19
1252150106.5751953,nan,3.1314933863226255e-19
1252150106.5754395,nan,3.1460020023082613e-19
1252150106.5756836,nan,3.165808019815788e-19
1252150106.5759277,nan,3.1986005219089247e-19
1252150106.5761719,nan,3.2231892051968e-19
1252150106.576416,nan,3.241856214586472e-19
1252150106.5766602,nan,3.2612230277002496e-19
1252150106.5769043,nan,3.2902534123588156e-19
1252150106.5771484,nan,3.31654247455299e-19
1252150106.5773926,nan,3.3257918412965473e-19
1252150106.5776367,nan,3.34665321491405e-19
1252150106.5778809,nan,3.3685637008954355e-19
1252150106.578125,nan,3.383842889656094e-19
1252150106.5783691,nan,3.409130294861892e-19
1252150106.5786133,nan,3.4211653217033164e-19
1252150106.5788574,nan,3.443925955504076e-19
1252150106.5791016,nan,3.472655234802734e-19
1252150106.5793457,nan,3.46940219130963e-19
1252150106.5795898,nan,3.4865629447734135e-19
1252150106.579834,nan,3.518187779905649e-19
1252150106.5800781,nan,3.528634584111871e-19
1252150106.5803223,nan,3.5413250501653663e-19
1252150106.5805664,nan,3.548795972345812e-19
1252150106.5808105,nan,3.5702973338214595e-19
1252150106.5810547,nan,3.5897463040513095e-19
1252150106.5812988,nan,3.5877963803571287e-19
1252150106.581543,nan,3.598891213584464e-19
1252150106.581787,nan,3.614271907744213e-19
1252150106.5820312,nan,3.630431398098396e-19
1252150106.5822754,nan,3.639374976407234e-19
1252150106.5825195,nan,3.6410487434386025e-19
1252150106.5827637,nan,3.6539310230354243e-19
1252150106.5830078,nan,3.6676531727047328e-19
1252150106.583252,nan,3.6690507717106253e-19
1252150106.583496,nan,3.6751505174888154e-19
1252150106.5837402,nan,3.685789465731848e-19
1252150106.5839844,nan,3.6970907789067405e-19
1252150106.5842285,nan,3.7058667619960386e-19
1252150106.5844727,nan,3.697243019618685e-19
1252150106.5847168,nan,3.7056501475734337e-19
1252150106.584961,nan,3.7203417765784046e-19
1252150106.585205,nan,3.712507841498945e-19
1252150106.5854492,nan,3.7086809496066004e-19
1252150106.5856934,nan,3.714779272323426e-19
1252150106.5859375,nan,3.7268635860482003e-19
1252150106.5861816,nan,3.721094640382515e-19
1252150106.5864258,nan,3.717932378564229e-19
1252150106.58667,nan,3.7304225531791045e-19
1252150106.586914,nan,3.726337501965476e-19
1252150106.5871582,nan,3.7206426357362535e-19
1252150106.5874023,nan,3.714377784917077e-19
1252150106.5876465,nan,3.7148794891187695e-19
1252150106.5878906,nan,3.715953499990513e-19
1252150106.5881348,nan,3.7078613349253303e-19
1252150106.588379,nan,3.707950665848678e-19
1252150106.588623,nan,3.698753578847049e-19
1252150106.5888672,nan,3.6945122535514673e-19
1252150106.5891113,nan,3.6909865575980264e-19
1252150106.5893555,nan,3.673263205751513e-19
1252150106.5895996,nan,3.6774412024658766e-19
1252150106.5898438,nan,3.6754102445193084e-19
1252150106.590088,nan,3.659457332771257e-19
1252150106.590332,nan,3.651363077175538e-19
1252150106.5905762,nan,3.642888905775275e-19
1252150106.5908203,nan,3.633841924118717e-19
1252150106.5910645,nan,3.619246182371615e-19
1252150106.5913086,nan,3.6076516280051357e-19
1252150106.5915527,nan,3.595032185701366e-19
1252150106.5917969,nan,3.5904864935334633e-19
1252150106.592041,nan,3.576835016078788e-19
1252150106.5922852,nan,3.550180858091386e-19
1252150106.5925293,nan,3.5501210696502856e-19
1252150106.5927734,nan,3.535442322126898e-19
1252150106.5930176,nan,3.512135439921183e-19
1252150106.5932617,nan,3.50107851840562e-19
1252150106.5935059,nan,3.481663414846917e-19
1252150106.59375,nan,3.4751418887444456e-19
1252150106.5939941,nan,3.453598683612198e-19
1252150106.5942383,nan,3.4272737723123735e-19
1252150106.5944824,nan,3.423320868426952e-19
1252150106.5947266,nan,3.4009798929445483e-19
1252150106.5949707,nan,3.3738926903583363e-19
1252150106.5952148,nan,3.3547072656263777e-19
1252150106.595459,nan,3.33659024482934e-19
1252150106.5957031,nan,3.3195646226330045e-19
1252150106.5959473,nan,3.293230609430346e-19
1252150106.5961914,nan,3.2729597825536776e-19
1252150106.5964355,nan,3.2535628618421656e-19
1252150106.5966797,nan,3.2297174121557964e-19
1252150106.5969238,nan,3.201090307133295e-19
1252150106.597168,nan,3.175578974743226e-19
1252150106.597412,nan,3.162095253732871e-19
1252150106.5976562,nan,3.131505830277808e-19
1252150106.5979004,nan,3.103704907731913e-19
1252150106.5981445,nan,3.080605913715703e-19
1252150106.5983887,nan,3.051558864205052e-19
1252150106.5986328,nan,3.0310492704271727e-19
1252150106.598877,nan,2.995970341252391e-19
1252150106.599121,nan,2.9623264963343874e-19
1252150106.5993652,nan,2.9441680797077103e-19
1252150106.5996094,nan,2.9241730876547817e-19
1252150106.5998535,nan,2.8873480503889766e-19
1252150106.6000977,nan,2.8514517698503714e-19
1252150106.6003418,nan,2.833508509953758e-19
1252150106.600586,nan,2.8006166209710005e-19
1252150106.60083,nan,2.7650976290755874e-19
1252150106.6010742,nan,2.73322514533373e-19
1252150106.6013184,nan,2.703478668239519e-19
1252150106.6015625,nan,2.676271428524716e-19
1252150106.6018066,nan,2.6381325492266796e-19
1252150106.6020508,nan,2.606410527297912e-19
1252150106.602295,nan,2.571681647168359e-19
1252150106.602539,nan,2.545484059546877e-19
1252150106.6027832,nan,2.50578264950173e-19
1252150106.6030273,nan,2.4559743020695495e-19
1252150106.6032715,nan,2.436254650187483e-19
1252150106.6035156,nan,2.404296491076994e-19
1252150106.6037598,nan,2.363002239151285e-19
1252150106.604004,nan,2.3239619423411795e-19
1252150106.604248,nan,2.2874903955487837e-19
1252150106.6044922,nan,2.2644024779706837e-19
1252150106.6047363,nan,2.2196026948587206e-19
1252150106.6049805,nan,2.166165630666777e-19
1252150106.6052246,nan,2.1396536322648343e-19
1252150106.6054688,nan,2.1104584798643544e-19
1252150106.605713,nan,2.064118935807192e-19
1252150106.605957,nan,2.019251382701503e-19
1252150106.6062012,nan,1.9895587587927314e-19
1252150106.6064453,nan,1.9588741509610317e-19
1252150106.6066895,nan,1.906727039186491e-19
1252150106.6069336,nan,1.8647896125173958e-19
1252150106.6071777,nan,1.82750258598074e-19
1252150106.6074219,nan,1.7836781513698445e-19
1252150106.607666,nan,1.7499373410706338e-19
1252150106.6079102,nan,1.6971152097238834e-19
1252150106.6081543,nan,1.6601072999107084e-19
1252150106.6083984,nan,1.6364937822923275e-19
1252150106.6086426,nan,1.574177471858801e-19
1252150106.6088867,nan,1.5275156192953262e-19
1252150106.6091309,nan,1.5033777405708634e-19
1252150106.609375,nan,1.4615332906252512e-19
1252150106.6096191,nan,1.4098726191384534e-19
1252150106.6098633,nan,1.3650545519034962e-19
1252150106.6101074,nan,1.3237074234228977e-19
1252150106.6103516,nan,1.2852099349883712e-19
1252150106.6105957,nan,1.2384960335391927e-19
1252150106.6108398,nan,1.1814315082911408e-19
1252150106.611084,nan,1.1449729775264324e-19
1252150106.6113281,nan,1.1044234008437863e-19
1252150106.6115723,nan,1.0569165779862054e-19
1252150106.6118164,nan,1.0139960902216661e-19
1252150106.6120605,nan,9.725669532989702e-20
1252150106.6123047,nan,9.333822226772656e-20
1252150106.6125488,nan,8.738911188772378e-20
1252150106.612793,nan,8.324039524494644e-20
1252150106.613037,nan,7.940501209107379e-20
1252150106.6132812,nan,7.431707588544312e-20
1252150106.6135254,nan,6.986342091878803e-20
1252150106.6137695,nan,6.466435865411938e-20
1252150106.6140137,nan,6.098465113912103e-20
1252150106.6142578,nan,5.631764695104975e-20
1252150106.614502,nan,5.0639483512757753e-20
1252150106.614746,nan,4.642181662005372e-20
1252150106.6149902,nan,4.2353133950650145e-20
1252150106.6152344,nan,3.770408018801466e-20
1252150106.6154785,nan,3.2073740220201056e-20
1252150106.6157227,nan,2.8001395566447103e-20
1252150106.6159668,nan,2.4101967184741483e-20
1252150106.616211,nan,1.8763571047100933e-20
1252150106.616455,nan,1.4192468909596712e-20
1252150106.6166992,nan,8.645231228178993e-21
1252150106.6169434,nan,4.324870475680921e-21
1252150106.6171875,nan,1.0443503920306889e-21
1252150106.6174316,nan,-5.4325964576798285e-21
1252150106.6176758,nan,-9.941295784786326e-21
1252150106.61792,nan,-1.3315236629837935e-20
1252150106.618164,nan,-1.8505697142409686e-20
1252150106.6184082,nan,-2.3274594017831923e-20
1252150106.6186523,nan,-2.8956980453057165e-20
1252150106.6188965,nan,-3.2673367477031986e-20
1252150106.6191406,nan,-3.6587789030940486e-20
1252150106.6193848,nan,-4.2924545081504555e-20
1252150106.619629,nan,-4.7250567085797034e-20
1252150106.619873,nan,-5.151779132297797e-20
1252150106.6201172,nan,-5.565455881546682e-20
1252150106.6203613,nan,-6.079469658315044e-20
1252150106.6206055,nan,-6.623882771861165e-20
1252150106.6208496,nan,-6.978466380464921e-20
1252150106.6210938,nan,-7.475396813397824e-20
1252150106.621338,nan,-7.947910390085232e-20
1252150106.621582,nan,-8.438378680427404e-20
1252150106.6218262,nan,-8.845313061950025e-20
1252150106.6220703,nan,-9.198533751161273e-20
1252150106.6223145,nan,-9.763296684962003e-20
1252150106.6225586,nan,-1.0260625030870013e-19
1252150106.6228027,nan,-1.0759721899881328e-19
1252150106.6230469,nan,-1.1111607807610539e-19
1252150106.623291,nan,-1.156155956324976e-19
1252150106.6235352,nan,-1.215548359547067e-19
1252150106.6237793,nan,-1.2442588999673788e-19
1252150106.6240234,nan,-1.2862063462644279e-19
1252150106.6242676,nan,-1.3444659346545559e-19
1252150106.6245117,nan,-1.3912424616253232e-19
1252150106.6247559,nan,-1.4306304158085178e-19
1252150106.625,nan,-1.4682551736928266e-19
1252150106.6252441,nan,-1.518461998544215e-19
1252150106.6254883,nan,-1.5619009831131996e-19
1252150106.6257324,nan,-1.597291123445782e-19
1252150106.6259766,nan,-1.6416927081413538e-19
1252150106.6262207,nan,-1.6886408171753654e-19
1252150106.6264648,nan,-1.7369509174732078e-19
1252150106.626709,nan,-1.7730735654148516e-19
1252150106.6269531,nan,-1.8148793984317039e-19
1252150106.6271973,nan,-1.8626793006636484e-19
1252150106.6274414,nan,-1.8975657892191826e-19
1252150106.6276855,nan,-1.941999558917201e-19
1252150106.6279297,nan,-1.9795418228401224e-19
1252150106.6281738,nan,-2.0204440990847064e-19
1252150106.628418,nan,-2.070952035183341e-19
1252150106.628662,nan,-2.1016233543877115e-19
1252150106.6289062,nan,-2.1423784846984218e-19
1252150106.6291504,nan,-2.1871456356133455e-19
1252150106.6293945,nan,-2.224841951626761e-19
1252150106.6296387,nan,-2.261693620283874e-19
1252150106.6298828,nan,-2.29650287054835e-19
1252150106.630127,nan,-2.3431080612646875e-19
1252150106.630371,nan,-2.385484789299666e-19
1252150106.6306152,nan,-2.419926948230831e-19
1252150106.6308594,nan,-2.4501529099224854e-19
1252150106.6311035,nan,-2.492206068466668e-19
1252150106.6313477,nan,-2.534456374805363e-19
1252150106.6315918,nan,-2.557853325406544e-19
1252150106.631836,nan,-2.597091743508903e-19
1252150106.63208,nan,-2.6373778564253476e-19
1252150106.6323242,nan,-2.6710297402982283e-19
1252150106.6325684,nan,-2.7084790087182816e-19
1252150106.6328125,nan,-2.7394024468945154e-19
1252150106.6330566,nan,-2.7778537491319284e-19
1252150106.6333008,nan,-2.810013323863328e-19
1252150106.633545,nan,-2.8380176856133506e-19
1252150106.633789,nan,-2.8750309438702265e-19
1252150106.6340332,nan,-2.9076599641162255e-19
1252150106.6342773,nan,-2.944009327540093e-19
1252150106.6345215,nan,-2.9748540179352633e-19
1252150106.6347656,nan,-2.9984617307205834e-19
1252150106.6350098,nan,-3.0352838215874923e-19
1252150106.635254,nan,-3.066788011777357e-19
1252150106.635498,nan,-3.0890907702450887e-19
1252150106.6357422,nan,-3.1168924830517235e-19
1252150106.6359863,nan,-3.1479162201602736e-19
1252150106.6362305,nan,-3.18209320471443e-19
1252150106.6364746,nan,-3.208719767811794e-19
1252150106.6367188,nan,-3.233973372795136e-19
1252150106.636963,nan,-3.2648016974191856e-19
1252150106.637207,nan,-3.28814028528685e-19
1252150106.6374512,nan,-3.3104917098268623e-19
1252150106.6376953,nan,-3.3369239296362403e-19
1252150106.6379395,nan,-3.3645132606864184e-19
1252150106.6381836,nan,-3.3944147284389317e-19
1252150106.6384277,nan,-3.4180661638521485e-19
1252150106.6386719,nan,-3.435048311265076e-19
1252150106.638916,nan,-3.460420153896606e-19
1252150106.6391602,nan,-3.490097819273427e-19
1252150106.6394043,nan,-3.5046375378547406e-19
1252150106.6396484,nan,-3.5208531064722013e-19
1252150106.6398926,nan,-3.5521989337137074e-19
1252150106.6401367,nan,-3.577032773359251e-19
1252150106.6403809,nan,-3.588791037492169e-19
1252150106.640625,nan,-3.607185462910276e-19
1252150106.6408691,nan,-3.630933154805285e-19
1252150106.6411133,nan,-3.6443947902514306e-19
1252150106.6413574,nan,-3.653798034249598e-19
1252150106.6416016,nan,-3.6765247594405826e-19
1252150106.6418457,nan,-3.701958304537833e-19
1252150106.6420898,nan,-3.715374288487565e-19
1252150106.642334,nan,-3.728035205004134e-19
1252150106.6425781,nan,-3.7423104971006266e-19
1252150106.6428223,nan,-3.7570903783959485e-19
1252150106.6430664,nan,-3.776412545206756e-19
1252150106.6433105,nan,-3.7846586079418184e-19
1252150106.6435547,nan,-3.7897303814133743e-19
1252150106.6437988,nan,-3.8156574262546924e-19
1252150106.644043,nan,-3.829930221507718e-19
1252150106.644287,nan,-3.828312811230493e-19
1252150106.6445312,nan,-3.841039286180986e-19
1252150106.6447754,nan,-3.8600117905239874e-19
1252150106.6450195,nan,-3.8610858796701546e-19
1252150106.6452637,nan,-3.864271816264597e-19
1252150106.6455078,nan,-3.8818601164714134e-19
1252150106.645752,nan,-3.8878004541987966e-19
1252150106.645996,nan,-3.8983216275168487e-19
1252150106.6462402,nan,-3.906699128905278e-19
1252150106.6464844,nan,-3.902116830071046e-19
1252150106.6467285,nan,-3.913960099834516e-19
1252150106.6469727,nan,-3.922313378354734e-19
1252150106.6472168,nan,-3.91525257253842e-19
1252150106.647461,nan,-3.9182321679309473e-19
1252150106.647705,nan,-3.9319531581533166e-19
1252150106.6479492,nan,-3.936474599552703e-19
1252150106.6481934,nan,-3.93597430768699e-19
1252150106.6484375,nan,-3.931814670273732e-19
1252150106.6486816,nan,-3.927880770543261e-19
1252150106.6489258,nan,-3.9390861383468684e-19
1252150106.64917,nan,-3.928754314899522e-19
1252150106.649414,nan,-3.9192097750390586e-19
1252150106.6496582,nan,-3.936975831602778e-19
1252150106.6499023,nan,-3.9317550327767255e-19
1252150106.6501465,nan,-3.9157214179436414e-19
1252150106.6503906,nan,-3.9164265798548525e-19
1252150106.6506348,nan,-3.9147017067381535e-19
1252150106.650879,nan,-3.914037674994194e-19
1252150106.651123,nan,-3.9021144343894145e-19
1252150106.6513672,nan,-3.8883859372499323e-19
1252150106.6516113,nan,-3.896249348321545e-19
1252150106.6518555,nan,-3.8892031487131555e-19
1252150106.6520996,nan,-3.8743018279823585e-19
1252150106.6523438,nan,-3.8656623313481804e-19
1252150106.652588,nan,-3.860081992776635e-19
1252150106.652832,nan,-3.8494565504710087e-19
1252150106.6530762,nan,-3.8278641525743105e-19
1252150106.6533203,nan,-3.8258629045116396e-19
1252150106.6535645,nan,-3.817413158157508e-19
1252150106.6538086,nan,-3.798814150731454e-19
1252150106.6540527,nan,-3.787629231949563e-19
1252150106.6542969,nan,-3.7743598921101422e-19
1252150106.654541,nan,-3.761982090049668e-19
1252150106.6547852,nan,-3.743368781028517e-19
1252150106.6550293,nan,-3.7248951939504555e-19
1252150106.6552734,nan,-3.7053420050580134e-19
1252150106.6555176,nan,-3.6968825899620174e-19
1252150106.6557617,nan,-3.6874215872196222e-19
1252150106.6560059,nan,-3.6551460709947936e-19
1252150106.65625,nan,-3.6425307434690436e-19
1252150106.6564941,nan,-3.632233575902099e-19
1252150106.6567383,nan,-3.601915851217434e-19
1252150106.6569824,nan,-3.5819238795301943e-19
1252150106.6572266,nan,-3.5570022268390836e-19
1252150106.6574707,nan,-3.539816449377525e-19
1252150106.6577148,nan,-3.5266722549840424e-19
1252150106.657959,nan,-3.495729773544039e-19
1252150106.6582031,nan,-3.4755794090294503e-19
1252150106.6584473,nan,-3.4542290490364015e-19
1252150106.6586914,nan,-3.4280339752492504e-19
1252150106.6589355,nan,-3.4081023733449757e-19
1252150106.6591797,nan,-3.373088763256938e-19
1252150106.6594238,nan,-3.350186520535222e-19
1252150106.659668,nan,-3.3341036980759593e-19
1252150106.659912,nan,-3.2953233449157333e-19
1252150106.6601562,nan,-3.2689292782640556e-19
1252150106.6604004,nan,-3.2528148038661116e-19
1252150106.6606445,nan,-3.2189837562954954e-19
1252150106.6608887,nan,-3.179226191166179e-19
1252150106.6611328,nan,-3.1557683129251304e-19
1252150106.661377,nan,-3.1312932838529897e-19
1252150106.661621,nan,-3.1029686785685004e-19
1252150106.6618652,nan,-3.069023769587494e-19
1252150106.6621094,nan,-3.025704138975464e-19
1252150106.6623535,nan,-3.008299809424944e-19
1252150106.6625977,nan,-2.9766789068490587e-19
1252150106.6628418,nan,-2.9308164316912667e-19
1252150106.663086,nan,-2.9023357210121687e-19
1252150106.66333,nan,-2.8663314532329416e-19
1252150106.6635742,nan,-2.840851240339954e-19
1252150106.6638184,nan,-2.803053288720574e-19
1252150106.6640625,nan,-2.757889696854466e-19
1252150106.6643066,nan,-2.734218228104563e-19
1252150106.6645508,nan,-2.6993396687757e-19
1252150106.664795,nan,-2.65454048564275e-19
1252150106.665039,nan,-2.6145514534275003e-19
1252150106.6652832,nan,-2.5860797982806915e-19
1252150106.6655273,nan,-2.555380944525058e-19
1252150106.6657715,nan,-2.5077107435226086e-19
1252150106.6660156,nan,-2.467856161423873e-19
1252150106.6662598,nan,-2.430869519575688e-19
1252150106.666504,nan,-2.3901914947947675e-19
1252150106.666748,nan,-2.349154877225795e-19
1252150106.6669922,nan,-2.305305129962504e-19
1252150106.6672363,nan,-2.274957043929187e-19
1252150106.6674805,nan,-2.2369896729506073e-19
1252150106.6677246,nan,-2.1836503347783233e-19
1252150106.6679688,nan,-2.139324066191065e-19
1252150106.668213,nan,-2.1066165764577023e-19
1252150106.668457,nan,-2.0670052219220667e-19
1252150106.6687012,nan,-2.0097419673245928e-19
1252150106.6689453,nan,-1.9663613072274944e-19
1252150106.6691895,nan,-1.934376307906991e-19
1252150106.6694336,nan,-1.8892307107570685e-19
1252150106.6696777,nan,-1.8395262322859368e-19
1252150106.6699219,nan,-1.792993470728956e-19
1252150106.670166,nan,-1.7510317695508375e-19
1252150106.6704102,nan,-1.7078107405192804e-19
1252150106.6706543,nan,-1.6587596481173247e-19
1252150106.6708984,nan,-1.609146418548485e-19
1252150106.6711426,nan,-1.5708225825461672e-19
1252150106.6713867,nan,-1.5313470083105297e-19
1252150106.6716309,nan,-1.4735954066658404e-19
1252150106.671875,nan,-1.4232531501507738e-19
1252150106.6721191,nan,-1.3849269636548572e-19
1252150106.6723633,nan,-1.3332579470993202e-19
1252150106.6726074,nan,-1.2806517971337451e-19
1252150106.6728516,nan,-1.2356515616331616e-19
1252150106.6730957,nan,-1.1915966736284286e-19
1252150106.6733398,nan,-1.148153715415601e-19
1252150106.673584,nan,-1.094073784018346e-19
1252150106.6738281,nan,-1.0426182000729007e-19
1252150106.6740723,nan,-1.0028975887014789e-19
1252150106.6743164,nan,-9.525854051670667e-20
1252150106.6745605,nan,-8.919463934026168e-20
1252150106.6748047,nan,-8.423446282364386e-20
1252150106.6750488,nan,-8.060296362882902e-20
1252150106.675293,nan,-7.560777570324514e-20
1252150106.675537,nan,-6.999149495778969e-20
1252150106.6757812,nan,-6.52454804944651e-20
1252150106.6760254,nan,-6.029027407137719e-20
1252150106.6762695,nan,-5.513768431774284e-20
1252150106.6765137,nan,-4.9856815258393683e-20
1252150106.6767578,nan,-4.4887561682663134e-20
1252150106.677002,nan,-4.018231010138174e-20
1252150106.677246,nan,-3.536440835717798e-20
1252150106.6774902,nan,-2.948450276066797e-20
1252150106.6777344,nan,-2.4493090195696043e-20
1252150106.6779785,nan,-2.0213865270207223e-20
1252150106.6782227,nan,-1.510191930379743e-20
1252150106.6784668,nan,-9.778416438624903e-21
1252150106.678711,nan,-3.935572479037042e-21
1252150106.678955,nan,4.1013591008513174e-22
1252150106.6791992,nan,4.9704638870258635e-21
1252150106.6794434,nan,1.0578547661372598e-20
1252150106.6796875,nan,1.555184934262105e-20
1252150106.6799316,nan,2.046299854616165e-20
1252150106.6801758,nan,2.4923235393370668e-20
1252150106.68042,nan,3.0973140931833385e-20
1252150106.680664,nan,3.68473013349795e-20
1252150106.6809082,nan,4.0709881156458875e-20
1252150106.6811523,nan,4.534304374719035e-20
1252150106.6813965,nan,5.073130202375695e-20
1252150106.6816406,nan,5.616957979345014e-20
1252150106.6818848,nan,6.060855903712187e-20
1252150106.682129,nan,6.535962805698992e-20
1252150106.682373,nan,7.129755813762377e-20
1252150106.6826172,nan,7.670906230354677e-20
1252150106.6828613,nan,8.117572685371856e-20
1252150106.6831055,nan,8.520062196033398e-20
1252150106.6833496,nan,9.078227499277609e-20
1252150106.6835938,nan,9.632598739909131e-20
1252150106.683838,nan,1.0021513624944797e-19
1252150106.684082,nan,1.0516447827752696e-19
1252150106.6843262,nan,1.105463946633472e-19
1252150106.6845703,nan,1.1529746349008366e-19
1252150106.6848145,nan,1.2020744722310354e-19
1252150106.6850586,nan,1.2464203636898006e-19
1252150106.6853027,nan,1.2961759820614585e-19
1252150106.6855469,nan,1.3541099556236822e-19
1252150106.685791,nan,1.3938097845824885e-19
1252150106.6860352,nan,1.4319050107360549e-19
1252150106.6862793,nan,1.4865839996380786e-19
1252150106.6865234,nan,1.5383447134818152e-19
1252150106.6867676,nan,1.576888841095072e-19
1252150106.6870117,nan,1.6171381849682257e-19
1252150106.6872559,nan,1.6707489203822242e-19
1252150106.6875,nan,1.7217462158402368e-19
1252150106.6877441,nan,1.7639031830731676e-19
1252150106.6879883,nan,1.8033099086363277e-19
1252150106.6882324,nan,1.853276022206911e-19
1252150106.6884766,nan,1.9049886670845772e-19
1252150106.6887207,nan,1.939156561551588e-19
1252150106.6889648,nan,1.9798726712088248e-19
1252150106.689209,nan,2.031410196195338e-19
1252150106.6894531,nan,2.0768371551705e-19
1252150106.6896973,nan,2.1081683095312425e-19
1252150106.6899414,nan,2.147372798425247e-19
1252150106.6901855,nan,2.2052134754423817e-19
1252150106.6904297,nan,2.2462026502459167e-19
1252150106.6906738,nan,2.2780971253697357e-19
1252150106.690918,nan,2.320003825896636e-19
1252150106.691162,nan,2.36609702104984e-19
1252150106.6914062,nan,2.408739544847272e-19
1252150106.6916504,nan,2.43951460607322e-19
1252150106.6918945,nan,2.4781046625234334e-19
1252150106.6921387,nan,2.52938278525085e-19
1252150106.6923828,nan,2.56485231257864e-19
1252150106.692627,nan,2.595691745856124e-19
1252150106.692871,nan,2.640134523018402e-19
1252150106.6931152,nan,2.675780147089532e-19
1252150106.6933594,nan,2.709821040334601e-19
1252150106.6936035,nan,2.7493070238990233e-19
1252150106.6938477,nan,2.7798008685594774e-19
1252150106.6940918,nan,2.8219980816901855e-19
1252150106.694336,nan,2.865330780401586e-19
1252150106.69458,nan,2.8840984450482457e-19
1252150106.6948242,nan,2.9163315205961473e-19
1252150106.6950684,nan,2.966119340775644e-19
1252150106.6953125,nan,2.9942795792716344e-19
1252150106.6955566,nan,3.0201913103645847e-19
1252150106.6958008,nan,3.052275213132028e-19
1252150106.696045,nan,3.0880864877496e-19
1252150106.696289,nan,3.121230273909379e-19
1252150106.6965332,nan,3.141932093026107e-19
1252150106.6967773,nan,3.1755751780042855e-19
1252150106.6970215,nan,3.20846876256809e-19
1252150106.6972656,nan,3.233952293830102e-19
1252150106.6975098,nan,3.261436081678877e-19
1252150106.697754,nan,3.290846339213396e-19
1252150106.697998,nan,3.3267978077960333e-19
1252150106.6982422,nan,3.352891530867345e-19
1252150106.6984863,nan,3.3706121398899027e-19
1252150106.6987305,nan,3.3931260919973703e-19
1252150106.6989746,nan,3.423494664687119e-19
1252150106.6992188,nan,3.453094601410342e-19
1252150106.699463,nan,3.468479214956658e-19
1252150106.699707,nan,3.4842459853070224e-19
1252150106.6999512,nan,3.5218532362709197e-19
1252150106.7001953,nan,3.5446230941642176e-19
1252150106.7004395,nan,3.552608274824185e-19
1252150106.7006836,nan,3.5839900331936776e-19
1252150106.7009277,nan,3.6056940640049837e-19
1252150106.7011719,nan,3.6212549713945064e-19
1252150106.701416,nan,3.640289581716542e-19
1252150106.7016602,nan,3.6523647340673693e-19
1252150106.7019043,nan,3.677550199308614e-19
1252150106.7021484,nan,3.7007008569625576e-19
1252150106.7023926,nan,3.711003559684694e-19
1252150106.7026367,nan,3.7178670869239805e-19
1252150106.7028809,nan,3.739429579619972e-19
1252150106.703125,nan,3.756581431098324e-19
1252150106.7033691,nan,3.7564822310896254e-19
1252150106.7036133,nan,3.783969224945629e-19
1252150106.7038574,nan,3.800299455472692e-19
1252150106.7041016,nan,3.8057159576207715e-19
1252150106.7043457,nan,3.8231251942587673e-19
1252150106.7045898,nan,3.8238071284262913e-19
1252150106.704834,nan,3.843969212571206e-19
1252150106.7050781,nan,3.856800421605183e-19
1252150106.7053223,nan,3.8521035927038845e-19
1252150106.7055664,nan,3.865721214337616e-19
1252150106.7058105,nan,3.8749532861084843e-19
1252150106.7060547,nan,3.8849621746651547e-19
1252150106.7062988,nan,3.8847471222975243e-19
1252150106.706543,nan,3.883488928741829e-19
1252150106.706787,nan,3.9032526663776713e-19
1252150106.7070312,nan,3.9066549759039433e-19
1252150106.7072754,nan,3.902656678801563e-19
1252150106.7075195,nan,3.909382202215064e-19
1252150106.7077637,nan,3.9139740363324135e-19
1252150106.7080078,nan,3.9237210124570247e-19
1252150106.708252,nan,3.9195453299941655e-19
1252150106.708496,nan,3.9094229790642784e-19
1252150106.7087402,nan,3.9180339714876135e-19
1252150106.7089844,nan,3.917167808869723e-19
1252150106.7092285,nan,3.9062006453531973e-19
1252150106.7094727,nan,3.9022548605951184e-19
1252150106.7097168,nan,3.909604722980525e-19
1252150106.709961,nan,3.914417657501861e-19
1252150106.710205,nan,3.8979238342916347e-19
1252150106.7104492,nan,3.891116121438861e-19
1252150106.7106934,nan,3.8975628517274326e-19
1252150106.7109375,nan,3.8898329936439523e-19
1252150106.7111816,nan,3.878944606327966e-19
1252150106.7114258,nan,3.869979089531498e-19
1252150106.71167,nan,3.864666078229502e-19
1252150106.711914,nan,3.859750895537826e-19
1252150106.7121582,nan,3.8458203185070893e-19
1252150106.7124023,nan,3.835768957844986e-19
1252150106.7126465,nan,3.827642291366251e-19
1252150106.7128906,nan,3.8134370533215776e-19
1252150106.7131348,nan,3.8027101754174362e-19
1252150106.713379,nan,3.7910453852132103e-19
1252150106.713623,nan,3.780467435277687e-19
1252150106.7138672,nan,3.7654222079327813e-19
1252150106.7141113,nan,3.746580310972361e-19
1252150106.7143555,nan,3.735468173817277e-19
1252150106.7145996,nan,3.72179257711713e-19
1252150106.7148438,nan,3.703851901038105e-19
1252150106.715088,nan,3.685155623741709e-19
1252150106.715332,nan,3.6673339745349983e-19
1252150106.7155762,nan,3.6537331975788137e-19
1252150106.7158203,nan,3.640912855528186e-19
1252150106.7160645,nan,3.6164299458364686e-19
1252150106.7163086,nan,3.591114425681413e-19
1252150106.7165527,nan,3.5790937788870895e-19
1252150106.7167969,nan,3.560040965499383e-19
1252150106.717041,nan,3.532013473606915e-19
1252150106.7172852,nan,3.5137774299517554e-19
1252150106.7175293,nan,3.4966048938427875e-19
1252150106.7177734,nan,3.468354244741153e-19
1252150106.7180176,nan,3.4419691157153104e-19
1252150106.7182617,nan,3.4214839614674316e-19
1252150106.7185059,nan,3.3997497887843376e-19
1252150106.71875,nan,3.3721713568772144e-19
1252150106.7189941,nan,3.340232385097347e-19
1252150106.7192383,nan,3.3137074951431764e-19
1252150106.7194824,nan,3.294352103793393e-19
1252150106.7197266,nan,3.269532968924591e-19
1252150106.7199707,nan,3.233578562964125e-19
1252150106.7202148,nan,3.209438999488344e-19
1252150106.720459,nan,3.18565116578838e-19
1252150106.7207031,nan,3.1510537882780694e-19
1252150106.7209473,nan,3.118976149373427e-19
1252150106.7211914,nan,3.090487926818519e-19
1252150106.7214355,nan,3.0677882672202074e-19
1252150106.7216797,nan,3.039179219300315e-19
1252150106.7219238,nan,3.0014136107342307e-19
1252150106.722168,nan,2.9610372885892844e-19
1252150106.722412,nan,2.9356697270558553e-19
1252150106.7226562,nan,2.910116323207559e-19
1252150106.7229004,nan,2.865064568737473e-19
1252150106.7231445,nan,2.83342273907195e-19
1252150106.7233887,nan,2.8033225954517864e-19
1252150106.7236328,nan,2.7696157893472147e-19
1252150106.723877,nan,2.7330711461807103e-19
1252150106.724121,nan,2.692683850054802e-19
1252150106.7243652,nan,2.669861247877595e-19
1252150106.7246094,nan,2.6309466809186263e-19
1252150106.7248535,nan,2.585040400849329e-19
1252150106.7250977,nan,2.5486478946719065e-19
1252150106.7253418,nan,2.5148236428700453e-19
1252150106.725586,nan,2.4856738903901073e-19
1252150106.72583,nan,2.440500610396122e-19
1252150106.7260742,nan,2.3963561065398753e-19
1252150106.7263184,nan,2.3594802467950644e-19
1252150106.7265625,nan,2.326192292545108e-19
1252150106.7268066,nan,2.285016163547821e-19
1252150106.7270508,nan,2.236435658224969e-19
1252150106.727295,nan,2.212482176320319e-19
1252150106.727539,nan,2.172877860114736e-19
1252150106.7277832,nan,2.1204205074243914e-19
1252150106.7280273,nan,2.08428889382475e-19
1252150106.7282715,nan,2.0418912971799344e-19
1252150106.7285156,nan,2.0044556233671042e-19
1252150106.7287598,nan,1.9551554924361754e-19
1252150106.729004,nan,1.9103885002920992e-19
1252150106.729248,nan,1.8832867041497495e-19
1252150106.7294922,nan,1.8320613234048914e-19
1252150106.7297363,nan,1.7907646050916388e-19
1252150106.7299805,nan,1.7513963545099122e-19
1252150106.7302246,nan,1.7040720010929952e-19
1252150106.7304688,nan,1.6729092784795488e-19
1252150106.730713,nan,1.6197713265320565e-19
1252150106.730957,nan,1.5682465982281328e-19
1252150106.7312012,nan,1.5410897759410702e-19
1252150106.7314453,nan,1.4940951018287287e-19
1252150106.7316895,nan,1.4354455486458367e-19
1252150106.7319336,nan,1.397051839663621e-19
1252150106.7321777,nan,1.3559181750038477e-19
1252150106.7324219,nan,1.313755871966053e-19
1252150106.732666,nan,1.266346221554704e-19
1252150106.7329102,nan,1.2152418984829072e-19
1252150106.7331543,nan,1.1884937339948234e-19
1252150106.7333984,nan,1.1365982291008415e-19
1252150106.7336426,nan,1.0801221050424713e-19
1252150106.7338867,nan,1.0447660612550009e-19
1252150106.7341309,nan,9.962293703017441e-20
1252150106.734375,nan,9.568671194611829e-20
1252150106.7346191,nan,9.032786408162829e-20
1252150106.7348633,nan,8.565344552194545e-20
1252150106.7351074,nan,8.224025618107096e-20
1252150106.7353516,nan,7.639662247026737e-20
1252150106.7355957,nan,7.25703972263273e-20
1252150106.7358398,nan,6.836329635067517e-20
1252150106.736084,nan,6.320189931474718e-20
1252150106.7363281,nan,5.893629382620495e-20
1252150106.7365723,nan,5.369181101911966e-20
1252150106.7368164,nan,4.913261381716183e-20
1252150106.7370605,nan,4.4799074864671973e-20
1252150106.7373047,nan,4.095373553462419e-20
1252150106.7375488,nan,3.5764710034477605e-20
1252150106.737793,nan,3.030088873292017e-20
1252150106.738037,nan,2.763817166124585e-20
1252150106.7382812,nan,2.2496975120972383e-20
1252150106.7385254,nan,1.6585815502538418e-20
1252150106.7387695,nan,1.2735257773487759e-20
1252150106.7390137,nan,8.453484210813279e-21
1252150106.7392578,nan,4.4370150176530306e-21
1252150106.739502,nan,-5.453644214104307e-22
1252150106.739746,nan,-5.2471719982577484e-21
1252150106.7399902,nan,-9.240819538579815e-21
1252150106.7402344,nan,-1.4353353193809868e-20
1252150106.7404785,nan,-1.9143616999752446e-20
1252150106.7407227,nan,-2.3411711097381436e-20
1252150106.7409668,nan,-2.7579002430537996e-20
1252150106.741211,nan,-3.209001819888973e-20
1252150106.741455,nan,-3.6476699963953873e-20
1252150106.7416992,nan,-4.134094441556904e-20
1252150106.7419434,nan,-4.5892151488563466e-20
1252150106.7421875,nan,-4.9125922516540224e-20
1252150106.7424316,nan,-5.421356572110836e-20
1252150106.7426758,nan,-5.953946696341222e-20
1252150106.74292,nan,-6.199372961090674e-20
1252150106.743164,nan,-6.597088070687576e-20
1252150106.7434082,nan,-7.242055414530795e-20
1252150106.7436523,nan,-7.619830016263998e-20
1252150106.7438965,nan,-7.973789272057305e-20
1252150106.7441406,nan,-8.418442166697668e-20
1252150106.7443848,nan,-8.849629551757089e-20
1252150106.744629,nan,-9.310050965843711e-20
1252150106.744873,nan,-9.646274249888903e-20
1252150106.7451172,nan,-1.0095626635197996e-19
1252150106.7453613,nan,-1.0526014355372696e-19
1252150106.7456055,nan,-1.0907500034518453e-19
1252150106.7458496,nan,-1.1289558857492588e-19
1252150106.7460938,nan,-1.166564350881408e-19
1252150106.746338,nan,-1.2230977980355736e-19
1252150106.746582,nan,-1.2557521889474059e-19
1252150106.7468262,nan,-1.283304440310421e-19
1252150106.7470703,nan,-1.3332815255213034e-19
1252150106.7473145,nan,-1.3724715064766766e-19
1252150106.7475586,nan,-1.4099755845791066e-19
1252150106.7478027,nan,-1.4452800862533454e-19
1252150106.7480469,nan,-1.4874292750824763e-19
1252150106.748291,nan,-1.5322316537346633e-19
1252150106.7485352,nan,-1.5570215367875027e-19
1252150106.7487793,nan,-1.595351821619788e-19
1252150106.7490234,nan,-1.6364290003779752e-19
1252150106.7492676,nan,-1.6740082415500622e-19
1252150106.7495117,nan,-1.7142309393114004e-19
1252150106.7497559,nan,-1.7330493057697646e-19
1252150106.75,nan,-1.7781704177602963e-19
1252150106.7502441,nan,-1.8245975657218302e-19
1252150106.7504883,nan,-1.84660405761659e-19
1252150106.7507324,nan,-1.882259736282099e-19
1252150106.7509766,nan,-1.913837370538846e-19
1252150106.7512207,nan,-1.9510356277271478e-19
1252150106.7514648,nan,-1.9893737221121553e-19
1252150106.751709,nan,-2.0146252687637646e-19
1252150106.7519531,nan,-2.046625833083763e-19
1252150106.7521973,nan,-2.0815544540361828e-19
1252150106.7524414,nan,-2.1164836444899434e-19
1252150106.7526855,nan,-2.136122917019719e-19
1252150106.7529297,nan,-2.1659589177966816e-19
1252150106.7531738,nan,-2.2122059037407817e-19
1252150106.753418,nan,-2.2329760263234775e-19
1252150106.753662,nan,-2.2610276704212084e-19
1252150106.7539062,nan,-2.2951109693062827e-19
1252150106.7541504,nan,-2.3229888331007535e-19
1252150106.7543945,nan,-2.3516149160492537e-19
1252150106.7546387,nan,-2.371283799503777e-19
1252150106.7548828,nan,-2.404303275581643e-19
1252150106.755127,nan,-2.4377741386727336e-19
1252150106.755371,nan,-2.4595769857389494e-19
1252150106.7556152,nan,-2.482438773557666e-19
1252150106.7558594,nan,-2.5063097792320773e-19
1252150106.7561035,nan,-2.5405169366362607e-19
1252150106.7563477,nan,-2.5628112976081683e-19
1252150106.7565918,nan,-2.5795026734171943e-19
1252150106.756836,nan,-2.60860447461724e-19
1252150106.75708,nan,-2.631387167361249e-19
1252150106.7573242,nan,-2.652616070990297e-19
1252150106.7575684,nan,-2.6715097507229e-19
1252150106.7578125,nan,-2.6932034236370515e-19
1252150106.7580566,nan,-2.724626561601301e-19
1252150106.7583008,nan,-2.740029509300073e-19
1252150106.758545,nan,-2.749607342273001e-19
1252150106.758789,nan,-2.7788087534977794e-19
1252150106.7590332,nan,-2.801841272072543e-19
1252150106.7592773,nan,-2.8179980216305054e-19
1252150106.7595215,nan,-2.836285832644295e-19
1252150106.7597656,nan,-2.8494186150292954e-19
1252150106.7600098,nan,-2.870467068576289e-19
1252150106.760254,nan,-2.889400794587455e-19
1252150106.760498,nan,-2.9024572826536454e-19
1252150106.7607422,nan,-2.9202129046971296e-19
1252150106.7609863,nan,-2.942148269153889e-19
1252150106.7612305,nan,-2.9510359065497747e-19
1252150106.7614746,nan,-2.9563842043424367e-19
1252150106.7617188,nan,-2.976845660757291e-19
1252150106.761963,nan,-2.9937552800160587e-19
1252150106.762207,nan,-3.009410465853357e-19
1252150106.7624512,nan,-3.0103274163591397e-19
1252150106.7626953,nan,-3.026544689770228e-19
1252150106.7629395,nan,-3.0542695372058477e-19
1252150106.7631836,nan,-3.0481912312731726e-19
1252150106.7634277,nan,-3.0603411856481073e-19
1252150106.7636719,nan,-3.0769318674309857e-19
1252150106.763916,nan,-3.086713179957742e-19
1252150106.7641602,nan,-3.1015858113275206e-19
1252150106.7644043,nan,-3.0962532674078923e-19
1252150106.7646484,nan,-3.1069463952973034e-19
1252150106.7648926,nan,-3.1255395657988287e-19
1252150106.7651367,nan,-3.1294612348577095e-19
1252150106.7653809,nan,-3.126169717318335e-19
1252150106.765625,nan,-3.134620063022378e-19
1252150106.7658691,nan,-3.150987405069647e-19
1252150106.7661133,nan,-3.1492314551471113e-19
1252150106.7663574,nan,-3.151759753227812e-19
1252150106.7666016,nan,-3.154992655437836e-19
1252150106.7668457,nan,-3.163658554392776e-19
1252150106.7670898,nan,-3.16930372800316e-19
1252150106.767334,nan,-3.164670415510504e-19
1252150106.7675781,nan,-3.1727372818410207e-19
1252150106.7678223,nan,-3.1738178300456665e-19
1252150106.7680664,nan,-3.174823709071543e-19
1252150106.7683105,nan,-3.175451641946297e-19
1252150106.7685547,nan,-3.1736370300573127e-19
1252150106.7687988,nan,-3.17796152740077e-19
1252150106.769043,nan,-3.171727541296568e-19
1252150106.769287,nan,-3.173600489953626e-19
1252150106.7695312,nan,-3.17629147628446e-19
1252150106.7697754,nan,-3.17117583568932e-19
1252150106.7700195,nan,-3.1726436113738145e-19
1252150106.7702637,nan,-3.1665960788038647e-19
1252150106.7705078,nan,-3.155559580247608e-19
1252150106.770752,nan,-3.15626034482281e-19
1252150106.770996,nan,-3.157227479691204e-19
1252150106.7712402,nan,-3.1439043139195954e-19
1252150106.7714844,nan,-3.14201546757576e-19
1252150106.7717285,nan,-3.1423376293353706e-19
1252150106.7719727,nan,-3.130085257099488e-19
1252150106.7722168,nan,-3.1237033543466516e-19
1252150106.772461,nan,-3.1146814626721213e-19
1252150106.772705,nan,-3.108603079410175e-19
1252150106.7729492,nan,-3.1060394682217497e-19
1252150106.7731934,nan,-3.088310331316742e-19
1252150106.7734375,nan,-3.076025096897261e-19
1252150106.7736816,nan,-3.0833782789563544e-19
1252150106.7739258,nan,-3.0697719497349093e-19
1252150106.77417,nan,-3.0480235914722333e-19
1252150106.774414,nan,-3.0448586141813625e-19
1252150106.7746582,nan,-3.033143717906187e-19
1252150106.7749023,nan,-3.02718064375632e-19
1252150106.7751465,nan,-3.007702231480898e-19
1252150106.7753906,nan,-2.989893959524208e-19
1252150106.7756348,nan,-2.9955858296869383e-19
1252150106.775879,nan,-2.975532916976823e-19
1252150106.776123,nan,-2.95756443468769e-19
1252150106.7763672,nan,-2.9454227779432337e-19
1252150106.7766113,nan,-2.928951333853252e-19
1252150106.7768555,nan,-2.922109054891713e-19
1252150106.7770996,nan,-2.8974730020467127e-19
1252150106.7773438,nan,-2.8798674343050297e-19
1252150106.777588,nan,-2.8804289839652494e-19
1252150106.777832,nan,-2.859844099539559e-19
1252150106.7780762,nan,-2.83102150560826e-19
1252150106.7783203,nan,-2.822238479402046e-19
1252150106.7785645,nan,-2.807988012407786e-19
1252150106.7788086,nan,-2.7827101525043163e-19
1252150106.7790527,nan,-2.7672021194141846e-19
1252150106.7792969,nan,-2.748340750582355e-19
1252150106.779541,nan,-2.7357302150334975e-19
1252150106.7797852,nan,-2.717597443873097e-19
1252150106.7800293,nan,-2.6871427798049643e-19
1252150106.7802734,nan,-2.667063598897094e-19
1252150106.7805176,nan,-2.6507971218796357e-19
1252150106.7807617,nan,-2.639177259356292e-19
1252150106.7810059,nan,-2.609346379892502e-19
1252150106.78125,nan,-2.58467487399648e-19
1252150106.7814941,nan,-2.5795255519192704e-19
1252150106.7817383,nan,-2.5490477058854936e-19
1252150106.7819824,nan,-2.524329220399707e-19
1252150106.7822266,nan,-2.5078644219695392e-19
1252150106.7824707,nan,-2.4859256339084616e-19
1252150106.7827148,nan,-2.464262719786359e-19
1252150106.782959,nan,-2.4288618013911465e-19
1252150106.7832031,nan,-2.411612547227774e-19
1252150106.7834473,nan,-2.396026071446482e-19
1252150106.7836914,nan,-2.3650407923349485e-19
1252150106.7839355,nan,-2.345788546098855e-19
1252150106.7841797,nan,-2.3161377590442813e-19
1252150106.7844238,nan,-2.2898475571556393e-19
1252150106.784668,nan,-2.271150226179366e-19
1252150106.784912,nan,-2.2365716749193974e-19
1252150106.7851562,nan,-2.2196623971597587e-19
1252150106.7854004,nan,-2.204038177414945e-19
1252150106.7856445,nan,-2.167963595334364e-19
1252150106.7858887,nan,-2.1405931910187473e-19
1252150106.7861328,nan,-2.1143023039207936e-19
1252150106.786377,nan,-2.086564679927306e-19
1252150106.786621,nan,-2.0614112997682665e-19
1252150106.7868652,nan,-2.028424003486648e-19
1252150106.7871094,nan,-2.0055830736422493e-19
1252150106.7873535,nan,-1.986903445518304e-19
1252150106.7875977,nan,-1.9524163765872307e-19
1252150106.7878418,nan,-1.9200164235904414e-19
1252150106.788086,nan,-1.8961257340971414e-19
1252150106.78833,nan,-1.8710367787645673e-19
1252150106.7885742,nan,-1.8382043286909666e-19
1252150106.7888184,nan,-1.8082179624956577e-19
1252150106.7890625,nan,-1.7821407082374378e-19
1252150106.7893066,nan,-1.7552230930991337e-19
1252150106.7895508,nan,-1.7283396947666262e-19
1252150106.789795,nan,-1.691600185385651e-19
1252150106.790039,nan,-1.6604478609468125e-19
1252150106.7902832,nan,-1.6386782739219573e-19
1252150106.7905273,nan,-1.604036657657003e-19
1252150106.7907715,nan,-1.5660729895704773e-19
1252150106.7910156,nan,-1.5372778216050345e-19
1252150106.7912598,nan,-1.521999191452494e-19
1252150106.791504,nan,-1.4939602896324442e-19
1252150106.791748,nan,-1.449246054118565e-19
1252150106.7919922,nan,-1.4236946472278687e-19
1252150106.7922363,nan,-1.3965012284272157e-19
1252150106.7924805,nan,-1.3603341088474577e-19
1252150106.7927246,nan,-1.326868190786255e-19
1252150106.7929688,nan,-1.2915244626787476e-19
1252150106.793213,nan,-1.2690800104827822e-19
1252150106.793457,nan,-1.2446497182172677e-19
1252150106.7937012,nan,-1.202647224959847e-19
1252150106.7939453,nan,-1.1701236464650883e-19
1252150106.7941895,nan,-1.144927403159116e-19
1252150106.7944336,nan,-1.1156059368647633e-19
1252150106.7946777,nan,-1.07930533278736e-19
1252150106.7949219,nan,-1.0442817426264923e-19
1252150106.795166,nan,-1.0215433420570587e-19
1252150106.7954102,nan,-9.879654392138047e-20
1252150106.7956543,nan,-9.519448750962299e-20
1252150106.7958984,nan,-9.204829657292742e-20
1252150106.7961426,nan,-8.887931357541077e-20
1252150106.7963867,nan,-8.593037654971193e-20
1252150106.7966309,nan,-8.180697917071112e-20
1252150106.796875,nan,-7.919015676189656e-20
1252150106.7971191,nan,-7.688023847604501e-20
1252150106.7973633,nan,-7.290723262095777e-20
1252150106.7976074,nan,-6.972862796405534e-20
1252150106.7978516,nan,-6.625748194450376e-20
1252150106.7980957,nan,-6.344818613185877e-20
1252150106.7983398,nan,-6.014692289259926e-20
1252150106.798584,nan,-5.63150156468874e-20
1252150106.7988281,nan,-5.435061538221611e-20
1252150106.7990723,nan,-5.087309103981944e-20
1252150106.7993164,nan,-4.6867213826755736e-20
1252150106.7995605,nan,-4.434332492459952e-20
1252150106.7998047,nan,-4.089686319616007e-20
1252150106.8000488,nan,-3.7785217538927437e-20
1252150106.800293,nan,-3.49230785551466e-20
1252150106.800537,nan,-3.0793864394612236e-20
1252150106.8007812,nan,-2.7780764057857825e-20
1252150106.8010254,nan,-2.539982784791416e-20
1252150106.8012695,nan,-2.2716350088564318e-20
1252150106.8015137,nan,-1.8947669519014283e-20
1252150106.8017578,nan,-1.541552497279617e-20
1252150106.802002,nan,-1.326940780536308e-20
1252150106.802246,nan,-9.208531767284547e-21
1252150106.8024902,nan,-5.385844725342292e-21
1252150106.8027344,nan,-2.6632010917026644e-21
1252150106.8029785,nan,-3.542914461112987e-22
1252150106.8032227,nan,2.51146590440297e-21
1252150106.8034668,nan,6.5650671782965454e-21
1252150106.803711,nan,9.025924651543153e-21
1252150106.803955,nan,1.2082396316075933e-20
1252150106.8041992,nan,1.5332733469533553e-20
1252150106.8044434,nan,1.8776908390874538e-20
1252150106.8046875,nan,2.2147013660408918e-20
1252150106.8049316,nan,2.3673944378773366e-20
1252150106.8051758,nan,2.7131882572662e-20
1252150106.80542,nan,3.0697449425276256e-20
1252150106.805664,nan,3.383644479925663e-20
1252150106.8059082,nan,3.6549879465953164e-20
1252150106.8061523,nan,3.873451928991469e-20
1252150106.8063965,nan,4.352721653256278e-20
1252150106.8066406,nan,4.623269417914907e-20
1252150106.8068848,nan,4.714720277034303e-20
1252150106.807129,nan,5.111734367157903e-20
1252150106.807373,nan,5.450723486004842e-20
1252150106.8076172,nan,5.647675692765293e-20
1252150106.8078613,nan,5.989151180372064e-20
1252150106.8081055,nan,6.258386152596843e-20
1252150106.8083496,nan,6.613392198879889e-20
1252150106.8085938,nan,6.974523542530807e-20
1252150106.808838,nan,6.991996237729902e-20
1252150106.809082,nan,7.370983700991478e-20
1252150106.8093262,nan,7.87007925438476e-20
1252150106.8095703,nan,7.947399637079061e-20
1252150106.8098145,nan,8.188099252213868e-20
1252150106.8100586,nan,8.54820504276859e-20
1252150106.8103027,nan,8.853952058308862e-20
1252150106.8105469,nan,9.092030534178918e-20
1252150106.810791,nan,9.253677582545941e-20
1252150106.8110352,nan,9.605591755891279e-20
1252150106.8112793,nan,9.924259808115586e-20
1252150106.8115234,nan,1.0065570885605995e-19
1252150106.8117676,nan,1.033360067629574e-19
1252150106.8120117,nan,1.0663236791475924e-19
1252150106.8122559,nan,1.0968206649212698e-19
1252150106.8125,nan,1.1195713165518193e-19
1252150106.8127441,nan,1.1340756837738078e-19
1252150106.8129883,nan,1.165370063157542e-19
1252150106.8132324,nan,1.1904857342730437e-19
1252150106.8134766,nan,1.210284440873407e-19
1252150106.8137207,nan,1.2404387853743568e-19
1252150106.8139648,nan,1.2622186320772197e-19
1252150106.814209,nan,1.2931244814238626e-19
1252150106.8144531,nan,1.3136585696329716e-19
1252150106.8146973,nan,1.3303536500746191e-19
1252150106.8149414,nan,1.3572867515741642e-19
1252150106.8151855,nan,1.3793820540742886e-19
1252150106.8154297,nan,1.409014670419297e-19
1252150106.8156738,nan,1.4236371625125696e-19
1252150106.815918,nan,1.4504518771043793e-19
1252150106.816162,nan,1.4808567086327438e-19
1252150106.8164062,nan,1.4909565000783296e-19
1252150106.8166504,nan,1.512220399893963e-19
1252150106.8168945,nan,1.530702364001296e-19
1252150106.8171387,nan,1.561737628790206e-19
1252150106.8173828,nan,1.583049091176394e-19
1252150106.817627,nan,1.5888939858516658e-19
1252150106.817871,nan,1.6215895763547547e-19
1252150106.8181152,nan,1.6457990868528785e-19
1252150106.8183594,nan,1.6609951655392108e-19
1252150106.8186035,nan,1.6784299300143943e-19
1252150106.8188477,nan,1.6947890117088876e-19
1252150106.8190918,nan,1.7204196861285516e-19
1252150106.819336,nan,1.7368099774847676e-19
1252150106.81958,nan,1.7532883577855855e-19
1252150106.8198242,nan,1.7746911103710047e-19
1252150106.8200684,nan,1.7915646613075992e-19
1252150106.8203125,nan,1.8075417043557338e-19
1252150106.8205566,nan,1.81887162975755e-19
1252150106.8208008,nan,1.8395049718021818e-19
1252150106.821045,nan,1.8618084656495818e-19
1252150106.821289,nan,1.8763583024377555e-19
1252150106.8215332,nan,1.890295742754876e-19
1252150106.8217773,nan,1.9117118712363554e-19
1252150106.8220215,nan,1.9355967834383896e-19
1252150106.8222656,nan,1.941092548040369e-19
1252150106.8225098,nan,1.9495094048459199e-19
1252150106.822754,nan,1.9717364608885594e-19
1252150106.822998,nan,1.9877131306546235e-19
1252150106.8232422,nan,1.9984358202771033e-19
1252150106.8234863,nan,2.0091609685853388e-19
1252150106.8237305,nan,2.0270061469597955e-19
1252150106.8239746,nan,2.047779974579384e-19
1252150106.8242188,nan,2.0541956837080051e-19
1252150106.824463,nan,2.0627661841301338e-19
1252150106.824707,nan,2.0798258871118594e-19
1252150106.8249512,nan,2.0980993032523627e-19
1252150106.8251953,nan,2.1071009089581672e-19
1252150106.8254395,nan,2.1108613088768285e-19
1252150106.8256836,nan,2.1324924947589378e-19
1252150106.8259277,nan,2.1444659697097745e-19
1252150106.8261719,nan,2.1508063320736491e-19
1252150106.826416,nan,2.1591166340278557e-19
1252150106.8266602,nan,2.163135716733532e-19
1252150106.8269043,nan,2.1862892681018715e-19
1252150106.8271484,nan,2.19603657026058e-19
1252150106.8273926,nan,2.1967326557594796e-19
1252150106.8276367,nan,2.2163229771912907e-19
1252150106.8278809,nan,2.2228218867215187e-19
1252150106.828125,nan,2.226796264067068e-19
1252150106.8283691,nan,2.2332069464502017e-19
1252150106.8286133,nan,2.2370573888042343e-19
1252150106.8288574,nan,2.2595611930610395e-19
1252150106.8291016,nan,2.262383332061435e-19
1252150106.8293457,nan,2.2580839438433986e-19
1252150106.8295898,nan,2.278949381512288e-19
1252150106.829834,nan,2.2849859864899194e-19
1252150106.8300781,nan,2.284376584235485e-19
1252150106.8303223,nan,2.2872794086319837e-19
1252150106.8305664,nan,2.296808948170873e-19
1252150106.8308105,nan,2.3108774755114e-19
1252150106.8310547,nan,2.3078710429317607e-19
1252150106.8312988,nan,2.307097143478584e-19
1252150106.831543,nan,2.31987591084099e-19
1252150106.831787,nan,2.3307079020893667e-19
1252150106.8320312,nan,2.332166482294445e-19
1252150106.8322754,nan,2.329928610677046e-19
1252150106.8325195,nan,2.3301656051325356e-19
1252150106.8327637,nan,2.3377273828664673e-19
1252150106.8330078,nan,2.3383751603265607e-19
1252150106.833252,nan,2.3375077170542983e-19
1252150106.833496,nan,2.3466301796658734e-19
1252150106.8337402,nan,2.345387885768985e-19
1252150106.8339844,nan,2.3500377022368643e-19
1252150106.8342285,nan,2.351799063692083e-19
1252150106.8344727,nan,2.3418600504491896e-19
1252150106.8347168,nan,2.353102862823696e-19
1252150106.834961,nan,2.3549345004758097e-19
1252150106.835205,nan,2.345755614358444e-19
1252150106.8354492,nan,2.348628595900704e-19
1252150106.8356934,nan,2.3520173974751216e-19
1252150106.8359375,nan,2.3501662489327206e-19
1252150106.8361816,nan,2.3423605844760717e-19
1252150106.8364258,nan,2.343576397802419e-19
1252150106.83667,nan,2.3458789604685015e-19
1252150106.836914,nan,2.34309757773778e-19
1252150106.8371582,nan,2.339201731054969e-19
1252150106.8374023,nan,2.334347619879359e-19
1252150106.8376465,nan,2.3404995934322687e-19
1252150106.8378906,nan,2.337831258998666e-19
1252150106.8381348,nan,2.324255918369964e-19
1252150106.838379,nan,2.3213646510329095e-19
1252150106.838623,nan,2.3195460642436375e-19
1252150106.8388672,nan,2.319304371842843e-19
1252150106.8391113,nan,2.308069380543117e-19
1252150106.8393555,nan,2.2986686736507157e-19
1252150106.8395996,nan,2.3122293714252963e-19
1252150106.8398438,nan,2.301642445805961e-19
1252150106.840088,nan,2.282649282859225e-19
1252150106.840332,nan,2.2802257586582027e-19
1252150106.8405762,nan,2.278663822726944e-19
1252150106.8408203,nan,2.27872798047506e-19
1252150106.8410645,nan,2.258064025893293e-19
1252150106.8413086,nan,2.2551849401762074e-19
1252150106.8415527,nan,2.2657836306755636e-19
1252150106.8417969,nan,2.2441052985466395e-19
1252150106.842041,nan,2.232337914511736e-19
1252150106.8422852,nan,2.2314858649599845e-19
1252150106.8425293,nan,2.2227779961814256e-19
1252150106.8427734,nan,2.2091361928801843e-19
1252150106.8430176,nan,2.1960122465730193e-19
1252150106.8432617,nan,2.197929453502106e-19
1252150106.8435059,nan,2.1907287661023315e-19
1252150106.84375,nan,2.176067855867612e-19
1252150106.8439941,nan,2.1663990335603008e-19
1252150106.8442383,nan,2.155955617467233e-19
1252150106.8444824,nan,2.1526016673309565e-19
1252150106.8447266,nan,2.1369509657292489e-19
1252150106.8449707,nan,2.1158532526625172e-19
1252150106.8452148,nan,2.1119173209558492e-19
1252150106.845459,nan,2.1109830756025529e-19
1252150106.8457031,nan,2.0953835992792647e-19
1252150106.8459473,nan,2.0707445604840143e-19
1252150106.8461914,nan,2.0657774813499172e-19
1252150106.8464355,nan,2.0623887783483038e-19
1252150106.8466797,nan,2.0423311131899613e-19
1252150106.8469238,nan,2.0266967970144638e-19
1252150106.847168,nan,2.0162433472951593e-19
1252150106.847412,nan,2.007967910184059e-19
1252150106.8476562,nan,1.9938709636708916e-19
1252150106.8479004,nan,1.9765673331485085e-19
1252150106.8481445,nan,1.9631886584419623e-19
1252150106.8483887,nan,1.9566114794409661e-19
1252150106.8486328,nan,1.9366423701130469e-19
1252150106.848877,nan,1.9094768633687162e-19
1252150106.849121,nan,1.90311195376549e-19
1252150106.8493652,nan,1.889089733445627e-19
1252150106.8496094,nan,1.872541987444879e-19
1252150106.8498535,nan,1.856323557960093e-19
1252150106.8500977,nan,1.8372373204738684e-19
1252150106.8503418,nan,1.8353411336842225e-19
1252150106.850586,nan,1.8188790424131297e-19
1252150106.85083,nan,1.788774080916493e-19
1252150106.8510742,nan,1.777868792588921e-19
1252150106.8513184,nan,1.7742154224923113e-19
1252150106.8515625,nan,1.744812157477125e-19
1252150106.8518066,nan,1.722164449770649e-19
1252150106.8520508,nan,1.71829012028921e-19
1252150106.852295,nan,1.6966376715291882e-19
1252150106.852539,nan,1.6759403238580953e-19
1252150106.8527832,nan,1.6494402699904264e-19
1252150106.8530273,nan,1.6345963620995992e-19
1252150106.8532715,nan,1.6285240028419934e-19
1252150106.8535156,nan,1.6037331191909004e-19
1252150106.8537598,nan,1.5841639340774211e-19
1252150106.854004,nan,1.5660768830284424e-19
1252150106.854248,nan,1.551854605427868e-19
1252150106.8544922,nan,1.5288405313859845e-19
1252150106.8547363,nan,1.502609199218108e-19
1252150106.8549805,nan,1.4917658186737972e-19
1252150106.8552246,nan,1.4713467611882623e-19
1252150106.8554688,nan,1.4532909334904294e-19
1252150106.855713,nan,1.4255166775806924e-19
1252150106.855957,nan,1.3999872178855455e-19
1252150106.8562012,nan,1.3964831845124996e-19
1252150106.8564453,nan,1.3728966412478774e-19
1252150106.8566895,nan,1.3433888984312592e-19
1252150106.8569336,nan,1.3300766765338693e-19
1252150106.8571777,nan,1.3152697894064508e-19
1252150106.8574219,nan,1.2888002732521291e-19
1252150106.857666,nan,1.262806087000568e-19
1252150106.8579102,nan,1.2469925704025408e-19
1252150106.8581543,nan,1.2298023368090668e-19
1252150106.8583984,nan,1.2053339761412117e-19
1252150106.8586426,nan,1.1784407367963239e-19
1252150106.8588867,nan,1.1541793328898866e-19
1252150106.8591309,nan,1.1450690772921716e-19
1252150106.859375,nan,1.1245095764011327e-19
1252150106.8596191,nan,1.0869064747846263e-19
1252150106.8598633,nan,1.0746557185762235e-19
1252150106.8601074,nan,1.0592215569651304e-19
1252150106.8603516,nan,1.0299661612695323e-19
1252150106.8605957,nan,1.0030621733089392e-19
1252150106.8608398,nan,9.766287722698273e-20
1252150106.861084,nan,9.710227465591297e-20
1252150106.8613281,nan,9.465127737386396e-20
1252150106.8615723,nan,9.096741104937676e-20
1252150106.8618164,nan,8.954935618783731e-20
1252150106.8620605,nan,8.729637177602723e-20
1252150106.8623047,nan,8.493557671161617e-20
1252150106.8625488,nan,8.229864147596257e-20
1252150106.862793,nan,7.966799218780597e-20
1252150106.863037,nan,7.833786173599344e-20
1252150106.8632812,nan,7.583048291797583e-20
1252150106.8635254,nan,7.311848705722306e-20
1252150106.8637695,nan,7.11055862918029e-20
1252150106.8640137,nan,6.859171258633756e-20
1252150106.8642578,nan,6.60778467362809e-20
1252150106.864502,nan,6.339655796411579e-20
1252150106.864746,nan,6.084615735931158e-20
1252150106.8649902,nan,5.915989696385197e-20
1252150106.8652344,nan,5.689054573533853e-20
1252150106.8654785,nan,5.367466480670683e-20
1252150106.8657227,nan,5.165179364090144e-20
1252150106.8659668,nan,4.9892800619796826e-20
1252150106.866211,nan,4.6576290336811453e-20
1252150106.866455,nan,4.4175736204683474e-20
1252150106.8666992,nan,4.240738992705533e-20
1252150106.8669434,nan,3.971952655594703e-20
1252150106.8671875,nan,3.7398461666855894e-20
1252150106.8674316,nan,3.4221027693933946e-20
1252150106.8676758,nan,3.242259117840714e-20
1252150106.86792,nan,3.0848090593650673e-20
1252150106.868164,nan,2.712812020793335e-20
1252150106.8684082,nan,2.487633009184979e-20
1252150106.8686523,nan,2.2736221620322908e-20
1252150106.8688965,nan,2.0744166931255824e-20
1252150106.8691406,nan,1.826152065948149e-20
1252150106.8693848,nan,1.485924422417492e-20
1252150106.869629,nan,1.3211917105887077e-20
1252150106.869873,nan,1.0970136943422719e-20
1252150106.8701172,nan,8.976502382755537e-21
1252150106.8703613,nan,5.851708025005065e-21
1252150106.8706055,nan,2.3066615337613422e-21
1252150106.8708496,nan,1.9063973038609136e-21
1252150106.8710938,nan,-9.604321587767694e-22
1252150106.871338,nan,-4.642108286196542e-21
1252150106.871582,nan,-6.104622495220099e-21
1252150106.8718262,nan,-8.49935326958088e-21
1252150106.8720703,nan,-1.0923225078622581e-20
1252150106.8723145,nan,-1.3405221678548053e-20
1252150106.8725586,nan,-1.5865066760120635e-20
1252150106.8728027,nan,-1.7713204641084638e-20
1252150106.8730469,nan,-2.0171654496437424e-20
1252150106.873291,nan,-2.3341554770594225e-20
1252150106.8735352,nan,-2.555485319795758e-20
1252150106.8737793,nan,-2.6688477241962298e-20
1252150106.8740234,nan,-3.013794339821577e-20
1252150106.8742676,nan,-3.2967752055122986e-20
1252150106.8745117,nan,-3.4314456869046263e-20
1252150106.8747559,nan,-3.707473609309368e-20
1252150106.875,nan,-3.935313912579506e-20
1252150106.8752441,nan,-4.195800475761139e-20
1252150106.8754883,nan,-4.4337754805486564e-20
1252150106.8757324,nan,-4.599010715912657e-20
1252150106.8759766,nan,-4.816403139473674e-20
1252150106.8762207,nan,-5.1103765792324634e-20
1252150106.8764648,nan,-5.380784341473454e-20
1252150106.876709,nan,-5.461560445712004e-20
1252150106.8769531,nan,-5.699026824440059e-20
1252150106.8771973,nan,-6.055586802637244e-20
1252150106.8774414,nan,-6.201057596758678e-20
1252150106.8776855,nan,-6.392254433880281e-20
1252150106.8779297,nan,-6.675563735692191e-20
1252150106.8781738,nan,-6.948727345643128e-20
1252150106.878418,nan,-7.157119860858894e-20
1252150106.878662,nan,-7.336049376316442e-20
1252150106.8789062,nan,-7.512824126772278e-20
1252150106.8791504,nan,-7.766149997288316e-20
1252150106.8793945,nan,-8.049435036120518e-20
1252150106.8796387,nan,-8.154501565194082e-20
1252150106.8798828,nan,-8.364270611101051e-20
1252150106.880127,nan,-8.698710021308339e-20
1252150106.880371,nan,-8.878915717079407e-20
1252150106.8806152,nan,-8.992684015030184e-20
1252150106.8808594,nan,-9.21361824537397e-20
1252150106.8811035,nan,-9.511923732020653e-20
1252150106.8813477,nan,-9.694204854225912e-20
1252150106.8815918,nan,-9.83099618996493e-20
1252150106.881836,nan,-1.0063635855497712e-19
1252150106.88208,nan,-1.032662312628205e-19
1252150106.8823242,nan,-1.0505098073426872e-19
1252150106.8825684,nan,-1.0668407157283785e-19
1252150106.8828125,nan,-1.0896823575897149e-19
1252150106.8830566,nan,-1.1116383305129812e-19
1252150106.8833008,nan,-1.1310237258628351e-19
1252150106.883545,nan,-1.1401892753100843e-19
1252150106.883789,nan,-1.1612701750253713e-19
1252150106.8840332,nan,-1.1922257313197463e-19
1252150106.8842773,nan,-1.204498367144519e-19
1252150106.8845215,nan,-1.2172553721041795e-19
1252150106.8847656,nan,-1.2407285587255738e-19
1252150106.8850098,nan,-1.262315505729357e-19
1252150106.885254,nan,-1.2804031793417134e-19
1252150106.885498,nan,-1.2974388217357492e-19
1252150106.8857422,nan,-1.31533925063002e-19
1252150106.8859863,nan,-1.3393634101079986e-19
1252150106.8862305,nan,-1.3533493028560216e-19
1252150106.8864746,nan,-1.3570616653965538e-19
1252150106.8867188,nan,-1.3862278977568198e-19
1252150106.886963,nan,-1.4108494663347506e-19
1252150106.887207,nan,-1.411135866920929e-19
1252150106.8874512,nan,-1.4285551810311944e-19
1252150106.8876953,nan,-1.4579852086202932e-19
1252150106.8879395,nan,-1.4723397156565214e-19
1252150106.8881836,nan,-1.4836641911941956e-19
1252150106.8884277,nan,-1.4981399166483558e-19
1252150106.8886719,nan,-1.5074858637977e-19
1252150106.888916,nan,-1.5371012572909503e-19
1252150106.8891602,nan,-1.5509986934532376e-19
1252150106.8894043,nan,-1.5499027122697612e-19
1252150106.8896484,nan,-1.577085624513688e-19
1252150106.8898926,nan,-1.5944914272376156e-19
1252150106.8901367,nan,-1.604866734432553e-19
1252150106.8903809,nan,-1.6144333707380934e-19
1252150106.890625,nan,-1.6311177092558853e-19
1252150106.8908691,nan,-1.6506726491863595e-19
1252150106.8911133,nan,-1.6575359839745882e-19
1252150106.8913574,nan,-1.669424640943651e-19
1252150106.8916016,nan,-1.6797265030623285e-19
1252150106.8918457,nan,-1.7008241052502559e-19
1252150106.8920898,nan,-1.714855623141806e-19
1252150106.892334,nan,-1.7216236127529644e-19
1252150106.8925781,nan,-1.7308107072090596e-19
1252150106.8928223,nan,-1.741467501959318e-19
1252150106.8930664,nan,-1.7639591087726902e-19
1252150106.8933105,nan,-1.76713484450237e-19
1252150106.8935547,nan,-1.778595166756814e-19
1252150106.8937988,nan,-1.7952511665281805e-19
1252150106.894043,nan,-1.7980893408410186e-19
1252150106.894287,nan,-1.8126419856974608e-19
1252150106.8945312,nan,-1.8236010393148317e-19
1252150106.8947754,nan,-1.83446680087256e-19
1252150106.8950195,nan,-1.8366623291820996e-19
1252150106.8952637,nan,-1.8411352580236797e-19
1252150106.8955078,nan,-1.8663922242938863e-19
1252150106.895752,nan,-1.876227482089195e-19
1252150106.895996,nan,-1.8775517073568485e-19
1252150106.8962402,nan,-1.884965179639247e-19
1252150106.8964844,nan,-1.8956865172347698e-19
1252150106.8967285,nan,-1.906761939086926e-19
1252150106.8969727,nan,-1.9119799960753797e-19
1252150106.8972168,nan,-1.9125681732970468e-19
1252150106.897461,nan,-1.926817816540124e-19
1252150106.897705,nan,-1.9442642335311116e-19
1252150106.8979492,nan,-1.9404228529252226e-19
1252150106.8981934,nan,-1.941391876727036e-19
1252150106.8984375,nan,-1.9513761384280393e-19
1252150106.8986816,nan,-1.9639907780919916e-19
1252150106.8989258,nan,-1.9674412448060872e-19
1252150106.89917,nan,-1.9662895692591562e-19
1252150106.899414,nan,-1.9826923287352345e-19
1252150106.8996582,nan,-1.9870558432783215e-19
1252150106.8999023,nan,-1.987577598486505e-19
1252150106.9001465,nan,-1.9973182299052156e-19
1252150106.9003906,nan,-1.9953473202715094e-19
1252150106.9006348,nan,-2.0013414456235509e-19
1252150106.900879,nan,-2.001528548624036e-19
1252150106.901123,nan,-2.0018477700552027e-19
1252150106.9013672,nan,-2.01569572461024e-19
1252150106.9016113,nan,-2.0170565084519908e-19
1252150106.9018555,nan,-2.0169219065402324e-19
1252150106.9020996,nan,-2.0177019836451647e-19
1252150106.9023438,nan,-2.0237629168949229e-19
1252150106.902588,nan,-2.0257885733406537e-19
1252150106.902832,nan,-2.022690818665687e-19
1252150106.9030762,nan,-2.0340909281005346e-19
1252150106.9033203,nan,-2.0282666302580967e-19
1252150106.9035645,nan,-2.0267807773103642e-19
1252150106.9038086,nan,-2.0375841619390729e-19
1252150106.9040527,nan,-2.0278916269681811e-19
1252150106.9042969,nan,-2.0308022117534913e-19
1252150106.904541,nan,-2.0324878239935883e-19
1252150106.9047852,nan,-2.0270093154494983e-19
1252150106.9050293,nan,-2.032655195864363e-19
1252150106.9052734,nan,-2.0291212820446742e-19
1252150106.9055176,nan,-2.0307309375151257e-19
1252150106.9057617,nan,-2.0224430514087125e-19
1252150106.9060059,nan,-2.0170713254814596e-19
1252150106.90625,nan,-2.0315588909697054e-19
1252150106.9064941,nan,-2.0220629867517368e-19
1252150106.9067383,nan,-2.015646429232133e-19
1252150106.9069824,nan,-2.015447838097005e-19
1252150106.9072266,nan,-2.0141472090115171e-19
1252150106.9074707,nan,-2.0145529564824698e-19
1252150106.9077148,nan,-2.0037716384822462e-19
1252150106.907959,nan,-2.0012720628783503e-19
1252150106.9082031,nan,-1.9950839214491548e-19
1252150106.9084473,nan,-1.9942605899860898e-19
1252150106.9086914,nan,-1.9930585728593163e-19
1252150106.9089355,nan,-1.9770191027422426e-19
1252150106.9091797,nan,-1.9767528143410145e-19
1252150106.9094238,nan,-1.9801176372366318e-19
1252150106.909668,nan,-1.9699272581653017e-19
1252150106.909912,nan,-1.9611488486529464e-19
1252150106.9101562,nan,-1.958875770849225e-19
1252150106.9104004,nan,-1.9523460592007154e-19
1252150106.9106445,nan,-1.9414460155526808e-19
1252150106.9108887,nan,-1.9351854902868974e-19
1252150106.9111328,nan,-1.9280470994310618e-19
1252150106.911377,nan,-1.9216880945562833e-19
1252150106.911621,nan,-1.918202630082488e-19
1252150106.9118652,nan,-1.9070418928430105e-19
1252150106.9121094,nan,-1.8944170830130962e-19
1252150106.9123535,nan,-1.8886746459129373e-19
1252150106.9125977,nan,-1.8840986849793989e-19
1252150106.9128418,nan,-1.8711989720329895e-19
1252150106.913086,nan,-1.8624308543329606e-19
1252150106.91333,nan,-1.8644888233981714e-19
1252150106.9135742,nan,-1.8493375312851415e-19
1252150106.9138184,nan,-1.830693880365617e-19
1252150106.9140625,nan,-1.828160501564435e-19
1252150106.9143066,nan,-1.8192812345772278e-19
1252150106.9145508,nan,-1.806539585703528e-19
1252150106.914795,nan,-1.792987086499339e-19
1252150106.915039,nan,-1.7827408152345976e-19
1252150106.9152832,nan,-1.782554077318219e-19
1252150106.9155273,nan,-1.7619522366749833e-19
1252150106.9157715,nan,-1.7432274203976186e-19
1252150106.9160156,nan,-1.7414181188774627e-19
1252150106.9162598,nan,-1.7300042003259884e-19
1252150106.916504,nan,-1.71846184635412e-19
1252150106.916748,nan,-1.7028015858247734e-19
1252150106.9169922,nan,-1.692489170672872e-19
1252150106.9172363,nan,-1.6850122955183917e-19
1252150106.9174805,nan,-1.6673357505942484e-19
1252150106.9177246,nan,-1.6549341896076768e-19
1252150106.9179688,nan,-1.6426882406056628e-19
1252150106.918213,nan,-1.6284659021196177e-19
1252150106.918457,nan,-1.6134438798378286e-19
1252150106.9187012,nan,-1.595169199219557e-19
1252150106.9189453,nan,-1.5845298523312799e-19
1252150106.9191895,nan,-1.578136025623516e-19
1252150106.9194336,nan,-1.5553939525639445e-19
1252150106.9196777,nan,-1.5370558110387768e-19
1252150106.9199219,nan,-1.534001918913745e-19
1252150106.920166,nan,-1.5128028117699102e-19
1252150106.9204102,nan,-1.4975848596541907e-19
1252150106.9206543,nan,-1.47751762994221e-19
1252150106.9208984,nan,-1.458835195227635e-19
1252150106.9211426,nan,-1.4632525530839168e-19
1252150106.9213867,nan,-1.4373409539362344e-19
1252150106.9216309,nan,-1.4108659400758618e-19
1252150106.921875,nan,-1.4010411904020455e-19
1252150106.9221191,nan,-1.3897243961036647e-19
1252150106.9223633,nan,-1.3718740636353736e-19
1252150106.9226074,nan,-1.3425314683010594e-19
1252150106.9228516,nan,-1.3341666995616506e-19
1252150106.9230957,nan,-1.3230833945778052e-19
1252150106.9233398,nan,-1.302736390370511e-19
1252150106.923584,nan,-1.278972085336073e-19
1252150106.9238281,nan,-1.2589013537713086e-19
1252150106.9240723,nan,-1.256791280347421e-19
1252150106.9243164,nan,-1.227185992113389e-19
1252150106.9245605,nan,-1.203490919902856e-19
1252150106.9248047,nan,-1.1967395601626187e-19
1252150106.9250488,nan,-1.1802616935367558e-19
1252150106.925293,nan,-1.161018602544215e-19
1252150106.925537,nan,-1.1302821908902698e-19
1252150106.9257812,nan,-1.1202329482488564e-19
1252150106.9260254,nan,-1.1037085945919834e-19
1252150106.9262695,nan,-1.0711630694077726e-19
1252150106.9265137,nan,-1.0569816906161186e-19
1252150106.9267578,nan,-1.0408191873515751e-19
1252150106.927002,nan,-1.0290725634891926e-19
1252150106.927246,nan,-1.002100267274552e-19
1252150106.9274902,nan,-9.78087846092286e-20
1252150106.9277344,nan,-9.71610421306755e-20
1252150106.9279785,nan,-9.472758684518792e-20
1252150106.9282227,nan,-9.230126678806975e-20
1252150106.9284668,nan,-8.99422085762544e-20
1252150106.928711,nan,-8.837515691106045e-20
1252150106.928955,nan,-8.690581917228471e-20
1252150106.9291992,nan,-8.416399192780588e-20
1252150106.9294434,nan,-8.173460926406201e-20
1252150106.9296875,nan,-7.994277747664114e-20
1252150106.9299316,nan,-7.876612106034117e-20
1252150106.9301758,nan,-7.585856085875803e-20
1252150106.93042,nan,-7.293131574927636e-20
1252150106.930664,nan,-7.20319681039321e-20
1252150106.9309082,nan,-7.055798096741402e-20
1252150106.9311523,nan,-6.827005523718149e-20
1252150106.9313965,nan,-6.515748765420746e-20
1252150106.9316406,nan,-6.332633471260884e-20
1252150106.9318848,nan,-6.212040206417154e-20
1252150106.932129,nan,-5.899088109236249e-20
1252150106.932373,nan,-5.652088352725333e-20
1252150106.9326172,nan,-5.521461967859024e-20
1252150106.9328613,nan,-5.305015092886688e-20
1252150106.9331055,nan,-5.0457796453227354e-20
1252150106.9333496,nan,-4.8215496166863356e-20
1252150106.9335938,nan,-4.625027957531823e-20
1252150106.933838,nan,-4.449269203469409e-20
1252150106.934082,nan,-4.176320375982741e-20
1252150106.9343262,nan,-3.943786914200954e-20
1252150106.9345703,nan,-3.777688135943801e-20
1252150106.9348145,nan,-3.548875802728409e-20
1252150106.9350586,nan,-3.314888912909137e-20
1252150106.9353027,nan,-3.0399387235655143e-20
1252150106.9355469,nan,-2.9014171581252653e-20
1252150106.935791,nan,-2.739764296836376e-20
1252150106.9360352,nan,-2.3644199920922445e-20
1252150106.9362793,nan,-2.117093531958098e-20
1252150106.9365234,nan,-1.976894988371911e-20
1252150106.9367676,nan,-1.808861637256926e-20
1252150106.9370117,nan,-1.566182375823941e-20
1252150106.9372559,nan,-1.2824151863015995e-20
1252150106.9375,nan,-1.0700506309461113e-20
1252150106.9377441,nan,-8.863346298648486e-21
1252150106.9379883,nan,-6.652493924760464e-21
1252150106.9382324,nan,-3.5731789886412474e-21
1252150106.9384766,nan,-1.9247022232709308e-21
1252150106.9387207,nan,-7.141290658820434e-22
1252150106.9389648,nan,2.620421401719466e-21
1252150106.939209,nan,5.197649021057732e-21
1252150106.9394531,nan,6.800978060668546e-21
1252150106.9396973,nan,8.74742539103129e-21
1252150106.9399414,nan,1.1399902542373384e-20
1252150106.9401855,nan,1.434850209099502e-20
1252150106.9404297,nan,1.5854983351050893e-20
1252150106.9406738,nan,1.7374453527590234e-20
1252150106.940918,nan,2.0310825384782624e-20
1252150106.941162,nan,2.331147746390048e-20
1252150106.9414062,nan,2.4806396452273007e-20
1252150106.9416504,nan,2.5899105034714627e-20
1252150106.9418945,nan,2.959446024011096e-20
1252150106.9421387,nan,3.2577681534488955e-20
1252150106.9423828,nan,3.3367542596299704e-20
1252150106.942627,nan,3.562999500707377e-20
1252150106.942871,nan,3.792416393860014e-20
1252150106.9431152,nan,4.091804395389663e-20
1252150106.9433594,nan,4.285222329159436e-20
1252150106.9436035,nan,4.3723705062984535e-20
1252150106.9438477,nan,4.7679751699168026e-20
1252150106.9440918,nan,4.9324887752770426e-20
1252150106.944336,nan,5.0329849974305555e-20
1252150106.94458,nan,5.383405102182236e-20
1252150106.9448242,nan,5.572382081068382e-20
1252150106.9450684,nan,5.755089724878028e-20
1252150106.9453125,nan,5.95379313414999e-20
1252150106.9455566,nan,6.150491258949126e-20
1252150106.9458008,nan,6.43536664382137e-20
1252150106.946045,nan,6.632797003478461e-20
1252150106.946289,nan,6.793158441320617e-20
1252150106.9465332,nan,6.978410651042522e-20
1252150106.9467773,nan,7.198296391352888e-20
1252150106.9470215,nan,7.422434090219877e-20
1252150106.9472656,nan,7.554100505119582e-20
1252150106.9475098,nan,7.793190117294845e-20
1252150106.947754,nan,8.066865477820559e-20
1252150106.947998,nan,8.243364615236877e-20
1252150106.9482422,nan,8.377593092127894e-20
1252150106.9484863,nan,8.584535189190628e-20
1252150106.9487305,nan,8.893365000442854e-20
1252150106.9489746,nan,9.028873524045283e-20
1252150106.9492188,nan,9.181415459867789e-20
1252150106.949463,nan,9.425474454890068e-20
1252150106.949707,nan,9.609008443935147e-20
1252150106.9499512,nan,9.8385249547144e-20
1252150106.9501953,nan,9.951149926451136e-20
1252150106.9504395,nan,1.0110924943025578e-19
1252150106.9506836,nan,1.0401895278281826e-19
1252150106.9509277,nan,1.0534741600953956e-19
1252150106.9511719,nan,1.0682780034103853e-19
1252150106.951416,nan,1.0874917524684106e-19
1252150106.9516602,nan,1.1125780500599223e-19
1252150106.9519043,nan,1.1378178610322606e-19
1252150106.9521484,nan,1.1448336646098317e-19
1252150106.9523926,nan,1.1573396981618872e-19
1252150106.9526367,nan,1.1799879670691675e-19
1252150106.9528809,nan,1.201455790322111e-19
1252150106.953125,nan,1.211275706769406e-19
1252150106.9533691,nan,1.2243677328537858e-19
1252150106.9536133,nan,1.255153036681794e-19
1252150106.9538574,nan,1.2691771651743557e-19
1252150106.9541016,nan,1.2802916147807416e-19
1252150106.9543457,nan,1.294354592145984e-19
1252150106.9545898,nan,1.3079321698424074e-19
1252150106.954834,nan,1.3376271931583698e-19
1252150106.9550781,nan,1.3494644470109112e-19
1252150106.9553223,nan,1.3556090530805351e-19
1252150106.9555664,nan,1.3809362456448397e-19
1252150106.9558105,nan,1.3991278847438672e-19
1252150106.9560547,nan,1.4064328861632555e-19
1252150106.9562988,nan,1.4152865023542132e-19
1252150106.956543,nan,1.4383705554137605e-19
1252150106.956787,nan,1.461582546183467e-19
1252150106.9570312,nan,1.4622433434689523e-19
1252150106.9572754,nan,1.4716928566809595e-19
1252150106.9575195,nan,1.493523317637272e-19
1252150106.9577637,nan,1.5139916348239948e-19
1252150106.9580078,nan,1.5239576687149872e-19
1252150106.958252,nan,1.5218827739729153e-19
1252150106.958496,nan,1.550067545754597e-19
1252150106.9587402,nan,1.5681553102224837e-19
1252150106.9589844,nan,1.5651852843789516e-19
1252150106.9592285,nan,1.584183767753248e-19
1252150106.9594727,nan,1.5954608855510433e-19
1252150106.9597168,nan,1.6122145497788523e-19
1252150106.959961,nan,1.623847043710709e-19
1252150106.960205,nan,1.6239863622091712e-19
1252150106.9604492,nan,1.6456153994208452e-19
1252150106.9606934,nan,1.658612883137477e-19
1252150106.9609375,nan,1.6607859527829085e-19
1252150106.9611816,nan,1.6748437981998907e-19
1252150106.9614258,nan,1.6911213317224803e-19
1252150106.96167,nan,1.6989487377045734e-19
1252150106.961914,nan,1.709558815268427e-19
1252150106.9621582,nan,1.7126082510332766e-19
1252150106.9624023,nan,1.7210618892642821e-19
1252150106.9626465,nan,1.7438484942065492e-19
1252150106.9628906,nan,1.7412005161887003e-19
1252150106.9631348,nan,1.7502829051603696e-19
1252150106.963379,nan,1.7698754421117613e-19
1252150106.963623,nan,1.7730702205963248e-19
1252150106.9638672,nan,1.775019138423337e-19
1252150106.9641113,nan,1.7767556754588476e-19
1252150106.9643555,nan,1.7950232465884536e-19
1252150106.9645996,nan,1.8017076671487582e-19
1252150106.9648438,nan,1.8019361885272575e-19
1252150106.965088,nan,1.8131239582457782e-19
1252150106.965332,nan,1.8198345335643475e-19
1252150106.9655762,nan,1.8366668110891727e-19
1252150106.9658203,nan,1.8347939980483896e-19
1252150106.9660645,nan,1.8296024052540224e-19
1252150106.9663086,nan,1.8487287088670355e-19
1252150106.9665527,nan,1.8578810868779874e-19
1252150106.9667969,nan,1.8548581234263796e-19
1252150106.967041,nan,1.857021258938182e-19
1252150106.9672852,nan,1.8698058436781815e-19
1252150106.9675293,nan,1.8679197129243578e-19
1252150106.9677734,nan,1.8669134191696307e-19
1252150106.9680176,nan,1.8789603319005343e-19
1252150106.9682617,nan,1.8814332021358396e-19
1252150106.9685059,nan,1.883529350685451e-19
1252150106.96875,nan,1.881755628182726e-19
1252150106.9689941,nan,1.8836408024131491e-19
1252150106.9692383,nan,1.8964354656917372e-19
1252150106.9694824,nan,1.897058173682732e-19
1252150106.9697266,nan,1.8938374017207188e-19
1252150106.9699707,nan,1.8987285489551337e-19
1252150106.9702148,nan,1.8962978472046458e-19
1252150106.970459,nan,1.9025663901975611e-19
1252150106.9707031,nan,1.9049792973921411e-19
1252150106.9709473,nan,1.8966709428812066e-19
1252150106.9711914,nan,1.9077540796596082e-19
1252150106.9714355,nan,1.9138961087769542e-19
1252150106.9716797,nan,1.9022719015380132e-19
1252150106.9719238,nan,1.8924070502723818e-19
1252150106.972168,nan,1.9022748337238165e-19
1252150106.972412,nan,1.910064578423248e-19
1252150106.9726562,nan,1.8947839846087963e-19
1252150106.9729004,nan,1.8981842742698348e-19
1252150106.9731445,nan,1.9004211393119048e-19
1252150106.9733887,nan,1.8935022718647509e-19
1252150106.9736328,nan,1.8921496695222216e-19
1252150106.973877,nan,1.8810670153567577e-19
1252150106.974121,nan,1.892268975889154e-19
1252150106.9743652,nan,1.890893988711356e-19
1252150106.9746094,nan,1.8771137060613947e-19
1252150106.9748535,nan,1.8818254168067025e-19
1252150106.9750977,nan,1.875507712053054e-19
1252150106.9753418,nan,1.874715439044128e-19
1252150106.975586,nan,1.8592277932761228e-19
1252150106.97583,nan,1.853007023110312e-19
1252150106.9760742,nan,1.8643486836043933e-19
1252150106.9763184,nan,1.8470354718045918e-19
1252150106.9765625,nan,1.843520411544521e-19
1252150106.9768066,nan,1.83882056778534e-19
1252150106.9770508,nan,1.8354447996214332e-19
1252150106.977295,nan,1.83575437961299e-19
1252150106.977539,nan,1.8214545407957058e-19
1252150106.9777832,nan,1.818909197776558e-19
1252150106.9780273,nan,1.804314407581597e-19
1252150106.9782715,nan,1.8032371208127737e-19
1252150106.9785156,nan,1.7965657606540501e-19
1252150106.9787598,nan,1.7789344385359778e-19
1252150106.979004,nan,1.7885786685481634e-19
1252150106.979248,nan,1.7753010566190457e-19
1252150106.9794922,nan,1.7602600131642315e-19
1252150106.9797363,nan,1.7505600374204136e-19
1252150106.9799805,nan,1.743248543558483e-19
1252150106.9802246,nan,1.743363315278312e-19
1252150106.9804688,nan,1.722819082617439e-19
1252150106.980713,nan,1.7173205166637531e-19
1252150106.980957,nan,1.7105714490122014e-19
1252150106.9812012,nan,1.698525303873315e-19
1252150106.9814453,nan,1.6970748664084749e-19
1252150106.9816895,nan,1.6713193702642978e-19
1252150106.9819336,nan,1.658616771325504e-19
1252150106.9821777,nan,1.6593610573249114e-19
1252150106.9824219,nan,1.6394624577287897e-19
1252150106.982666,nan,1.6283890622710639e-19
1252150106.9829102,nan,1.6200919917633403e-19
1252150106.9831543,nan,1.6078886902962098e-19
1252150106.9833984,nan,1.5980439643949544e-19
1252150106.9836426,nan,1.585097785689369e-19
1252150106.9838867,nan,1.570299097622691e-19
1252150106.9841309,nan,1.5605098836006677e-19
1252150106.984375,nan,1.5487817672247354e-19
1252150106.9846191,nan,1.5264064404386676e-19
1252150106.9848633,nan,1.5144677831755697e-19
1252150106.9851074,nan,1.50966965371963e-19
1252150106.9853516,nan,1.4874303329337162e-19
1252150106.9855957,nan,1.4653093299381602e-19
1252150106.9858398,nan,1.4584322684343805e-19
1252150106.986084,nan,1.4489535168237415e-19
1252150106.9863281,nan,1.4346149491071292e-19
1252150106.9865723,nan,1.415564847344288e-19
1252150106.9868164,nan,1.4034982418962283e-19
1252150106.9870605,nan,1.3994602124691625e-19
1252150106.9873047,nan,1.3731912151422647e-19
1252150106.9875488,nan,1.343829805067817e-19
1252150106.987793,nan,1.3377243996548323e-19
1252150106.988037,nan,1.3287574344146369e-19
1252150106.9882812,nan,1.306165927699636e-19
1252150106.9885254,nan,1.283648482874497e-19
1252150106.9887695,nan,1.2711969526672174e-19
1252150106.9890137,nan,1.2604248159179336e-19
1252150106.9892578,nan,1.235677876194696e-19
1252150106.989502,nan,1.207114604999344e-19
1252150106.989746,nan,1.2017559332579543e-19
1252150106.9899902,nan,1.1931679962145985e-19
1252150106.9902344,nan,1.1599911579564428e-19
1252150106.9904785,nan,1.1447893956122732e-19
1252150106.9907227,nan,1.1354492102351974e-19
1252150106.9909668,nan,1.1145715171640917e-19
1252150106.991211,nan,1.091893539707463e-19
1252150106.991455,nan,1.0668896134751007e-19
1252150106.9916992,nan,1.0557405629474387e-19
1252150106.9919434,nan,1.0413126513121748e-19
1252150106.9921875,nan,1.0132787954638407e-19
1252150106.9924316,nan,9.896431053783677e-20
1252150106.9926758,nan,9.754517756266398e-20
1252150106.99292,nan,9.665223873371834e-20
1252150106.993164,nan,9.419125536257233e-20
1252150106.9934082,nan,9.089210685624467e-20
1252150106.9936523,nan,9.012648195619461e-20
1252150106.9938965,nan,8.901878440959185e-20
1252150106.9941406,nan,8.54290965767345e-20
1252150106.9943848,nan,8.359450710008581e-20
1252150106.994629,nan,8.266961079303129e-20
1252150106.994873,nan,7.984136571880745e-20
1252150106.9951172,nan,7.695870414266489e-20
1252150106.9953613,nan,7.519226405295344e-20
1252150106.9956055,nan,7.362930553656613e-20
1252150106.9958496,nan,7.20074260521815e-20
1252150106.9960938,nan,6.940186089297054e-20
1252150106.996338,nan,6.669848002199931e-20
1252150106.996582,nan,6.502248812729027e-20
1252150106.9968262,nan,6.316881883357614e-20
1252150106.9970703,nan,6.0593381065507e-20
1252150106.9973145,nan,5.761876094839623e-20
1252150106.9975586,nan,5.693704708769879e-20
1252150106.9978027,nan,5.534958948448152e-20
1252150106.9980469,nan,5.131214561460112e-20
1252150106.998291,nan,4.957061524594082e-20
1252150106.9985352,nan,4.8225802717016674e-20
1252150106.9987793,nan,4.6056249674133996e-20
1252150106.9990234,nan,4.285273035684119e-20
1252150106.9992676,nan,4.066723113492675e-20
1252150106.9995117,nan,4.0091579300280587e-20
1252150106.9997559,nan,3.7045276758877904e-20
1252150107.0,nan,3.402569637371108e-20
1252150107.0002441,nan,3.218466099885261e-20
1252150107.0004883,nan,3.0450526779640516e-20
1252150107.0007324,nan,2.843301235902849e-20
1252150107.0009766,nan,2.5925139410194455e-20
1252150107.0012207,nan,2.360837733479459e-20
1252150107.0014648,nan,2.1340244635042812e-20
1252150107.001709,nan,1.968521441748449e-20
1252150107.0019531,nan,1.6761317988072094e-20
1252150107.0021973,nan,1.4329824631252944e-20
1252150107.0024414,nan,1.3579295591235317e-20
1252150107.0026855,nan,1.0660178009413266e-20
1252150107.0029297,nan,8.042482811437768e-21
1252150107.0031738,nan,6.100346098504755e-21
1252150107.003418,nan,3.9606137828901e-21
1252150107.003662,nan,2.5071120624254675e-21
1252150107.0039062,nan,-8.215664685459836e-22
1252150107.0041504,nan,-3.630476117584896e-21
1252150107.0043945,nan,-4.625905494625419e-21
1252150107.0046387,nan,-6.653505090863414e-21
1252150107.0048828,nan,-9.779827016500579e-21
1252150107.005127,nan,-1.1765614611370166e-20
1252150107.005371,nan,-1.3343295020524386e-20
1252150107.0056152,nan,-1.585898552507249e-20
1252150107.0058594,nan,-1.8141819546829152e-20
1252150107.0061035,nan,-2.0599654651798416e-20
1252150107.0063477,nan,-2.2163542345993975e-20
1252150107.0065918,nan,-2.3845770993576526e-20
1252150107.006836,nan,-2.7013883581872765e-20
1252150107.00708,nan,-2.9557664841812526e-20
1252150107.0073242,nan,-3.077478894287691e-20
1252150107.0075684,nan,-3.2141999265204993e-20
1252150107.0078125,nan,-3.524462686209747e-20
1252150107.0080566,nan,-3.7806733304005574e-20
1252150107.0083008,nan,-3.8875616733759393e-20
1252150107.008545,nan,-4.109617384700539e-20
1252150107.008789,nan,-4.366888522532711e-20
1252150107.0090332,nan,-4.5471540640880085e-20
1252150107.0092773,nan,-4.76296189646638e-20
1252150107.0095215,nan,-4.935012474947987e-20
1252150107.0097656,nan,-5.1530665922998917e-20
1252150107.0100098,nan,-5.428084186414952e-20
1252150107.010254,nan,-5.576990639660268e-20
1252150107.010498,nan,-5.71975987102913e-20
1252150107.0107422,nan,-5.955088478443393e-20
1252150107.0109863,nan,-6.253232150895534e-20
1252150107.0112305,nan,-6.335741989182497e-20
1252150107.0114746,nan,-6.480779876907626e-20
1252150107.0117188,nan,-6.81329821690005e-20
1252150107.011963,nan,-6.958827460868047e-20
1252150107.012207,nan,-7.151193001075258e-20
1252150107.0124512,nan,-7.268192839459536e-20
1252150107.0126953,nan,-7.471619302213784e-20
1252150107.0129395,nan,-7.808796046592809e-20
1252150107.0131836,nan,-7.841009807756047e-20
1252150107.0134277,nan,-8.03471737153567e-20
1252150107.0136719,nan,-8.29880493148794e-20
1252150107.013916,nan,-8.443593889434514e-20
1252150107.0141602,nan,-8.660365699240264e-20
1252150107.0144043,nan,-8.730281838427477e-20
1252150107.0146484,nan,-8.977998473963152e-20
1252150107.0148926,nan,-9.199992504197803e-20
1252150107.0151367,nan,-9.224572187937372e-20
1252150107.0153809,nan,-9.475179208545299e-20
1252150107.015625,nan,-9.728592353273534e-20
1252150107.0158691,nan,-9.853956918382893e-20
1252150107.0161133,nan,-9.92245739996928e-20
1252150107.0163574,nan,-1.0101394548939608e-19
1252150107.0166016,nan,-1.0340462029339989e-19
1252150107.0168457,nan,-1.0490881194042288e-19
1252150107.0170898,nan,-1.060461300628312e-19
1252150107.017334,nan,-1.069646285140268e-19
1252150107.0175781,nan,-1.0997149473829585e-19
1252150107.0178223,nan,-1.1129746085127926e-19
1252150107.0180664,nan,-1.1162149826882876e-19
1252150107.0183105,nan,-1.1322341396366522e-19
1252150107.0185547,nan,-1.147910594347824e-19
1252150107.0187988,nan,-1.1760394616560681e-19
1252150107.019043,nan,-1.1771160413530358e-19
1252150107.019287,nan,-1.1881433540415175e-19
1252150107.0195312,nan,-1.213818010003679e-19
1252150107.0197754,nan,-1.2189613159316648e-19
1252150107.0200195,nan,-1.2371348799711333e-19
1252150107.0202637,nan,-1.2434725027974388e-19
1252150107.0205078,nan,-1.2585084081831697e-19
1252150107.020752,nan,-1.281568847763479e-19
1252150107.020996,nan,-1.2834644625257001e-19
1252150107.0212402,nan,-1.294036790217065e-19
1252150107.0214844,nan,-1.301063933221994e-19
1252150107.0217285,nan,-1.320999634215966e-19
1252150107.0219727,nan,-1.3301583356113274e-19
1252150107.0222168,nan,-1.3318685524587065e-19
1252150107.022461,nan,-1.3622984846689466e-19
1252150107.022705,nan,-1.366762385896716e-19
1252150107.0229492,nan,-1.3721384683337216e-19
1252150107.0231934,nan,-1.3893666090913117e-19
1252150107.0234375,nan,-1.395926388271537e-19
1252150107.0236816,nan,-1.4085497404148885e-19
1252150107.0239258,nan,-1.4146581043737358e-19
1252150107.02417,nan,-1.4245991951075036e-19
1252150107.024414,nan,-1.4367082250868545e-19
1252150107.0246582,nan,-1.4447707673927687e-19
1252150107.0249023,nan,-1.447051526824878e-19
1252150107.0251465,nan,-1.4572888821111125e-19
1252150107.0253906,nan,-1.468365573579234e-19
1252150107.0256348,nan,-1.4724645648938913e-19
1252150107.025879,nan,-1.4813593855330248e-19
1252150107.026123,nan,-1.480545265048197e-19
1252150107.0263672,nan,-1.4971018572757967e-19
1252150107.0266113,nan,-1.5073423571714983e-19
1252150107.0268555,nan,-1.5078189903112155e-19
1252150107.0270996,nan,-1.5158932978090805e-19
1252150107.0273438,nan,-1.5181219330048837e-19
1252150107.027588,nan,-1.5369186162154742e-19
1252150107.027832,nan,-1.5332674922452204e-19
1252150107.0280762,nan,-1.5347109839229358e-19
1252150107.0283203,nan,-1.55144085700723e-19
1252150107.0285645,nan,-1.5419187853891898e-19
1252150107.0288086,nan,-1.55304568396284e-19
1252150107.0290527,nan,-1.5537187955463085e-19
1252150107.0292969,nan,-1.5556419279757564e-19
1252150107.029541,nan,-1.5737982274891354e-19
1252150107.0297852,nan,-1.5665621640557698e-19
1252150107.0300293,nan,-1.5681673269935608e-19
1252150107.0302734,nan,-1.5772556997342572e-19
1252150107.0305176,nan,-1.5838346950116684e-19
1252150107.0307617,nan,-1.575354394560689e-19
1252150107.0310059,nan,-1.572954722493323e-19
1252150107.03125,nan,-1.5901504245978743e-19
1252150107.0314941,nan,-1.5842187807380077e-19
1252150107.0317383,nan,-1.5827762577544712e-19
1252150107.0319824,nan,-1.583994544132704e-19
1252150107.0322266,nan,-1.585769923865892e-19
1252150107.0324707,nan,-1.6018500734560813e-19
1252150107.0327148,nan,-1.5892521375254553e-19
1252150107.032959,nan,-1.5828679289317309e-19
1252150107.0332031,nan,-1.5960302735171176e-19
1252150107.0334473,nan,-1.5939214048489996e-19
1252150107.0336914,nan,-1.5851351003121143e-19
1252150107.0339355,nan,-1.5812442407849347e-19
1252150107.0341797,nan,-1.5932325742591792e-19
1252150107.0344238,nan,-1.5915581535922042e-19
1252150107.034668,nan,-1.5817839261801243e-19
1252150107.034912,nan,-1.5846921207102712e-19
1252150107.0351562,nan,-1.5776405669962525e-19
1252150107.0354004,nan,-1.5787898610850766e-19
1252150107.0356445,nan,-1.583923881668537e-19
1252150107.0358887,nan,-1.571671586973547e-19
1252150107.0361328,nan,-1.5705783482760432e-19
1252150107.036377,nan,-1.573628377433248e-19
1252150107.036621,nan,-1.5626399400564516e-19
1252150107.0368652,nan,-1.5539647328573004e-19
1252150107.0371094,nan,-1.5571139472479226e-19
1252150107.0373535,nan,-1.5597115589849342e-19
1252150107.0375977,nan,-1.5446689014801575e-19
1252150107.0378418,nan,-1.5410141097021403e-19
1252150107.038086,nan,-1.546588723499483e-19
1252150107.03833,nan,-1.5376541965707949e-19
1252150107.0385742,nan,-1.5291233344712975e-19
1252150107.0388184,nan,-1.5167031796723705e-19
1252150107.0390625,nan,-1.5178534329130474e-19
1252150107.0393066,nan,-1.5189822681947401e-19
1252150107.0395508,nan,-1.5015597276728863e-19
1252150107.039795,nan,-1.494558509442459e-19
1252150107.040039,nan,-1.494022005537652e-19
1252150107.0402832,nan,-1.491712259368109e-19
1252150107.0405273,nan,-1.477687248590094e-19
1252150107.0407715,nan,-1.4691552865833555e-19
1252150107.0410156,nan,-1.4705792394426302e-19
1252150107.0412598,nan,-1.4621139213395914e-19
1252150107.041504,nan,-1.4525125230596922e-19
1252150107.041748,nan,-1.440732192039082e-19
1252150107.0419922,nan,-1.4378354972249556e-19
1252150107.0422363,nan,-1.431130154119294e-19
1252150107.0424805,nan,-1.4156637092412028e-19
1252150107.0427246,nan,-1.4094751532010232e-19
1252150107.0429688,nan,-1.4042641189513392e-19
1252150107.043213,nan,-1.397105779715372e-19
1252150107.043457,nan,-1.3819297187295215e-19
1252150107.0437012,nan,-1.3736088085243317e-19
1252150107.0439453,nan,-1.36564525350931e-19
1252150107.0441895,nan,-1.3568136455687093e-19
1252150107.0444336,nan,-1.3465177533618298e-19
1252150107.0446777,nan,-1.3290524555669013e-19
1252150107.0449219,nan,-1.3318750652121452e-19
1252150107.045166,nan,-1.3215367761533352e-19
1252150107.0454102,nan,-1.2949929189090214e-19
1252150107.0456543,nan,-1.2906311142650828e-19
1252150107.0458984,nan,-1.2905402986236647e-19
1252150107.0461426,nan,-1.272562486677374e-19
1252150107.0463867,nan,-1.2497494480259473e-19
1252150107.0466309,nan,-1.249301060288183e-19
1252150107.046875,nan,-1.2466928727529821e-19
1252150107.0471191,nan,-1.2279802210874221e-19
1252150107.0473633,nan,-1.213264034113782e-19
1252150107.0476074,nan,-1.1937416882554566e-19
1252150107.0478516,nan,-1.196730198377263e-19
1252150107.0480957,nan,-1.1878544769698367e-19
1252150107.0483398,nan,-1.158020472304264e-19
1252150107.048584,nan,-1.157460164999535e-19
1252150107.0488281,nan,-1.1457847464780988e-19
1252150107.0490723,nan,-1.1301259184378242e-19
1252150107.0493164,nan,-1.1167149989648278e-19
1252150107.0495605,nan,-1.1072236236336778e-19
1252150107.0498047,nan,-1.1003331406193463e-19
1252150107.0500488,nan,-1.0744285711834425e-19
1252150107.050293,nan,-1.065722980588379e-19
1252150107.050537,nan,-1.0516525534609052e-19
1252150107.0507812,nan,-1.0370564974659653e-19
1252150107.0510254,nan,-1.0350368047421768e-19
1252150107.0512695,nan,-1.0081187481362915e-19
1252150107.0515137,nan,-9.977144752882254e-20
1252150107.0517578,nan,-9.942938903460466e-20
1252150107.052002,nan,-9.758729485011985e-20
1252150107.052246,nan,-9.63172314943026e-20
1252150107.0524902,nan,-9.407525842633e-20
1252150107.0527344,nan,-9.328893390576999e-20
1252150107.0529785,nan,-9.237882419006966e-20
1252150107.0532227,nan,-9.004129162321618e-20
1252150107.0534668,nan,-8.929261756684279e-20
1252150107.053711,nan,-8.748784293890166e-20
1252150107.053955,nan,-8.657393052548641e-20
1252150107.0541992,nan,-8.51975017738648e-20
1252150107.0544434,nan,-8.176212131562442e-20
1252150107.0546875,nan,-8.227776541862062e-20
1252150107.0549316,nan,-8.13617955597639e-20
1252150107.0551758,nan,-7.806739889628242e-20
1252150107.05542,nan,-7.759817957326447e-20
1252150107.055664,nan,-7.636693047138145e-20
1252150107.0559082,nan,-7.457882947083122e-20
1252150107.0561523,nan,-7.25902406769901e-20
1252150107.0563965,nan,-7.12219583869279e-20
1252150107.0566406,nan,-7.078612051291721e-20
1252150107.0568848,nan,-6.85899505439308e-20
1252150107.057129,nan,-6.710316035465485e-20
1252150107.057373,nan,-6.575215641728508e-20
1252150107.0576172,nan,-6.408313699706536e-20
1252150107.0578613,nan,-6.29983098907551e-20
1252150107.0581055,nan,-6.092997246951601e-20
1252150107.0583496,nan,-5.909339373203465e-20
1252150107.0585938,nan,-5.817571212693992e-20
1252150107.058838,nan,-5.753758394870902e-20
1252150107.059082,nan,-5.487712222627361e-20
1252150107.0593262,nan,-5.307312029805186e-20
1252150107.0595703,nan,-5.242320835238889e-20
1252150107.0598145,nan,-5.027610930548342e-20
1252150107.0600586,nan,-4.9333324101294104e-20
1252150107.0603027,nan,-4.7466090945241014e-20
1252150107.0605469,nan,-4.581824967962035e-20
1252150107.060791,nan,-4.486260347528706e-20
1252150107.0610352,nan,-4.3218073852719336e-20
1252150107.0612793,nan,-4.166545914829334e-20
1252150107.0615234,nan,-3.995308318600961e-20
1252150107.0617676,nan,-3.9711044960758404e-20
1252150107.0620117,nan,-3.727757659838282e-20
1252150107.0622559,nan,-3.4711016322542286e-20
1252150107.0625,nan,-3.512061168526129e-20
1252150107.0627441,nan,-3.319261896340764e-20
1252150107.0629883,nan,-3.035734775479126e-20
1252150107.0632324,nan,-2.9405054365510466e-20
1252150107.0634766,nan,-2.87294750815652e-20
1252150107.0637207,nan,-2.7010486482762058e-20
1252150107.0639648,nan,-2.4882444037582593e-20
1252150107.064209,nan,-2.3692139846193462e-20
1252150107.0644531,nan,-2.3216303382864038e-20
1252150107.0646973,nan,-2.202977401430887e-20
1252150107.0649414,nan,-1.9433397636414693e-20
1252150107.0651855,nan,-1.828164949525935e-20
1252150107.0654297,nan,-1.749774308924523e-20
1252150107.0656738,nan,-1.5519053431238963e-20
1252150107.065918,nan,-1.3817337386555357e-20
1252150107.066162,nan,-1.219077408436915e-20
1252150107.0664062,nan,-1.1637588336515889e-20
1252150107.0666504,nan,-1.049185885163066e-20
1252150107.0668945,nan,-8.509725901070932e-21
1252150107.0671387,nan,-6.86367453841972e-21
1252150107.0673828,nan,-5.8164478880530204e-21
1252150107.067627,nan,-5.3258653608245196e-21
1252150107.067871,nan,-2.597061920857918e-21
1252150107.0681152,nan,-1.0987739441729567e-21
1252150107.0683594,nan,-1.3892276572883991e-21
1252150107.0686035,nan,8.237772433132548e-22
1252150107.0688477,nan,2.104203140128787e-21
1252150107.0690918,nan,3.1583441789530336e-21
1252150107.069336,nan,5.1992087446941234e-21
1252150107.06958,nan,5.770268494264119e-21
1252150107.0698242,nan,7.259387844033614e-21
1252150107.0700684,nan,8.982781274002777e-21
1252150107.0703125,nan,9.634693386370068e-21
1252150107.0705566,nan,1.1033589500647561e-20
1252150107.0708008,nan,1.2680575298721996e-20
1252150107.071045,nan,1.362234228157893e-20
1252150107.071289,nan,1.4174467542134112e-20
1252150107.0715332,nan,1.5450871698580307e-20
1252150107.0717773,nan,1.749897105629456e-20
1252150107.0720215,nan,1.8987684176030203e-20
1252150107.0722656,nan,1.9002139290119212e-20
1252150107.0725098,nan,1.973405110257062e-20
1252150107.072754,nan,2.2274273960093792e-20
1252150107.072998,nan,2.3329101803925466e-20
1252150107.0732422,nan,2.38944319709501e-20
1252150107.0734863,nan,2.5282759869985628e-20
1252150107.0737305,nan,2.6712390841003956e-20
1252150107.0739746,nan,2.79250007792125e-20
1252150107.0742188,nan,2.757084861618252e-20
1252150107.074463,nan,2.90565911960806e-20
1252150107.074707,nan,3.147637067628087e-20
1252150107.0749512,nan,3.13723508438056e-20
1252150107.0751953,nan,3.2344513217752064e-20
1252150107.0754395,nan,3.3907851335905074e-20
1252150107.0756836,nan,3.492423496148285e-20
1252150107.0759277,nan,3.550826565410231e-20
1252150107.0761719,nan,3.6544956498241236e-20
1252150107.076416,nan,3.8110536690467386e-20
1252150107.0766602,nan,3.8360631984543807e-20
1252150107.0769043,nan,3.9688625632905344e-20
1252150107.0771484,nan,4.076040726092827e-20
1252150107.0773926,nan,4.1278290817078596e-20
1252150107.0776367,nan,4.303332188706527e-20
1252150107.0778809,nan,4.367858142563178e-20
1252150107.078125,nan,4.369179135044454e-20
1252150107.0783691,nan,4.538228254770704e-20
1252150107.0786133,nan,4.651566253214561e-20
1252150107.0788574,nan,4.637238741612218e-20
1252150107.0791016,nan,4.74930904993046e-20
1252150107.0793457,nan,4.84836939479787e-20
1252150107.0795898,nan,5.004729348412084e-20
1252150107.079834,nan,5.1017616589549466e-20
1252150107.0800781,nan,5.058451222838653e-20
1252150107.0803223,nan,5.1369777258913045e-20
1252150107.0805664,nan,5.2408925590030814e-20
1252150107.0808105,nan,5.384696176201353e-20
1252150107.0810547,nan,5.381099005957073e-20
1252150107.0812988,nan,5.396274200856873e-20
1252150107.081543,nan,5.619570953889942e-20
1252150107.081787,nan,5.692861455849513e-20
1252150107.0820312,nan,5.676595560129337e-20
1252150107.0822754,nan,5.692037247072975e-20
1252150107.0825195,nan,5.824385148427884e-20
1252150107.0827637,nan,5.959017343211785e-20
1252150107.0830078,nan,5.937624466376965e-20
1252150107.083252,nan,6.0098068637346e-20
1252150107.083496,nan,6.130376183100578e-20
1252150107.0837402,nan,6.155633394519742e-20
1252150107.0839844,nan,6.12505605788432e-20
1252150107.0842285,nan,6.20278735917834e-20
1252150107.0844727,nan,6.318606556365891e-20
1252150107.0847168,nan,6.312583871781667e-20
1252150107.084961,nan,6.355380688165659e-20
1252150107.085205,nan,6.431093263963723e-20
1252150107.0854492,nan,6.539432184863672e-20
1252150107.0856934,nan,6.596829062962358e-20
1252150107.0859375,nan,6.562821118613864e-20
1252150107.0861816,nan,6.632459844635549e-20
1252150107.0864258,nan,6.721970880167461e-20
1252150107.08667,nan,6.782385357586635e-20
1252150107.086914,nan,6.78911206260715e-20
1252150107.0871582,nan,6.756742651275169e-20
1252150107.0874023,nan,6.846459283758161e-20
1252150107.0876465,nan,6.952384527464059e-20
1252150107.0878906,nan,6.925094422956846e-20
1252150107.0881348,nan,6.90330545793254e-20
1252150107.088379,nan,7.063574439874119e-20
1252150107.088623,nan,7.099972861995207e-20
1252150107.0888672,nan,7.015688864126164e-20
1252150107.0891113,nan,7.12385982007712e-20
1252150107.0893555,nan,7.233117695658657e-20
1252150107.0895996,nan,7.233006217691963e-20
1252150107.0898438,nan,7.175067834392478e-20
1252150107.090088,nan,7.198225063204446e-20
1252150107.090332,nan,7.230805976298643e-20
1252150107.0905762,nan,7.278817588632781e-20
1252150107.0908203,nan,7.340698747274908e-20
1252150107.0910645,nan,7.306901302547235e-20
1252150107.0913086,nan,7.412870992624586e-20
1252150107.0915527,nan,7.407538920886266e-20
1252150107.0917969,nan,7.353093377226478e-20
1252150107.092041,nan,7.438921515236458e-20
1252150107.0922852,nan,7.435688492223512e-20
1252150107.0925293,nan,7.493645252462519e-20
1252150107.0927734,nan,7.483322779166037e-20
1252150107.0930176,nan,7.448325106378032e-20
1252150107.0932617,nan,7.527191340131936e-20
1252150107.0935059,nan,7.550497676965553e-20
1252150107.09375,nan,7.522489243071547e-20
1252150107.0939941,nan,7.487851972977379e-20
1252150107.0942383,nan,7.577551299753948e-20
1252150107.0944824,nan,7.59577388350345e-20
1252150107.0947266,nan,7.538257993902841e-20
1252150107.0949707,nan,7.62650597453817e-20
1252150107.0952148,nan,7.618793892857655e-20
1252150107.095459,nan,7.593203050709004e-20
1252150107.0957031,nan,7.606195325715932e-20
1252150107.0959473,nan,7.551035141486681e-20
1252150107.0961914,nan,7.62961421508746e-20
1252150107.0964355,nan,7.684515397106162e-20
1252150107.0966797,nan,7.589848929000594e-20
1252150107.0969238,nan,7.61062976079798e-20
1252150107.097168,nan,7.698983310739618e-20
1252150107.097412,nan,7.711831640827816e-20
1252150107.0976562,nan,7.613602949271764e-20
1252150107.0979004,nan,7.585825184663216e-20
1252150107.0981445,nan,7.635226684932829e-20
1252150107.0983887,nan,7.659179176131122e-20
1252150107.0986328,nan,7.693424094092264e-20
1252150107.098877,nan,7.597960668584242e-20
1252150107.099121,nan,7.660203461997436e-20
1252150107.0993652,nan,7.70896744653077e-20
1252150107.0996094,nan,7.551980906098716e-20
1252150107.0998535,nan,7.590286827925985e-20
1252150107.1000977,nan,7.602298481692718e-20
1252150107.1003418,nan,7.565744958020651e-20
1252150107.100586,nan,7.540296697397616e-20
1252150107.10083,nan,7.527982271781411e-20
1252150107.1010742,nan,7.650628676950063e-20
1252150107.1013184,nan,7.652815429755949e-20
1252150107.1015625,nan,7.523611821950549e-20
1252150107.1018066,nan,7.48766608487338e-20
1252150107.1020508,nan,7.605445811870734e-20
1252150107.102295,nan,7.582192632441345e-20
1252150107.102539,nan,7.453290547927001e-20
1252150107.1027832,nan,7.483588675456295e-20
1252150107.1030273,nan,7.526327729415278e-20
1252150107.1032715,nan,7.523595781857142e-20
1252150107.1035156,nan,7.431921745876792e-20
1252150107.1037598,nan,7.398231560133568e-20
1252150107.104004,nan,7.516379616130011e-20
1252150107.104248,nan,7.484590467257363e-20
1252150107.1044922,nan,7.358135688956723e-20
1252150107.1047363,nan,7.406752919045436e-20
1252150107.1049805,nan,7.44167557167112e-20
1252150107.1052246,nan,7.444114409626239e-20
1252150107.1054688,nan,7.38535514546434e-20
1252150107.105713,nan,7.267852167999455e-20
1252150107.105957,nan,7.404159935118024e-20
1252150107.1062012,nan,7.372742531260515e-20
1252150107.1064453,nan,7.230875060663711e-20
1252150107.1066895,nan,7.325046138572247e-20
1252150107.1069336,nan,7.308914864014809e-20
1252150107.1071777,nan,7.30945370596501e-20
1252150107.1074219,nan,7.266944039251669e-20
1252150107.107666,nan,7.159547448935605e-20
1252150107.1079102,nan,7.226729582674584e-20
1252150107.1081543,nan,7.279795440181876e-20
1252150107.1083984,nan,7.220897978899664e-20
1252150107.1086426,nan,7.156018005284027e-20
1252150107.1088867,nan,7.216998403341127e-20
1252150107.1091309,nan,7.157021210194373e-20
1252150107.109375,nan,7.070101914073226e-20
1252150107.1096191,nan,7.11110083477351e-20
1252150107.1098633,nan,7.049563424996479e-20
1252150107.1101074,nan,7.097942625699854e-20
1252150107.1103516,nan,7.056847930710168e-20
1252150107.1105957,nan,7.003830168393573e-20
1252150107.1108398,nan,7.086179190823298e-20
1252150107.111084,nan,6.998118519867421e-20
1252150107.1113281,nan,6.943793637730638e-20
1252150107.1115723,nan,6.938995323605594e-20
1252150107.1118164,nan,6.968901103495492e-20
1252150107.1120605,nan,6.930630158624016e-20
1252150107.1123047,nan,6.851585147240127e-20
1252150107.1125488,nan,6.901688922136323e-20
1252150107.112793,nan,6.924576351454449e-20
1252150107.113037,nan,6.861468869140771e-20
1252150107.1132812,nan,6.840739615603143e-20
1252150107.1135254,nan,6.810331031309957e-20
1252150107.1137695,nan,6.742028912761694e-20
1252150107.1140137,nan,6.84662122975127e-20
1252150107.1142578,nan,6.811915410848545e-20
1252150107.114502,nan,6.66629987197124e-20
1252150107.114746,nan,6.756519006412909e-20
1252150107.1149902,nan,6.767097075372548e-20
1252150107.1152344,nan,6.664482988556732e-20
1252150107.1154785,nan,6.635838309841173e-20
1252150107.1157227,nan,6.658798327230456e-20
1252150107.1159668,nan,6.66283188572099e-20
1252150107.116211,nan,6.583174000480675e-20
1252150107.116455,nan,6.544156162295272e-20
1252150107.1166992,nan,6.630210661422937e-20
1252150107.1169434,nan,6.610082036862262e-20
1252150107.1171875,nan,6.496356961998042e-20
1252150107.1174316,nan,6.545285161033414e-20
1252150107.1176758,nan,6.514070801168534e-20
1252150107.11792,nan,6.521925692268561e-20
1252150107.118164,nan,6.489674098704485e-20
1252150107.1184082,nan,6.384392331554896e-20
1252150107.1186523,nan,6.581469877857144e-20
1252150107.1188965,nan,6.504160537088768e-20
1252150107.1191406,nan,6.328541856918405e-20
1252150107.1193848,nan,6.418253773936881e-20
1252150107.119629,nan,6.379180791239074e-20
1252150107.119873,nan,6.388033937289373e-20
1252150107.1201172,nan,6.37675935360789e-20
1252150107.1203613,nan,6.359167268393847e-20
1252150107.1206055,nan,6.407569665056751e-20
1252150107.1208496,nan,6.342188665535305e-20
1252150107.1210938,nan,6.301227251137422e-20
1252150107.121338,nan,6.243540814544547e-20
1252150107.121582,nan,6.315782423511724e-20
1252150107.1218262,nan,6.301051290337763e-20
1252150107.1220703,nan,6.135165688425985e-20
1252150107.1223145,nan,6.223960955218966e-20
1252150107.1225586,nan,6.259686505840771e-20
1252150107.1228027,nan,6.245074205217191e-20
1252150107.1230469,nan,6.205879965253994e-20
1252150107.123291,nan,6.165598328828119e-20
1252150107.1235352,nan,6.256419570505994e-20
1252150107.1237793,nan,6.147155354537056e-20
1252150107.1240234,nan,6.054707264977323e-20
1252150107.1242676,nan,6.116044449185898e-20
1252150107.1245117,nan,6.171409070132726e-20
1252150107.1247559,nan,6.139201905021058e-20
1252150107.125,nan,6.023693211073183e-20
1252150107.1252441,nan,6.065784275908589e-20
1252150107.1254883,nan,6.108445451225037e-20
1252150107.1257324,nan,5.986659669605435e-20
1252150107.1259766,nan,5.9485045937047e-20
1252150107.1262207,nan,6.013360398380342e-20
1252150107.1264648,nan,6.02794404579167e-20
1252150107.126709,nan,6.006427854553342e-20
1252150107.1269531,nan,5.922071976829876e-20
1252150107.1271973,nan,5.890856331379593e-20
1252150107.1274414,nan,6.005848894661521e-20
1252150107.1276855,nan,5.959617058435725e-20
1252150107.1279297,nan,5.850115292208793e-20
1252150107.1281738,nan,5.912200459704128e-20
1252150107.128418,nan,5.890317249127688e-20
1252150107.128662,nan,5.89840343624437e-20
1252150107.1289062,nan,5.839570871229021e-20
1252150107.1291504,nan,5.788466614523895e-20
1252150107.1293945,nan,5.88828129420861e-20
1252150107.1296387,nan,5.7601239978058e-20
1252150107.1298828,nan,5.759660167633429e-20
1252150107.130127,nan,5.795110529131123e-20
1252150107.130371,nan,5.76132800557521e-20
1252150107.1306152,nan,5.817820733272125e-20
1252150107.1308594,nan,5.693922671237476e-20
1252150107.1311035,nan,5.730273530153116e-20
1252150107.1313477,nan,5.718577194025671e-20
1252150107.1315918,nan,5.655223233066758e-20
1252150107.131836,nan,5.696990855164032e-20
1252150107.13208,nan,5.619640234432712e-20
1252150107.1323242,nan,5.713461685742088e-20
1252150107.1325684,nan,5.715827243840414e-20
1252150107.1328125,nan,5.596040723721594e-20
1252150107.1330566,nan,5.550946357086724e-20
1252150107.1333008,nan,5.598320591922459e-20
1252150107.133545,nan,5.675750490362552e-20
1252150107.133789,nan,5.516267415542719e-20
1252150107.1340332,nan,5.533572444520798e-20
1252150107.1342773,nan,5.602301693002568e-20
1252150107.1345215,nan,5.513272820391923e-20
1252150107.1347656,nan,5.497176590968009e-20
1252150107.1350098,nan,5.459340318517363e-20
1252150107.135254,nan,5.484752957768884e-20
1252150107.135498,nan,5.456977976137024e-20
1252150107.1357422,nan,5.424746195750427e-20
1252150107.1359863,nan,5.424446820910308e-20
1252150107.1362305,nan,5.454549222374846e-20
1252150107.1364746,nan,5.478039342361062e-20
1252150107.1367188,nan,5.3017770264528784e-20
1252150107.136963,nan,5.263935472613881e-20
1252150107.137207,nan,5.394889613370778e-20
1252150107.1374512,nan,5.3300669419271624e-20
1252150107.1376953,nan,5.2094629584445695e-20
1252150107.1379395,nan,5.3009125047671805e-20
1252150107.1381836,nan,5.358735106090223e-20
1252150107.1384277,nan,5.224877173377961e-20
1252150107.1386719,nan,5.13946358712829e-20
1252150107.138916,nan,5.1206696715410664e-20
1252150107.1391602,nan,5.141248998174094e-20
1252150107.1394043,nan,5.1660657496925844e-20
1252150107.1396484,nan,5.127358808079672e-20
1252150107.1398926,nan,5.061899039656812e-20
1252150107.1401367,nan,5.062125669681761e-20
1252150107.1403809,nan,5.0974344981379767e-20
1252150107.140625,nan,5.0228669496130484e-20
1252150107.1408691,nan,4.9441237377402534e-20
1252150107.1411133,nan,4.994268860117448e-20
1252150107.1413574,nan,5.015106249757125e-20
1252150107.1416016,nan,4.8330531790269583e-20
1252150107.1418457,nan,4.87077991205127e-20
1252150107.1420898,nan,5.004939441055952e-20
1252150107.142334,nan,4.842424327234421e-20
1252150107.1425781,nan,4.7631307584526465e-20
1252150107.1428223,nan,4.7920240814943704e-20
1252150107.1430664,nan,4.773330003125329e-20
1252150107.1433105,nan,4.7413921463192683e-20
1252150107.1435547,nan,4.7041150131006296e-20
1252150107.1437988,nan,4.623611006804122e-20
1252150107.144043,nan,4.670277423940155e-20
1252150107.144287,nan,4.6736479906319706e-20
1252150107.1445312,nan,4.442826863356894e-20
1252150107.1447754,nan,4.5130254997178866e-20
1252150107.1450195,nan,4.5725748861903564e-20
1252150107.1452637,nan,4.473786845307686e-20
1252150107.1455078,nan,4.452924429371803e-20
1252150107.145752,nan,4.34982712002652e-20
1252150107.145996,nan,4.475648610318617e-20
1252150107.1462402,nan,4.3918608494904704e-20
1252150107.1464844,nan,4.208800816133152e-20
1252150107.1467285,nan,4.3336004680610623e-20
1252150107.1469727,nan,4.2234303383772e-20
1252150107.1472168,nan,4.1900989351078367e-20
1252150107.147461,nan,4.137482422358338e-20
1252150107.147705,nan,4.071402618060123e-20
1252150107.1479492,nan,4.175755791208538e-20
1252150107.1481934,nan,4.011769112659276e-20
1252150107.1484375,nan,3.967866865898619e-20
1252150107.1486816,nan,4.004070665864961e-20
1252150107.1489258,nan,3.936259781953211e-20
1252150107.14917,nan,3.912335400119963e-20
1252150107.149414,nan,3.81961332456165e-20
1252150107.1496582,nan,3.7788028100787336e-20
1252150107.1499023,nan,3.8117601469332094e-20
1252150107.1501465,nan,3.711993707521163e-20
1252150107.1503906,nan,3.593650248847433e-20
1252150107.1506348,nan,3.6460262107997093e-20
1252150107.150879,nan,3.5591546475601816e-20
1252150107.151123,nan,3.4979696073636037e-20
1252150107.1513672,nan,3.448591721780756e-20
1252150107.1516113,nan,3.3487243426674253e-20
1252150107.1518555,nan,3.461558118262358e-20
1252150107.1520996,nan,3.378556204544769e-20
1252150107.1523438,nan,3.129151602566178e-20
1252150107.152588,nan,3.164736583740157e-20
1252150107.152832,nan,3.2508376952273085e-20
1252150107.1530762,nan,3.0428970706141917e-20
1252150107.1533203,nan,2.9601024854985295e-20
1252150107.1535645,nan,3.008014839806901e-20
1252150107.1538086,nan,2.888379251425878e-20
1252150107.1540527,nan,2.889483928439665e-20
1252150107.1542969,nan,2.787790258035071e-20
1252150107.154541,nan,2.6338064559507364e-20
1252150107.1547852,nan,2.6932454202627712e-20
1252150107.1550293,nan,2.670730805014486e-20
1252150107.1552734,nan,2.509981762535257e-20
1252150107.1555176,nan,2.4386369801982522e-20
1252150107.1557617,nan,2.4831358843812224e-20
1252150107.1560059,nan,2.37233169722314e-20
1252150107.15625,nan,2.2610385441973627e-20
1252150107.1564941,nan,2.2018151963909884e-20
1252150107.1567383,nan,2.1719428236428556e-20
1252150107.1569824,nan,2.1482557910261855e-20
1252150107.1572266,nan,1.9340268004007027e-20
1252150107.1574707,nan,1.8651968201356796e-20
1252150107.1577148,nan,1.9350060280454974e-20
1252150107.157959,nan,1.859119695031074e-20
1252150107.1582031,nan,1.7425616513617946e-20
1252150107.1584473,nan,1.640535895808528e-20
1252150107.1586914,nan,1.6144747101437688e-20
1252150107.1589355,nan,1.586341452559371e-20
1252150107.1591797,nan,1.4074656519710455e-20
1252150107.1594238,nan,1.3491287320697865e-20
1252150107.159668,nan,1.3631451009042392e-20
1252150107.159912,nan,1.2368924672108437e-20
1252150107.1601562,nan,1.1192934996613194e-20
1252150107.1604004,nan,1.0278457815689874e-20
1252150107.1606445,nan,1.007822413764107e-20
1252150107.1608887,nan,9.672911400920379e-21
1252150107.1611328,nan,8.514962841207926e-21
1252150107.161377,nan,7.96819155275844e-21
1252150107.161621,nan,6.910345107086015e-21
1252150107.1618652,nan,5.994404418404756e-21
1252150107.1621094,nan,4.9696823185146115e-21
1252150107.1623535,nan,4.034166842076504e-21
1252150107.1625977,nan,3.8570777577674735e-21
1252150107.1628418,nan,2.651547164897994e-21
1252150107.163086,nan,1.497251004176696e-21
1252150107.16333,nan,9.064229550421619e-22
1252150107.1635742,nan,4.573989210976826e-22
1252150107.1638184,nan,-4.89182434038859e-22
1252150107.1640625,nan,-2.25855297354037e-21
1252150107.1643066,nan,-2.6679045028631517e-21
1252150107.1645508,nan,-2.7913998095718413e-21
1252150107.164795,nan,-4.061466239564519e-21
1252150107.165039,nan,-5.588099769516351e-21
1252150107.1652832,nan,-5.929227754193736e-21
1252150107.1655273,nan,-6.065317285391866e-21
1252150107.1657715,nan,-7.642110622038971e-21
1252150107.1660156,nan,-9.189058696147764e-21
1252150107.1662598,nan,-1.0399478990638734e-20
1252150107.166504,nan,-9.853487916400287e-21
1252150107.166748,nan,-1.097592019550123e-20
1252150107.1669922,nan,-1.3640820505794592e-20
1252150107.1672363,nan,-1.3291892569656903e-20
1252150107.1674805,nan,-1.3955312676710476e-20
1252150107.1677246,nan,-1.5525929652167842e-20
1252150107.1679688,nan,-1.674892908674024e-20
1252150107.168213,nan,-1.7532275663359828e-20
1252150107.168457,nan,-1.7457463316788738e-20
1252150107.1687012,nan,-1.9373541140158096e-20
1252150107.1689453,nan,-2.0853977546324722e-20
1252150107.1691895,nan,-2.102065805197001e-20
1252150107.1694336,nan,-2.1802620379478506e-20
1252150107.1696777,nan,-2.3499745479781434e-20
1252150107.1699219,nan,-2.48264737168564e-20
1252150107.170166,nan,-2.570959390853144e-20
1252150107.1704102,nan,-2.6740614959762323e-20
1252150107.1706543,nan,-2.6161553462046557e-20
1252150107.1708984,nan,-2.852016920869478e-20
1252150107.1711426,nan,-3.0350593466364314e-20
1252150107.1713867,nan,-2.9158527478786994e-20
1252150107.1716309,nan,-3.1553126173220294e-20
1252150107.171875,nan,-3.3059197558253713e-20
1252150107.1721191,nan,-3.3429717121623937e-20
1252150107.1723633,nan,-3.438192377481447e-20
1252150107.1726074,nan,-3.5161287635714434e-20
1252150107.1728516,nan,-3.7573077306854266e-20
1252150107.1730957,nan,-3.799009005930417e-20
1252150107.1733398,nan,-3.816229978815946e-20
1252150107.173584,nan,-4.016082390916128e-20
1252150107.1738281,nan,-4.110160312094472e-20
1252150107.1740723,nan,-4.193000084235909e-20
1252150107.1743164,nan,-4.330240477523603e-20
1252150107.1745605,nan,-4.400881835465222e-20
1252150107.1748047,nan,-4.5261936240898396e-20
1252150107.1750488,nan,-4.7122345008277196e-20
1252150107.175293,nan,-4.704650866982727e-20
1252150107.175537,nan,-4.818057921801177e-20
1252150107.1757812,nan,-5.052579307673374e-20
1252150107.1760254,nan,-5.11737068946556e-20
1252150107.1762695,nan,-5.159918397284114e-20
1252150107.1765137,nan,-5.237458197212977e-20
1252150107.1767578,nan,-5.473476137703913e-20
1252150107.177002,nan,-5.548041798822903e-20
1252150107.177246,nan,-5.53881727936962e-20
1252150107.1774902,nan,-5.755025979069754e-20
1252150107.1777344,nan,-5.859760262424877e-20
1252150107.1779785,nan,-5.955891704702046e-20
1252150107.1782227,nan,-6.016374809371383e-20
1252150107.1784668,nan,-6.135838445277205e-20
1252150107.178711,nan,-6.354225282335501e-20
1252150107.178955,nan,-6.397480909272248e-20
1252150107.1791992,nan,-6.543233346978029e-20
1252150107.1794434,nan,-6.678809779655873e-20
1252150107.1796875,nan,-6.785008840457812e-20
1252150107.1799316,nan,-6.880255233162737e-20
1252150107.1801758,nan,-6.86212352418124e-20
1252150107.18042,nan,-7.077372750252209e-20
1252150107.180664,nan,-7.280701789426979e-20
1252150107.1809082,nan,-7.30000861241574e-20
1252150107.1811523,nan,-7.344627924201874e-20
1252150107.1813965,nan,-7.491593723842398e-20
1252150107.1816406,nan,-7.70986086154827e-20
1252150107.1818848,nan,-7.72494081281655e-20
1252150107.182129,nan,-7.796029803395364e-20
1252150107.182373,nan,-8.042145587657183e-20
1252150107.1826172,nan,-8.103792178329142e-20
1252150107.1828613,nan,-8.211490579247916e-20
1252150107.1831055,nan,-8.318293815941362e-20
1252150107.1833496,nan,-8.331150981437184e-20
1252150107.1835938,nan,-8.536711081757139e-20
1252150107.183838,nan,-8.692226892529567e-20
1252150107.184082,nan,-8.696250950653564e-20
1252150107.1843262,nan,-8.81396433965526e-20
1252150107.1845703,nan,-9.03095678281708e-20
1252150107.1848145,nan,-9.117755148565412e-20
1252150107.1850586,nan,-9.124181670010285e-20
1252150107.1853027,nan,-9.30247408501685e-20
1252150107.1855469,nan,-9.460865173704747e-20
1252150107.185791,nan,-9.524389188433135e-20
1252150107.1860352,nan,-9.61642230738474e-20
1252150107.1862793,nan,-9.684060012012965e-20
1252150107.1865234,nan,-9.883011458901088e-20
1252150107.1867676,nan,-1.0039701841936607e-19
1252150107.1870117,nan,-9.995723932063866e-20
1252150107.1872559,nan,-1.010789187969022e-19
1252150107.1875,nan,-1.0368411779136945e-19
1252150107.1877441,nan,-1.0442454910068816e-19
1252150107.1879883,nan,-1.039874018963499e-19
1252150107.1882324,nan,-1.054180526221103e-19
1252150107.1884766,nan,-1.0736153464386084e-19
1252150107.1887207,nan,-1.07995070097341e-19
1252150107.1889648,nan,-1.0837505967819818e-19
1252150107.189209,nan,-1.0926384045251502e-19
1252150107.1894531,nan,-1.1142413927344445e-19
1252150107.1896973,nan,-1.1267485188779135e-19
1252150107.1899414,nan,-1.120219290804755e-19
1252150107.1901855,nan,-1.1339502641410015e-19
1252150107.1904297,nan,-1.15321377025353e-19
1252150107.1906738,nan,-1.157866585721458e-19
1252150107.190918,nan,-1.16252451880348e-19
1252150107.191162,nan,-1.1708752506882123e-19
1252150107.1914062,nan,-1.1929538466400998e-19
1252150107.1916504,nan,-1.2012889153586204e-19
1252150107.1918945,nan,-1.1998307680966146e-19
1252150107.1921387,nan,-1.2159601326840486e-19
1252150107.1923828,nan,-1.2285320293927488e-19
1252150107.192627,nan,-1.2372355443727421e-19
1252150107.192871,nan,-1.2393960377351807e-19
1252150107.1931152,nan,-1.2487385952041335e-19
1252150107.1933594,nan,-1.2668505956524953e-19
1252150107.1936035,nan,-1.2687565374409339e-19
1252150107.1938477,nan,-1.271170752099171e-19
1252150107.1940918,nan,-1.2868665045209686e-19
1252150107.194336,nan,-1.3008086373957462e-19
1252150107.19458,nan,-1.3030494603526017e-19
1252150107.1948242,nan,-1.303573299950459e-19
1252150107.1950684,nan,-1.314683023891594e-19
1252150107.1953125,nan,-1.3326433225489706e-19
1252150107.1955566,nan,-1.3421402440618578e-19
1252150107.1958008,nan,-1.3410750697891056e-19
1252150107.196045,nan,-1.3453380944354294e-19
1252150107.196289,nan,-1.360417010126679e-19
1252150107.1965332,nan,-1.3700213076724358e-19
1252150107.1967773,nan,-1.3677370790144e-19
1252150107.1970215,nan,-1.3777867438608374e-19
1252150107.1972656,nan,-1.3933894307749563e-19
1252150107.1975098,nan,-1.3940372209336303e-19
1252150107.197754,nan,-1.4024028094187958e-19
1252150107.197998,nan,-1.413951492125045e-19
1252150107.1982422,nan,-1.415698680293671e-19
1252150107.1984863,nan,-1.4221018332356204e-19
1252150107.1987305,nan,-1.4272663503639775e-19
1252150107.1989746,nan,-1.4321077783278227e-19
1252150107.1992188,nan,-1.4464676248252663e-19
1252150107.199463,nan,-1.4506860774991212e-19
1252150107.199707,nan,-1.4421961263738777e-19
1252150107.1999512,nan,-1.4505093504745624e-19
1252150107.2001953,nan,-1.4688622042269828e-19
1252150107.2004395,nan,-1.4675312784029952e-19
1252150107.2006836,nan,-1.4651116754252792e-19
1252150107.2009277,nan,-1.4787446594163078e-19
1252150107.2011719,nan,-1.4921249547694836e-19
1252150107.201416,nan,-1.4897716961080267e-19
1252150107.2016602,nan,-1.4887259629267235e-19
1252150107.2019043,nan,-1.504081587692271e-19
1252150107.2021484,nan,-1.5024629851313355e-19
1252150107.2023926,nan,-1.5016104246941298e-19
1252150107.2026367,nan,-1.5065709100896137e-19
1252150107.2028809,nan,-1.508162302218119e-19
1252150107.203125,nan,-1.5269900284572e-19
1252150107.2033691,nan,-1.520994162697999e-19
1252150107.2036133,nan,-1.5168853603583867e-19
1252150107.2038574,nan,-1.5291384185302663e-19
1252150107.2041016,nan,-1.5310542936109916e-19
1252150107.2043457,nan,-1.538800601973114e-19
1252150107.2045898,nan,-1.5310879576355158e-19
1252150107.204834,nan,-1.5330631538480962e-19
1252150107.2050781,nan,-1.5451374096162043e-19
1252150107.2053223,nan,-1.5413012751014663e-19
1252150107.2055664,nan,-1.539678357570356e-19
1252150107.2058105,nan,-1.5400628872299513e-19
1252150107.2060547,nan,-1.548828549513627e-19
1252150107.2062988,nan,-1.5528845705981473e-19
1252150107.206543,nan,-1.5460409770449922e-19
1252150107.206787,nan,-1.5429031562315787e-19
1252150107.2070312,nan,-1.5508290510285903e-19
1252150107.2072754,nan,-1.554142174468503e-19
1252150107.2075195,nan,-1.5439583295802429e-19
1252150107.2077637,nan,-1.5519846998340463e-19
1252150107.2080078,nan,-1.5557421728421515e-19
1252150107.208252,nan,-1.5491895978861034e-19
1252150107.208496,nan,-1.5490233630960432e-19
1252150107.2087402,nan,-1.5438985512950176e-19
1252150107.2089844,nan,-1.5526891662112415e-19
1252150107.2092285,nan,-1.5511067946888757e-19
1252150107.2094727,nan,-1.5362664817196103e-19
1252150107.2097168,nan,-1.5393464325671224e-19
1252150107.209961,nan,-1.546891220673651e-19
1252150107.210205,nan,-1.54593280119919e-19
1252150107.2104492,nan,-1.53041784948943e-19
1252150107.2106934,nan,-1.5297196361722046e-19
1252150107.2109375,nan,-1.5387666361198343e-19
1252150107.2111816,nan,-1.528563352667609e-19
1252150107.2114258,nan,-1.5216178556266886e-19
1252150107.21167,nan,-1.518509150717387e-19
1252150107.211914,nan,-1.516413119381441e-19
1252150107.2121582,nan,-1.514891142355442e-19
1252150107.2124023,nan,-1.5041225962742963e-19
1252150107.2126465,nan,-1.4995218271495523e-19
1252150107.2128906,nan,-1.5024723514607642e-19
1252150107.2131348,nan,-1.4941248004146387e-19
1252150107.213379,nan,-1.4846865037196762e-19
1252150107.213623,nan,-1.4877904330696759e-19
1252150107.2138672,nan,-1.4832053038870138e-19
1252150107.2141113,nan,-1.4702843507851227e-19
1252150107.2143555,nan,-1.4678963966408683e-19
1252150107.2145996,nan,-1.463433597447483e-19
1252150107.2148438,nan,-1.4528279201949572e-19
1252150107.215088,nan,-1.4476742974651034e-19
1252150107.215332,nan,-1.4403619961484516e-19
1252150107.2155762,nan,-1.430220402091189e-19
1252150107.2158203,nan,-1.4284211808436054e-19
1252150107.2160645,nan,-1.4212037540840355e-19
1252150107.2163086,nan,-1.4047087860323207e-19
1252150107.2165527,nan,-1.3998359003612752e-19
1252150107.2167969,nan,-1.4005812274316737e-19
1252150107.217041,nan,-1.3871767105761246e-19
1252150107.2172852,nan,-1.3683442666404931e-19
1252150107.2175293,nan,-1.3616237383224576e-19
1252150107.2177734,nan,-1.3616060956128934e-19
1252150107.2180176,nan,-1.3496900979073866e-19
1252150107.2182617,nan,-1.3321533340634727e-19
1252150107.2185059,nan,-1.326077459640967e-19
1252150107.21875,nan,-1.3196165997641807e-19
1252150107.2189941,nan,-1.3093802794123204e-19
1252150107.2192383,nan,-1.2957136417053594e-19
1252150107.2194824,nan,-1.280258369337531e-19
1252150107.2197266,nan,-1.2769064691895632e-19
1252150107.2199707,nan,-1.2642297035080118e-19
1252150107.2202148,nan,-1.243468525244156e-19
1252150107.220459,nan,-1.239507321418891e-19
1252150107.2207031,nan,-1.233770095376677e-19
1252150107.2209473,nan,-1.2144603537146702e-19
1252150107.2211914,nan,-1.195919697765385e-19
1252150107.2214355,nan,-1.185198750618282e-19
1252150107.2216797,nan,-1.1736251264632545e-19
1252150107.2219238,nan,-1.1635718806078565e-19
1252150107.222168,nan,-1.1489703880866915e-19
1252150107.222412,nan,-1.1295741253416921e-19
1252150107.2226562,nan,-1.122457988728576e-19
1252150107.2229004,nan,-1.1068964243944062e-19
1252150107.2231445,nan,-1.0809701133421066e-19
1252150107.2233887,nan,-1.0739129946796229e-19
1252150107.2236328,nan,-1.063314801820745e-19
1252150107.223877,nan,-1.0435552828259673e-19
1252150107.224121,nan,-1.0299525292749124e-19
1252150107.2243652,nan,-1.0071205894048316e-19
1252150107.2246094,nan,-9.940120938038733e-20
1252150107.2248535,nan,-9.808566214548733e-20
1252150107.2250977,nan,-9.55440166884176e-20
1252150107.2253418,nan,-9.418593348262734e-20
1252150107.225586,nan,-9.314605639313224e-20
1252150107.22583,nan,-9.16437279799503e-20
1252150107.2260742,nan,-8.912618217121073e-20
1252150107.2263184,nan,-8.721951731824097e-20
1252150107.2265625,nan,-8.638186549784274e-20
1252150107.2268066,nan,-8.389802210674784e-20
1252150107.2270508,nan,-8.152425489669949e-20
1252150107.227295,nan,-8.017579285772531e-20
1252150107.227539,nan,-7.820283015946656e-20
1252150107.2277832,nan,-7.631107332621348e-20
1252150107.2280273,nan,-7.443010949445979e-20
1252150107.2282715,nan,-7.19305751801348e-20
1252150107.2285156,nan,-7.03760031319362e-20
1252150107.2287598,nan,-6.888329833535087e-20
1252150107.229004,nan,-6.548426569912129e-20
1252150107.229248,nan,-6.375114793877293e-20
1252150107.2294922,nan,-6.370725442082224e-20
1252150107.2297363,nan,-6.058052967757733e-20
1252150107.2299805,nan,-5.719753445065994e-20
1252150107.2302246,nan,-5.58420301808983e-20
1252150107.2304688,nan,-5.428442741764126e-20
1252150107.230713,nan,-5.1625103855658836e-20
1252150107.230957,nan,-4.860095802489016e-20
1252150107.2312012,nan,-4.7268406728890513e-20
1252150107.2314453,nan,-4.5507552610308885e-20
1252150107.2316895,nan,-4.2678771957283396e-20
1252150107.2319336,nan,-4.0356788293226975e-20
1252150107.2321777,nan,-3.779130600135749e-20
1252150107.2324219,nan,-3.57410859858035e-20
1252150107.232666,nan,-3.370547289343071e-20
1252150107.2329102,nan,-3.113550242187904e-20
1252150107.2331543,nan,-2.90654033757176e-20
1252150107.2333984,nan,-2.6954603723897094e-20
1252150107.2336426,nan,-2.412876080298741e-20
1252150107.2338867,nan,-2.0939762676018348e-20
1252150107.2341309,nan,-1.8690628174964877e-20
1252150107.234375,nan,-1.7178721911912188e-20
1252150107.2346191,nan,-1.424347831108415e-20
1252150107.2348633,nan,-1.1016466899036277e-20
1252150107.2351074,nan,-9.388360024394273e-21
1252150107.2353516,nan,-7.2690918617411e-21
1252150107.2355957,nan,-3.958791006081494e-21
1252150107.2358398,nan,-1.208351501122804e-21
1252150107.236084,nan,1.239684930697452e-21
1252150107.2363281,nan,3.1847538251524225e-21
1252150107.2365723,nan,6.0082139338189394e-21
1252150107.2368164,nan,9.374143651897128e-21
1252150107.2370605,nan,1.1758911783151637e-20
1252150107.2373047,nan,1.3961643523024416e-20
1252150107.2375488,nan,1.629667145442594e-20
1252150107.237793,nan,1.9903665318310472e-20
1252150107.238037,nan,2.1698466232041182e-20
1252150107.2382812,nan,2.37237317022286e-20
1252150107.2385254,nan,2.778941071649593e-20
1252150107.2387695,nan,2.9909288410350254e-20
1252150107.2390137,nan,3.287438794036908e-20
1252150107.2392578,nan,3.5330545985148546e-20
1252150107.239502,nan,3.7897377272954787e-20
1252150107.239746,nan,4.165763173796369e-20
1252150107.2399902,nan,4.3347415383347876e-20
1252150107.2402344,nan,4.58545799024809e-20
1252150107.2404785,nan,4.842222251035204e-20
1252150107.2407227,nan,5.203773852920545e-20
1252150107.2409668,nan,5.506699178067112e-20
1252150107.241211,nan,5.645951273608507e-20
1252150107.241455,nan,6.0411390021575e-20
1252150107.2416992,nan,6.325241146359259e-20
1252150107.2419434,nan,6.541904206586001e-20
1252150107.2421875,nan,6.836376677533574e-20
1252150107.2424316,nan,7.167838461638064e-20
1252150107.2426758,nan,7.482160892385239e-20
1252150107.24292,nan,7.676453921301085e-20
1252150107.243164,nan,7.976076515136581e-20
1252150107.2434082,nan,8.244607593259174e-20
1252150107.2436523,nan,8.565939748085666e-20
1252150107.2438965,nan,8.90232518028462e-20
1252150107.2441406,nan,9.10122756228636e-20
1252150107.2443848,nan,9.397245113358047e-20
1252150107.244629,nan,9.723930140371981e-20
1252150107.244873,nan,9.955344014999263e-20
1252150107.2451172,nan,1.0151863347019406e-19
1252150107.2453613,nan,1.0479245645352101e-19
1252150107.2456055,nan,1.0846013850859404e-19
1252150107.2458496,nan,1.1079256110557955e-19
1252150107.2460938,nan,1.1262798262658903e-19
1252150107.246338,nan,1.1651740670583607e-19
1252150107.246582,nan,1.2035987705275368e-19
1252150107.2468262,nan,1.2215435953178967e-19
1252150107.2470703,nan,1.2475907693396532e-19
1252150107.2473145,nan,1.278073189105241e-19
1252150107.2475586,nan,1.3140594947814237e-19
1252150107.2478027,nan,1.3428660695412495e-19
1252150107.2480469,nan,1.3583919488832173e-19
1252150107.248291,nan,1.3861251465542515e-19
1252150107.2485352,nan,1.4233183183534224e-19
1252150107.2487793,nan,1.4511808908366875e-19
1252150107.2490234,nan,1.4683867639359058e-19
1252150107.2492676,nan,1.5009093533365516e-19
1252150107.2495117,nan,1.5354610601102354e-19
1252150107.2497559,nan,1.5522676869184223e-19
1252150107.25,nan,1.5778016306746308e-19
1252150107.2502441,nan,1.6123073030842837e-19
1252150107.2504883,nan,1.6387874037276725e-19
1252150107.2507324,nan,1.6612657638582419e-19
1252150107.2509766,nan,1.6866387921017637e-19
1252150107.2512207,nan,1.7191162065643624e-19
1252150107.2514648,nan,1.7475763762665978e-19
1252150107.251709,nan,1.7685673731040332e-19
1252150107.2519531,nan,1.791473608819646e-19
1252150107.2521973,nan,1.8214910266854166e-19
1252150107.2524414,nan,1.8547771027196287e-19
1252150107.2526855,nan,1.8743439483872766e-19
1252150107.2529297,nan,1.8981351337438977e-19
1252150107.2531738,nan,1.9266137999008136e-19
1252150107.253418,nan,1.9483646289386149e-19
1252150107.253662,nan,1.9725352705541872e-19
1252150107.2539062,nan,1.9939303244442854e-19
1252150107.2541504,nan,2.023383958898465e-19
1252150107.2543945,nan,2.0541733012080119e-19
1252150107.2546387,nan,2.0663620005752758e-19
1252150107.2548828,nan,2.0834237354509763e-19
1252150107.255127,nan,2.1199945214794997e-19
1252150107.255371,nan,2.1451347288819253e-19
1252150107.2556152,nan,2.1595774158036725e-19
1252150107.2558594,nan,2.180209837904996e-19
1252150107.2561035,nan,2.20728450928047e-19
1252150107.2563477,nan,2.240295434019957e-19
1252150107.2565918,nan,2.2562973995504837e-19
1252150107.256836,nan,2.266077971169558e-19
1252150107.25708,nan,2.294934181357754e-19
1252150107.2573242,nan,2.3241150483433374e-19
1252150107.2575684,nan,2.3387957170553623e-19
1252150107.2578125,nan,2.3523578601250295e-19
1252150107.2580566,nan,2.3832157863894957e-19
1252150107.2583008,nan,2.4112083764258817e-19
1252150107.258545,nan,2.420827808745142e-19
1252150107.258789,nan,2.4326910322610535e-19
1252150107.2590332,nan,2.4591730523863528e-19
1252150107.2592773,nan,2.480767826459195e-19
1252150107.2595215,nan,2.494496715765956e-19
1252150107.2597656,nan,2.514706977217951e-19
1252150107.2600098,nan,2.533941805089694e-19
1252150107.260254,nan,2.5509643608070336e-19
1252150107.260498,nan,2.5655091739780583e-19
1252150107.2607422,nan,2.586175977520724e-19
1252150107.2609863,nan,2.605068509055819e-19
1252150107.2612305,nan,2.61940384027733e-19
1252150107.2614746,nan,2.634678328736292e-19
1252150107.2617188,nan,2.64057072832601e-19
1252150107.261963,nan,2.6636864746448747e-19
1252150107.262207,nan,2.6822839111835293e-19
1252150107.2624512,nan,2.685529046622605e-19
1252150107.2626953,nan,2.7075838374328836e-19
1252150107.2629395,nan,2.720873622998382e-19
1252150107.2631836,nan,2.733397233475219e-19
1252150107.2634277,nan,2.7506243174988234e-19
1252150107.2636719,nan,2.7520175322181006e-19
1252150107.263916,nan,2.770671074917523e-19
1252150107.2641602,nan,2.7952975796342984e-19
1252150107.2644043,nan,2.792899401266174e-19
1252150107.2646484,nan,2.8011193390040795e-19
1252150107.2648926,nan,2.8199021585275924e-19
1252150107.2651367,nan,2.827633964174267e-19
1252150107.2653809,nan,2.8348760921378587e-19
1252150107.265625,nan,2.842539085857334e-19
1252150107.2658691,nan,2.8583975923919723e-19
1252150107.2661133,nan,2.867477190152505e-19
1252150107.2663574,nan,2.87066487999335e-19
1252150107.2666016,nan,2.87835277101955e-19
1252150107.2668457,nan,2.886789861492138e-19
1252150107.2670898,nan,2.899747111867446e-19
1252150107.267334,nan,2.9026612434071723e-19
1252150107.2675781,nan,2.89986305093083e-19
1252150107.2678223,nan,2.906185691031686e-19
1252150107.2680664,nan,2.9192714264454447e-19
1252150107.2683105,nan,2.9228587392922767e-19
1252150107.2685547,nan,2.9212531508368927e-19
1252150107.2687988,nan,2.9312882920817643e-19
1252150107.269043,nan,2.9385408842086326e-19
1252150107.269287,nan,2.933546988846526e-19
1252150107.2695312,nan,2.9313268224017346e-19
1252150107.2697754,nan,2.9434251132390686e-19
1252150107.2700195,nan,2.94769706171408e-19
1252150107.2702637,nan,2.9440481316882117e-19
1252150107.2705078,nan,2.9409967635566704e-19
1252150107.270752,nan,2.937581470270756e-19
1252150107.270996,nan,2.9484133397004705e-19
1252150107.2712402,nan,2.943904618756318e-19
1252150107.2714844,nan,2.9324802249898933e-19
1252150107.2717285,nan,2.9340143118777485e-19
1252150107.2719727,nan,2.9296416108452204e-19
1252150107.2722168,nan,2.932348218009461e-19
1252150107.272461,nan,2.926596576750101e-19
1252150107.272705,nan,2.921898558494362e-19
1252150107.2729492,nan,2.927023982756962e-19
1252150107.2731934,nan,2.9121329669600525e-19
1252150107.2734375,nan,2.9064686973892374e-19
1252150107.2736816,nan,2.907371123453741e-19
1252150107.2739258,nan,2.9011086553290054e-19
1252150107.27417,nan,2.8909234603187e-19
1252150107.274414,nan,2.875228843426903e-19
1252150107.2746582,nan,2.878396448183925e-19
1252150107.2749023,nan,2.8762226105382473e-19
1252150107.2751465,nan,2.858085244553976e-19
1252150107.2753906,nan,2.8444317093311355e-19
1252150107.2756348,nan,2.839225429934617e-19
1252150107.275879,nan,2.838497015164425e-19
1252150107.276123,nan,2.821495598109296e-19
1252150107.2763672,nan,2.8012395598415494e-19
1252150107.2766113,nan,2.7938693830870757e-19
1252150107.2768555,nan,2.78937591076371e-19
1252150107.2770996,nan,2.7755643465616207e-19
1252150107.2773438,nan,2.749867786395443e-19
1252150107.277588,nan,2.740154670748618e-19
1252150107.277832,nan,2.7387764598463785e-19
1252150107.2780762,nan,2.7134724688985805e-19
1252150107.2783203,nan,2.696728433644295e-19
1252150107.2785645,nan,2.6891484128182144e-19
1252150107.2788086,nan,2.667585112555304e-19
1252150107.2790527,nan,2.6483399070619316e-19
1252150107.2792969,nan,2.6288972342198386e-19
1252150107.279541,nan,2.6148407615850093e-19
1252150107.2797852,nan,2.603695942962918e-19
1252150107.2800293,nan,2.576746426132435e-19
1252150107.2802734,nan,2.5523355198692677e-19
1252150107.2805176,nan,2.5410504270090047e-19
1252150107.2807617,nan,2.5230415374164827e-19
1252150107.2810059,nan,2.4964684842533405e-19
1252150107.28125,nan,2.4724455090024155e-19
1252150107.2814941,nan,2.457325628207749e-19
1252150107.2817383,nan,2.4382579718782577e-19
1252150107.2819824,nan,2.4041366360703646e-19
1252150107.2822266,nan,2.384164437630831e-19
1252150107.2824707,nan,2.3667516924536985e-19
1252150107.2827148,nan,2.337588864587987e-19
1252150107.282959,nan,2.3197464512352864e-19
1252150107.2832031,nan,2.292785911626386e-19
1252150107.2834473,nan,2.265927899538678e-19
1252150107.2836914,nan,2.244087728357549e-19
1252150107.2839355,nan,2.2103596622299857e-19
1252150107.2841797,nan,2.1805430041257173e-19
1252150107.2844238,nan,2.1607813043898468e-19
1252150107.284668,nan,2.1387428716148015e-19
1252150107.284912,nan,2.1053638345132136e-19
1252150107.2851562,nan,2.0712541410787697e-19
1252150107.2854004,nan,2.0446997801143344e-19
1252150107.2856445,nan,2.0233109963672475e-19
1252150107.2858887,nan,1.987270829405782e-19
1252150107.2861328,nan,1.9509432239069218e-19
1252150107.286377,nan,1.9277309943996912e-19
1252150107.286621,nan,1.8997553394407317e-19
1252150107.2868652,nan,1.8727730316524697e-19
1252150107.2871094,nan,1.8274936640513608e-19
1252150107.2873535,nan,1.7940259005526643e-19
1252150107.2875977,nan,1.7733080750951734e-19
1252150107.2878418,nan,1.7289842354420472e-19
1252150107.288086,nan,1.6976033419410604e-19
1252150107.28833,nan,1.6691593752099707e-19
1252150107.2885742,nan,1.6356759765531099e-19
1252150107.2888184,nan,1.6025381541277923e-19
1252150107.2890625,nan,1.559912173629322e-19
1252150107.2893066,nan,1.5311514675940107e-19
1252150107.2895508,nan,1.5006120144077873e-19
1252150107.289795,nan,1.4513126106676838e-19
1252150107.290039,nan,1.4155861854859576e-19
1252150107.2902832,nan,1.3867147682225292e-19
1252150107.2905273,nan,1.3519723716333209e-19
1252150107.2907715,nan,1.3121853911647649e-19
1252150107.2910156,nan,1.2704093160564058e-19
1252150107.2912598,nan,1.234230902301e-19
1252150107.291504,nan,1.197667580513982e-19
1252150107.291748,nan,1.1642910233925865e-19
1252150107.2919922,nan,1.1165808708378426e-19
1252150107.2922363,nan,1.0779252520387452e-19
1252150107.2924805,nan,1.050871277447758e-19
1252150107.2927246,nan,1.002701096123986e-19
1252150107.2929688,nan,9.58958669138491e-20
1252150107.293213,nan,9.179328455058847e-20
1252150107.293457,nan,8.864814038630072e-20
1252150107.2937012,nan,8.441152862907391e-20
1252150107.2939453,nan,7.893856387475585e-20
1252150107.2941895,nan,7.56241322948887e-20
1252150107.2944336,nan,7.199956791121825e-20
1252150107.2946777,nan,6.8123283403168e-20
1252150107.2949219,nan,6.278100446465879e-20
1252150107.295166,nan,5.895778940227788e-20
1252150107.2954102,nan,5.557751492155815e-20
1252150107.2956543,nan,4.9722975671018815e-20
1252150107.2958984,nan,4.60391057954211e-20
1252150107.2961426,nan,4.2069994227593446e-20
1252150107.2963867,nan,3.7946259483279723e-20
1252150107.2966309,nan,3.376559815722806e-20
1252150107.296875,nan,2.8405917762451893e-20
1252150107.2971191,nan,2.449025932318014e-20
1252150107.2973633,nan,2.0294876567620342e-20
1252150107.2976074,nan,1.5713432528374705e-20
1252150107.2978516,nan,1.1224865336931082e-20
1252150107.2980957,nan,6.6806845934699604e-21
1252150107.2983398,nan,2.861454351203356e-21
1252150107.298584,nan,-1.7312559018646393e-21
1252150107.2988281,nan,-7.142608292786588e-21
1252150107.2990723,nan,-1.0999602553120526e-20
1252150107.2993164,nan,-1.4435063385041193e-20
1252150107.2995605,nan,-2.008824897941478e-20
