time,value
7.0710678118654755,0.0
5.0,0.0
3.1622776601683795,1.6129032258064515
2.23606797749979,4.838709677419355
1.5075567228888183,11.29032258064516
1.0425720702853738,19.35483870967742
0.7071067811865476,19.35483870967742
0.4822428221704121,17.741935483870968
0.3282660821493064,14.516129032258066
0.22360679774997896,12.903225806451612
