time,value
7.0710678118654755,0.0
5.0,0.0
3.1622776601683795,4.132231404958678
2.23606797749979,24.380165289256198
1.5075567228888183,72.31404958677686
1.0425720702853738,82.23140495867769
0.7071067811865476,82.23140495867769
0.4822428221704121,79.75206611570248
0.3282660821493064,77.27272727272727
0.22360679774997896,76.03305785123968
